id,incident_id,timestamp,event_type,service,description,severity
EVT-INC-8000-1,INC-8000,2026-09-24T03:05:00Z,MONITORING_ALERT,inventory-api,Telemetry signal: Monitoring Alert recorded on inventory-api,WARN
EVT-INC-8000-2,INC-8000,2026-09-24T03:16:00Z,ERROR_SPIKE,inventory-api,Telemetry signal: Error Spike recorded on inventory-api,WARN
EVT-INC-8000-3,INC-8000,2026-09-24T03:37:00Z,LATENCY_INCREASE,inventory-api,Telemetry signal: Latency Increase recorded on inventory-api,WARN
EVT-INC-8001-1,INC-8001,2026-09-07T12:50:00Z,MONITORING_ALERT,checkout-service,Telemetry signal: Monitoring Alert recorded on checkout-service,WARN
EVT-INC-8001-2,INC-8001,2026-09-07T13:01:00Z,ERROR_SPIKE,checkout-service,Telemetry signal: Error Spike recorded on checkout-service,WARN
EVT-INC-8001-3,INC-8001,2026-09-07T13:01:00Z,LATENCY_INCREASE,checkout-service,Telemetry signal: Latency Increase recorded on checkout-service,WARN
EVT-INC-8002-1,INC-8002,2026-09-17T00:20:00Z,DEPLOYMENT,payment-gateway,Telemetry signal: Deployment recorded on payment-gateway,WARN
EVT-INC-8002-2,INC-8002,2026-09-17T00:24:00Z,MONITORING_ALERT,payment-gateway,Telemetry signal: Monitoring Alert recorded on payment-gateway,WARN
EVT-INC-8002-3,INC-8002,2026-09-17T00:24:00Z,ERROR_SPIKE,payment-gateway,Telemetry signal: Error Spike recorded on payment-gateway,WARN
EVT-INC-8002-4,INC-8002,2026-09-17T00:38:00Z,LATENCY_INCREASE,payment-gateway,Telemetry signal: Latency Increase recorded on payment-gateway,WARN
EVT-INC-8003-1,INC-8003,2026-08-26T04:36:00Z,MONITORING_ALERT,notification-worker,Telemetry signal: Monitoring Alert recorded on notification-worker,WARN
EVT-INC-8003-2,INC-8003,2026-08-26T04:53:00Z,ERROR_SPIKE,notification-worker,Telemetry signal: Error Spike recorded on notification-worker,WARN
EVT-INC-8003-3,INC-8003,2026-08-26T04:48:00Z,LATENCY_INCREASE,notification-worker,Telemetry signal: Latency Increase recorded on notification-worker,WARN
EVT-INC-8004-1,INC-8004,2026-08-23T09:14:00Z,DEPLOYMENT,order-processing,Telemetry signal: Deployment recorded on order-processing,WARN
EVT-INC-8004-2,INC-8004,2026-08-23T09:27:00Z,MONITORING_ALERT,order-processing,Telemetry signal: Monitoring Alert recorded on order-processing,WARN
EVT-INC-8004-3,INC-8004,2026-08-23T09:24:00Z,ERROR_SPIKE,order-processing,Telemetry signal: Error Spike recorded on order-processing,WARN
EVT-INC-8004-4,INC-8004,2026-08-23T09:33:00Z,LATENCY_INCREASE,order-processing,Telemetry signal: Latency Increase recorded on order-processing,WARN
EVT-INC-8005-1,INC-8005,2026-09-25T06:45:00Z,MONITORING_ALERT,notification-worker,Telemetry signal: Monitoring Alert recorded on notification-worker,WARN
EVT-INC-8005-2,INC-8005,2026-09-25T07:20:00Z,ERROR_SPIKE,notification-worker,Telemetry signal: Error Spike recorded on notification-worker,WARN
EVT-INC-8005-3,INC-8005,2026-09-25T07:27:00Z,LATENCY_INCREASE,notification-worker,Telemetry signal: Latency Increase recorded on notification-worker,WARN
EVT-INC-8006-1,INC-8006,2026-09-07T21:14:00Z,DEPLOYMENT,search-indexer,Telemetry signal: Deployment recorded on search-indexer,WARN
EVT-INC-8006-2,INC-8006,2026-09-07T21:24:00Z,MONITORING_ALERT,search-indexer,Telemetry signal: Monitoring Alert recorded on search-indexer,WARN
EVT-INC-8006-3,INC-8006,2026-09-07T21:26:00Z,ERROR_SPIKE,search-indexer,Telemetry signal: Error Spike recorded on search-indexer,WARN
EVT-INC-8006-4,INC-8006,2026-09-07T21:40:00Z,LATENCY_INCREASE,search-indexer,Telemetry signal: Latency Increase recorded on search-indexer,WARN
EVT-INC-8006-5,INC-8006,2026-09-07T21:31:00Z,TRAFFIC_SURGE,search-indexer,Telemetry signal: Traffic Surge recorded on search-indexer,WARN
EVT-INC-8007-1,INC-8007,2026-09-10T00:32:00Z,DEPLOYMENT,search-indexer,Telemetry signal: Deployment recorded on search-indexer,WARN
EVT-INC-8007-2,INC-8007,2026-09-10T00:03:00Z,MONITORING_ALERT,search-indexer,Telemetry signal: Monitoring Alert recorded on search-indexer,WARN
EVT-INC-8007-3,INC-8007,2026-09-10T00:16:00Z,ERROR_SPIKE,search-indexer,Telemetry signal: Error Spike recorded on search-indexer,WARN
EVT-INC-8007-4,INC-8007,2026-09-10T00:23:00Z,LATENCY_INCREASE,search-indexer,Telemetry signal: Latency Increase recorded on search-indexer,WARN
EVT-INC-8008-1,INC-8008,2026-08-19T03:47:00Z,DEPLOYMENT,order-processing,Telemetry signal: Deployment recorded on order-processing,WARN
EVT-INC-8008-2,INC-8008,2026-08-19T04:19:00Z,MONITORING_ALERT,order-processing,Telemetry signal: Monitoring Alert recorded on order-processing,WARN
EVT-INC-8008-3,INC-8008,2026-08-19T04:27:00Z,ERROR_SPIKE,order-processing,Telemetry signal: Error Spike recorded on order-processing,WARN
EVT-INC-8008-4,INC-8008,2026-08-19T04:39:00Z,LATENCY_INCREASE,order-processing,Telemetry signal: Latency Increase recorded on order-processing,WARN
EVT-INC-8009-1,INC-8009,2026-09-03T07:49:00Z,MONITORING_ALERT,notification-worker,Telemetry signal: Monitoring Alert recorded on notification-worker,WARN
EVT-INC-8009-2,INC-8009,2026-09-03T08:22:00Z,ERROR_SPIKE,notification-worker,Telemetry signal: Error Spike recorded on notification-worker,WARN
EVT-INC-8009-3,INC-8009,2026-09-03T08:09:00Z,LATENCY_INCREASE,notification-worker,Telemetry signal: Latency Increase recorded on notification-worker,WARN
EVT-INC-8009-4,INC-8009,2026-09-03T08:27:00Z,TRAFFIC_SURGE,notification-worker,Telemetry signal: Traffic Surge recorded on notification-worker,WARN
EVT-INC-8010-1,INC-8010,2026-09-11T08:15:00Z,DEPLOYMENT,notification-worker,Telemetry signal: Deployment recorded on notification-worker,WARN
EVT-INC-8010-2,INC-8010,2026-09-11T08:03:00Z,MONITORING_ALERT,notification-worker,Telemetry signal: Monitoring Alert recorded on notification-worker,WARN
EVT-INC-8010-3,INC-8010,2026-09-11T08:23:00Z,ERROR_SPIKE,notification-worker,Telemetry signal: Error Spike recorded on notification-worker,WARN
EVT-INC-8010-4,INC-8010,2026-09-11T08:27:00Z,LATENCY_INCREASE,notification-worker,Telemetry signal: Latency Increase recorded on notification-worker,WARN
EVT-INC-8011-1,INC-8011,2026-09-24T18:27:00Z,DEPLOYMENT,search-indexer,Telemetry signal: Deployment recorded on search-indexer,WARN
EVT-INC-8011-2,INC-8011,2026-09-24T19:04:00Z,MONITORING_ALERT,search-indexer,Telemetry signal: Monitoring Alert recorded on search-indexer,WARN
EVT-INC-8011-3,INC-8011,2026-09-24T19:07:00Z,ERROR_SPIKE,search-indexer,Telemetry signal: Error Spike recorded on search-indexer,WARN
EVT-INC-8011-4,INC-8011,2026-09-24T19:09:00Z,LATENCY_INCREASE,search-indexer,Telemetry signal: Latency Increase recorded on search-indexer,WARN
EVT-INC-8012-1,INC-8012,2026-08-22T21:45:00Z,DEPLOYMENT,search-indexer,Telemetry signal: Deployment recorded on search-indexer,WARN
EVT-INC-8012-2,INC-8012,2026-08-22T22:08:00Z,MONITORING_ALERT,search-indexer,Telemetry signal: Monitoring Alert recorded on search-indexer,WARN
EVT-INC-8012-3,INC-8012,2026-08-22T21:53:00Z,ERROR_SPIKE,search-indexer,Telemetry signal: Error Spike recorded on search-indexer,WARN
EVT-INC-8012-4,INC-8012,2026-08-22T22:12:00Z,LATENCY_INCREASE,search-indexer,Telemetry signal: Latency Increase recorded on search-indexer,WARN
EVT-INC-8013-1,INC-8013,2026-09-02T06:55:00Z,DEPLOYMENT,payment-gateway,Telemetry signal: Deployment recorded on payment-gateway,WARN
EVT-INC-8013-2,INC-8013,2026-09-02T07:02:00Z,MONITORING_ALERT,payment-gateway,Telemetry signal: Monitoring Alert recorded on payment-gateway,WARN
EVT-INC-8013-3,INC-8013,2026-09-02T07:27:00Z,ERROR_SPIKE,payment-gateway,Telemetry signal: Error Spike recorded on payment-gateway,WARN
EVT-INC-8013-4,INC-8013,2026-09-02T07:27:00Z,LATENCY_INCREASE,payment-gateway,Telemetry signal: Latency Increase recorded on payment-gateway,WARN
EVT-INC-8014-1,INC-8014,2026-08-27T03:02:00Z,MONITORING_ALERT,checkout-service,Telemetry signal: Monitoring Alert recorded on checkout-service,WARN
EVT-INC-8014-2,INC-8014,2026-08-27T02:59:00Z,ERROR_SPIKE,checkout-service,Telemetry signal: Error Spike recorded on checkout-service,WARN
EVT-INC-8014-3,INC-8014,2026-08-27T03:18:00Z,LATENCY_INCREASE,checkout-service,Telemetry signal: Latency Increase recorded on checkout-service,WARN
EVT-INC-8015-1,INC-8015,2026-09-10T02:49:00Z,MONITORING_ALERT,notification-worker,Telemetry signal: Monitoring Alert recorded on notification-worker,WARN
EVT-INC-8015-2,INC-8015,2026-09-10T03:02:00Z,ERROR_SPIKE,notification-worker,Telemetry signal: Error Spike recorded on notification-worker,WARN
EVT-INC-8015-3,INC-8015,2026-09-10T03:33:00Z,LATENCY_INCREASE,notification-worker,Telemetry signal: Latency Increase recorded on notification-worker,WARN
EVT-INC-8015-4,INC-8015,2026-09-10T03:31:00Z,TRAFFIC_SURGE,notification-worker,Telemetry signal: Traffic Surge recorded on notification-worker,WARN
EVT-INC-8016-1,INC-8016,2026-08-22T12:41:00Z,DEPLOYMENT,user-profile,Telemetry signal: Deployment recorded on user-profile,WARN
EVT-INC-8016-2,INC-8016,2026-08-22T13:20:00Z,MONITORING_ALERT,user-profile,Telemetry signal: Monitoring Alert recorded on user-profile,WARN
EVT-INC-8016-3,INC-8016,2026-08-22T13:25:00Z,ERROR_SPIKE,user-profile,Telemetry signal: Error Spike recorded on user-profile,WARN
EVT-INC-8016-4,INC-8016,2026-08-22T13:14:00Z,LATENCY_INCREASE,user-profile,Telemetry signal: Latency Increase recorded on user-profile,WARN
EVT-INC-8017-1,INC-8017,2026-08-21T16:02:00Z,MONITORING_ALERT,inventory-api,Telemetry signal: Monitoring Alert recorded on inventory-api,WARN
EVT-INC-8017-2,INC-8017,2026-08-21T16:31:00Z,ERROR_SPIKE,inventory-api,Telemetry signal: Error Spike recorded on inventory-api,WARN
EVT-INC-8017-3,INC-8017,2026-08-21T16:29:00Z,LATENCY_INCREASE,inventory-api,Telemetry signal: Latency Increase recorded on inventory-api,WARN
EVT-INC-8018-1,INC-8018,2026-08-13T11:57:00Z,DEPLOYMENT,user-profile,Telemetry signal: Deployment recorded on user-profile,WARN
EVT-INC-8018-2,INC-8018,2026-08-13T11:41:00Z,MONITORING_ALERT,user-profile,Telemetry signal: Monitoring Alert recorded on user-profile,WARN
EVT-INC-8018-3,INC-8018,2026-08-13T11:53:00Z,ERROR_SPIKE,user-profile,Telemetry signal: Error Spike recorded on user-profile,WARN
EVT-INC-8018-4,INC-8018,2026-08-13T11:54:00Z,LATENCY_INCREASE,user-profile,Telemetry signal: Latency Increase recorded on user-profile,WARN
EVT-INC-8019-1,INC-8019,2026-09-15T20:14:00Z,DEPLOYMENT,inventory-api,Telemetry signal: Deployment recorded on inventory-api,WARN
EVT-INC-8019-2,INC-8019,2026-09-15T20:13:00Z,MONITORING_ALERT,inventory-api,Telemetry signal: Monitoring Alert recorded on inventory-api,WARN
EVT-INC-8019-3,INC-8019,2026-09-15T20:20:00Z,ERROR_SPIKE,inventory-api,Telemetry signal: Error Spike recorded on inventory-api,WARN
EVT-INC-8019-4,INC-8019,2026-09-15T20:21:00Z,LATENCY_INCREASE,inventory-api,Telemetry signal: Latency Increase recorded on inventory-api,WARN
EVT-INC-8020-1,INC-8020,2026-09-05T19:36:00Z,DEPLOYMENT,inventory-api,Telemetry signal: Deployment recorded on inventory-api,CRITICAL
EVT-INC-8020-2,INC-8020,2026-09-05T19:55:00Z,MONITORING_ALERT,inventory-api,Telemetry signal: Monitoring Alert recorded on inventory-api,CRITICAL
EVT-INC-8020-3,INC-8020,2026-09-05T20:06:00Z,ERROR_SPIKE,inventory-api,Telemetry signal: Error Spike recorded on inventory-api,CRITICAL
EVT-INC-8020-4,INC-8020,2026-09-05T20:15:00Z,LATENCY_INCREASE,inventory-api,Telemetry signal: Latency Increase recorded on inventory-api,CRITICAL
EVT-INC-8021-1,INC-8021,2026-09-21T23:08:00Z,MONITORING_ALERT,user-profile,Telemetry signal: Monitoring Alert recorded on user-profile,WARN
EVT-INC-8021-2,INC-8021,2026-09-21T22:52:00Z,ERROR_SPIKE,user-profile,Telemetry signal: Error Spike recorded on user-profile,WARN
EVT-INC-8021-3,INC-8021,2026-09-21T23:10:00Z,LATENCY_INCREASE,user-profile,Telemetry signal: Latency Increase recorded on user-profile,WARN
EVT-INC-8022-1,INC-8022,2026-09-17T03:25:00Z,MONITORING_ALERT,payment-gateway,Telemetry signal: Monitoring Alert recorded on payment-gateway,WARN
EVT-INC-8022-2,INC-8022,2026-09-17T03:10:00Z,ERROR_SPIKE,payment-gateway,Telemetry signal: Error Spike recorded on payment-gateway,WARN
EVT-INC-8022-3,INC-8022,2026-09-17T03:27:00Z,LATENCY_INCREASE,payment-gateway,Telemetry signal: Latency Increase recorded on payment-gateway,WARN
EVT-INC-8022-4,INC-8022,2026-09-17T03:24:00Z,TRAFFIC_SURGE,payment-gateway,Telemetry signal: Traffic Surge recorded on payment-gateway,WARN
EVT-INC-8023-1,INC-8023,2026-09-15T15:16:00Z,MONITORING_ALERT,checkout-service,Telemetry signal: Monitoring Alert recorded on checkout-service,WARN
EVT-INC-8023-2,INC-8023,2026-09-15T15:38:00Z,ERROR_SPIKE,checkout-service,Telemetry signal: Error Spike recorded on checkout-service,WARN
EVT-INC-8023-3,INC-8023,2026-09-15T15:43:00Z,LATENCY_INCREASE,checkout-service,Telemetry signal: Latency Increase recorded on checkout-service,WARN
EVT-INC-8024-1,INC-8024,2026-09-03T02:00:00Z,DEPLOYMENT,auth-service,Telemetry signal: Deployment recorded on auth-service,WARN
EVT-INC-8024-2,INC-8024,2026-09-03T02:42:00Z,MONITORING_ALERT,auth-service,Telemetry signal: Monitoring Alert recorded on auth-service,WARN
EVT-INC-8024-3,INC-8024,2026-09-03T02:49:00Z,ERROR_SPIKE,auth-service,Telemetry signal: Error Spike recorded on auth-service,WARN
EVT-INC-8024-4,INC-8024,2026-09-03T02:48:00Z,LATENCY_INCREASE,auth-service,Telemetry signal: Latency Increase recorded on auth-service,WARN
EVT-INC-8024-5,INC-8024,2026-09-03T03:08:00Z,TRAFFIC_SURGE,auth-service,Telemetry signal: Traffic Surge recorded on auth-service,WARN
EVT-INC-8025-1,INC-8025,2026-09-11T19:31:00Z,DEPLOYMENT,notification-worker,Telemetry signal: Deployment recorded on notification-worker,WARN
EVT-INC-8025-2,INC-8025,2026-09-11T19:24:00Z,MONITORING_ALERT,notification-worker,Telemetry signal: Monitoring Alert recorded on notification-worker,WARN
EVT-INC-8025-3,INC-8025,2026-09-11T19:29:00Z,ERROR_SPIKE,notification-worker,Telemetry signal: Error Spike recorded on notification-worker,WARN
EVT-INC-8025-4,INC-8025,2026-09-11T19:36:00Z,LATENCY_INCREASE,notification-worker,Telemetry signal: Latency Increase recorded on notification-worker,WARN
EVT-INC-8025-5,INC-8025,2026-09-11T19:49:00Z,TRAFFIC_SURGE,notification-worker,Telemetry signal: Traffic Surge recorded on notification-worker,WARN
EVT-INC-8026-1,INC-8026,2026-08-17T01:14:00Z,DEPLOYMENT,auth-service,Telemetry signal: Deployment recorded on auth-service,WARN
EVT-INC-8026-2,INC-8026,2026-08-17T01:32:00Z,MONITORING_ALERT,auth-service,Telemetry signal: Monitoring Alert recorded on auth-service,WARN
EVT-INC-8026-3,INC-8026,2026-08-17T01:11:00Z,ERROR_SPIKE,auth-service,Telemetry signal: Error Spike recorded on auth-service,WARN
EVT-INC-8026-4,INC-8026,2026-08-17T01:14:00Z,LATENCY_INCREASE,auth-service,Telemetry signal: Latency Increase recorded on auth-service,WARN
EVT-INC-8026-5,INC-8026,2026-08-17T01:36:00Z,TRAFFIC_SURGE,auth-service,Telemetry signal: Traffic Surge recorded on auth-service,WARN
EVT-INC-8027-1,INC-8027,2026-09-09T12:20:00Z,DEPLOYMENT,auth-service,Telemetry signal: Deployment recorded on auth-service,WARN
EVT-INC-8027-2,INC-8027,2026-09-09T12:02:00Z,MONITORING_ALERT,auth-service,Telemetry signal: Monitoring Alert recorded on auth-service,WARN
EVT-INC-8027-3,INC-8027,2026-09-09T12:22:00Z,ERROR_SPIKE,auth-service,Telemetry signal: Error Spike recorded on auth-service,WARN
EVT-INC-8027-4,INC-8027,2026-09-09T12:31:00Z,LATENCY_INCREASE,auth-service,Telemetry signal: Latency Increase recorded on auth-service,WARN
EVT-INC-8028-1,INC-8028,2026-08-30T03:49:00Z,MONITORING_ALERT,search-indexer,Telemetry signal: Monitoring Alert recorded on search-indexer,WARN
EVT-INC-8028-2,INC-8028,2026-08-30T03:18:00Z,ERROR_SPIKE,search-indexer,Telemetry signal: Error Spike recorded on search-indexer,WARN
EVT-INC-8028-3,INC-8028,2026-08-30T03:47:00Z,LATENCY_INCREASE,search-indexer,Telemetry signal: Latency Increase recorded on search-indexer,WARN
EVT-INC-8028-4,INC-8028,2026-08-30T03:47:00Z,TRAFFIC_SURGE,search-indexer,Telemetry signal: Traffic Surge recorded on search-indexer,WARN
EVT-INC-8029-1,INC-8029,2026-08-15T04:07:00Z,DEPLOYMENT,order-processing,Telemetry signal: Deployment recorded on order-processing,WARN
EVT-INC-8029-2,INC-8029,2026-08-15T04:13:00Z,MONITORING_ALERT,order-processing,Telemetry signal: Monitoring Alert recorded on order-processing,WARN
EVT-INC-8029-3,INC-8029,2026-08-15T04:36:00Z,ERROR_SPIKE,order-processing,Telemetry signal: Error Spike recorded on order-processing,WARN
EVT-INC-8029-4,INC-8029,2026-08-15T04:53:00Z,LATENCY_INCREASE,order-processing,Telemetry signal: Latency Increase recorded on order-processing,WARN
EVT-INC-8029-5,INC-8029,2026-08-15T04:54:00Z,TRAFFIC_SURGE,order-processing,Telemetry signal: Traffic Surge recorded on order-processing,WARN
EVT-INC-8030-1,INC-8030,2026-09-12T07:18:00Z,MONITORING_ALERT,payment-gateway,Telemetry signal: Monitoring Alert recorded on payment-gateway,WARN
EVT-INC-8030-2,INC-8030,2026-09-12T06:49:00Z,ERROR_SPIKE,payment-gateway,Telemetry signal: Error Spike recorded on payment-gateway,WARN
EVT-INC-8030-3,INC-8030,2026-09-12T07:18:00Z,LATENCY_INCREASE,payment-gateway,Telemetry signal: Latency Increase recorded on payment-gateway,WARN
EVT-INC-8030-4,INC-8030,2026-09-12T07:17:00Z,TRAFFIC_SURGE,payment-gateway,Telemetry signal: Traffic Surge recorded on payment-gateway,WARN
EVT-INC-8031-1,INC-8031,2026-09-14T01:03:00Z,DEPLOYMENT,notification-worker,Telemetry signal: Deployment recorded on notification-worker,WARN
EVT-INC-8031-2,INC-8031,2026-09-14T00:55:00Z,MONITORING_ALERT,notification-worker,Telemetry signal: Monitoring Alert recorded on notification-worker,WARN
EVT-INC-8031-3,INC-8031,2026-09-14T00:53:00Z,ERROR_SPIKE,notification-worker,Telemetry signal: Error Spike recorded on notification-worker,WARN
EVT-INC-8031-4,INC-8031,2026-09-14T01:21:00Z,LATENCY_INCREASE,notification-worker,Telemetry signal: Latency Increase recorded on notification-worker,WARN
EVT-INC-8031-5,INC-8031,2026-09-14T01:22:00Z,TRAFFIC_SURGE,notification-worker,Telemetry signal: Traffic Surge recorded on notification-worker,WARN
EVT-INC-8032-1,INC-8032,2026-09-03T19:47:00Z,MONITORING_ALERT,order-processing,Telemetry signal: Monitoring Alert recorded on order-processing,WARN
EVT-INC-8032-2,INC-8032,2026-09-03T20:07:00Z,ERROR_SPIKE,order-processing,Telemetry signal: Error Spike recorded on order-processing,WARN
EVT-INC-8032-3,INC-8032,2026-09-03T20:16:00Z,LATENCY_INCREASE,order-processing,Telemetry signal: Latency Increase recorded on order-processing,WARN
EVT-INC-8033-1,INC-8033,2026-09-05T13:17:00Z,MONITORING_ALERT,user-profile,Telemetry signal: Monitoring Alert recorded on user-profile,WARN
EVT-INC-8033-2,INC-8033,2026-09-05T13:29:00Z,ERROR_SPIKE,user-profile,Telemetry signal: Error Spike recorded on user-profile,WARN
EVT-INC-8033-3,INC-8033,2026-09-05T13:22:00Z,LATENCY_INCREASE,user-profile,Telemetry signal: Latency Increase recorded on user-profile,WARN
EVT-INC-8034-1,INC-8034,2026-09-08T05:27:00Z,DEPLOYMENT,notification-worker,Telemetry signal: Deployment recorded on notification-worker,WARN
EVT-INC-8034-2,INC-8034,2026-09-08T06:14:00Z,MONITORING_ALERT,notification-worker,Telemetry signal: Monitoring Alert recorded on notification-worker,WARN
EVT-INC-8034-3,INC-8034,2026-09-08T05:55:00Z,ERROR_SPIKE,notification-worker,Telemetry signal: Error Spike recorded on notification-worker,WARN
EVT-INC-8034-4,INC-8034,2026-09-08T06:04:00Z,LATENCY_INCREASE,notification-worker,Telemetry signal: Latency Increase recorded on notification-worker,WARN
EVT-INC-8034-5,INC-8034,2026-09-08T06:18:00Z,TRAFFIC_SURGE,notification-worker,Telemetry signal: Traffic Surge recorded on notification-worker,WARN
EVT-INC-8035-1,INC-8035,2026-09-19T19:16:00Z,DEPLOYMENT,user-profile,Telemetry signal: Deployment recorded on user-profile,WARN
EVT-INC-8035-2,INC-8035,2026-09-19T19:24:00Z,MONITORING_ALERT,user-profile,Telemetry signal: Monitoring Alert recorded on user-profile,WARN
EVT-INC-8035-3,INC-8035,2026-09-19T19:22:00Z,ERROR_SPIKE,user-profile,Telemetry signal: Error Spike recorded on user-profile,WARN
EVT-INC-8035-4,INC-8035,2026-09-19T19:38:00Z,LATENCY_INCREASE,user-profile,Telemetry signal: Latency Increase recorded on user-profile,WARN
EVT-INC-8036-1,INC-8036,2026-09-12T02:21:00Z,MONITORING_ALERT,notification-worker,Telemetry signal: Monitoring Alert recorded on notification-worker,WARN
EVT-INC-8036-2,INC-8036,2026-09-12T02:17:00Z,ERROR_SPIKE,notification-worker,Telemetry signal: Error Spike recorded on notification-worker,WARN
EVT-INC-8036-3,INC-8036,2026-09-12T02:19:00Z,LATENCY_INCREASE,notification-worker,Telemetry signal: Latency Increase recorded on notification-worker,WARN
EVT-INC-8037-1,INC-8037,2026-08-18T13:03:00Z,MONITORING_ALERT,notification-worker,Telemetry signal: Monitoring Alert recorded on notification-worker,WARN
EVT-INC-8037-2,INC-8037,2026-08-18T13:17:00Z,ERROR_SPIKE,notification-worker,Telemetry signal: Error Spike recorded on notification-worker,WARN
EVT-INC-8037-3,INC-8037,2026-08-18T13:24:00Z,LATENCY_INCREASE,notification-worker,Telemetry signal: Latency Increase recorded on notification-worker,WARN
EVT-INC-8038-1,INC-8038,2026-08-19T08:35:00Z,DEPLOYMENT,checkout-service,Telemetry signal: Deployment recorded on checkout-service,CRITICAL
EVT-INC-8038-2,INC-8038,2026-08-19T08:43:00Z,MONITORING_ALERT,checkout-service,Telemetry signal: Monitoring Alert recorded on checkout-service,CRITICAL
EVT-INC-8038-3,INC-8038,2026-08-19T08:49:00Z,ERROR_SPIKE,checkout-service,Telemetry signal: Error Spike recorded on checkout-service,CRITICAL
EVT-INC-8038-4,INC-8038,2026-08-19T08:58:00Z,LATENCY_INCREASE,checkout-service,Telemetry signal: Latency Increase recorded on checkout-service,CRITICAL
EVT-INC-8039-1,INC-8039,2026-08-21T12:47:00Z,DEPLOYMENT,checkout-service,Telemetry signal: Deployment recorded on checkout-service,WARN
EVT-INC-8039-2,INC-8039,2026-08-21T13:34:00Z,MONITORING_ALERT,checkout-service,Telemetry signal: Monitoring Alert recorded on checkout-service,WARN
EVT-INC-8039-3,INC-8039,2026-08-21T13:31:00Z,ERROR_SPIKE,checkout-service,Telemetry signal: Error Spike recorded on checkout-service,WARN
EVT-INC-8039-4,INC-8039,2026-08-21T13:41:00Z,LATENCY_INCREASE,checkout-service,Telemetry signal: Latency Increase recorded on checkout-service,WARN
EVT-INC-8040-1,INC-8040,2026-09-22T14:17:00Z,DEPLOYMENT,checkout-service,Telemetry signal: Deployment recorded on checkout-service,CRITICAL
EVT-INC-8040-2,INC-8040,2026-09-22T14:37:00Z,MONITORING_ALERT,checkout-service,Telemetry signal: Monitoring Alert recorded on checkout-service,CRITICAL
EVT-INC-8040-3,INC-8040,2026-09-22T14:51:00Z,ERROR_SPIKE,checkout-service,Telemetry signal: Error Spike recorded on checkout-service,CRITICAL
EVT-INC-8040-4,INC-8040,2026-09-22T14:58:00Z,LATENCY_INCREASE,checkout-service,Telemetry signal: Latency Increase recorded on checkout-service,CRITICAL
EVT-INC-8041-1,INC-8041,2026-09-09T23:17:00Z,DEPLOYMENT,auth-service,Telemetry signal: Deployment recorded on auth-service,WARN
EVT-INC-8041-2,INC-8041,2026-09-09T22:46:00Z,MONITORING_ALERT,auth-service,Telemetry signal: Monitoring Alert recorded on auth-service,WARN
EVT-INC-8041-3,INC-8041,2026-09-09T23:03:00Z,ERROR_SPIKE,auth-service,Telemetry signal: Error Spike recorded on auth-service,WARN
EVT-INC-8041-4,INC-8041,2026-09-09T23:38:00Z,LATENCY_INCREASE,auth-service,Telemetry signal: Latency Increase recorded on auth-service,WARN
EVT-INC-8041-5,INC-8041,2026-09-09T23:33:00Z,TRAFFIC_SURGE,auth-service,Telemetry signal: Traffic Surge recorded on auth-service,WARN
EVT-INC-8042-1,INC-8042,2026-08-25T22:19:00Z,MONITORING_ALERT,payment-gateway,Telemetry signal: Monitoring Alert recorded on payment-gateway,WARN
EVT-INC-8042-2,INC-8042,2026-08-25T22:44:00Z,ERROR_SPIKE,payment-gateway,Telemetry signal: Error Spike recorded on payment-gateway,WARN
EVT-INC-8042-3,INC-8042,2026-08-25T22:33:00Z,LATENCY_INCREASE,payment-gateway,Telemetry signal: Latency Increase recorded on payment-gateway,WARN
EVT-INC-8042-4,INC-8042,2026-08-25T22:47:00Z,TRAFFIC_SURGE,payment-gateway,Telemetry signal: Traffic Surge recorded on payment-gateway,WARN
EVT-INC-8043-1,INC-8043,2026-08-16T07:44:00Z,MONITORING_ALERT,notification-worker,Telemetry signal: Monitoring Alert recorded on notification-worker,WARN
EVT-INC-8043-2,INC-8043,2026-08-16T08:09:00Z,ERROR_SPIKE,notification-worker,Telemetry signal: Error Spike recorded on notification-worker,WARN
EVT-INC-8043-3,INC-8043,2026-08-16T08:14:00Z,LATENCY_INCREASE,notification-worker,Telemetry signal: Latency Increase recorded on notification-worker,WARN
EVT-INC-8044-1,INC-8044,2026-08-17T15:59:00Z,DEPLOYMENT,search-indexer,Telemetry signal: Deployment recorded on search-indexer,CRITICAL
EVT-INC-8044-2,INC-8044,2026-08-17T16:32:00Z,MONITORING_ALERT,search-indexer,Telemetry signal: Monitoring Alert recorded on search-indexer,CRITICAL
EVT-INC-8044-3,INC-8044,2026-08-17T16:53:00Z,ERROR_SPIKE,search-indexer,Telemetry signal: Error Spike recorded on search-indexer,CRITICAL
EVT-INC-8044-4,INC-8044,2026-08-17T16:45:00Z,LATENCY_INCREASE,search-indexer,Telemetry signal: Latency Increase recorded on search-indexer,CRITICAL
EVT-INC-8045-1,INC-8045,2026-09-07T13:50:00Z,MONITORING_ALERT,search-indexer,Telemetry signal: Monitoring Alert recorded on search-indexer,WARN
EVT-INC-8045-2,INC-8045,2026-09-07T14:31:00Z,ERROR_SPIKE,search-indexer,Telemetry signal: Error Spike recorded on search-indexer,WARN
EVT-INC-8045-3,INC-8045,2026-09-07T14:21:00Z,LATENCY_INCREASE,search-indexer,Telemetry signal: Latency Increase recorded on search-indexer,WARN
EVT-INC-8046-1,INC-8046,2026-08-25T18:40:00Z,DEPLOYMENT,user-profile,Telemetry signal: Deployment recorded on user-profile,WARN
EVT-INC-8046-2,INC-8046,2026-08-25T18:58:00Z,MONITORING_ALERT,user-profile,Telemetry signal: Monitoring Alert recorded on user-profile,WARN
EVT-INC-8046-3,INC-8046,2026-08-25T19:10:00Z,ERROR_SPIKE,user-profile,Telemetry signal: Error Spike recorded on user-profile,WARN
EVT-INC-8046-4,INC-8046,2026-08-25T19:21:00Z,LATENCY_INCREASE,user-profile,Telemetry signal: Latency Increase recorded on user-profile,WARN
EVT-INC-8047-1,INC-8047,2026-08-29T02:59:00Z,MONITORING_ALERT,auth-service,Telemetry signal: Monitoring Alert recorded on auth-service,WARN
EVT-INC-8047-2,INC-8047,2026-08-29T03:21:00Z,ERROR_SPIKE,auth-service,Telemetry signal: Error Spike recorded on auth-service,WARN
EVT-INC-8047-3,INC-8047,2026-08-29T03:17:00Z,LATENCY_INCREASE,auth-service,Telemetry signal: Latency Increase recorded on auth-service,WARN
EVT-INC-8048-1,INC-8048,2026-08-27T05:37:00Z,DEPLOYMENT,checkout-service,Telemetry signal: Deployment recorded on checkout-service,WARN
EVT-INC-8048-2,INC-8048,2026-08-27T05:23:00Z,MONITORING_ALERT,checkout-service,Telemetry signal: Monitoring Alert recorded on checkout-service,WARN
EVT-INC-8048-3,INC-8048,2026-08-27T05:49:00Z,ERROR_SPIKE,checkout-service,Telemetry signal: Error Spike recorded on checkout-service,WARN
EVT-INC-8048-4,INC-8048,2026-08-27T06:04:00Z,LATENCY_INCREASE,checkout-service,Telemetry signal: Latency Increase recorded on checkout-service,WARN
EVT-INC-8049-1,INC-8049,2026-08-27T13:32:00Z,DEPLOYMENT,search-indexer,Telemetry signal: Deployment recorded on search-indexer,CRITICAL
EVT-INC-8049-2,INC-8049,2026-08-27T13:06:00Z,MONITORING_ALERT,search-indexer,Telemetry signal: Monitoring Alert recorded on search-indexer,CRITICAL
EVT-INC-8049-3,INC-8049,2026-08-27T13:29:00Z,ERROR_SPIKE,search-indexer,Telemetry signal: Error Spike recorded on search-indexer,CRITICAL
EVT-INC-8049-4,INC-8049,2026-08-27T13:56:00Z,LATENCY_INCREASE,search-indexer,Telemetry signal: Latency Increase recorded on search-indexer,CRITICAL
EVT-INC-8049-5,INC-8049,2026-08-27T13:48:00Z,TRAFFIC_SURGE,search-indexer,Telemetry signal: Traffic Surge recorded on search-indexer,CRITICAL
EVT-INC-8050-1,INC-8050,2026-09-23T14:20:00Z,DEPLOYMENT,notification-worker,Telemetry signal: Deployment recorded on notification-worker,CRITICAL
EVT-INC-8050-2,INC-8050,2026-09-23T13:50:00Z,MONITORING_ALERT,notification-worker,Telemetry signal: Monitoring Alert recorded on notification-worker,CRITICAL
EVT-INC-8050-3,INC-8050,2026-09-23T14:35:00Z,ERROR_SPIKE,notification-worker,Telemetry signal: Error Spike recorded on notification-worker,CRITICAL
EVT-INC-8050-4,INC-8050,2026-09-23T14:32:00Z,LATENCY_INCREASE,notification-worker,Telemetry signal: Latency Increase recorded on notification-worker,CRITICAL
EVT-INC-8050-5,INC-8050,2026-09-23T14:43:00Z,TRAFFIC_SURGE,notification-worker,Telemetry signal: Traffic Surge recorded on notification-worker,CRITICAL
EVT-INC-8051-1,INC-8051,2026-08-18T05:40:00Z,MONITORING_ALERT,notification-worker,Telemetry signal: Monitoring Alert recorded on notification-worker,WARN
EVT-INC-8051-2,INC-8051,2026-08-18T05:52:00Z,ERROR_SPIKE,notification-worker,Telemetry signal: Error Spike recorded on notification-worker,WARN
EVT-INC-8051-3,INC-8051,2026-08-18T05:49:00Z,LATENCY_INCREASE,notification-worker,Telemetry signal: Latency Increase recorded on notification-worker,WARN
EVT-INC-8052-1,INC-8052,2026-08-30T01:28:00Z,MONITORING_ALERT,inventory-api,Telemetry signal: Monitoring Alert recorded on inventory-api,WARN
EVT-INC-8052-2,INC-8052,2026-08-30T01:33:00Z,ERROR_SPIKE,inventory-api,Telemetry signal: Error Spike recorded on inventory-api,WARN
EVT-INC-8052-3,INC-8052,2026-08-30T01:35:00Z,LATENCY_INCREASE,inventory-api,Telemetry signal: Latency Increase recorded on inventory-api,WARN
EVT-INC-8053-1,INC-8053,2026-08-24T09:43:00Z,DEPLOYMENT,search-indexer,Telemetry signal: Deployment recorded on search-indexer,WARN
EVT-INC-8053-2,INC-8053,2026-08-24T09:09:00Z,MONITORING_ALERT,search-indexer,Telemetry signal: Monitoring Alert recorded on search-indexer,WARN
EVT-INC-8053-3,INC-8053,2026-08-24T09:20:00Z,ERROR_SPIKE,search-indexer,Telemetry signal: Error Spike recorded on search-indexer,WARN
EVT-INC-8053-4,INC-8053,2026-08-24T09:39:00Z,LATENCY_INCREASE,search-indexer,Telemetry signal: Latency Increase recorded on search-indexer,WARN
EVT-INC-8053-5,INC-8053,2026-08-24T09:47:00Z,TRAFFIC_SURGE,search-indexer,Telemetry signal: Traffic Surge recorded on search-indexer,WARN
EVT-INC-8054-1,INC-8054,2026-09-15T17:15:00Z,DEPLOYMENT,checkout-service,Telemetry signal: Deployment recorded on checkout-service,CRITICAL
EVT-INC-8054-2,INC-8054,2026-09-15T17:35:00Z,MONITORING_ALERT,checkout-service,Telemetry signal: Monitoring Alert recorded on checkout-service,CRITICAL
EVT-INC-8054-3,INC-8054,2026-09-15T17:47:00Z,ERROR_SPIKE,checkout-service,Telemetry signal: Error Spike recorded on checkout-service,CRITICAL
EVT-INC-8054-4,INC-8054,2026-09-15T17:53:00Z,LATENCY_INCREASE,checkout-service,Telemetry signal: Latency Increase recorded on checkout-service,CRITICAL
EVT-INC-8055-1,INC-8055,2026-09-15T02:31:00Z,MONITORING_ALERT,notification-worker,Telemetry signal: Monitoring Alert recorded on notification-worker,WARN
EVT-INC-8055-2,INC-8055,2026-09-15T02:51:00Z,ERROR_SPIKE,notification-worker,Telemetry signal: Error Spike recorded on notification-worker,WARN
EVT-INC-8055-3,INC-8055,2026-09-15T03:03:00Z,LATENCY_INCREASE,notification-worker,Telemetry signal: Latency Increase recorded on notification-worker,WARN
EVT-INC-8056-1,INC-8056,2026-08-18T15:39:00Z,DEPLOYMENT,inventory-api,Telemetry signal: Deployment recorded on inventory-api,WARN
EVT-INC-8056-2,INC-8056,2026-08-18T16:00:00Z,MONITORING_ALERT,inventory-api,Telemetry signal: Monitoring Alert recorded on inventory-api,WARN
EVT-INC-8056-3,INC-8056,2026-08-18T15:45:00Z,ERROR_SPIKE,inventory-api,Telemetry signal: Error Spike recorded on inventory-api,WARN
EVT-INC-8056-4,INC-8056,2026-08-18T16:10:00Z,LATENCY_INCREASE,inventory-api,Telemetry signal: Latency Increase recorded on inventory-api,WARN
EVT-INC-8057-1,INC-8057,2026-09-03T07:34:00Z,MONITORING_ALERT,checkout-service,Telemetry signal: Monitoring Alert recorded on checkout-service,WARN
EVT-INC-8057-2,INC-8057,2026-09-03T07:52:00Z,ERROR_SPIKE,checkout-service,Telemetry signal: Error Spike recorded on checkout-service,WARN
EVT-INC-8057-3,INC-8057,2026-09-03T07:56:00Z,LATENCY_INCREASE,checkout-service,Telemetry signal: Latency Increase recorded on checkout-service,WARN
EVT-INC-8058-1,INC-8058,2026-08-24T17:50:00Z,DEPLOYMENT,checkout-service,Telemetry signal: Deployment recorded on checkout-service,WARN
EVT-INC-8058-2,INC-8058,2026-08-24T18:07:00Z,MONITORING_ALERT,checkout-service,Telemetry signal: Monitoring Alert recorded on checkout-service,WARN
EVT-INC-8058-3,INC-8058,2026-08-24T18:22:00Z,ERROR_SPIKE,checkout-service,Telemetry signal: Error Spike recorded on checkout-service,WARN
EVT-INC-8058-4,INC-8058,2026-08-24T18:31:00Z,LATENCY_INCREASE,checkout-service,Telemetry signal: Latency Increase recorded on checkout-service,WARN
EVT-INC-8059-1,INC-8059,2026-08-19T15:23:00Z,MONITORING_ALERT,checkout-service,Telemetry signal: Monitoring Alert recorded on checkout-service,WARN
EVT-INC-8059-2,INC-8059,2026-08-19T15:06:00Z,ERROR_SPIKE,checkout-service,Telemetry signal: Error Spike recorded on checkout-service,WARN
EVT-INC-8059-3,INC-8059,2026-08-19T15:21:00Z,LATENCY_INCREASE,checkout-service,Telemetry signal: Latency Increase recorded on checkout-service,WARN
EVT-INC-8059-4,INC-8059,2026-08-19T15:34:00Z,TRAFFIC_SURGE,checkout-service,Telemetry signal: Traffic Surge recorded on checkout-service,WARN
EVT-INC-8060-1,INC-8060,2026-08-31T00:27:00Z,DEPLOYMENT,checkout-service,Telemetry signal: Deployment recorded on checkout-service,WARN
EVT-INC-8060-2,INC-8060,2026-08-31T00:52:00Z,MONITORING_ALERT,checkout-service,Telemetry signal: Monitoring Alert recorded on checkout-service,WARN
EVT-INC-8060-3,INC-8060,2026-08-31T01:17:00Z,ERROR_SPIKE,checkout-service,Telemetry signal: Error Spike recorded on checkout-service,WARN
EVT-INC-8060-4,INC-8060,2026-08-31T01:10:00Z,LATENCY_INCREASE,checkout-service,Telemetry signal: Latency Increase recorded on checkout-service,WARN
EVT-INC-8060-5,INC-8060,2026-08-31T01:28:00Z,TRAFFIC_SURGE,checkout-service,Telemetry signal: Traffic Surge recorded on checkout-service,WARN
EVT-INC-8061-1,INC-8061,2026-09-04T11:35:00Z,DEPLOYMENT,search-indexer,Telemetry signal: Deployment recorded on search-indexer,WARN
EVT-INC-8061-2,INC-8061,2026-09-04T12:06:00Z,MONITORING_ALERT,search-indexer,Telemetry signal: Monitoring Alert recorded on search-indexer,WARN
EVT-INC-8061-3,INC-8061,2026-09-04T12:03:00Z,ERROR_SPIKE,search-indexer,Telemetry signal: Error Spike recorded on search-indexer,WARN
EVT-INC-8061-4,INC-8061,2026-09-04T12:01:00Z,LATENCY_INCREASE,search-indexer,Telemetry signal: Latency Increase recorded on search-indexer,WARN
EVT-INC-8062-1,INC-8062,2026-09-11T22:37:00Z,DEPLOYMENT,user-profile,Telemetry signal: Deployment recorded on user-profile,WARN
EVT-INC-8062-2,INC-8062,2026-09-11T22:16:00Z,MONITORING_ALERT,user-profile,Telemetry signal: Monitoring Alert recorded on user-profile,WARN
EVT-INC-8062-3,INC-8062,2026-09-11T22:42:00Z,ERROR_SPIKE,user-profile,Telemetry signal: Error Spike recorded on user-profile,WARN
EVT-INC-8062-4,INC-8062,2026-09-11T22:58:00Z,LATENCY_INCREASE,user-profile,Telemetry signal: Latency Increase recorded on user-profile,WARN
EVT-INC-8062-5,INC-8062,2026-09-11T23:08:00Z,TRAFFIC_SURGE,user-profile,Telemetry signal: Traffic Surge recorded on user-profile,WARN
EVT-INC-8063-1,INC-8063,2026-09-05T05:28:00Z,MONITORING_ALERT,checkout-service,Telemetry signal: Monitoring Alert recorded on checkout-service,WARN
EVT-INC-8063-2,INC-8063,2026-09-05T05:49:00Z,ERROR_SPIKE,checkout-service,Telemetry signal: Error Spike recorded on checkout-service,WARN
EVT-INC-8063-3,INC-8063,2026-09-05T05:50:00Z,LATENCY_INCREASE,checkout-service,Telemetry signal: Latency Increase recorded on checkout-service,WARN
EVT-INC-8063-4,INC-8063,2026-09-05T05:47:00Z,TRAFFIC_SURGE,checkout-service,Telemetry signal: Traffic Surge recorded on checkout-service,WARN
EVT-INC-8064-1,INC-8064,2026-09-26T02:14:00Z,MONITORING_ALERT,notification-worker,Telemetry signal: Monitoring Alert recorded on notification-worker,WARN
EVT-INC-8064-2,INC-8064,2026-09-26T02:38:00Z,ERROR_SPIKE,notification-worker,Telemetry signal: Error Spike recorded on notification-worker,WARN
EVT-INC-8064-3,INC-8064,2026-09-26T02:38:00Z,LATENCY_INCREASE,notification-worker,Telemetry signal: Latency Increase recorded on notification-worker,WARN
EVT-INC-8064-4,INC-8064,2026-09-26T02:41:00Z,TRAFFIC_SURGE,notification-worker,Telemetry signal: Traffic Surge recorded on notification-worker,WARN
EVT-INC-8065-1,INC-8065,2026-08-26T11:50:00Z,DEPLOYMENT,inventory-api,Telemetry signal: Deployment recorded on inventory-api,WARN
EVT-INC-8065-2,INC-8065,2026-08-26T12:31:00Z,MONITORING_ALERT,inventory-api,Telemetry signal: Monitoring Alert recorded on inventory-api,WARN
EVT-INC-8065-3,INC-8065,2026-08-26T12:32:00Z,ERROR_SPIKE,inventory-api,Telemetry signal: Error Spike recorded on inventory-api,WARN
EVT-INC-8065-4,INC-8065,2026-08-26T12:33:00Z,LATENCY_INCREASE,inventory-api,Telemetry signal: Latency Increase recorded on inventory-api,WARN
EVT-INC-8065-5,INC-8065,2026-08-26T12:32:00Z,TRAFFIC_SURGE,inventory-api,Telemetry signal: Traffic Surge recorded on inventory-api,WARN
EVT-INC-8066-1,INC-8066,2026-09-20T02:25:00Z,DEPLOYMENT,user-profile,Telemetry signal: Deployment recorded on user-profile,WARN
EVT-INC-8066-2,INC-8066,2026-09-20T02:09:00Z,MONITORING_ALERT,user-profile,Telemetry signal: Monitoring Alert recorded on user-profile,WARN
EVT-INC-8066-3,INC-8066,2026-09-20T03:02:00Z,ERROR_SPIKE,user-profile,Telemetry signal: Error Spike recorded on user-profile,WARN
EVT-INC-8066-4,INC-8066,2026-09-20T02:53:00Z,LATENCY_INCREASE,user-profile,Telemetry signal: Latency Increase recorded on user-profile,WARN
EVT-INC-8066-5,INC-8066,2026-09-20T02:59:00Z,TRAFFIC_SURGE,user-profile,Telemetry signal: Traffic Surge recorded on user-profile,WARN
EVT-INC-8067-1,INC-8067,2026-09-25T06:24:00Z,DEPLOYMENT,auth-service,Telemetry signal: Deployment recorded on auth-service,CRITICAL
EVT-INC-8067-2,INC-8067,2026-09-25T06:03:00Z,MONITORING_ALERT,auth-service,Telemetry signal: Monitoring Alert recorded on auth-service,CRITICAL
EVT-INC-8067-3,INC-8067,2026-09-25T06:06:00Z,ERROR_SPIKE,auth-service,Telemetry signal: Error Spike recorded on auth-service,CRITICAL
EVT-INC-8067-4,INC-8067,2026-09-25T06:15:00Z,LATENCY_INCREASE,auth-service,Telemetry signal: Latency Increase recorded on auth-service,CRITICAL
EVT-INC-8067-5,INC-8067,2026-09-25T06:29:00Z,TRAFFIC_SURGE,auth-service,Telemetry signal: Traffic Surge recorded on auth-service,CRITICAL
EVT-INC-8068-1,INC-8068,2026-08-14T07:52:00Z,DEPLOYMENT,search-indexer,Telemetry signal: Deployment recorded on search-indexer,WARN
EVT-INC-8068-2,INC-8068,2026-08-14T07:43:00Z,MONITORING_ALERT,search-indexer,Telemetry signal: Monitoring Alert recorded on search-indexer,WARN
EVT-INC-8068-3,INC-8068,2026-08-14T07:40:00Z,ERROR_SPIKE,search-indexer,Telemetry signal: Error Spike recorded on search-indexer,WARN
EVT-INC-8068-4,INC-8068,2026-08-14T08:00:00Z,LATENCY_INCREASE,search-indexer,Telemetry signal: Latency Increase recorded on search-indexer,WARN
EVT-INC-8069-1,INC-8069,2026-09-20T04:12:00Z,MONITORING_ALERT,search-indexer,Telemetry signal: Monitoring Alert recorded on search-indexer,WARN
EVT-INC-8069-2,INC-8069,2026-09-20T04:17:00Z,ERROR_SPIKE,search-indexer,Telemetry signal: Error Spike recorded on search-indexer,WARN
EVT-INC-8069-3,INC-8069,2026-09-20T04:32:00Z,LATENCY_INCREASE,search-indexer,Telemetry signal: Latency Increase recorded on search-indexer,WARN
EVT-INC-8069-4,INC-8069,2026-09-20T04:51:00Z,TRAFFIC_SURGE,search-indexer,Telemetry signal: Traffic Surge recorded on search-indexer,WARN
EVT-INC-8070-1,INC-8070,2026-09-12T21:26:00Z,DEPLOYMENT,notification-worker,Telemetry signal: Deployment recorded on notification-worker,WARN
EVT-INC-8070-2,INC-8070,2026-09-12T21:41:00Z,MONITORING_ALERT,notification-worker,Telemetry signal: Monitoring Alert recorded on notification-worker,WARN
EVT-INC-8070-3,INC-8070,2026-09-12T22:02:00Z,ERROR_SPIKE,notification-worker,Telemetry signal: Error Spike recorded on notification-worker,WARN
EVT-INC-8070-4,INC-8070,2026-09-12T22:17:00Z,LATENCY_INCREASE,notification-worker,Telemetry signal: Latency Increase recorded on notification-worker,WARN
EVT-INC-8070-5,INC-8070,2026-09-12T22:36:00Z,TRAFFIC_SURGE,notification-worker,Telemetry signal: Traffic Surge recorded on notification-worker,WARN
EVT-INC-8071-1,INC-8071,2026-08-12T20:37:00Z,MONITORING_ALERT,inventory-api,Telemetry signal: Monitoring Alert recorded on inventory-api,WARN
EVT-INC-8071-2,INC-8071,2026-08-12T21:00:00Z,ERROR_SPIKE,inventory-api,Telemetry signal: Error Spike recorded on inventory-api,WARN
EVT-INC-8071-3,INC-8071,2026-08-12T20:58:00Z,LATENCY_INCREASE,inventory-api,Telemetry signal: Latency Increase recorded on inventory-api,WARN
EVT-INC-8072-1,INC-8072,2026-08-29T11:04:00Z,MONITORING_ALERT,notification-worker,Telemetry signal: Monitoring Alert recorded on notification-worker,WARN
EVT-INC-8072-2,INC-8072,2026-08-29T10:54:00Z,ERROR_SPIKE,notification-worker,Telemetry signal: Error Spike recorded on notification-worker,WARN
EVT-INC-8072-3,INC-8072,2026-08-29T11:12:00Z,LATENCY_INCREASE,notification-worker,Telemetry signal: Latency Increase recorded on notification-worker,WARN
EVT-INC-8073-1,INC-8073,2026-09-26T05:42:00Z,MONITORING_ALERT,payment-gateway,Telemetry signal: Monitoring Alert recorded on payment-gateway,WARN
EVT-INC-8073-2,INC-8073,2026-09-26T05:44:00Z,ERROR_SPIKE,payment-gateway,Telemetry signal: Error Spike recorded on payment-gateway,WARN
EVT-INC-8073-3,INC-8073,2026-09-26T06:02:00Z,LATENCY_INCREASE,payment-gateway,Telemetry signal: Latency Increase recorded on payment-gateway,WARN
EVT-INC-8074-1,INC-8074,2026-09-22T09:03:00Z,DEPLOYMENT,inventory-api,Telemetry signal: Deployment recorded on inventory-api,WARN
EVT-INC-8074-2,INC-8074,2026-09-22T09:18:00Z,MONITORING_ALERT,inventory-api,Telemetry signal: Monitoring Alert recorded on inventory-api,WARN
EVT-INC-8074-3,INC-8074,2026-09-22T09:57:00Z,ERROR_SPIKE,inventory-api,Telemetry signal: Error Spike recorded on inventory-api,WARN
EVT-INC-8074-4,INC-8074,2026-09-22T09:56:00Z,LATENCY_INCREASE,inventory-api,Telemetry signal: Latency Increase recorded on inventory-api,WARN
EVT-INC-8075-1,INC-8075,2026-08-17T13:22:00Z,DEPLOYMENT,checkout-service,Telemetry signal: Deployment recorded on checkout-service,CRITICAL
EVT-INC-8075-2,INC-8075,2026-08-17T13:35:00Z,MONITORING_ALERT,checkout-service,Telemetry signal: Monitoring Alert recorded on checkout-service,CRITICAL
EVT-INC-8075-3,INC-8075,2026-08-17T13:22:00Z,ERROR_SPIKE,checkout-service,Telemetry signal: Error Spike recorded on checkout-service,CRITICAL
EVT-INC-8075-4,INC-8075,2026-08-17T14:01:00Z,LATENCY_INCREASE,checkout-service,Telemetry signal: Latency Increase recorded on checkout-service,CRITICAL
EVT-INC-8075-5,INC-8075,2026-08-17T13:53:00Z,TRAFFIC_SURGE,checkout-service,Telemetry signal: Traffic Surge recorded on checkout-service,CRITICAL
EVT-INC-8076-1,INC-8076,2026-08-24T17:56:00Z,DEPLOYMENT,notification-worker,Telemetry signal: Deployment recorded on notification-worker,WARN
EVT-INC-8076-2,INC-8076,2026-08-24T18:43:00Z,MONITORING_ALERT,notification-worker,Telemetry signal: Monitoring Alert recorded on notification-worker,WARN
EVT-INC-8076-3,INC-8076,2026-08-24T18:42:00Z,ERROR_SPIKE,notification-worker,Telemetry signal: Error Spike recorded on notification-worker,WARN
EVT-INC-8076-4,INC-8076,2026-08-24T18:45:00Z,LATENCY_INCREASE,notification-worker,Telemetry signal: Latency Increase recorded on notification-worker,WARN
EVT-INC-8076-5,INC-8076,2026-08-24T18:43:00Z,TRAFFIC_SURGE,notification-worker,Telemetry signal: Traffic Surge recorded on notification-worker,WARN
EVT-INC-8077-1,INC-8077,2026-08-14T01:10:00Z,DEPLOYMENT,user-profile,Telemetry signal: Deployment recorded on user-profile,CRITICAL
EVT-INC-8077-2,INC-8077,2026-08-14T01:27:00Z,MONITORING_ALERT,user-profile,Telemetry signal: Monitoring Alert recorded on user-profile,CRITICAL
EVT-INC-8077-3,INC-8077,2026-08-14T01:36:00Z,ERROR_SPIKE,user-profile,Telemetry signal: Error Spike recorded on user-profile,CRITICAL
EVT-INC-8077-4,INC-8077,2026-08-14T01:35:00Z,LATENCY_INCREASE,user-profile,Telemetry signal: Latency Increase recorded on user-profile,CRITICAL
EVT-INC-8078-1,INC-8078,2026-09-16T09:40:00Z,DEPLOYMENT,inventory-api,Telemetry signal: Deployment recorded on inventory-api,WARN
EVT-INC-8078-2,INC-8078,2026-09-16T09:59:00Z,MONITORING_ALERT,inventory-api,Telemetry signal: Monitoring Alert recorded on inventory-api,WARN
EVT-INC-8078-3,INC-8078,2026-09-16T10:04:00Z,ERROR_SPIKE,inventory-api,Telemetry signal: Error Spike recorded on inventory-api,WARN
EVT-INC-8078-4,INC-8078,2026-09-16T10:28:00Z,LATENCY_INCREASE,inventory-api,Telemetry signal: Latency Increase recorded on inventory-api,WARN
EVT-INC-8079-1,INC-8079,2026-08-15T17:41:00Z,MONITORING_ALERT,order-processing,Telemetry signal: Monitoring Alert recorded on order-processing,WARN
EVT-INC-8079-2,INC-8079,2026-08-15T17:44:00Z,ERROR_SPIKE,order-processing,Telemetry signal: Error Spike recorded on order-processing,WARN
EVT-INC-8079-3,INC-8079,2026-08-15T17:41:00Z,LATENCY_INCREASE,order-processing,Telemetry signal: Latency Increase recorded on order-processing,WARN
EVT-INC-8079-4,INC-8079,2026-08-15T17:39:00Z,TRAFFIC_SURGE,order-processing,Telemetry signal: Traffic Surge recorded on order-processing,WARN
EVT-INC-8080-1,INC-8080,2026-09-06T04:50:00Z,DEPLOYMENT,notification-worker,Telemetry signal: Deployment recorded on notification-worker,WARN
EVT-INC-8080-2,INC-8080,2026-09-06T04:28:00Z,MONITORING_ALERT,notification-worker,Telemetry signal: Monitoring Alert recorded on notification-worker,WARN
EVT-INC-8080-3,INC-8080,2026-09-06T05:08:00Z,ERROR_SPIKE,notification-worker,Telemetry signal: Error Spike recorded on notification-worker,WARN
EVT-INC-8080-4,INC-8080,2026-09-06T04:58:00Z,LATENCY_INCREASE,notification-worker,Telemetry signal: Latency Increase recorded on notification-worker,WARN
EVT-INC-8081-1,INC-8081,2026-08-14T21:47:00Z,DEPLOYMENT,order-processing,Telemetry signal: Deployment recorded on order-processing,WARN
EVT-INC-8081-2,INC-8081,2026-08-14T21:57:00Z,MONITORING_ALERT,order-processing,Telemetry signal: Monitoring Alert recorded on order-processing,WARN
EVT-INC-8081-3,INC-8081,2026-08-14T22:12:00Z,ERROR_SPIKE,order-processing,Telemetry signal: Error Spike recorded on order-processing,WARN
EVT-INC-8081-4,INC-8081,2026-08-14T22:43:00Z,LATENCY_INCREASE,order-processing,Telemetry signal: Latency Increase recorded on order-processing,WARN
EVT-INC-8081-5,INC-8081,2026-08-14T22:50:00Z,TRAFFIC_SURGE,order-processing,Telemetry signal: Traffic Surge recorded on order-processing,WARN
EVT-INC-8082-1,INC-8082,2026-08-18T07:30:00Z,MONITORING_ALERT,auth-service,Telemetry signal: Monitoring Alert recorded on auth-service,WARN
EVT-INC-8082-2,INC-8082,2026-08-18T07:48:00Z,ERROR_SPIKE,auth-service,Telemetry signal: Error Spike recorded on auth-service,WARN
EVT-INC-8082-3,INC-8082,2026-08-18T07:59:00Z,LATENCY_INCREASE,auth-service,Telemetry signal: Latency Increase recorded on auth-service,WARN
EVT-INC-8083-1,INC-8083,2026-08-24T11:42:00Z,DEPLOYMENT,search-indexer,Telemetry signal: Deployment recorded on search-indexer,WARN
EVT-INC-8083-2,INC-8083,2026-08-24T11:44:00Z,MONITORING_ALERT,search-indexer,Telemetry signal: Monitoring Alert recorded on search-indexer,WARN
EVT-INC-8083-3,INC-8083,2026-08-24T11:30:00Z,ERROR_SPIKE,search-indexer,Telemetry signal: Error Spike recorded on search-indexer,WARN
EVT-INC-8083-4,INC-8083,2026-08-24T11:49:00Z,LATENCY_INCREASE,search-indexer,Telemetry signal: Latency Increase recorded on search-indexer,WARN
EVT-INC-8084-1,INC-8084,2026-09-24T11:10:00Z,MONITORING_ALERT,notification-worker,Telemetry signal: Monitoring Alert recorded on notification-worker,WARN
EVT-INC-8084-2,INC-8084,2026-09-24T10:44:00Z,ERROR_SPIKE,notification-worker,Telemetry signal: Error Spike recorded on notification-worker,WARN
EVT-INC-8084-3,INC-8084,2026-09-24T10:56:00Z,LATENCY_INCREASE,notification-worker,Telemetry signal: Latency Increase recorded on notification-worker,WARN
EVT-INC-8084-4,INC-8084,2026-09-24T11:14:00Z,TRAFFIC_SURGE,notification-worker,Telemetry signal: Traffic Surge recorded on notification-worker,WARN
EVT-INC-8085-1,INC-8085,2026-08-17T14:36:00Z,MONITORING_ALERT,user-profile,Telemetry signal: Monitoring Alert recorded on user-profile,WARN
EVT-INC-8085-2,INC-8085,2026-08-17T14:27:00Z,ERROR_SPIKE,user-profile,Telemetry signal: Error Spike recorded on user-profile,WARN
EVT-INC-8085-3,INC-8085,2026-08-17T14:28:00Z,LATENCY_INCREASE,user-profile,Telemetry signal: Latency Increase recorded on user-profile,WARN
EVT-INC-8086-1,INC-8086,2026-09-01T23:44:00Z,DEPLOYMENT,search-indexer,Telemetry signal: Deployment recorded on search-indexer,WARN
EVT-INC-8086-2,INC-8086,2026-09-01T23:45:00Z,MONITORING_ALERT,search-indexer,Telemetry signal: Monitoring Alert recorded on search-indexer,WARN
EVT-INC-8086-3,INC-8086,2026-09-01T23:54:00Z,ERROR_SPIKE,search-indexer,Telemetry signal: Error Spike recorded on search-indexer,WARN
EVT-INC-8086-4,INC-8086,2026-09-02T00:09:00Z,LATENCY_INCREASE,search-indexer,Telemetry signal: Latency Increase recorded on search-indexer,WARN
EVT-INC-8087-1,INC-8087,2026-08-18T21:36:00Z,DEPLOYMENT,search-indexer,Telemetry signal: Deployment recorded on search-indexer,WARN
EVT-INC-8087-2,INC-8087,2026-08-18T21:49:00Z,MONITORING_ALERT,search-indexer,Telemetry signal: Monitoring Alert recorded on search-indexer,WARN
EVT-INC-8087-3,INC-8087,2026-08-18T22:08:00Z,ERROR_SPIKE,search-indexer,Telemetry signal: Error Spike recorded on search-indexer,WARN
EVT-INC-8087-4,INC-8087,2026-08-18T22:16:00Z,LATENCY_INCREASE,search-indexer,Telemetry signal: Latency Increase recorded on search-indexer,WARN
EVT-INC-8088-1,INC-8088,2026-08-13T16:03:00Z,DEPLOYMENT,order-processing,Telemetry signal: Deployment recorded on order-processing,WARN
EVT-INC-8088-2,INC-8088,2026-08-13T16:40:00Z,MONITORING_ALERT,order-processing,Telemetry signal: Monitoring Alert recorded on order-processing,WARN
EVT-INC-8088-3,INC-8088,2026-08-13T16:41:00Z,ERROR_SPIKE,order-processing,Telemetry signal: Error Spike recorded on order-processing,WARN
EVT-INC-8088-4,INC-8088,2026-08-13T16:47:00Z,LATENCY_INCREASE,order-processing,Telemetry signal: Latency Increase recorded on order-processing,WARN
EVT-INC-8089-1,INC-8089,2026-08-24T14:38:00Z,MONITORING_ALERT,user-profile,Telemetry signal: Monitoring Alert recorded on user-profile,WARN
EVT-INC-8089-2,INC-8089,2026-08-24T14:31:00Z,ERROR_SPIKE,user-profile,Telemetry signal: Error Spike recorded on user-profile,WARN
EVT-INC-8089-3,INC-8089,2026-08-24T14:32:00Z,LATENCY_INCREASE,user-profile,Telemetry signal: Latency Increase recorded on user-profile,WARN
EVT-INC-8090-1,INC-8090,2026-09-01T09:47:00Z,DEPLOYMENT,search-indexer,Telemetry signal: Deployment recorded on search-indexer,WARN
EVT-INC-8090-2,INC-8090,2026-09-01T10:10:00Z,MONITORING_ALERT,search-indexer,Telemetry signal: Monitoring Alert recorded on search-indexer,WARN
EVT-INC-8090-3,INC-8090,2026-09-01T09:55:00Z,ERROR_SPIKE,search-indexer,Telemetry signal: Error Spike recorded on search-indexer,WARN
EVT-INC-8090-4,INC-8090,2026-09-01T10:06:00Z,LATENCY_INCREASE,search-indexer,Telemetry signal: Latency Increase recorded on search-indexer,WARN
EVT-INC-8091-1,INC-8091,2026-08-15T17:40:00Z,MONITORING_ALERT,user-profile,Telemetry signal: Monitoring Alert recorded on user-profile,WARN
EVT-INC-8091-2,INC-8091,2026-08-15T18:10:00Z,ERROR_SPIKE,user-profile,Telemetry signal: Error Spike recorded on user-profile,WARN
EVT-INC-8091-3,INC-8091,2026-08-15T18:15:00Z,LATENCY_INCREASE,user-profile,Telemetry signal: Latency Increase recorded on user-profile,WARN
EVT-INC-8092-1,INC-8092,2026-09-04T11:10:00Z,MONITORING_ALERT,order-processing,Telemetry signal: Monitoring Alert recorded on order-processing,WARN
EVT-INC-8092-2,INC-8092,2026-09-04T11:43:00Z,ERROR_SPIKE,order-processing,Telemetry signal: Error Spike recorded on order-processing,WARN
EVT-INC-8092-3,INC-8092,2026-09-04T11:40:00Z,LATENCY_INCREASE,order-processing,Telemetry signal: Latency Increase recorded on order-processing,WARN
EVT-INC-8092-4,INC-8092,2026-09-04T11:53:00Z,TRAFFIC_SURGE,order-processing,Telemetry signal: Traffic Surge recorded on order-processing,WARN
EVT-INC-8093-1,INC-8093,2026-08-16T01:45:00Z,MONITORING_ALERT,payment-gateway,Telemetry signal: Monitoring Alert recorded on payment-gateway,WARN
EVT-INC-8093-2,INC-8093,2026-08-16T01:49:00Z,ERROR_SPIKE,payment-gateway,Telemetry signal: Error Spike recorded on payment-gateway,WARN
EVT-INC-8093-3,INC-8093,2026-08-16T01:55:00Z,LATENCY_INCREASE,payment-gateway,Telemetry signal: Latency Increase recorded on payment-gateway,WARN
EVT-INC-8094-1,INC-8094,2026-08-27T16:47:00Z,DEPLOYMENT,order-processing,Telemetry signal: Deployment recorded on order-processing,CRITICAL
EVT-INC-8094-2,INC-8094,2026-08-27T17:38:00Z,MONITORING_ALERT,order-processing,Telemetry signal: Monitoring Alert recorded on order-processing,CRITICAL
EVT-INC-8094-3,INC-8094,2026-08-27T17:06:00Z,ERROR_SPIKE,order-processing,Telemetry signal: Error Spike recorded on order-processing,CRITICAL
EVT-INC-8094-4,INC-8094,2026-08-27T17:36:00Z,LATENCY_INCREASE,order-processing,Telemetry signal: Latency Increase recorded on order-processing,CRITICAL
EVT-INC-8094-5,INC-8094,2026-08-27T17:40:00Z,TRAFFIC_SURGE,order-processing,Telemetry signal: Traffic Surge recorded on order-processing,CRITICAL
EVT-INC-8095-1,INC-8095,2026-08-18T09:53:00Z,MONITORING_ALERT,notification-worker,Telemetry signal: Monitoring Alert recorded on notification-worker,WARN
EVT-INC-8095-2,INC-8095,2026-08-18T10:28:00Z,ERROR_SPIKE,notification-worker,Telemetry signal: Error Spike recorded on notification-worker,WARN
EVT-INC-8095-3,INC-8095,2026-08-18T10:23:00Z,LATENCY_INCREASE,notification-worker,Telemetry signal: Latency Increase recorded on notification-worker,WARN
EVT-INC-8096-1,INC-8096,2026-08-25T00:47:00Z,MONITORING_ALERT,payment-gateway,Telemetry signal: Monitoring Alert recorded on payment-gateway,WARN
EVT-INC-8096-2,INC-8096,2026-08-25T00:49:00Z,ERROR_SPIKE,payment-gateway,Telemetry signal: Error Spike recorded on payment-gateway,WARN
EVT-INC-8096-3,INC-8096,2026-08-25T01:03:00Z,LATENCY_INCREASE,payment-gateway,Telemetry signal: Latency Increase recorded on payment-gateway,WARN
EVT-INC-8097-1,INC-8097,2026-08-26T01:46:00Z,DEPLOYMENT,search-indexer,Telemetry signal: Deployment recorded on search-indexer,WARN
EVT-INC-8097-2,INC-8097,2026-08-26T02:27:00Z,MONITORING_ALERT,search-indexer,Telemetry signal: Monitoring Alert recorded on search-indexer,WARN
EVT-INC-8097-3,INC-8097,2026-08-26T02:48:00Z,ERROR_SPIKE,search-indexer,Telemetry signal: Error Spike recorded on search-indexer,WARN
EVT-INC-8097-4,INC-8097,2026-08-26T02:29:00Z,LATENCY_INCREASE,search-indexer,Telemetry signal: Latency Increase recorded on search-indexer,WARN
EVT-INC-8097-5,INC-8097,2026-08-26T02:46:00Z,TRAFFIC_SURGE,search-indexer,Telemetry signal: Traffic Surge recorded on search-indexer,WARN
EVT-INC-8098-1,INC-8098,2026-08-27T09:58:00Z,DEPLOYMENT,notification-worker,Telemetry signal: Deployment recorded on notification-worker,WARN
EVT-INC-8098-2,INC-8098,2026-08-27T10:00:00Z,MONITORING_ALERT,notification-worker,Telemetry signal: Monitoring Alert recorded on notification-worker,WARN
EVT-INC-8098-3,INC-8098,2026-08-27T10:05:00Z,ERROR_SPIKE,notification-worker,Telemetry signal: Error Spike recorded on notification-worker,WARN
EVT-INC-8098-4,INC-8098,2026-08-27T09:58:00Z,LATENCY_INCREASE,notification-worker,Telemetry signal: Latency Increase recorded on notification-worker,WARN
EVT-INC-8098-5,INC-8098,2026-08-27T10:00:00Z,TRAFFIC_SURGE,notification-worker,Telemetry signal: Traffic Surge recorded on notification-worker,WARN
EVT-INC-8099-1,INC-8099,2026-09-01T04:45:00Z,DEPLOYMENT,user-profile,Telemetry signal: Deployment recorded on user-profile,WARN
EVT-INC-8099-2,INC-8099,2026-09-01T05:26:00Z,MONITORING_ALERT,user-profile,Telemetry signal: Monitoring Alert recorded on user-profile,WARN
EVT-INC-8099-3,INC-8099,2026-09-01T05:08:00Z,ERROR_SPIKE,user-profile,Telemetry signal: Error Spike recorded on user-profile,WARN
EVT-INC-8099-4,INC-8099,2026-09-01T05:36:00Z,LATENCY_INCREASE,user-profile,Telemetry signal: Latency Increase recorded on user-profile,WARN
EVT-INC-8099-5,INC-8099,2026-09-01T05:49:00Z,TRAFFIC_SURGE,user-profile,Telemetry signal: Traffic Surge recorded on user-profile,WARN
EVT-INC-8100-1,INC-8100,2026-08-31T10:56:00Z,MONITORING_ALERT,inventory-api,Telemetry signal: Monitoring Alert recorded on inventory-api,WARN
EVT-INC-8100-2,INC-8100,2026-08-31T10:56:00Z,ERROR_SPIKE,inventory-api,Telemetry signal: Error Spike recorded on inventory-api,WARN
EVT-INC-8100-3,INC-8100,2026-08-31T10:55:00Z,LATENCY_INCREASE,inventory-api,Telemetry signal: Latency Increase recorded on inventory-api,WARN
EVT-INC-8101-1,INC-8101,2026-08-14T11:29:00Z,MONITORING_ALERT,inventory-api,Telemetry signal: Monitoring Alert recorded on inventory-api,WARN
EVT-INC-8101-2,INC-8101,2026-08-14T11:55:00Z,ERROR_SPIKE,inventory-api,Telemetry signal: Error Spike recorded on inventory-api,WARN
EVT-INC-8101-3,INC-8101,2026-08-14T12:11:00Z,LATENCY_INCREASE,inventory-api,Telemetry signal: Latency Increase recorded on inventory-api,WARN
EVT-INC-8101-4,INC-8101,2026-08-14T12:12:00Z,TRAFFIC_SURGE,inventory-api,Telemetry signal: Traffic Surge recorded on inventory-api,WARN
EVT-INC-8102-1,INC-8102,2026-09-11T21:15:00Z,MONITORING_ALERT,user-profile,Telemetry signal: Monitoring Alert recorded on user-profile,WARN
EVT-INC-8102-2,INC-8102,2026-09-11T21:02:00Z,ERROR_SPIKE,user-profile,Telemetry signal: Error Spike recorded on user-profile,WARN
EVT-INC-8102-3,INC-8102,2026-09-11T21:17:00Z,LATENCY_INCREASE,user-profile,Telemetry signal: Latency Increase recorded on user-profile,WARN
EVT-INC-8103-1,INC-8103,2026-09-01T10:14:00Z,DEPLOYMENT,search-indexer,Telemetry signal: Deployment recorded on search-indexer,WARN
EVT-INC-8103-2,INC-8103,2026-09-01T10:42:00Z,MONITORING_ALERT,search-indexer,Telemetry signal: Monitoring Alert recorded on search-indexer,WARN
EVT-INC-8103-3,INC-8103,2026-09-01T10:21:00Z,ERROR_SPIKE,search-indexer,Telemetry signal: Error Spike recorded on search-indexer,WARN
EVT-INC-8103-4,INC-8103,2026-09-01T10:44:00Z,LATENCY_INCREASE,search-indexer,Telemetry signal: Latency Increase recorded on search-indexer,WARN
EVT-INC-8103-5,INC-8103,2026-09-01T10:50:00Z,TRAFFIC_SURGE,search-indexer,Telemetry signal: Traffic Surge recorded on search-indexer,WARN
EVT-INC-8104-1,INC-8104,2026-09-23T01:58:00Z,MONITORING_ALERT,inventory-api,Telemetry signal: Monitoring Alert recorded on inventory-api,WARN
EVT-INC-8104-2,INC-8104,2026-09-23T02:19:00Z,ERROR_SPIKE,inventory-api,Telemetry signal: Error Spike recorded on inventory-api,WARN
EVT-INC-8104-3,INC-8104,2026-09-23T02:40:00Z,LATENCY_INCREASE,inventory-api,Telemetry signal: Latency Increase recorded on inventory-api,WARN
EVT-INC-8104-4,INC-8104,2026-09-23T02:48:00Z,TRAFFIC_SURGE,inventory-api,Telemetry signal: Traffic Surge recorded on inventory-api,WARN
EVT-INC-8105-1,INC-8105,2026-08-28T02:37:00Z,DEPLOYMENT,auth-service,Telemetry signal: Deployment recorded on auth-service,WARN
EVT-INC-8105-2,INC-8105,2026-08-28T02:37:00Z,MONITORING_ALERT,auth-service,Telemetry signal: Monitoring Alert recorded on auth-service,WARN
EVT-INC-8105-3,INC-8105,2026-08-28T02:55:00Z,ERROR_SPIKE,auth-service,Telemetry signal: Error Spike recorded on auth-service,WARN
EVT-INC-8105-4,INC-8105,2026-08-28T03:04:00Z,LATENCY_INCREASE,auth-service,Telemetry signal: Latency Increase recorded on auth-service,WARN
EVT-INC-8106-1,INC-8106,2026-08-30T16:43:00Z,MONITORING_ALERT,order-processing,Telemetry signal: Monitoring Alert recorded on order-processing,WARN
EVT-INC-8106-2,INC-8106,2026-08-30T16:40:00Z,ERROR_SPIKE,order-processing,Telemetry signal: Error Spike recorded on order-processing,WARN
EVT-INC-8106-3,INC-8106,2026-08-30T16:47:00Z,LATENCY_INCREASE,order-processing,Telemetry signal: Latency Increase recorded on order-processing,WARN
EVT-INC-8107-1,INC-8107,2026-08-25T17:58:00Z,DEPLOYMENT,user-profile,Telemetry signal: Deployment recorded on user-profile,WARN
EVT-INC-8107-2,INC-8107,2026-08-25T18:36:00Z,MONITORING_ALERT,user-profile,Telemetry signal: Monitoring Alert recorded on user-profile,WARN
EVT-INC-8107-3,INC-8107,2026-08-25T18:20:00Z,ERROR_SPIKE,user-profile,Telemetry signal: Error Spike recorded on user-profile,WARN
EVT-INC-8107-4,INC-8107,2026-08-25T18:29:00Z,LATENCY_INCREASE,user-profile,Telemetry signal: Latency Increase recorded on user-profile,WARN
EVT-INC-8108-1,INC-8108,2026-09-01T08:01:00Z,DEPLOYMENT,checkout-service,Telemetry signal: Deployment recorded on checkout-service,CRITICAL
EVT-INC-8108-2,INC-8108,2026-09-01T08:28:00Z,MONITORING_ALERT,checkout-service,Telemetry signal: Monitoring Alert recorded on checkout-service,CRITICAL
EVT-INC-8108-3,INC-8108,2026-09-01T08:35:00Z,ERROR_SPIKE,checkout-service,Telemetry signal: Error Spike recorded on checkout-service,CRITICAL
EVT-INC-8108-4,INC-8108,2026-09-01T08:54:00Z,LATENCY_INCREASE,checkout-service,Telemetry signal: Latency Increase recorded on checkout-service,CRITICAL
EVT-INC-8108-5,INC-8108,2026-09-01T08:44:00Z,TRAFFIC_SURGE,checkout-service,Telemetry signal: Traffic Surge recorded on checkout-service,CRITICAL
EVT-INC-8109-1,INC-8109,2026-09-16T16:25:00Z,DEPLOYMENT,order-processing,Telemetry signal: Deployment recorded on order-processing,WARN
EVT-INC-8109-2,INC-8109,2026-09-16T16:27:00Z,MONITORING_ALERT,order-processing,Telemetry signal: Monitoring Alert recorded on order-processing,WARN
EVT-INC-8109-3,INC-8109,2026-09-16T16:53:00Z,ERROR_SPIKE,order-processing,Telemetry signal: Error Spike recorded on order-processing,WARN
EVT-INC-8109-4,INC-8109,2026-09-16T17:00:00Z,LATENCY_INCREASE,order-processing,Telemetry signal: Latency Increase recorded on order-processing,WARN
EVT-INC-8110-1,INC-8110,2026-08-29T09:16:00Z,DEPLOYMENT,user-profile,Telemetry signal: Deployment recorded on user-profile,WARN
EVT-INC-8110-2,INC-8110,2026-08-29T09:14:00Z,MONITORING_ALERT,user-profile,Telemetry signal: Monitoring Alert recorded on user-profile,WARN
EVT-INC-8110-3,INC-8110,2026-08-29T09:08:00Z,ERROR_SPIKE,user-profile,Telemetry signal: Error Spike recorded on user-profile,WARN
EVT-INC-8110-4,INC-8110,2026-08-29T09:02:00Z,LATENCY_INCREASE,user-profile,Telemetry signal: Latency Increase recorded on user-profile,WARN
EVT-INC-8110-5,INC-8110,2026-08-29T09:23:00Z,TRAFFIC_SURGE,user-profile,Telemetry signal: Traffic Surge recorded on user-profile,WARN
EVT-INC-8111-1,INC-8111,2026-08-25T21:39:00Z,MONITORING_ALERT,search-indexer,Telemetry signal: Monitoring Alert recorded on search-indexer,WARN
EVT-INC-8111-2,INC-8111,2026-08-25T22:05:00Z,ERROR_SPIKE,search-indexer,Telemetry signal: Error Spike recorded on search-indexer,WARN
EVT-INC-8111-3,INC-8111,2026-08-25T22:11:00Z,LATENCY_INCREASE,search-indexer,Telemetry signal: Latency Increase recorded on search-indexer,WARN
EVT-INC-8112-1,INC-8112,2026-08-13T14:08:00Z,MONITORING_ALERT,payment-gateway,Telemetry signal: Monitoring Alert recorded on payment-gateway,WARN
EVT-INC-8112-2,INC-8112,2026-08-13T14:21:00Z,ERROR_SPIKE,payment-gateway,Telemetry signal: Error Spike recorded on payment-gateway,WARN
EVT-INC-8112-3,INC-8112,2026-08-13T14:52:00Z,LATENCY_INCREASE,payment-gateway,Telemetry signal: Latency Increase recorded on payment-gateway,WARN
EVT-INC-8112-4,INC-8112,2026-08-13T14:55:00Z,TRAFFIC_SURGE,payment-gateway,Telemetry signal: Traffic Surge recorded on payment-gateway,WARN
EVT-INC-8113-1,INC-8113,2026-08-22T14:25:00Z,DEPLOYMENT,payment-gateway,Telemetry signal: Deployment recorded on payment-gateway,WARN
EVT-INC-8113-2,INC-8113,2026-08-22T14:14:00Z,MONITORING_ALERT,payment-gateway,Telemetry signal: Monitoring Alert recorded on payment-gateway,WARN
EVT-INC-8113-3,INC-8113,2026-08-22T14:31:00Z,ERROR_SPIKE,payment-gateway,Telemetry signal: Error Spike recorded on payment-gateway,WARN
EVT-INC-8113-4,INC-8113,2026-08-22T15:08:00Z,LATENCY_INCREASE,payment-gateway,Telemetry signal: Latency Increase recorded on payment-gateway,WARN
EVT-INC-8113-5,INC-8113,2026-08-22T14:57:00Z,TRAFFIC_SURGE,payment-gateway,Telemetry signal: Traffic Surge recorded on payment-gateway,WARN
EVT-INC-8114-1,INC-8114,2026-08-27T17:16:00Z,MONITORING_ALERT,notification-worker,Telemetry signal: Monitoring Alert recorded on notification-worker,WARN
EVT-INC-8114-2,INC-8114,2026-08-27T17:22:00Z,ERROR_SPIKE,notification-worker,Telemetry signal: Error Spike recorded on notification-worker,WARN
EVT-INC-8114-3,INC-8114,2026-08-27T17:40:00Z,LATENCY_INCREASE,notification-worker,Telemetry signal: Latency Increase recorded on notification-worker,WARN
EVT-INC-8115-1,INC-8115,2026-08-31T12:23:00Z,MONITORING_ALERT,search-indexer,Telemetry signal: Monitoring Alert recorded on search-indexer,WARN
EVT-INC-8115-2,INC-8115,2026-08-31T13:01:00Z,ERROR_SPIKE,search-indexer,Telemetry signal: Error Spike recorded on search-indexer,WARN
EVT-INC-8115-3,INC-8115,2026-08-31T13:02:00Z,LATENCY_INCREASE,search-indexer,Telemetry signal: Latency Increase recorded on search-indexer,WARN
EVT-INC-8116-1,INC-8116,2026-09-11T19:02:00Z,DEPLOYMENT,search-indexer,Telemetry signal: Deployment recorded on search-indexer,CRITICAL
EVT-INC-8116-2,INC-8116,2026-09-11T19:05:00Z,MONITORING_ALERT,search-indexer,Telemetry signal: Monitoring Alert recorded on search-indexer,CRITICAL
EVT-INC-8116-3,INC-8116,2026-09-11T19:12:00Z,ERROR_SPIKE,search-indexer,Telemetry signal: Error Spike recorded on search-indexer,CRITICAL
EVT-INC-8116-4,INC-8116,2026-09-11T19:31:00Z,LATENCY_INCREASE,search-indexer,Telemetry signal: Latency Increase recorded on search-indexer,CRITICAL
EVT-INC-8116-5,INC-8116,2026-09-11T19:55:00Z,TRAFFIC_SURGE,search-indexer,Telemetry signal: Traffic Surge recorded on search-indexer,CRITICAL
EVT-INC-8117-1,INC-8117,2026-08-17T22:17:00Z,MONITORING_ALERT,search-indexer,Telemetry signal: Monitoring Alert recorded on search-indexer,WARN
EVT-INC-8117-2,INC-8117,2026-08-17T21:59:00Z,ERROR_SPIKE,search-indexer,Telemetry signal: Error Spike recorded on search-indexer,WARN
EVT-INC-8117-3,INC-8117,2026-08-17T22:31:00Z,LATENCY_INCREASE,search-indexer,Telemetry signal: Latency Increase recorded on search-indexer,WARN
EVT-INC-8117-4,INC-8117,2026-08-17T22:35:00Z,TRAFFIC_SURGE,search-indexer,Telemetry signal: Traffic Surge recorded on search-indexer,WARN
EVT-INC-8118-1,INC-8118,2026-08-22T19:05:00Z,DEPLOYMENT,checkout-service,Telemetry signal: Deployment recorded on checkout-service,WARN
EVT-INC-8118-2,INC-8118,2026-08-22T18:42:00Z,MONITORING_ALERT,checkout-service,Telemetry signal: Monitoring Alert recorded on checkout-service,WARN
EVT-INC-8118-3,INC-8118,2026-08-22T18:58:00Z,ERROR_SPIKE,checkout-service,Telemetry signal: Error Spike recorded on checkout-service,WARN
EVT-INC-8118-4,INC-8118,2026-08-22T18:46:00Z,LATENCY_INCREASE,checkout-service,Telemetry signal: Latency Increase recorded on checkout-service,WARN
EVT-INC-8118-5,INC-8118,2026-08-22T18:55:00Z,TRAFFIC_SURGE,checkout-service,Telemetry signal: Traffic Surge recorded on checkout-service,WARN
EVT-INC-8119-1,INC-8119,2026-09-22T04:56:00Z,DEPLOYMENT,checkout-service,Telemetry signal: Deployment recorded on checkout-service,WARN
EVT-INC-8119-2,INC-8119,2026-09-22T05:36:00Z,MONITORING_ALERT,checkout-service,Telemetry signal: Monitoring Alert recorded on checkout-service,WARN
EVT-INC-8119-3,INC-8119,2026-09-22T05:34:00Z,ERROR_SPIKE,checkout-service,Telemetry signal: Error Spike recorded on checkout-service,WARN
EVT-INC-8119-4,INC-8119,2026-09-22T05:37:00Z,LATENCY_INCREASE,checkout-service,Telemetry signal: Latency Increase recorded on checkout-service,WARN
EVT-INC-8120-1,INC-8120,2026-09-02T20:03:00Z,DEPLOYMENT,auth-service,Telemetry signal: Deployment recorded on auth-service,WARN
EVT-INC-8120-2,INC-8120,2026-09-02T19:55:00Z,MONITORING_ALERT,auth-service,Telemetry signal: Monitoring Alert recorded on auth-service,WARN
EVT-INC-8120-3,INC-8120,2026-09-02T20:17:00Z,ERROR_SPIKE,auth-service,Telemetry signal: Error Spike recorded on auth-service,WARN
EVT-INC-8120-4,INC-8120,2026-09-02T19:59:00Z,LATENCY_INCREASE,auth-service,Telemetry signal: Latency Increase recorded on auth-service,WARN
EVT-INC-8120-5,INC-8120,2026-09-02T20:10:00Z,TRAFFIC_SURGE,auth-service,Telemetry signal: Traffic Surge recorded on auth-service,WARN
EVT-INC-8121-1,INC-8121,2026-08-23T04:19:00Z,DEPLOYMENT,auth-service,Telemetry signal: Deployment recorded on auth-service,WARN
EVT-INC-8121-2,INC-8121,2026-08-23T04:55:00Z,MONITORING_ALERT,auth-service,Telemetry signal: Monitoring Alert recorded on auth-service,WARN
EVT-INC-8121-3,INC-8121,2026-08-23T04:45:00Z,ERROR_SPIKE,auth-service,Telemetry signal: Error Spike recorded on auth-service,WARN
EVT-INC-8121-4,INC-8121,2026-08-23T04:55:00Z,LATENCY_INCREASE,auth-service,Telemetry signal: Latency Increase recorded on auth-service,WARN
EVT-INC-8122-1,INC-8122,2026-08-23T04:58:00Z,DEPLOYMENT,checkout-service,Telemetry signal: Deployment recorded on checkout-service,CRITICAL
EVT-INC-8122-2,INC-8122,2026-08-23T05:45:00Z,MONITORING_ALERT,checkout-service,Telemetry signal: Monitoring Alert recorded on checkout-service,CRITICAL
EVT-INC-8122-3,INC-8122,2026-08-23T05:41:00Z,ERROR_SPIKE,checkout-service,Telemetry signal: Error Spike recorded on checkout-service,CRITICAL
EVT-INC-8122-4,INC-8122,2026-08-23T05:35:00Z,LATENCY_INCREASE,checkout-service,Telemetry signal: Latency Increase recorded on checkout-service,CRITICAL
EVT-INC-8122-5,INC-8122,2026-08-23T05:43:00Z,TRAFFIC_SURGE,checkout-service,Telemetry signal: Traffic Surge recorded on checkout-service,CRITICAL
EVT-INC-8123-1,INC-8123,2026-08-27T12:15:00Z,MONITORING_ALERT,inventory-api,Telemetry signal: Monitoring Alert recorded on inventory-api,WARN
EVT-INC-8123-2,INC-8123,2026-08-27T12:32:00Z,ERROR_SPIKE,inventory-api,Telemetry signal: Error Spike recorded on inventory-api,WARN
EVT-INC-8123-3,INC-8123,2026-08-27T12:32:00Z,LATENCY_INCREASE,inventory-api,Telemetry signal: Latency Increase recorded on inventory-api,WARN
EVT-INC-8124-1,INC-8124,2026-08-14T23:35:00Z,DEPLOYMENT,notification-worker,Telemetry signal: Deployment recorded on notification-worker,WARN
EVT-INC-8124-2,INC-8124,2026-08-14T23:00:00Z,MONITORING_ALERT,notification-worker,Telemetry signal: Monitoring Alert recorded on notification-worker,WARN
EVT-INC-8124-3,INC-8124,2026-08-14T23:34:00Z,ERROR_SPIKE,notification-worker,Telemetry signal: Error Spike recorded on notification-worker,WARN
EVT-INC-8124-4,INC-8124,2026-08-14T23:38:00Z,LATENCY_INCREASE,notification-worker,Telemetry signal: Latency Increase recorded on notification-worker,WARN
EVT-INC-8124-5,INC-8124,2026-08-14T23:35:00Z,TRAFFIC_SURGE,notification-worker,Telemetry signal: Traffic Surge recorded on notification-worker,WARN
EVT-INC-8125-1,INC-8125,2026-08-22T13:16:00Z,DEPLOYMENT,order-processing,Telemetry signal: Deployment recorded on order-processing,WARN
EVT-INC-8125-2,INC-8125,2026-08-22T13:07:00Z,MONITORING_ALERT,order-processing,Telemetry signal: Monitoring Alert recorded on order-processing,WARN
EVT-INC-8125-3,INC-8125,2026-08-22T13:44:00Z,ERROR_SPIKE,order-processing,Telemetry signal: Error Spike recorded on order-processing,WARN
EVT-INC-8125-4,INC-8125,2026-08-22T13:39:00Z,LATENCY_INCREASE,order-processing,Telemetry signal: Latency Increase recorded on order-processing,WARN
EVT-INC-8126-1,INC-8126,2026-08-19T11:50:00Z,MONITORING_ALERT,checkout-service,Telemetry signal: Monitoring Alert recorded on checkout-service,WARN
EVT-INC-8126-2,INC-8126,2026-08-19T11:54:00Z,ERROR_SPIKE,checkout-service,Telemetry signal: Error Spike recorded on checkout-service,WARN
EVT-INC-8126-3,INC-8126,2026-08-19T12:04:00Z,LATENCY_INCREASE,checkout-service,Telemetry signal: Latency Increase recorded on checkout-service,WARN
EVT-INC-8127-1,INC-8127,2026-08-25T05:54:00Z,MONITORING_ALERT,payment-gateway,Telemetry signal: Monitoring Alert recorded on payment-gateway,WARN
EVT-INC-8127-2,INC-8127,2026-08-25T06:05:00Z,ERROR_SPIKE,payment-gateway,Telemetry signal: Error Spike recorded on payment-gateway,WARN
EVT-INC-8127-3,INC-8127,2026-08-25T06:28:00Z,LATENCY_INCREASE,payment-gateway,Telemetry signal: Latency Increase recorded on payment-gateway,WARN
EVT-INC-8128-1,INC-8128,2026-09-14T11:49:00Z,DEPLOYMENT,auth-service,Telemetry signal: Deployment recorded on auth-service,WARN
EVT-INC-8128-2,INC-8128,2026-09-14T11:57:00Z,MONITORING_ALERT,auth-service,Telemetry signal: Monitoring Alert recorded on auth-service,WARN
EVT-INC-8128-3,INC-8128,2026-09-14T12:29:00Z,ERROR_SPIKE,auth-service,Telemetry signal: Error Spike recorded on auth-service,WARN
EVT-INC-8128-4,INC-8128,2026-09-14T12:29:00Z,LATENCY_INCREASE,auth-service,Telemetry signal: Latency Increase recorded on auth-service,WARN
EVT-INC-8129-1,INC-8129,2026-09-18T07:49:00Z,DEPLOYMENT,payment-gateway,Telemetry signal: Deployment recorded on payment-gateway,WARN
EVT-INC-8129-2,INC-8129,2026-09-18T08:05:00Z,MONITORING_ALERT,payment-gateway,Telemetry signal: Monitoring Alert recorded on payment-gateway,WARN
EVT-INC-8129-3,INC-8129,2026-09-18T08:05:00Z,ERROR_SPIKE,payment-gateway,Telemetry signal: Error Spike recorded on payment-gateway,WARN
EVT-INC-8129-4,INC-8129,2026-09-18T08:13:00Z,LATENCY_INCREASE,payment-gateway,Telemetry signal: Latency Increase recorded on payment-gateway,WARN
EVT-INC-8130-1,INC-8130,2026-08-26T19:54:00Z,DEPLOYMENT,search-indexer,Telemetry signal: Deployment recorded on search-indexer,CRITICAL
EVT-INC-8130-2,INC-8130,2026-08-26T20:12:00Z,MONITORING_ALERT,search-indexer,Telemetry signal: Monitoring Alert recorded on search-indexer,CRITICAL
EVT-INC-8130-3,INC-8130,2026-08-26T20:00:00Z,ERROR_SPIKE,search-indexer,Telemetry signal: Error Spike recorded on search-indexer,CRITICAL
EVT-INC-8130-4,INC-8130,2026-08-26T20:10:00Z,LATENCY_INCREASE,search-indexer,Telemetry signal: Latency Increase recorded on search-indexer,CRITICAL
EVT-INC-8131-1,INC-8131,2026-09-15T10:15:00Z,MONITORING_ALERT,payment-gateway,Telemetry signal: Monitoring Alert recorded on payment-gateway,WARN
EVT-INC-8131-2,INC-8131,2026-09-15T10:20:00Z,ERROR_SPIKE,payment-gateway,Telemetry signal: Error Spike recorded on payment-gateway,WARN
EVT-INC-8131-3,INC-8131,2026-09-15T10:36:00Z,LATENCY_INCREASE,payment-gateway,Telemetry signal: Latency Increase recorded on payment-gateway,WARN
EVT-INC-8132-1,INC-8132,2026-09-21T17:53:00Z,MONITORING_ALERT,payment-gateway,Telemetry signal: Monitoring Alert recorded on payment-gateway,CRITICAL
EVT-INC-8132-2,INC-8132,2026-09-21T18:07:00Z,ERROR_SPIKE,payment-gateway,Telemetry signal: Error Spike recorded on payment-gateway,CRITICAL
EVT-INC-8132-3,INC-8132,2026-09-21T18:11:00Z,LATENCY_INCREASE,payment-gateway,Telemetry signal: Latency Increase recorded on payment-gateway,CRITICAL
EVT-INC-8132-4,INC-8132,2026-09-21T17:58:00Z,TRAFFIC_SURGE,payment-gateway,Telemetry signal: Traffic Surge recorded on payment-gateway,CRITICAL
EVT-INC-8133-1,INC-8133,2026-09-22T14:41:00Z,MONITORING_ALERT,order-processing,Telemetry signal: Monitoring Alert recorded on order-processing,WARN
EVT-INC-8133-2,INC-8133,2026-09-22T14:19:00Z,ERROR_SPIKE,order-processing,Telemetry signal: Error Spike recorded on order-processing,WARN
EVT-INC-8133-3,INC-8133,2026-09-22T14:49:00Z,LATENCY_INCREASE,order-processing,Telemetry signal: Latency Increase recorded on order-processing,WARN
EVT-INC-8133-4,INC-8133,2026-09-22T14:46:00Z,TRAFFIC_SURGE,order-processing,Telemetry signal: Traffic Surge recorded on order-processing,WARN
EVT-INC-8134-1,INC-8134,2026-09-14T02:03:00Z,DEPLOYMENT,search-indexer,Telemetry signal: Deployment recorded on search-indexer,WARN
EVT-INC-8134-2,INC-8134,2026-09-14T02:19:00Z,MONITORING_ALERT,search-indexer,Telemetry signal: Monitoring Alert recorded on search-indexer,WARN
EVT-INC-8134-3,INC-8134,2026-09-14T02:22:00Z,ERROR_SPIKE,search-indexer,Telemetry signal: Error Spike recorded on search-indexer,WARN
EVT-INC-8134-4,INC-8134,2026-09-14T02:39:00Z,LATENCY_INCREASE,search-indexer,Telemetry signal: Latency Increase recorded on search-indexer,WARN
EVT-INC-8134-5,INC-8134,2026-09-14T02:34:00Z,TRAFFIC_SURGE,search-indexer,Telemetry signal: Traffic Surge recorded on search-indexer,WARN
EVT-INC-8135-1,INC-8135,2026-09-19T07:16:00Z,DEPLOYMENT,user-profile,Telemetry signal: Deployment recorded on user-profile,CRITICAL
EVT-INC-8135-2,INC-8135,2026-09-19T07:12:00Z,MONITORING_ALERT,user-profile,Telemetry signal: Monitoring Alert recorded on user-profile,CRITICAL
EVT-INC-8135-3,INC-8135,2026-09-19T07:15:00Z,ERROR_SPIKE,user-profile,Telemetry signal: Error Spike recorded on user-profile,CRITICAL
EVT-INC-8135-4,INC-8135,2026-09-19T07:18:00Z,LATENCY_INCREASE,user-profile,Telemetry signal: Latency Increase recorded on user-profile,CRITICAL
EVT-INC-8135-5,INC-8135,2026-09-19T07:35:00Z,TRAFFIC_SURGE,user-profile,Telemetry signal: Traffic Surge recorded on user-profile,CRITICAL
EVT-INC-8136-1,INC-8136,2026-09-01T03:49:00Z,MONITORING_ALERT,inventory-api,Telemetry signal: Monitoring Alert recorded on inventory-api,WARN
EVT-INC-8136-2,INC-8136,2026-09-01T04:05:00Z,ERROR_SPIKE,inventory-api,Telemetry signal: Error Spike recorded on inventory-api,WARN
EVT-INC-8136-3,INC-8136,2026-09-01T04:27:00Z,LATENCY_INCREASE,inventory-api,Telemetry signal: Latency Increase recorded on inventory-api,WARN
EVT-INC-8137-1,INC-8137,2026-08-14T19:38:00Z,MONITORING_ALERT,checkout-service,Telemetry signal: Monitoring Alert recorded on checkout-service,WARN
EVT-INC-8137-2,INC-8137,2026-08-14T19:25:00Z,ERROR_SPIKE,checkout-service,Telemetry signal: Error Spike recorded on checkout-service,WARN
EVT-INC-8137-3,INC-8137,2026-08-14T19:40:00Z,LATENCY_INCREASE,checkout-service,Telemetry signal: Latency Increase recorded on checkout-service,WARN
EVT-INC-8138-1,INC-8138,2026-09-09T01:03:00Z,DEPLOYMENT,checkout-service,Telemetry signal: Deployment recorded on checkout-service,CRITICAL
EVT-INC-8138-2,INC-8138,2026-09-09T00:43:00Z,MONITORING_ALERT,checkout-service,Telemetry signal: Monitoring Alert recorded on checkout-service,CRITICAL
EVT-INC-8138-3,INC-8138,2026-09-09T01:34:00Z,ERROR_SPIKE,checkout-service,Telemetry signal: Error Spike recorded on checkout-service,CRITICAL
EVT-INC-8138-4,INC-8138,2026-09-09T01:41:00Z,LATENCY_INCREASE,checkout-service,Telemetry signal: Latency Increase recorded on checkout-service,CRITICAL
EVT-INC-8138-5,INC-8138,2026-09-09T01:33:00Z,TRAFFIC_SURGE,checkout-service,Telemetry signal: Traffic Surge recorded on checkout-service,CRITICAL
EVT-INC-8139-1,INC-8139,2026-09-04T15:53:00Z,MONITORING_ALERT,order-processing,Telemetry signal: Monitoring Alert recorded on order-processing,WARN
EVT-INC-8139-2,INC-8139,2026-09-04T16:30:00Z,ERROR_SPIKE,order-processing,Telemetry signal: Error Spike recorded on order-processing,WARN
EVT-INC-8139-3,INC-8139,2026-09-04T16:25:00Z,LATENCY_INCREASE,order-processing,Telemetry signal: Latency Increase recorded on order-processing,WARN
EVT-INC-8140-1,INC-8140,2026-09-03T14:22:00Z,MONITORING_ALERT,user-profile,Telemetry signal: Monitoring Alert recorded on user-profile,WARN
EVT-INC-8140-2,INC-8140,2026-09-03T14:41:00Z,ERROR_SPIKE,user-profile,Telemetry signal: Error Spike recorded on user-profile,WARN
EVT-INC-8140-3,INC-8140,2026-09-03T14:57:00Z,LATENCY_INCREASE,user-profile,Telemetry signal: Latency Increase recorded on user-profile,WARN
EVT-INC-8141-1,INC-8141,2026-08-20T07:29:00Z,DEPLOYMENT,checkout-service,Telemetry signal: Deployment recorded on checkout-service,WARN
EVT-INC-8141-2,INC-8141,2026-08-20T07:51:00Z,MONITORING_ALERT,checkout-service,Telemetry signal: Monitoring Alert recorded on checkout-service,WARN
EVT-INC-8141-3,INC-8141,2026-08-20T07:43:00Z,ERROR_SPIKE,checkout-service,Telemetry signal: Error Spike recorded on checkout-service,WARN
EVT-INC-8141-4,INC-8141,2026-08-20T07:57:00Z,LATENCY_INCREASE,checkout-service,Telemetry signal: Latency Increase recorded on checkout-service,WARN
EVT-INC-8142-1,INC-8142,2026-08-14T07:13:00Z,DEPLOYMENT,user-profile,Telemetry signal: Deployment recorded on user-profile,CRITICAL
EVT-INC-8142-2,INC-8142,2026-08-14T07:41:00Z,MONITORING_ALERT,user-profile,Telemetry signal: Monitoring Alert recorded on user-profile,CRITICAL
EVT-INC-8142-3,INC-8142,2026-08-14T07:51:00Z,ERROR_SPIKE,user-profile,Telemetry signal: Error Spike recorded on user-profile,CRITICAL
EVT-INC-8142-4,INC-8142,2026-08-14T07:44:00Z,LATENCY_INCREASE,user-profile,Telemetry signal: Latency Increase recorded on user-profile,CRITICAL
EVT-INC-8143-1,INC-8143,2026-08-20T23:10:00Z,MONITORING_ALERT,notification-worker,Telemetry signal: Monitoring Alert recorded on notification-worker,WARN
EVT-INC-8143-2,INC-8143,2026-08-20T23:00:00Z,ERROR_SPIKE,notification-worker,Telemetry signal: Error Spike recorded on notification-worker,WARN
EVT-INC-8143-3,INC-8143,2026-08-20T22:54:00Z,LATENCY_INCREASE,notification-worker,Telemetry signal: Latency Increase recorded on notification-worker,WARN
EVT-INC-8143-4,INC-8143,2026-08-20T23:07:00Z,TRAFFIC_SURGE,notification-worker,Telemetry signal: Traffic Surge recorded on notification-worker,WARN
EVT-INC-8144-1,INC-8144,2026-08-24T02:58:00Z,MONITORING_ALERT,search-indexer,Telemetry signal: Monitoring Alert recorded on search-indexer,WARN
EVT-INC-8144-2,INC-8144,2026-08-24T03:32:00Z,ERROR_SPIKE,search-indexer,Telemetry signal: Error Spike recorded on search-indexer,WARN
EVT-INC-8144-3,INC-8144,2026-08-24T03:42:00Z,LATENCY_INCREASE,search-indexer,Telemetry signal: Latency Increase recorded on search-indexer,WARN
EVT-INC-8144-4,INC-8144,2026-08-24T03:39:00Z,TRAFFIC_SURGE,search-indexer,Telemetry signal: Traffic Surge recorded on search-indexer,WARN
EVT-INC-8145-1,INC-8145,2026-08-24T07:23:00Z,MONITORING_ALERT,checkout-service,Telemetry signal: Monitoring Alert recorded on checkout-service,WARN
EVT-INC-8145-2,INC-8145,2026-08-24T07:17:00Z,ERROR_SPIKE,checkout-service,Telemetry signal: Error Spike recorded on checkout-service,WARN
EVT-INC-8145-3,INC-8145,2026-08-24T07:39:00Z,LATENCY_INCREASE,checkout-service,Telemetry signal: Latency Increase recorded on checkout-service,WARN
EVT-INC-8146-1,INC-8146,2026-08-20T02:07:00Z,DEPLOYMENT,order-processing,Telemetry signal: Deployment recorded on order-processing,WARN
EVT-INC-8146-2,INC-8146,2026-08-20T01:53:00Z,MONITORING_ALERT,order-processing,Telemetry signal: Monitoring Alert recorded on order-processing,WARN
EVT-INC-8146-3,INC-8146,2026-08-20T02:02:00Z,ERROR_SPIKE,order-processing,Telemetry signal: Error Spike recorded on order-processing,WARN
EVT-INC-8146-4,INC-8146,2026-08-20T01:51:00Z,LATENCY_INCREASE,order-processing,Telemetry signal: Latency Increase recorded on order-processing,WARN
EVT-INC-8146-5,INC-8146,2026-08-20T02:15:00Z,TRAFFIC_SURGE,order-processing,Telemetry signal: Traffic Surge recorded on order-processing,WARN
EVT-INC-8147-1,INC-8147,2026-08-17T04:57:00Z,MONITORING_ALERT,payment-gateway,Telemetry signal: Monitoring Alert recorded on payment-gateway,WARN
EVT-INC-8147-2,INC-8147,2026-08-17T05:08:00Z,ERROR_SPIKE,payment-gateway,Telemetry signal: Error Spike recorded on payment-gateway,WARN
EVT-INC-8147-3,INC-8147,2026-08-17T05:35:00Z,LATENCY_INCREASE,payment-gateway,Telemetry signal: Latency Increase recorded on payment-gateway,WARN
EVT-INC-8148-1,INC-8148,2026-08-24T04:02:00Z,DEPLOYMENT,inventory-api,Telemetry signal: Deployment recorded on inventory-api,WARN
EVT-INC-8148-2,INC-8148,2026-08-24T04:11:00Z,MONITORING_ALERT,inventory-api,Telemetry signal: Monitoring Alert recorded on inventory-api,WARN
EVT-INC-8148-3,INC-8148,2026-08-24T04:10:00Z,ERROR_SPIKE,inventory-api,Telemetry signal: Error Spike recorded on inventory-api,WARN
EVT-INC-8148-4,INC-8148,2026-08-24T04:08:00Z,LATENCY_INCREASE,inventory-api,Telemetry signal: Latency Increase recorded on inventory-api,WARN
EVT-INC-8149-1,INC-8149,2026-08-24T05:41:00Z,DEPLOYMENT,order-processing,Telemetry signal: Deployment recorded on order-processing,CRITICAL
EVT-INC-8149-2,INC-8149,2026-08-24T05:30:00Z,MONITORING_ALERT,order-processing,Telemetry signal: Monitoring Alert recorded on order-processing,CRITICAL
EVT-INC-8149-3,INC-8149,2026-08-24T06:02:00Z,ERROR_SPIKE,order-processing,Telemetry signal: Error Spike recorded on order-processing,CRITICAL
EVT-INC-8149-4,INC-8149,2026-08-24T06:20:00Z,LATENCY_INCREASE,order-processing,Telemetry signal: Latency Increase recorded on order-processing,CRITICAL
EVT-INC-8149-5,INC-8149,2026-08-24T06:25:00Z,TRAFFIC_SURGE,order-processing,Telemetry signal: Traffic Surge recorded on order-processing,CRITICAL
EVT-INC-8150-1,INC-8150,2026-09-17T09:08:00Z,DEPLOYMENT,user-profile,Telemetry signal: Deployment recorded on user-profile,WARN
EVT-INC-8150-2,INC-8150,2026-09-17T08:55:00Z,MONITORING_ALERT,user-profile,Telemetry signal: Monitoring Alert recorded on user-profile,WARN
EVT-INC-8150-3,INC-8150,2026-09-17T09:18:00Z,ERROR_SPIKE,user-profile,Telemetry signal: Error Spike recorded on user-profile,WARN
EVT-INC-8150-4,INC-8150,2026-09-17T09:35:00Z,LATENCY_INCREASE,user-profile,Telemetry signal: Latency Increase recorded on user-profile,WARN
EVT-INC-8151-1,INC-8151,2026-09-09T02:34:00Z,MONITORING_ALERT,auth-service,Telemetry signal: Monitoring Alert recorded on auth-service,WARN
EVT-INC-8151-2,INC-8151,2026-09-09T03:03:00Z,ERROR_SPIKE,auth-service,Telemetry signal: Error Spike recorded on auth-service,WARN
EVT-INC-8151-3,INC-8151,2026-09-09T03:05:00Z,LATENCY_INCREASE,auth-service,Telemetry signal: Latency Increase recorded on auth-service,WARN
EVT-INC-8152-1,INC-8152,2026-09-23T17:05:00Z,MONITORING_ALERT,user-profile,Telemetry signal: Monitoring Alert recorded on user-profile,WARN
EVT-INC-8152-2,INC-8152,2026-09-23T16:42:00Z,ERROR_SPIKE,user-profile,Telemetry signal: Error Spike recorded on user-profile,WARN
EVT-INC-8152-3,INC-8152,2026-09-23T16:49:00Z,LATENCY_INCREASE,user-profile,Telemetry signal: Latency Increase recorded on user-profile,WARN
EVT-INC-8152-4,INC-8152,2026-09-23T16:54:00Z,TRAFFIC_SURGE,user-profile,Telemetry signal: Traffic Surge recorded on user-profile,WARN
EVT-INC-8153-1,INC-8153,2026-09-18T20:52:00Z,MONITORING_ALERT,checkout-service,Telemetry signal: Monitoring Alert recorded on checkout-service,WARN
EVT-INC-8153-2,INC-8153,2026-09-18T20:40:00Z,ERROR_SPIKE,checkout-service,Telemetry signal: Error Spike recorded on checkout-service,WARN
EVT-INC-8153-3,INC-8153,2026-09-18T20:58:00Z,LATENCY_INCREASE,checkout-service,Telemetry signal: Latency Increase recorded on checkout-service,WARN
EVT-INC-8154-1,INC-8154,2026-09-02T19:40:00Z,MONITORING_ALERT,auth-service,Telemetry signal: Monitoring Alert recorded on auth-service,WARN
EVT-INC-8154-2,INC-8154,2026-09-02T19:41:00Z,ERROR_SPIKE,auth-service,Telemetry signal: Error Spike recorded on auth-service,WARN
EVT-INC-8154-3,INC-8154,2026-09-02T20:00:00Z,LATENCY_INCREASE,auth-service,Telemetry signal: Latency Increase recorded on auth-service,WARN
EVT-INC-8155-1,INC-8155,2026-08-14T16:45:00Z,MONITORING_ALERT,auth-service,Telemetry signal: Monitoring Alert recorded on auth-service,WARN
EVT-INC-8155-2,INC-8155,2026-08-14T16:55:00Z,ERROR_SPIKE,auth-service,Telemetry signal: Error Spike recorded on auth-service,WARN
EVT-INC-8155-3,INC-8155,2026-08-14T17:09:00Z,LATENCY_INCREASE,auth-service,Telemetry signal: Latency Increase recorded on auth-service,WARN
EVT-INC-8155-4,INC-8155,2026-08-14T17:24:00Z,TRAFFIC_SURGE,auth-service,Telemetry signal: Traffic Surge recorded on auth-service,WARN
EVT-INC-8156-1,INC-8156,2026-08-16T23:33:00Z,MONITORING_ALERT,checkout-service,Telemetry signal: Monitoring Alert recorded on checkout-service,WARN
EVT-INC-8156-2,INC-8156,2026-08-17T00:02:00Z,ERROR_SPIKE,checkout-service,Telemetry signal: Error Spike recorded on checkout-service,WARN
EVT-INC-8156-3,INC-8156,2026-08-16T23:52:00Z,LATENCY_INCREASE,checkout-service,Telemetry signal: Latency Increase recorded on checkout-service,WARN
EVT-INC-8157-1,INC-8157,2026-09-11T20:35:00Z,MONITORING_ALERT,order-processing,Telemetry signal: Monitoring Alert recorded on order-processing,WARN
EVT-INC-8157-2,INC-8157,2026-09-11T21:15:00Z,ERROR_SPIKE,order-processing,Telemetry signal: Error Spike recorded on order-processing,WARN
EVT-INC-8157-3,INC-8157,2026-09-11T21:08:00Z,LATENCY_INCREASE,order-processing,Telemetry signal: Latency Increase recorded on order-processing,WARN
EVT-INC-8158-1,INC-8158,2026-08-21T22:50:00Z,MONITORING_ALERT,checkout-service,Telemetry signal: Monitoring Alert recorded on checkout-service,WARN
EVT-INC-8158-2,INC-8158,2026-08-21T23:12:00Z,ERROR_SPIKE,checkout-service,Telemetry signal: Error Spike recorded on checkout-service,WARN
EVT-INC-8158-3,INC-8158,2026-08-21T22:59:00Z,LATENCY_INCREASE,checkout-service,Telemetry signal: Latency Increase recorded on checkout-service,WARN
EVT-INC-8159-1,INC-8159,2026-09-20T20:00:00Z,MONITORING_ALERT,user-profile,Telemetry signal: Monitoring Alert recorded on user-profile,WARN
EVT-INC-8159-2,INC-8159,2026-09-20T20:15:00Z,ERROR_SPIKE,user-profile,Telemetry signal: Error Spike recorded on user-profile,WARN
EVT-INC-8159-3,INC-8159,2026-09-20T20:21:00Z,LATENCY_INCREASE,user-profile,Telemetry signal: Latency Increase recorded on user-profile,WARN
EVT-INC-8160-1,INC-8160,2026-08-31T09:46:00Z,DEPLOYMENT,checkout-service,Telemetry signal: Deployment recorded on checkout-service,WARN
EVT-INC-8160-2,INC-8160,2026-08-31T10:03:00Z,MONITORING_ALERT,checkout-service,Telemetry signal: Monitoring Alert recorded on checkout-service,WARN
EVT-INC-8160-3,INC-8160,2026-08-31T10:16:00Z,ERROR_SPIKE,checkout-service,Telemetry signal: Error Spike recorded on checkout-service,WARN
EVT-INC-8160-4,INC-8160,2026-08-31T10:31:00Z,LATENCY_INCREASE,checkout-service,Telemetry signal: Latency Increase recorded on checkout-service,WARN
EVT-INC-8161-1,INC-8161,2026-08-20T19:39:00Z,DEPLOYMENT,payment-gateway,Telemetry signal: Deployment recorded on payment-gateway,WARN
EVT-INC-8161-2,INC-8161,2026-08-20T19:56:00Z,MONITORING_ALERT,payment-gateway,Telemetry signal: Monitoring Alert recorded on payment-gateway,WARN
EVT-INC-8161-3,INC-8161,2026-08-20T19:55:00Z,ERROR_SPIKE,payment-gateway,Telemetry signal: Error Spike recorded on payment-gateway,WARN
EVT-INC-8161-4,INC-8161,2026-08-20T20:13:00Z,LATENCY_INCREASE,payment-gateway,Telemetry signal: Latency Increase recorded on payment-gateway,WARN
EVT-INC-8162-1,INC-8162,2026-08-19T06:36:00Z,MONITORING_ALERT,search-indexer,Telemetry signal: Monitoring Alert recorded on search-indexer,WARN
EVT-INC-8162-2,INC-8162,2026-08-19T06:23:00Z,ERROR_SPIKE,search-indexer,Telemetry signal: Error Spike recorded on search-indexer,WARN
EVT-INC-8162-3,INC-8162,2026-08-19T06:32:00Z,LATENCY_INCREASE,search-indexer,Telemetry signal: Latency Increase recorded on search-indexer,WARN
EVT-INC-8162-4,INC-8162,2026-08-19T06:41:00Z,TRAFFIC_SURGE,search-indexer,Telemetry signal: Traffic Surge recorded on search-indexer,WARN
EVT-INC-8163-1,INC-8163,2026-08-20T22:49:00Z,MONITORING_ALERT,inventory-api,Telemetry signal: Monitoring Alert recorded on inventory-api,WARN
EVT-INC-8163-2,INC-8163,2026-08-20T23:06:00Z,ERROR_SPIKE,inventory-api,Telemetry signal: Error Spike recorded on inventory-api,WARN
EVT-INC-8163-3,INC-8163,2026-08-20T23:17:00Z,LATENCY_INCREASE,inventory-api,Telemetry signal: Latency Increase recorded on inventory-api,WARN
EVT-INC-8164-1,INC-8164,2026-08-30T22:26:00Z,DEPLOYMENT,inventory-api,Telemetry signal: Deployment recorded on inventory-api,CRITICAL
EVT-INC-8164-2,INC-8164,2026-08-30T22:20:00Z,MONITORING_ALERT,inventory-api,Telemetry signal: Monitoring Alert recorded on inventory-api,CRITICAL
EVT-INC-8164-3,INC-8164,2026-08-30T22:41:00Z,ERROR_SPIKE,inventory-api,Telemetry signal: Error Spike recorded on inventory-api,CRITICAL
EVT-INC-8164-4,INC-8164,2026-08-30T22:28:00Z,LATENCY_INCREASE,inventory-api,Telemetry signal: Latency Increase recorded on inventory-api,CRITICAL
EVT-INC-8164-5,INC-8164,2026-08-30T22:53:00Z,TRAFFIC_SURGE,inventory-api,Telemetry signal: Traffic Surge recorded on inventory-api,CRITICAL
EVT-INC-8165-1,INC-8165,2026-08-24T11:28:00Z,MONITORING_ALERT,checkout-service,Telemetry signal: Monitoring Alert recorded on checkout-service,WARN
EVT-INC-8165-2,INC-8165,2026-08-24T11:28:00Z,ERROR_SPIKE,checkout-service,Telemetry signal: Error Spike recorded on checkout-service,WARN
EVT-INC-8165-3,INC-8165,2026-08-24T11:36:00Z,LATENCY_INCREASE,checkout-service,Telemetry signal: Latency Increase recorded on checkout-service,WARN
EVT-INC-8166-1,INC-8166,2026-09-05T01:36:00Z,DEPLOYMENT,inventory-api,Telemetry signal: Deployment recorded on inventory-api,WARN
EVT-INC-8166-2,INC-8166,2026-09-05T01:36:00Z,MONITORING_ALERT,inventory-api,Telemetry signal: Monitoring Alert recorded on inventory-api,WARN
EVT-INC-8166-3,INC-8166,2026-09-05T01:36:00Z,ERROR_SPIKE,inventory-api,Telemetry signal: Error Spike recorded on inventory-api,WARN
EVT-INC-8166-4,INC-8166,2026-09-05T01:41:00Z,LATENCY_INCREASE,inventory-api,Telemetry signal: Latency Increase recorded on inventory-api,WARN
EVT-INC-8167-1,INC-8167,2026-09-04T06:47:00Z,MONITORING_ALERT,notification-worker,Telemetry signal: Monitoring Alert recorded on notification-worker,WARN
EVT-INC-8167-2,INC-8167,2026-09-04T07:01:00Z,ERROR_SPIKE,notification-worker,Telemetry signal: Error Spike recorded on notification-worker,WARN
EVT-INC-8167-3,INC-8167,2026-09-04T07:07:00Z,LATENCY_INCREASE,notification-worker,Telemetry signal: Latency Increase recorded on notification-worker,WARN
EVT-INC-8168-1,INC-8168,2026-09-20T14:22:00Z,MONITORING_ALERT,checkout-service,Telemetry signal: Monitoring Alert recorded on checkout-service,WARN
EVT-INC-8168-2,INC-8168,2026-09-20T13:55:00Z,ERROR_SPIKE,checkout-service,Telemetry signal: Error Spike recorded on checkout-service,WARN
EVT-INC-8168-3,INC-8168,2026-09-20T14:19:00Z,LATENCY_INCREASE,checkout-service,Telemetry signal: Latency Increase recorded on checkout-service,WARN
EVT-INC-8169-1,INC-8169,2026-09-12T06:22:00Z,MONITORING_ALERT,order-processing,Telemetry signal: Monitoring Alert recorded on order-processing,WARN
EVT-INC-8169-2,INC-8169,2026-09-12T06:34:00Z,ERROR_SPIKE,order-processing,Telemetry signal: Error Spike recorded on order-processing,WARN
EVT-INC-8169-3,INC-8169,2026-09-12T06:46:00Z,LATENCY_INCREASE,order-processing,Telemetry signal: Latency Increase recorded on order-processing,WARN
EVT-INC-8170-1,INC-8170,2026-09-18T22:40:00Z,DEPLOYMENT,search-indexer,Telemetry signal: Deployment recorded on search-indexer,WARN
EVT-INC-8170-2,INC-8170,2026-09-18T22:56:00Z,MONITORING_ALERT,search-indexer,Telemetry signal: Monitoring Alert recorded on search-indexer,WARN
EVT-INC-8170-3,INC-8170,2026-09-18T23:01:00Z,ERROR_SPIKE,search-indexer,Telemetry signal: Error Spike recorded on search-indexer,WARN
EVT-INC-8170-4,INC-8170,2026-09-18T23:38:00Z,LATENCY_INCREASE,search-indexer,Telemetry signal: Latency Increase recorded on search-indexer,WARN
EVT-INC-8170-5,INC-8170,2026-09-18T23:33:00Z,TRAFFIC_SURGE,search-indexer,Telemetry signal: Traffic Surge recorded on search-indexer,WARN
EVT-INC-8171-1,INC-8171,2026-08-19T10:10:00Z,MONITORING_ALERT,inventory-api,Telemetry signal: Monitoring Alert recorded on inventory-api,WARN
EVT-INC-8171-2,INC-8171,2026-08-19T10:09:00Z,ERROR_SPIKE,inventory-api,Telemetry signal: Error Spike recorded on inventory-api,WARN
EVT-INC-8171-3,INC-8171,2026-08-19T10:08:00Z,LATENCY_INCREASE,inventory-api,Telemetry signal: Latency Increase recorded on inventory-api,WARN
EVT-INC-8171-4,INC-8171,2026-08-19T10:28:00Z,TRAFFIC_SURGE,inventory-api,Telemetry signal: Traffic Surge recorded on inventory-api,WARN
EVT-INC-8172-1,INC-8172,2026-08-16T13:45:00Z,DEPLOYMENT,inventory-api,Telemetry signal: Deployment recorded on inventory-api,WARN
EVT-INC-8172-2,INC-8172,2026-08-16T13:58:00Z,MONITORING_ALERT,inventory-api,Telemetry signal: Monitoring Alert recorded on inventory-api,WARN
EVT-INC-8172-3,INC-8172,2026-08-16T14:07:00Z,ERROR_SPIKE,inventory-api,Telemetry signal: Error Spike recorded on inventory-api,WARN
EVT-INC-8172-4,INC-8172,2026-08-16T14:12:00Z,LATENCY_INCREASE,inventory-api,Telemetry signal: Latency Increase recorded on inventory-api,WARN
EVT-INC-8173-1,INC-8173,2026-09-26T07:58:00Z,DEPLOYMENT,notification-worker,Telemetry signal: Deployment recorded on notification-worker,CRITICAL
EVT-INC-8173-2,INC-8173,2026-09-26T08:10:00Z,MONITORING_ALERT,notification-worker,Telemetry signal: Monitoring Alert recorded on notification-worker,CRITICAL
EVT-INC-8173-3,INC-8173,2026-09-26T08:42:00Z,ERROR_SPIKE,notification-worker,Telemetry signal: Error Spike recorded on notification-worker,CRITICAL
EVT-INC-8173-4,INC-8173,2026-09-26T08:31:00Z,LATENCY_INCREASE,notification-worker,Telemetry signal: Latency Increase recorded on notification-worker,CRITICAL
EVT-INC-8174-1,INC-8174,2026-09-24T04:55:00Z,DEPLOYMENT,inventory-api,Telemetry signal: Deployment recorded on inventory-api,WARN
EVT-INC-8174-2,INC-8174,2026-09-24T04:57:00Z,MONITORING_ALERT,inventory-api,Telemetry signal: Monitoring Alert recorded on inventory-api,WARN
EVT-INC-8174-3,INC-8174,2026-09-24T04:35:00Z,ERROR_SPIKE,inventory-api,Telemetry signal: Error Spike recorded on inventory-api,WARN
EVT-INC-8174-4,INC-8174,2026-09-24T04:50:00Z,LATENCY_INCREASE,inventory-api,Telemetry signal: Latency Increase recorded on inventory-api,WARN
EVT-INC-8175-1,INC-8175,2026-08-14T00:09:00Z,MONITORING_ALERT,payment-gateway,Telemetry signal: Monitoring Alert recorded on payment-gateway,WARN
EVT-INC-8175-2,INC-8175,2026-08-14T00:23:00Z,ERROR_SPIKE,payment-gateway,Telemetry signal: Error Spike recorded on payment-gateway,WARN
EVT-INC-8175-3,INC-8175,2026-08-14T00:19:00Z,LATENCY_INCREASE,payment-gateway,Telemetry signal: Latency Increase recorded on payment-gateway,WARN
EVT-INC-8176-1,INC-8176,2026-08-21T04:47:00Z,MONITORING_ALERT,search-indexer,Telemetry signal: Monitoring Alert recorded on search-indexer,WARN
EVT-INC-8176-2,INC-8176,2026-08-21T04:40:00Z,ERROR_SPIKE,search-indexer,Telemetry signal: Error Spike recorded on search-indexer,WARN
EVT-INC-8176-3,INC-8176,2026-08-21T04:59:00Z,LATENCY_INCREASE,search-indexer,Telemetry signal: Latency Increase recorded on search-indexer,WARN
EVT-INC-8176-4,INC-8176,2026-08-21T05:08:00Z,TRAFFIC_SURGE,search-indexer,Telemetry signal: Traffic Surge recorded on search-indexer,WARN
EVT-INC-8177-1,INC-8177,2026-08-18T05:30:00Z,MONITORING_ALERT,notification-worker,Telemetry signal: Monitoring Alert recorded on notification-worker,WARN
EVT-INC-8177-2,INC-8177,2026-08-18T05:26:00Z,ERROR_SPIKE,notification-worker,Telemetry signal: Error Spike recorded on notification-worker,WARN
EVT-INC-8177-3,INC-8177,2026-08-18T05:25:00Z,LATENCY_INCREASE,notification-worker,Telemetry signal: Latency Increase recorded on notification-worker,WARN
EVT-INC-8178-1,INC-8178,2026-08-31T05:42:00Z,MONITORING_ALERT,user-profile,Telemetry signal: Monitoring Alert recorded on user-profile,WARN
EVT-INC-8178-2,INC-8178,2026-08-31T05:38:00Z,ERROR_SPIKE,user-profile,Telemetry signal: Error Spike recorded on user-profile,WARN
EVT-INC-8178-3,INC-8178,2026-08-31T05:48:00Z,LATENCY_INCREASE,user-profile,Telemetry signal: Latency Increase recorded on user-profile,WARN
EVT-INC-8179-1,INC-8179,2026-08-18T20:18:00Z,MONITORING_ALERT,search-indexer,Telemetry signal: Monitoring Alert recorded on search-indexer,WARN
EVT-INC-8179-2,INC-8179,2026-08-18T20:26:00Z,ERROR_SPIKE,search-indexer,Telemetry signal: Error Spike recorded on search-indexer,WARN
EVT-INC-8179-3,INC-8179,2026-08-18T20:35:00Z,LATENCY_INCREASE,search-indexer,Telemetry signal: Latency Increase recorded on search-indexer,WARN
EVT-INC-8180-1,INC-8180,2026-09-22T21:03:00Z,DEPLOYMENT,order-processing,Telemetry signal: Deployment recorded on order-processing,WARN
EVT-INC-8180-2,INC-8180,2026-09-22T21:12:00Z,MONITORING_ALERT,order-processing,Telemetry signal: Monitoring Alert recorded on order-processing,WARN
EVT-INC-8180-3,INC-8180,2026-09-22T21:37:00Z,ERROR_SPIKE,order-processing,Telemetry signal: Error Spike recorded on order-processing,WARN
EVT-INC-8180-4,INC-8180,2026-09-22T21:25:00Z,LATENCY_INCREASE,order-processing,Telemetry signal: Latency Increase recorded on order-processing,WARN
EVT-INC-8181-1,INC-8181,2026-09-05T16:27:00Z,DEPLOYMENT,auth-service,Telemetry signal: Deployment recorded on auth-service,WARN
EVT-INC-8181-2,INC-8181,2026-09-05T16:43:00Z,MONITORING_ALERT,auth-service,Telemetry signal: Monitoring Alert recorded on auth-service,WARN
EVT-INC-8181-3,INC-8181,2026-09-05T17:09:00Z,ERROR_SPIKE,auth-service,Telemetry signal: Error Spike recorded on auth-service,WARN
EVT-INC-8181-4,INC-8181,2026-09-05T17:03:00Z,LATENCY_INCREASE,auth-service,Telemetry signal: Latency Increase recorded on auth-service,WARN
EVT-INC-8181-5,INC-8181,2026-09-05T17:19:00Z,TRAFFIC_SURGE,auth-service,Telemetry signal: Traffic Surge recorded on auth-service,WARN
EVT-INC-8182-1,INC-8182,2026-09-10T07:09:00Z,MONITORING_ALERT,auth-service,Telemetry signal: Monitoring Alert recorded on auth-service,WARN
EVT-INC-8182-2,INC-8182,2026-09-10T07:27:00Z,ERROR_SPIKE,auth-service,Telemetry signal: Error Spike recorded on auth-service,WARN
EVT-INC-8182-3,INC-8182,2026-09-10T07:39:00Z,LATENCY_INCREASE,auth-service,Telemetry signal: Latency Increase recorded on auth-service,WARN
EVT-INC-8183-1,INC-8183,2026-09-08T14:07:00Z,MONITORING_ALERT,search-indexer,Telemetry signal: Monitoring Alert recorded on search-indexer,WARN
EVT-INC-8183-2,INC-8183,2026-09-08T14:33:00Z,ERROR_SPIKE,search-indexer,Telemetry signal: Error Spike recorded on search-indexer,WARN
EVT-INC-8183-3,INC-8183,2026-09-08T14:24:00Z,LATENCY_INCREASE,search-indexer,Telemetry signal: Latency Increase recorded on search-indexer,WARN
EVT-INC-8184-1,INC-8184,2026-09-24T05:58:00Z,DEPLOYMENT,notification-worker,Telemetry signal: Deployment recorded on notification-worker,WARN
EVT-INC-8184-2,INC-8184,2026-09-24T06:12:00Z,MONITORING_ALERT,notification-worker,Telemetry signal: Monitoring Alert recorded on notification-worker,WARN
EVT-INC-8184-3,INC-8184,2026-09-24T06:22:00Z,ERROR_SPIKE,notification-worker,Telemetry signal: Error Spike recorded on notification-worker,WARN
EVT-INC-8184-4,INC-8184,2026-09-24T06:27:00Z,LATENCY_INCREASE,notification-worker,Telemetry signal: Latency Increase recorded on notification-worker,WARN
EVT-INC-8185-1,INC-8185,2026-08-15T18:44:00Z,MONITORING_ALERT,user-profile,Telemetry signal: Monitoring Alert recorded on user-profile,WARN
EVT-INC-8185-2,INC-8185,2026-08-15T18:50:00Z,ERROR_SPIKE,user-profile,Telemetry signal: Error Spike recorded on user-profile,WARN
EVT-INC-8185-3,INC-8185,2026-08-15T19:08:00Z,LATENCY_INCREASE,user-profile,Telemetry signal: Latency Increase recorded on user-profile,WARN
EVT-INC-8186-1,INC-8186,2026-08-28T16:40:00Z,MONITORING_ALERT,inventory-api,Telemetry signal: Monitoring Alert recorded on inventory-api,WARN
EVT-INC-8186-2,INC-8186,2026-08-28T16:31:00Z,ERROR_SPIKE,inventory-api,Telemetry signal: Error Spike recorded on inventory-api,WARN
EVT-INC-8186-3,INC-8186,2026-08-28T16:40:00Z,LATENCY_INCREASE,inventory-api,Telemetry signal: Latency Increase recorded on inventory-api,WARN
EVT-INC-8187-1,INC-8187,2026-09-07T11:41:00Z,DEPLOYMENT,user-profile,Telemetry signal: Deployment recorded on user-profile,WARN
EVT-INC-8187-2,INC-8187,2026-09-07T11:30:00Z,MONITORING_ALERT,user-profile,Telemetry signal: Monitoring Alert recorded on user-profile,WARN
EVT-INC-8187-3,INC-8187,2026-09-07T11:31:00Z,ERROR_SPIKE,user-profile,Telemetry signal: Error Spike recorded on user-profile,WARN
EVT-INC-8187-4,INC-8187,2026-09-07T11:20:00Z,LATENCY_INCREASE,user-profile,Telemetry signal: Latency Increase recorded on user-profile,WARN
EVT-INC-8187-5,INC-8187,2026-09-07T11:33:00Z,TRAFFIC_SURGE,user-profile,Telemetry signal: Traffic Surge recorded on user-profile,WARN
EVT-INC-8188-1,INC-8188,2026-09-23T15:52:00Z,DEPLOYMENT,checkout-service,Telemetry signal: Deployment recorded on checkout-service,CRITICAL
EVT-INC-8188-2,INC-8188,2026-09-23T15:30:00Z,MONITORING_ALERT,checkout-service,Telemetry signal: Monitoring Alert recorded on checkout-service,CRITICAL
EVT-INC-8188-3,INC-8188,2026-09-23T15:32:00Z,ERROR_SPIKE,checkout-service,Telemetry signal: Error Spike recorded on checkout-service,CRITICAL
EVT-INC-8188-4,INC-8188,2026-09-23T15:49:00Z,LATENCY_INCREASE,checkout-service,Telemetry signal: Latency Increase recorded on checkout-service,CRITICAL
EVT-INC-8189-1,INC-8189,2026-08-21T02:49:00Z,DEPLOYMENT,order-processing,Telemetry signal: Deployment recorded on order-processing,WARN
EVT-INC-8189-2,INC-8189,2026-08-21T02:58:00Z,MONITORING_ALERT,order-processing,Telemetry signal: Monitoring Alert recorded on order-processing,WARN
EVT-INC-8189-3,INC-8189,2026-08-21T02:44:00Z,ERROR_SPIKE,order-processing,Telemetry signal: Error Spike recorded on order-processing,WARN
EVT-INC-8189-4,INC-8189,2026-08-21T02:46:00Z,LATENCY_INCREASE,order-processing,Telemetry signal: Latency Increase recorded on order-processing,WARN
EVT-INC-8189-5,INC-8189,2026-08-21T03:01:00Z,TRAFFIC_SURGE,order-processing,Telemetry signal: Traffic Surge recorded on order-processing,WARN
EVT-INC-8190-1,INC-8190,2026-09-01T14:28:00Z,DEPLOYMENT,notification-worker,Telemetry signal: Deployment recorded on notification-worker,WARN
EVT-INC-8190-2,INC-8190,2026-09-01T13:55:00Z,MONITORING_ALERT,notification-worker,Telemetry signal: Monitoring Alert recorded on notification-worker,WARN
EVT-INC-8190-3,INC-8190,2026-09-01T14:16:00Z,ERROR_SPIKE,notification-worker,Telemetry signal: Error Spike recorded on notification-worker,WARN
EVT-INC-8190-4,INC-8190,2026-09-01T14:39:00Z,LATENCY_INCREASE,notification-worker,Telemetry signal: Latency Increase recorded on notification-worker,WARN
EVT-INC-8190-5,INC-8190,2026-09-01T14:36:00Z,TRAFFIC_SURGE,notification-worker,Telemetry signal: Traffic Surge recorded on notification-worker,WARN
EVT-INC-8191-1,INC-8191,2026-09-11T09:46:00Z,MONITORING_ALERT,payment-gateway,Telemetry signal: Monitoring Alert recorded on payment-gateway,WARN
EVT-INC-8191-2,INC-8191,2026-09-11T10:09:00Z,ERROR_SPIKE,payment-gateway,Telemetry signal: Error Spike recorded on payment-gateway,WARN
EVT-INC-8191-3,INC-8191,2026-09-11T10:32:00Z,LATENCY_INCREASE,payment-gateway,Telemetry signal: Latency Increase recorded on payment-gateway,WARN
EVT-INC-8191-4,INC-8191,2026-09-11T10:34:00Z,TRAFFIC_SURGE,payment-gateway,Telemetry signal: Traffic Surge recorded on payment-gateway,WARN
EVT-INC-8192-1,INC-8192,2026-08-13T21:55:00Z,MONITORING_ALERT,user-profile,Telemetry signal: Monitoring Alert recorded on user-profile,WARN
EVT-INC-8192-2,INC-8192,2026-08-13T22:16:00Z,ERROR_SPIKE,user-profile,Telemetry signal: Error Spike recorded on user-profile,WARN
EVT-INC-8192-3,INC-8192,2026-08-13T22:22:00Z,LATENCY_INCREASE,user-profile,Telemetry signal: Latency Increase recorded on user-profile,WARN
EVT-INC-8193-1,INC-8193,2026-08-27T21:38:00Z,DEPLOYMENT,user-profile,Telemetry signal: Deployment recorded on user-profile,WARN
EVT-INC-8193-2,INC-8193,2026-08-27T21:33:00Z,MONITORING_ALERT,user-profile,Telemetry signal: Monitoring Alert recorded on user-profile,WARN
EVT-INC-8193-3,INC-8193,2026-08-27T22:15:00Z,ERROR_SPIKE,user-profile,Telemetry signal: Error Spike recorded on user-profile,WARN
EVT-INC-8193-4,INC-8193,2026-08-27T22:19:00Z,LATENCY_INCREASE,user-profile,Telemetry signal: Latency Increase recorded on user-profile,WARN
EVT-INC-8193-5,INC-8193,2026-08-27T22:18:00Z,TRAFFIC_SURGE,user-profile,Telemetry signal: Traffic Surge recorded on user-profile,WARN
EVT-INC-8194-1,INC-8194,2026-09-03T01:05:00Z,DEPLOYMENT,auth-service,Telemetry signal: Deployment recorded on auth-service,WARN
EVT-INC-8194-2,INC-8194,2026-09-03T01:52:00Z,MONITORING_ALERT,auth-service,Telemetry signal: Monitoring Alert recorded on auth-service,WARN
EVT-INC-8194-3,INC-8194,2026-09-03T01:48:00Z,ERROR_SPIKE,auth-service,Telemetry signal: Error Spike recorded on auth-service,WARN
EVT-INC-8194-4,INC-8194,2026-09-03T01:38:00Z,LATENCY_INCREASE,auth-service,Telemetry signal: Latency Increase recorded on auth-service,WARN
EVT-INC-8194-5,INC-8194,2026-09-03T01:49:00Z,TRAFFIC_SURGE,auth-service,Telemetry signal: Traffic Surge recorded on auth-service,WARN
EVT-INC-8195-1,INC-8195,2026-08-19T18:23:00Z,DEPLOYMENT,order-processing,Telemetry signal: Deployment recorded on order-processing,WARN
EVT-INC-8195-2,INC-8195,2026-08-19T18:29:00Z,MONITORING_ALERT,order-processing,Telemetry signal: Monitoring Alert recorded on order-processing,WARN
EVT-INC-8195-3,INC-8195,2026-08-19T18:24:00Z,ERROR_SPIKE,order-processing,Telemetry signal: Error Spike recorded on order-processing,WARN
EVT-INC-8195-4,INC-8195,2026-08-19T18:07:00Z,LATENCY_INCREASE,order-processing,Telemetry signal: Latency Increase recorded on order-processing,WARN
EVT-INC-8195-5,INC-8195,2026-08-19T18:28:00Z,TRAFFIC_SURGE,order-processing,Telemetry signal: Traffic Surge recorded on order-processing,WARN
EVT-INC-8196-1,INC-8196,2026-09-12T01:50:00Z,MONITORING_ALERT,auth-service,Telemetry signal: Monitoring Alert recorded on auth-service,WARN
EVT-INC-8196-2,INC-8196,2026-09-12T01:31:00Z,ERROR_SPIKE,auth-service,Telemetry signal: Error Spike recorded on auth-service,WARN
EVT-INC-8196-3,INC-8196,2026-09-12T01:48:00Z,LATENCY_INCREASE,auth-service,Telemetry signal: Latency Increase recorded on auth-service,WARN
EVT-INC-8196-4,INC-8196,2026-09-12T02:05:00Z,TRAFFIC_SURGE,auth-service,Telemetry signal: Traffic Surge recorded on auth-service,WARN
EVT-INC-8197-1,INC-8197,2026-08-27T09:36:00Z,DEPLOYMENT,auth-service,Telemetry signal: Deployment recorded on auth-service,WARN
EVT-INC-8197-2,INC-8197,2026-08-27T09:25:00Z,MONITORING_ALERT,auth-service,Telemetry signal: Monitoring Alert recorded on auth-service,WARN
EVT-INC-8197-3,INC-8197,2026-08-27T09:38:00Z,ERROR_SPIKE,auth-service,Telemetry signal: Error Spike recorded on auth-service,WARN
EVT-INC-8197-4,INC-8197,2026-08-27T09:50:00Z,LATENCY_INCREASE,auth-service,Telemetry signal: Latency Increase recorded on auth-service,WARN
EVT-INC-8198-1,INC-8198,2026-08-21T06:55:00Z,DEPLOYMENT,inventory-api,Telemetry signal: Deployment recorded on inventory-api,CRITICAL
EVT-INC-8198-2,INC-8198,2026-08-21T06:56:00Z,MONITORING_ALERT,inventory-api,Telemetry signal: Monitoring Alert recorded on inventory-api,CRITICAL
EVT-INC-8198-3,INC-8198,2026-08-21T07:05:00Z,ERROR_SPIKE,inventory-api,Telemetry signal: Error Spike recorded on inventory-api,CRITICAL
EVT-INC-8198-4,INC-8198,2026-08-21T07:21:00Z,LATENCY_INCREASE,inventory-api,Telemetry signal: Latency Increase recorded on inventory-api,CRITICAL
EVT-INC-8199-1,INC-8199,2026-08-16T05:52:00Z,MONITORING_ALERT,inventory-api,Telemetry signal: Monitoring Alert recorded on inventory-api,WARN
EVT-INC-8199-2,INC-8199,2026-08-16T06:32:00Z,ERROR_SPIKE,inventory-api,Telemetry signal: Error Spike recorded on inventory-api,WARN
EVT-INC-8199-3,INC-8199,2026-08-16T06:20:00Z,LATENCY_INCREASE,inventory-api,Telemetry signal: Latency Increase recorded on inventory-api,WARN
EVT-INC-8200-1,INC-8200,2026-08-24T10:41:00Z,DEPLOYMENT,notification-worker,Telemetry signal: Deployment recorded on notification-worker,WARN
EVT-INC-8200-2,INC-8200,2026-08-24T10:49:00Z,MONITORING_ALERT,notification-worker,Telemetry signal: Monitoring Alert recorded on notification-worker,WARN
EVT-INC-8200-3,INC-8200,2026-08-24T11:01:00Z,ERROR_SPIKE,notification-worker,Telemetry signal: Error Spike recorded on notification-worker,WARN
EVT-INC-8200-4,INC-8200,2026-08-24T11:03:00Z,LATENCY_INCREASE,notification-worker,Telemetry signal: Latency Increase recorded on notification-worker,WARN
EVT-INC-8201-1,INC-8201,2026-08-13T20:06:00Z,MONITORING_ALERT,inventory-api,Telemetry signal: Monitoring Alert recorded on inventory-api,WARN
EVT-INC-8201-2,INC-8201,2026-08-13T20:15:00Z,ERROR_SPIKE,inventory-api,Telemetry signal: Error Spike recorded on inventory-api,WARN
EVT-INC-8201-3,INC-8201,2026-08-13T20:33:00Z,LATENCY_INCREASE,inventory-api,Telemetry signal: Latency Increase recorded on inventory-api,WARN
EVT-INC-8202-1,INC-8202,2026-09-22T17:29:00Z,DEPLOYMENT,notification-worker,Telemetry signal: Deployment recorded on notification-worker,WARN
EVT-INC-8202-2,INC-8202,2026-09-22T18:10:00Z,MONITORING_ALERT,notification-worker,Telemetry signal: Monitoring Alert recorded on notification-worker,WARN
EVT-INC-8202-3,INC-8202,2026-09-22T17:45:00Z,ERROR_SPIKE,notification-worker,Telemetry signal: Error Spike recorded on notification-worker,WARN
EVT-INC-8202-4,INC-8202,2026-09-22T18:03:00Z,LATENCY_INCREASE,notification-worker,Telemetry signal: Latency Increase recorded on notification-worker,WARN
EVT-INC-8203-1,INC-8203,2026-09-04T23:38:00Z,MONITORING_ALERT,search-indexer,Telemetry signal: Monitoring Alert recorded on search-indexer,WARN
EVT-INC-8203-2,INC-8203,2026-09-04T23:48:00Z,ERROR_SPIKE,search-indexer,Telemetry signal: Error Spike recorded on search-indexer,WARN
EVT-INC-8203-3,INC-8203,2026-09-04T23:48:00Z,LATENCY_INCREASE,search-indexer,Telemetry signal: Latency Increase recorded on search-indexer,WARN
EVT-INC-8203-4,INC-8203,2026-09-05T00:05:00Z,TRAFFIC_SURGE,search-indexer,Telemetry signal: Traffic Surge recorded on search-indexer,WARN
EVT-INC-8204-1,INC-8204,2026-08-31T16:49:00Z,DEPLOYMENT,order-processing,Telemetry signal: Deployment recorded on order-processing,WARN
EVT-INC-8204-2,INC-8204,2026-08-31T17:05:00Z,MONITORING_ALERT,order-processing,Telemetry signal: Monitoring Alert recorded on order-processing,WARN
EVT-INC-8204-3,INC-8204,2026-08-31T16:36:00Z,ERROR_SPIKE,order-processing,Telemetry signal: Error Spike recorded on order-processing,WARN
EVT-INC-8204-4,INC-8204,2026-08-31T17:01:00Z,LATENCY_INCREASE,order-processing,Telemetry signal: Latency Increase recorded on order-processing,WARN
EVT-INC-8204-5,INC-8204,2026-08-31T17:00:00Z,TRAFFIC_SURGE,order-processing,Telemetry signal: Traffic Surge recorded on order-processing,WARN
EVT-INC-8205-1,INC-8205,2026-08-27T22:44:00Z,MONITORING_ALERT,user-profile,Telemetry signal: Monitoring Alert recorded on user-profile,WARN
EVT-INC-8205-2,INC-8205,2026-08-27T22:51:00Z,ERROR_SPIKE,user-profile,Telemetry signal: Error Spike recorded on user-profile,WARN
EVT-INC-8205-3,INC-8205,2026-08-27T22:54:00Z,LATENCY_INCREASE,user-profile,Telemetry signal: Latency Increase recorded on user-profile,WARN
EVT-INC-8205-4,INC-8205,2026-08-27T23:10:00Z,TRAFFIC_SURGE,user-profile,Telemetry signal: Traffic Surge recorded on user-profile,WARN
EVT-INC-8206-1,INC-8206,2026-09-10T10:06:00Z,MONITORING_ALERT,auth-service,Telemetry signal: Monitoring Alert recorded on auth-service,WARN
EVT-INC-8206-2,INC-8206,2026-09-10T10:14:00Z,ERROR_SPIKE,auth-service,Telemetry signal: Error Spike recorded on auth-service,WARN
EVT-INC-8206-3,INC-8206,2026-09-10T10:09:00Z,LATENCY_INCREASE,auth-service,Telemetry signal: Latency Increase recorded on auth-service,WARN
EVT-INC-8207-1,INC-8207,2026-09-15T23:54:00Z,DEPLOYMENT,inventory-api,Telemetry signal: Deployment recorded on inventory-api,WARN
EVT-INC-8207-2,INC-8207,2026-09-15T23:40:00Z,MONITORING_ALERT,inventory-api,Telemetry signal: Monitoring Alert recorded on inventory-api,WARN
EVT-INC-8207-3,INC-8207,2026-09-16T00:04:00Z,ERROR_SPIKE,inventory-api,Telemetry signal: Error Spike recorded on inventory-api,WARN
EVT-INC-8207-4,INC-8207,2026-09-15T23:59:00Z,LATENCY_INCREASE,inventory-api,Telemetry signal: Latency Increase recorded on inventory-api,WARN
EVT-INC-8208-1,INC-8208,2026-09-24T16:21:00Z,DEPLOYMENT,search-indexer,Telemetry signal: Deployment recorded on search-indexer,WARN
EVT-INC-8208-2,INC-8208,2026-09-24T16:36:00Z,MONITORING_ALERT,search-indexer,Telemetry signal: Monitoring Alert recorded on search-indexer,WARN
EVT-INC-8208-3,INC-8208,2026-09-24T16:37:00Z,ERROR_SPIKE,search-indexer,Telemetry signal: Error Spike recorded on search-indexer,WARN
EVT-INC-8208-4,INC-8208,2026-09-24T16:47:00Z,LATENCY_INCREASE,search-indexer,Telemetry signal: Latency Increase recorded on search-indexer,WARN
EVT-INC-8209-1,INC-8209,2026-09-16T14:51:00Z,MONITORING_ALERT,payment-gateway,Telemetry signal: Monitoring Alert recorded on payment-gateway,WARN
EVT-INC-8209-2,INC-8209,2026-09-16T15:02:00Z,ERROR_SPIKE,payment-gateway,Telemetry signal: Error Spike recorded on payment-gateway,WARN
EVT-INC-8209-3,INC-8209,2026-09-16T14:47:00Z,LATENCY_INCREASE,payment-gateway,Telemetry signal: Latency Increase recorded on payment-gateway,WARN
EVT-INC-8209-4,INC-8209,2026-09-16T15:00:00Z,TRAFFIC_SURGE,payment-gateway,Telemetry signal: Traffic Surge recorded on payment-gateway,WARN
EVT-INC-8210-1,INC-8210,2026-09-25T16:40:00Z,MONITORING_ALERT,user-profile,Telemetry signal: Monitoring Alert recorded on user-profile,CRITICAL
EVT-INC-8210-2,INC-8210,2026-09-25T17:01:00Z,ERROR_SPIKE,user-profile,Telemetry signal: Error Spike recorded on user-profile,CRITICAL
EVT-INC-8210-3,INC-8210,2026-09-25T17:22:00Z,LATENCY_INCREASE,user-profile,Telemetry signal: Latency Increase recorded on user-profile,CRITICAL
EVT-INC-8210-4,INC-8210,2026-09-25T17:31:00Z,TRAFFIC_SURGE,user-profile,Telemetry signal: Traffic Surge recorded on user-profile,CRITICAL
EVT-INC-8211-1,INC-8211,2026-09-01T22:03:00Z,DEPLOYMENT,auth-service,Telemetry signal: Deployment recorded on auth-service,WARN
EVT-INC-8211-2,INC-8211,2026-09-01T22:04:00Z,MONITORING_ALERT,auth-service,Telemetry signal: Monitoring Alert recorded on auth-service,WARN
EVT-INC-8211-3,INC-8211,2026-09-01T22:19:00Z,ERROR_SPIKE,auth-service,Telemetry signal: Error Spike recorded on auth-service,WARN
EVT-INC-8211-4,INC-8211,2026-09-01T22:28:00Z,LATENCY_INCREASE,auth-service,Telemetry signal: Latency Increase recorded on auth-service,WARN
EVT-INC-8212-1,INC-8212,2026-09-22T15:56:00Z,DEPLOYMENT,auth-service,Telemetry signal: Deployment recorded on auth-service,WARN
EVT-INC-8212-2,INC-8212,2026-09-22T15:36:00Z,MONITORING_ALERT,auth-service,Telemetry signal: Monitoring Alert recorded on auth-service,WARN
EVT-INC-8212-3,INC-8212,2026-09-22T15:46:00Z,ERROR_SPIKE,auth-service,Telemetry signal: Error Spike recorded on auth-service,WARN
EVT-INC-8212-4,INC-8212,2026-09-22T16:06:00Z,LATENCY_INCREASE,auth-service,Telemetry signal: Latency Increase recorded on auth-service,WARN
EVT-INC-8213-1,INC-8213,2026-09-07T04:43:00Z,MONITORING_ALERT,search-indexer,Telemetry signal: Monitoring Alert recorded on search-indexer,WARN
EVT-INC-8213-2,INC-8213,2026-09-07T04:57:00Z,ERROR_SPIKE,search-indexer,Telemetry signal: Error Spike recorded on search-indexer,WARN
EVT-INC-8213-3,INC-8213,2026-09-07T05:02:00Z,LATENCY_INCREASE,search-indexer,Telemetry signal: Latency Increase recorded on search-indexer,WARN
EVT-INC-8214-1,INC-8214,2026-08-27T10:47:00Z,MONITORING_ALERT,user-profile,Telemetry signal: Monitoring Alert recorded on user-profile,WARN
EVT-INC-8214-2,INC-8214,2026-08-27T11:21:00Z,ERROR_SPIKE,user-profile,Telemetry signal: Error Spike recorded on user-profile,WARN
EVT-INC-8214-3,INC-8214,2026-08-27T11:13:00Z,LATENCY_INCREASE,user-profile,Telemetry signal: Latency Increase recorded on user-profile,WARN
EVT-INC-8214-4,INC-8214,2026-08-27T11:30:00Z,TRAFFIC_SURGE,user-profile,Telemetry signal: Traffic Surge recorded on user-profile,WARN
EVT-INC-8215-1,INC-8215,2026-08-19T23:48:00Z,MONITORING_ALERT,payment-gateway,Telemetry signal: Monitoring Alert recorded on payment-gateway,WARN
EVT-INC-8215-2,INC-8215,2026-08-20T00:19:00Z,ERROR_SPIKE,payment-gateway,Telemetry signal: Error Spike recorded on payment-gateway,WARN
EVT-INC-8215-3,INC-8215,2026-08-20T00:23:00Z,LATENCY_INCREASE,payment-gateway,Telemetry signal: Latency Increase recorded on payment-gateway,WARN
EVT-INC-8216-1,INC-8216,2026-08-28T07:47:00Z,MONITORING_ALERT,inventory-api,Telemetry signal: Monitoring Alert recorded on inventory-api,WARN
EVT-INC-8216-2,INC-8216,2026-08-28T07:47:00Z,ERROR_SPIKE,inventory-api,Telemetry signal: Error Spike recorded on inventory-api,WARN
EVT-INC-8216-3,INC-8216,2026-08-28T08:15:00Z,LATENCY_INCREASE,inventory-api,Telemetry signal: Latency Increase recorded on inventory-api,WARN
EVT-INC-8216-4,INC-8216,2026-08-28T08:13:00Z,TRAFFIC_SURGE,inventory-api,Telemetry signal: Traffic Surge recorded on inventory-api,WARN
EVT-INC-8217-1,INC-8217,2026-09-22T12:34:00Z,MONITORING_ALERT,checkout-service,Telemetry signal: Monitoring Alert recorded on checkout-service,WARN
EVT-INC-8217-2,INC-8217,2026-09-22T12:18:00Z,ERROR_SPIKE,checkout-service,Telemetry signal: Error Spike recorded on checkout-service,WARN
EVT-INC-8217-3,INC-8217,2026-09-22T12:26:00Z,LATENCY_INCREASE,checkout-service,Telemetry signal: Latency Increase recorded on checkout-service,WARN
EVT-INC-8217-4,INC-8217,2026-09-22T12:45:00Z,TRAFFIC_SURGE,checkout-service,Telemetry signal: Traffic Surge recorded on checkout-service,WARN
EVT-INC-8218-1,INC-8218,2026-08-31T07:40:00Z,DEPLOYMENT,user-profile,Telemetry signal: Deployment recorded on user-profile,WARN
EVT-INC-8218-2,INC-8218,2026-08-31T07:21:00Z,MONITORING_ALERT,user-profile,Telemetry signal: Monitoring Alert recorded on user-profile,WARN
EVT-INC-8218-3,INC-8218,2026-08-31T07:38:00Z,ERROR_SPIKE,user-profile,Telemetry signal: Error Spike recorded on user-profile,WARN
EVT-INC-8218-4,INC-8218,2026-08-31T07:42:00Z,LATENCY_INCREASE,user-profile,Telemetry signal: Latency Increase recorded on user-profile,WARN
EVT-INC-8219-1,INC-8219,2026-08-13T12:26:00Z,MONITORING_ALERT,auth-service,Telemetry signal: Monitoring Alert recorded on auth-service,WARN
EVT-INC-8219-2,INC-8219,2026-08-13T12:13:00Z,ERROR_SPIKE,auth-service,Telemetry signal: Error Spike recorded on auth-service,WARN
EVT-INC-8219-3,INC-8219,2026-08-13T12:12:00Z,LATENCY_INCREASE,auth-service,Telemetry signal: Latency Increase recorded on auth-service,WARN
EVT-INC-8219-4,INC-8219,2026-08-13T12:21:00Z,TRAFFIC_SURGE,auth-service,Telemetry signal: Traffic Surge recorded on auth-service,WARN
EVT-INC-8220-1,INC-8220,2026-08-25T13:53:00Z,MONITORING_ALERT,order-processing,Telemetry signal: Monitoring Alert recorded on order-processing,WARN
EVT-INC-8220-2,INC-8220,2026-08-25T14:05:00Z,ERROR_SPIKE,order-processing,Telemetry signal: Error Spike recorded on order-processing,WARN
EVT-INC-8220-3,INC-8220,2026-08-25T13:47:00Z,LATENCY_INCREASE,order-processing,Telemetry signal: Latency Increase recorded on order-processing,WARN
EVT-INC-8220-4,INC-8220,2026-08-25T14:07:00Z,TRAFFIC_SURGE,order-processing,Telemetry signal: Traffic Surge recorded on order-processing,WARN
EVT-INC-8221-1,INC-8221,2026-09-17T09:28:00Z,MONITORING_ALERT,inventory-api,Telemetry signal: Monitoring Alert recorded on inventory-api,WARN
EVT-INC-8221-2,INC-8221,2026-09-17T09:12:00Z,ERROR_SPIKE,inventory-api,Telemetry signal: Error Spike recorded on inventory-api,WARN
EVT-INC-8221-3,INC-8221,2026-09-17T09:36:00Z,LATENCY_INCREASE,inventory-api,Telemetry signal: Latency Increase recorded on inventory-api,WARN
EVT-INC-8222-1,INC-8222,2026-08-29T12:22:00Z,DEPLOYMENT,user-profile,Telemetry signal: Deployment recorded on user-profile,WARN
EVT-INC-8222-2,INC-8222,2026-08-29T13:03:00Z,MONITORING_ALERT,user-profile,Telemetry signal: Monitoring Alert recorded on user-profile,WARN
EVT-INC-8222-3,INC-8222,2026-08-29T13:02:00Z,ERROR_SPIKE,user-profile,Telemetry signal: Error Spike recorded on user-profile,WARN
EVT-INC-8222-4,INC-8222,2026-08-29T13:15:00Z,LATENCY_INCREASE,user-profile,Telemetry signal: Latency Increase recorded on user-profile,WARN
EVT-INC-8223-1,INC-8223,2026-09-04T16:30:00Z,DEPLOYMENT,inventory-api,Telemetry signal: Deployment recorded on inventory-api,WARN
EVT-INC-8223-2,INC-8223,2026-09-04T16:51:00Z,MONITORING_ALERT,inventory-api,Telemetry signal: Monitoring Alert recorded on inventory-api,WARN
EVT-INC-8223-3,INC-8223,2026-09-04T17:02:00Z,ERROR_SPIKE,inventory-api,Telemetry signal: Error Spike recorded on inventory-api,WARN
EVT-INC-8223-4,INC-8223,2026-09-04T17:12:00Z,LATENCY_INCREASE,inventory-api,Telemetry signal: Latency Increase recorded on inventory-api,WARN
EVT-INC-8224-1,INC-8224,2026-09-14T15:57:00Z,MONITORING_ALERT,payment-gateway,Telemetry signal: Monitoring Alert recorded on payment-gateway,WARN
EVT-INC-8224-2,INC-8224,2026-09-14T15:50:00Z,ERROR_SPIKE,payment-gateway,Telemetry signal: Error Spike recorded on payment-gateway,WARN
EVT-INC-8224-3,INC-8224,2026-09-14T15:59:00Z,LATENCY_INCREASE,payment-gateway,Telemetry signal: Latency Increase recorded on payment-gateway,WARN
EVT-INC-8225-1,INC-8225,2026-09-20T11:59:00Z,MONITORING_ALERT,order-processing,Telemetry signal: Monitoring Alert recorded on order-processing,WARN
EVT-INC-8225-2,INC-8225,2026-09-20T11:52:00Z,ERROR_SPIKE,order-processing,Telemetry signal: Error Spike recorded on order-processing,WARN
EVT-INC-8225-3,INC-8225,2026-09-20T12:29:00Z,LATENCY_INCREASE,order-processing,Telemetry signal: Latency Increase recorded on order-processing,WARN
EVT-INC-8225-4,INC-8225,2026-09-20T12:28:00Z,TRAFFIC_SURGE,order-processing,Telemetry signal: Traffic Surge recorded on order-processing,WARN
EVT-INC-8226-1,INC-8226,2026-09-12T02:50:00Z,MONITORING_ALERT,search-indexer,Telemetry signal: Monitoring Alert recorded on search-indexer,WARN
EVT-INC-8226-2,INC-8226,2026-09-12T02:42:00Z,ERROR_SPIKE,search-indexer,Telemetry signal: Error Spike recorded on search-indexer,WARN
EVT-INC-8226-3,INC-8226,2026-09-12T02:26:00Z,LATENCY_INCREASE,search-indexer,Telemetry signal: Latency Increase recorded on search-indexer,WARN
EVT-INC-8226-4,INC-8226,2026-09-12T02:49:00Z,TRAFFIC_SURGE,search-indexer,Telemetry signal: Traffic Surge recorded on search-indexer,WARN
EVT-INC-8227-1,INC-8227,2026-08-31T23:30:00Z,DEPLOYMENT,notification-worker,Telemetry signal: Deployment recorded on notification-worker,WARN
EVT-INC-8227-2,INC-8227,2026-08-31T23:03:00Z,MONITORING_ALERT,notification-worker,Telemetry signal: Monitoring Alert recorded on notification-worker,WARN
EVT-INC-8227-3,INC-8227,2026-08-31T23:32:00Z,ERROR_SPIKE,notification-worker,Telemetry signal: Error Spike recorded on notification-worker,WARN
EVT-INC-8227-4,INC-8227,2026-08-31T23:36:00Z,LATENCY_INCREASE,notification-worker,Telemetry signal: Latency Increase recorded on notification-worker,WARN
EVT-INC-8228-1,INC-8228,2026-09-09T02:36:00Z,DEPLOYMENT,user-profile,Telemetry signal: Deployment recorded on user-profile,WARN
EVT-INC-8228-2,INC-8228,2026-09-09T02:47:00Z,MONITORING_ALERT,user-profile,Telemetry signal: Monitoring Alert recorded on user-profile,WARN
EVT-INC-8228-3,INC-8228,2026-09-09T03:28:00Z,ERROR_SPIKE,user-profile,Telemetry signal: Error Spike recorded on user-profile,WARN
EVT-INC-8228-4,INC-8228,2026-09-09T03:30:00Z,LATENCY_INCREASE,user-profile,Telemetry signal: Latency Increase recorded on user-profile,WARN
EVT-INC-8229-1,INC-8229,2026-08-29T21:43:00Z,DEPLOYMENT,checkout-service,Telemetry signal: Deployment recorded on checkout-service,WARN
EVT-INC-8229-2,INC-8229,2026-08-29T22:19:00Z,MONITORING_ALERT,checkout-service,Telemetry signal: Monitoring Alert recorded on checkout-service,WARN
EVT-INC-8229-3,INC-8229,2026-08-29T22:09:00Z,ERROR_SPIKE,checkout-service,Telemetry signal: Error Spike recorded on checkout-service,WARN
EVT-INC-8229-4,INC-8229,2026-08-29T22:26:00Z,LATENCY_INCREASE,checkout-service,Telemetry signal: Latency Increase recorded on checkout-service,WARN
EVT-INC-8230-1,INC-8230,2026-08-14T20:16:00Z,DEPLOYMENT,auth-service,Telemetry signal: Deployment recorded on auth-service,WARN
EVT-INC-8230-2,INC-8230,2026-08-14T19:56:00Z,MONITORING_ALERT,auth-service,Telemetry signal: Monitoring Alert recorded on auth-service,WARN
EVT-INC-8230-3,INC-8230,2026-08-14T20:22:00Z,ERROR_SPIKE,auth-service,Telemetry signal: Error Spike recorded on auth-service,WARN
EVT-INC-8230-4,INC-8230,2026-08-14T20:24:00Z,LATENCY_INCREASE,auth-service,Telemetry signal: Latency Increase recorded on auth-service,WARN
EVT-INC-8231-1,INC-8231,2026-08-18T03:17:00Z,MONITORING_ALERT,checkout-service,Telemetry signal: Monitoring Alert recorded on checkout-service,WARN
EVT-INC-8231-2,INC-8231,2026-08-18T03:31:00Z,ERROR_SPIKE,checkout-service,Telemetry signal: Error Spike recorded on checkout-service,WARN
EVT-INC-8231-3,INC-8231,2026-08-18T03:36:00Z,LATENCY_INCREASE,checkout-service,Telemetry signal: Latency Increase recorded on checkout-service,WARN
EVT-INC-8232-1,INC-8232,2026-09-10T16:29:00Z,MONITORING_ALERT,search-indexer,Telemetry signal: Monitoring Alert recorded on search-indexer,WARN
EVT-INC-8232-2,INC-8232,2026-09-10T16:30:00Z,ERROR_SPIKE,search-indexer,Telemetry signal: Error Spike recorded on search-indexer,WARN
EVT-INC-8232-3,INC-8232,2026-09-10T16:15:00Z,LATENCY_INCREASE,search-indexer,Telemetry signal: Latency Increase recorded on search-indexer,WARN
EVT-INC-8232-4,INC-8232,2026-09-10T16:19:00Z,TRAFFIC_SURGE,search-indexer,Telemetry signal: Traffic Surge recorded on search-indexer,WARN
EVT-INC-8233-1,INC-8233,2026-08-15T11:56:00Z,DEPLOYMENT,checkout-service,Telemetry signal: Deployment recorded on checkout-service,WARN
EVT-INC-8233-2,INC-8233,2026-08-15T12:24:00Z,MONITORING_ALERT,checkout-service,Telemetry signal: Monitoring Alert recorded on checkout-service,WARN
EVT-INC-8233-3,INC-8233,2026-08-15T12:10:00Z,ERROR_SPIKE,checkout-service,Telemetry signal: Error Spike recorded on checkout-service,WARN
EVT-INC-8233-4,INC-8233,2026-08-15T12:35:00Z,LATENCY_INCREASE,checkout-service,Telemetry signal: Latency Increase recorded on checkout-service,WARN
EVT-INC-8234-1,INC-8234,2026-09-08T17:49:00Z,MONITORING_ALERT,user-profile,Telemetry signal: Monitoring Alert recorded on user-profile,WARN
EVT-INC-8234-2,INC-8234,2026-09-08T17:38:00Z,ERROR_SPIKE,user-profile,Telemetry signal: Error Spike recorded on user-profile,WARN
EVT-INC-8234-3,INC-8234,2026-09-08T17:39:00Z,LATENCY_INCREASE,user-profile,Telemetry signal: Latency Increase recorded on user-profile,WARN
EVT-INC-8234-4,INC-8234,2026-09-08T17:52:00Z,TRAFFIC_SURGE,user-profile,Telemetry signal: Traffic Surge recorded on user-profile,WARN
EVT-INC-8235-1,INC-8235,2026-09-07T16:12:00Z,MONITORING_ALERT,inventory-api,Telemetry signal: Monitoring Alert recorded on inventory-api,WARN
EVT-INC-8235-2,INC-8235,2026-09-07T16:29:00Z,ERROR_SPIKE,inventory-api,Telemetry signal: Error Spike recorded on inventory-api,WARN
EVT-INC-8235-3,INC-8235,2026-09-07T16:35:00Z,LATENCY_INCREASE,inventory-api,Telemetry signal: Latency Increase recorded on inventory-api,WARN
EVT-INC-8236-1,INC-8236,2026-09-02T02:54:00Z,MONITORING_ALERT,notification-worker,Telemetry signal: Monitoring Alert recorded on notification-worker,WARN
EVT-INC-8236-2,INC-8236,2026-09-02T02:50:00Z,ERROR_SPIKE,notification-worker,Telemetry signal: Error Spike recorded on notification-worker,WARN
EVT-INC-8236-3,INC-8236,2026-09-02T03:24:00Z,LATENCY_INCREASE,notification-worker,Telemetry signal: Latency Increase recorded on notification-worker,WARN
EVT-INC-8236-4,INC-8236,2026-09-02T03:22:00Z,TRAFFIC_SURGE,notification-worker,Telemetry signal: Traffic Surge recorded on notification-worker,WARN
EVT-INC-8237-1,INC-8237,2026-09-12T06:47:00Z,MONITORING_ALERT,auth-service,Telemetry signal: Monitoring Alert recorded on auth-service,WARN
EVT-INC-8237-2,INC-8237,2026-09-12T07:12:00Z,ERROR_SPIKE,auth-service,Telemetry signal: Error Spike recorded on auth-service,WARN
EVT-INC-8237-3,INC-8237,2026-09-12T07:24:00Z,LATENCY_INCREASE,auth-service,Telemetry signal: Latency Increase recorded on auth-service,WARN
EVT-INC-8238-1,INC-8238,2026-09-15T03:11:00Z,MONITORING_ALERT,notification-worker,Telemetry signal: Monitoring Alert recorded on notification-worker,WARN
EVT-INC-8238-2,INC-8238,2026-09-15T03:46:00Z,ERROR_SPIKE,notification-worker,Telemetry signal: Error Spike recorded on notification-worker,WARN
EVT-INC-8238-3,INC-8238,2026-09-15T03:41:00Z,LATENCY_INCREASE,notification-worker,Telemetry signal: Latency Increase recorded on notification-worker,WARN
EVT-INC-8239-1,INC-8239,2026-09-19T06:07:00Z,MONITORING_ALERT,order-processing,Telemetry signal: Monitoring Alert recorded on order-processing,WARN
EVT-INC-8239-2,INC-8239,2026-09-19T05:46:00Z,ERROR_SPIKE,order-processing,Telemetry signal: Error Spike recorded on order-processing,WARN
EVT-INC-8239-3,INC-8239,2026-09-19T06:29:00Z,LATENCY_INCREASE,order-processing,Telemetry signal: Latency Increase recorded on order-processing,WARN
EVT-INC-8239-4,INC-8239,2026-09-19T06:17:00Z,TRAFFIC_SURGE,order-processing,Telemetry signal: Traffic Surge recorded on order-processing,WARN
EVT-INC-8240-1,INC-8240,2026-09-21T00:25:00Z,MONITORING_ALERT,order-processing,Telemetry signal: Monitoring Alert recorded on order-processing,CRITICAL
EVT-INC-8240-2,INC-8240,2026-09-21T01:00:00Z,ERROR_SPIKE,order-processing,Telemetry signal: Error Spike recorded on order-processing,CRITICAL
EVT-INC-8240-3,INC-8240,2026-09-21T01:00:00Z,LATENCY_INCREASE,order-processing,Telemetry signal: Latency Increase recorded on order-processing,CRITICAL
EVT-INC-8241-1,INC-8241,2026-08-13T08:20:00Z,MONITORING_ALERT,checkout-service,Telemetry signal: Monitoring Alert recorded on checkout-service,WARN
EVT-INC-8241-2,INC-8241,2026-08-13T08:20:00Z,ERROR_SPIKE,checkout-service,Telemetry signal: Error Spike recorded on checkout-service,WARN
EVT-INC-8241-3,INC-8241,2026-08-13T08:25:00Z,LATENCY_INCREASE,checkout-service,Telemetry signal: Latency Increase recorded on checkout-service,WARN
EVT-INC-8242-1,INC-8242,2026-09-09T06:28:00Z,DEPLOYMENT,user-profile,Telemetry signal: Deployment recorded on user-profile,WARN
EVT-INC-8242-2,INC-8242,2026-09-09T06:52:00Z,MONITORING_ALERT,user-profile,Telemetry signal: Monitoring Alert recorded on user-profile,WARN
EVT-INC-8242-3,INC-8242,2026-09-09T06:38:00Z,ERROR_SPIKE,user-profile,Telemetry signal: Error Spike recorded on user-profile,WARN
EVT-INC-8242-4,INC-8242,2026-09-09T07:02:00Z,LATENCY_INCREASE,user-profile,Telemetry signal: Latency Increase recorded on user-profile,WARN
EVT-INC-8242-5,INC-8242,2026-09-09T06:59:00Z,TRAFFIC_SURGE,user-profile,Telemetry signal: Traffic Surge recorded on user-profile,WARN
EVT-INC-8243-1,INC-8243,2026-08-30T05:23:00Z,MONITORING_ALERT,user-profile,Telemetry signal: Monitoring Alert recorded on user-profile,WARN
EVT-INC-8243-2,INC-8243,2026-08-30T05:38:00Z,ERROR_SPIKE,user-profile,Telemetry signal: Error Spike recorded on user-profile,WARN
EVT-INC-8243-3,INC-8243,2026-08-30T05:42:00Z,LATENCY_INCREASE,user-profile,Telemetry signal: Latency Increase recorded on user-profile,WARN
EVT-INC-8244-1,INC-8244,2026-08-29T06:11:00Z,DEPLOYMENT,payment-gateway,Telemetry signal: Deployment recorded on payment-gateway,WARN
EVT-INC-8244-2,INC-8244,2026-08-29T05:59:00Z,MONITORING_ALERT,payment-gateway,Telemetry signal: Monitoring Alert recorded on payment-gateway,WARN
EVT-INC-8244-3,INC-8244,2026-08-29T06:24:00Z,ERROR_SPIKE,payment-gateway,Telemetry signal: Error Spike recorded on payment-gateway,WARN
EVT-INC-8244-4,INC-8244,2026-08-29T06:45:00Z,LATENCY_INCREASE,payment-gateway,Telemetry signal: Latency Increase recorded on payment-gateway,WARN
EVT-INC-8244-5,INC-8244,2026-08-29T06:41:00Z,TRAFFIC_SURGE,payment-gateway,Telemetry signal: Traffic Surge recorded on payment-gateway,WARN
EVT-INC-8245-1,INC-8245,2026-09-02T16:05:00Z,MONITORING_ALERT,inventory-api,Telemetry signal: Monitoring Alert recorded on inventory-api,WARN
EVT-INC-8245-2,INC-8245,2026-09-02T16:13:00Z,ERROR_SPIKE,inventory-api,Telemetry signal: Error Spike recorded on inventory-api,WARN
EVT-INC-8245-3,INC-8245,2026-09-02T16:16:00Z,LATENCY_INCREASE,inventory-api,Telemetry signal: Latency Increase recorded on inventory-api,WARN
EVT-INC-8246-1,INC-8246,2026-08-29T21:06:00Z,DEPLOYMENT,search-indexer,Telemetry signal: Deployment recorded on search-indexer,WARN
EVT-INC-8246-2,INC-8246,2026-08-29T21:09:00Z,MONITORING_ALERT,search-indexer,Telemetry signal: Monitoring Alert recorded on search-indexer,WARN
EVT-INC-8246-3,INC-8246,2026-08-29T21:40:00Z,ERROR_SPIKE,search-indexer,Telemetry signal: Error Spike recorded on search-indexer,WARN
EVT-INC-8246-4,INC-8246,2026-08-29T21:40:00Z,LATENCY_INCREASE,search-indexer,Telemetry signal: Latency Increase recorded on search-indexer,WARN
EVT-INC-8247-1,INC-8247,2026-08-19T12:03:00Z,DEPLOYMENT,user-profile,Telemetry signal: Deployment recorded on user-profile,WARN
EVT-INC-8247-2,INC-8247,2026-08-19T12:07:00Z,MONITORING_ALERT,user-profile,Telemetry signal: Monitoring Alert recorded on user-profile,WARN
EVT-INC-8247-3,INC-8247,2026-08-19T12:01:00Z,ERROR_SPIKE,user-profile,Telemetry signal: Error Spike recorded on user-profile,WARN
EVT-INC-8247-4,INC-8247,2026-08-19T12:08:00Z,LATENCY_INCREASE,user-profile,Telemetry signal: Latency Increase recorded on user-profile,WARN
EVT-INC-8248-1,INC-8248,2026-08-28T09:43:00Z,MONITORING_ALERT,order-processing,Telemetry signal: Monitoring Alert recorded on order-processing,WARN
EVT-INC-8248-2,INC-8248,2026-08-28T09:57:00Z,ERROR_SPIKE,order-processing,Telemetry signal: Error Spike recorded on order-processing,WARN
EVT-INC-8248-3,INC-8248,2026-08-28T09:58:00Z,LATENCY_INCREASE,order-processing,Telemetry signal: Latency Increase recorded on order-processing,WARN
EVT-INC-8249-1,INC-8249,2026-08-19T20:51:00Z,MONITORING_ALERT,user-profile,Telemetry signal: Monitoring Alert recorded on user-profile,CRITICAL
EVT-INC-8249-2,INC-8249,2026-08-19T20:59:00Z,ERROR_SPIKE,user-profile,Telemetry signal: Error Spike recorded on user-profile,CRITICAL
EVT-INC-8249-3,INC-8249,2026-08-19T21:09:00Z,LATENCY_INCREASE,user-profile,Telemetry signal: Latency Increase recorded on user-profile,CRITICAL
EVT-INC-8249-4,INC-8249,2026-08-19T21:22:00Z,TRAFFIC_SURGE,user-profile,Telemetry signal: Traffic Surge recorded on user-profile,CRITICAL
EVT-INC-8250-1,INC-8250,2026-09-12T17:19:00Z,DEPLOYMENT,payment-gateway,Telemetry signal: Deployment recorded on payment-gateway,CRITICAL
EVT-INC-8250-2,INC-8250,2026-09-12T17:28:00Z,MONITORING_ALERT,payment-gateway,Telemetry signal: Monitoring Alert recorded on payment-gateway,CRITICAL
EVT-INC-8250-3,INC-8250,2026-09-12T17:34:00Z,ERROR_SPIKE,payment-gateway,Telemetry signal: Error Spike recorded on payment-gateway,CRITICAL
EVT-INC-8250-4,INC-8250,2026-09-12T17:34:00Z,LATENCY_INCREASE,payment-gateway,Telemetry signal: Latency Increase recorded on payment-gateway,CRITICAL
EVT-INC-8250-5,INC-8250,2026-09-12T17:54:00Z,TRAFFIC_SURGE,payment-gateway,Telemetry signal: Traffic Surge recorded on payment-gateway,CRITICAL
EVT-INC-8251-1,INC-8251,2026-09-14T09:31:00Z,DEPLOYMENT,checkout-service,Telemetry signal: Deployment recorded on checkout-service,WARN
EVT-INC-8251-2,INC-8251,2026-09-14T10:01:00Z,MONITORING_ALERT,checkout-service,Telemetry signal: Monitoring Alert recorded on checkout-service,WARN
EVT-INC-8251-3,INC-8251,2026-09-14T09:53:00Z,ERROR_SPIKE,checkout-service,Telemetry signal: Error Spike recorded on checkout-service,WARN
EVT-INC-8251-4,INC-8251,2026-09-14T10:11:00Z,LATENCY_INCREASE,checkout-service,Telemetry signal: Latency Increase recorded on checkout-service,WARN
EVT-INC-8252-1,INC-8252,2026-09-22T02:57:00Z,MONITORING_ALERT,checkout-service,Telemetry signal: Monitoring Alert recorded on checkout-service,WARN
EVT-INC-8252-2,INC-8252,2026-09-22T03:34:00Z,ERROR_SPIKE,checkout-service,Telemetry signal: Error Spike recorded on checkout-service,WARN
EVT-INC-8252-3,INC-8252,2026-09-22T03:21:00Z,LATENCY_INCREASE,checkout-service,Telemetry signal: Latency Increase recorded on checkout-service,WARN
EVT-INC-8253-1,INC-8253,2026-09-20T23:38:00Z,DEPLOYMENT,user-profile,Telemetry signal: Deployment recorded on user-profile,WARN
EVT-INC-8253-2,INC-8253,2026-09-21T00:03:00Z,MONITORING_ALERT,user-profile,Telemetry signal: Monitoring Alert recorded on user-profile,WARN
EVT-INC-8253-3,INC-8253,2026-09-20T23:56:00Z,ERROR_SPIKE,user-profile,Telemetry signal: Error Spike recorded on user-profile,WARN
EVT-INC-8253-4,INC-8253,2026-09-20T23:57:00Z,LATENCY_INCREASE,user-profile,Telemetry signal: Latency Increase recorded on user-profile,WARN
EVT-INC-8254-1,INC-8254,2026-08-26T19:34:00Z,MONITORING_ALERT,payment-gateway,Telemetry signal: Monitoring Alert recorded on payment-gateway,WARN
EVT-INC-8254-2,INC-8254,2026-08-26T19:52:00Z,ERROR_SPIKE,payment-gateway,Telemetry signal: Error Spike recorded on payment-gateway,WARN
EVT-INC-8254-3,INC-8254,2026-08-26T19:42:00Z,LATENCY_INCREASE,payment-gateway,Telemetry signal: Latency Increase recorded on payment-gateway,WARN
EVT-INC-8254-4,INC-8254,2026-08-26T19:48:00Z,TRAFFIC_SURGE,payment-gateway,Telemetry signal: Traffic Surge recorded on payment-gateway,WARN
EVT-INC-8255-1,INC-8255,2026-08-22T19:07:00Z,MONITORING_ALERT,payment-gateway,Telemetry signal: Monitoring Alert recorded on payment-gateway,WARN
EVT-INC-8255-2,INC-8255,2026-08-22T19:03:00Z,ERROR_SPIKE,payment-gateway,Telemetry signal: Error Spike recorded on payment-gateway,WARN
EVT-INC-8255-3,INC-8255,2026-08-22T19:10:00Z,LATENCY_INCREASE,payment-gateway,Telemetry signal: Latency Increase recorded on payment-gateway,WARN
EVT-INC-8256-1,INC-8256,2026-09-17T19:24:00Z,MONITORING_ALERT,auth-service,Telemetry signal: Monitoring Alert recorded on auth-service,WARN
EVT-INC-8256-2,INC-8256,2026-09-17T19:36:00Z,ERROR_SPIKE,auth-service,Telemetry signal: Error Spike recorded on auth-service,WARN
EVT-INC-8256-3,INC-8256,2026-09-17T19:29:00Z,LATENCY_INCREASE,auth-service,Telemetry signal: Latency Increase recorded on auth-service,WARN
EVT-INC-8257-1,INC-8257,2026-08-17T22:15:00Z,DEPLOYMENT,auth-service,Telemetry signal: Deployment recorded on auth-service,WARN
EVT-INC-8257-2,INC-8257,2026-08-17T22:39:00Z,MONITORING_ALERT,auth-service,Telemetry signal: Monitoring Alert recorded on auth-service,WARN
EVT-INC-8257-3,INC-8257,2026-08-17T22:43:00Z,ERROR_SPIKE,auth-service,Telemetry signal: Error Spike recorded on auth-service,WARN
EVT-INC-8257-4,INC-8257,2026-08-17T22:42:00Z,LATENCY_INCREASE,auth-service,Telemetry signal: Latency Increase recorded on auth-service,WARN
EVT-INC-8258-1,INC-8258,2026-08-16T05:42:00Z,DEPLOYMENT,inventory-api,Telemetry signal: Deployment recorded on inventory-api,WARN
EVT-INC-8258-2,INC-8258,2026-08-16T06:03:00Z,MONITORING_ALERT,inventory-api,Telemetry signal: Monitoring Alert recorded on inventory-api,WARN
EVT-INC-8258-3,INC-8258,2026-08-16T05:43:00Z,ERROR_SPIKE,inventory-api,Telemetry signal: Error Spike recorded on inventory-api,WARN
EVT-INC-8258-4,INC-8258,2026-08-16T05:45:00Z,LATENCY_INCREASE,inventory-api,Telemetry signal: Latency Increase recorded on inventory-api,WARN
EVT-INC-8258-5,INC-8258,2026-08-16T06:06:00Z,TRAFFIC_SURGE,inventory-api,Telemetry signal: Traffic Surge recorded on inventory-api,WARN
EVT-INC-8259-1,INC-8259,2026-08-27T21:41:00Z,MONITORING_ALERT,auth-service,Telemetry signal: Monitoring Alert recorded on auth-service,WARN
EVT-INC-8259-2,INC-8259,2026-08-27T22:02:00Z,ERROR_SPIKE,auth-service,Telemetry signal: Error Spike recorded on auth-service,WARN
EVT-INC-8259-3,INC-8259,2026-08-27T22:25:00Z,LATENCY_INCREASE,auth-service,Telemetry signal: Latency Increase recorded on auth-service,WARN
EVT-INC-8260-1,INC-8260,2026-09-10T16:50:00Z,MONITORING_ALERT,payment-gateway,Telemetry signal: Monitoring Alert recorded on payment-gateway,WARN
EVT-INC-8260-2,INC-8260,2026-09-10T16:47:00Z,ERROR_SPIKE,payment-gateway,Telemetry signal: Error Spike recorded on payment-gateway,WARN
EVT-INC-8260-3,INC-8260,2026-09-10T16:44:00Z,LATENCY_INCREASE,payment-gateway,Telemetry signal: Latency Increase recorded on payment-gateway,WARN
EVT-INC-8261-1,INC-8261,2026-09-07T11:43:00Z,DEPLOYMENT,search-indexer,Telemetry signal: Deployment recorded on search-indexer,WARN
EVT-INC-8261-2,INC-8261,2026-09-07T11:25:00Z,MONITORING_ALERT,search-indexer,Telemetry signal: Monitoring Alert recorded on search-indexer,WARN
EVT-INC-8261-3,INC-8261,2026-09-07T11:37:00Z,ERROR_SPIKE,search-indexer,Telemetry signal: Error Spike recorded on search-indexer,WARN
EVT-INC-8261-4,INC-8261,2026-09-07T11:44:00Z,LATENCY_INCREASE,search-indexer,Telemetry signal: Latency Increase recorded on search-indexer,WARN
EVT-INC-8262-1,INC-8262,2026-08-22T09:55:00Z,MONITORING_ALERT,order-processing,Telemetry signal: Monitoring Alert recorded on order-processing,WARN
EVT-INC-8262-2,INC-8262,2026-08-22T10:26:00Z,ERROR_SPIKE,order-processing,Telemetry signal: Error Spike recorded on order-processing,WARN
EVT-INC-8262-3,INC-8262,2026-08-22T10:33:00Z,LATENCY_INCREASE,order-processing,Telemetry signal: Latency Increase recorded on order-processing,WARN
EVT-INC-8263-1,INC-8263,2026-09-17T21:49:00Z,DEPLOYMENT,inventory-api,Telemetry signal: Deployment recorded on inventory-api,WARN
EVT-INC-8263-2,INC-8263,2026-09-17T21:59:00Z,MONITORING_ALERT,inventory-api,Telemetry signal: Monitoring Alert recorded on inventory-api,WARN
EVT-INC-8263-3,INC-8263,2026-09-17T22:09:00Z,ERROR_SPIKE,inventory-api,Telemetry signal: Error Spike recorded on inventory-api,WARN
EVT-INC-8263-4,INC-8263,2026-09-17T22:25:00Z,LATENCY_INCREASE,inventory-api,Telemetry signal: Latency Increase recorded on inventory-api,WARN
EVT-INC-8264-1,INC-8264,2026-09-20T09:09:00Z,MONITORING_ALERT,order-processing,Telemetry signal: Monitoring Alert recorded on order-processing,WARN
EVT-INC-8264-2,INC-8264,2026-09-20T09:12:00Z,ERROR_SPIKE,order-processing,Telemetry signal: Error Spike recorded on order-processing,WARN
EVT-INC-8264-3,INC-8264,2026-09-20T09:14:00Z,LATENCY_INCREASE,order-processing,Telemetry signal: Latency Increase recorded on order-processing,WARN
EVT-INC-8265-1,INC-8265,2026-08-22T23:40:00Z,DEPLOYMENT,order-processing,Telemetry signal: Deployment recorded on order-processing,WARN
EVT-INC-8265-2,INC-8265,2026-08-22T23:22:00Z,MONITORING_ALERT,order-processing,Telemetry signal: Monitoring Alert recorded on order-processing,WARN
EVT-INC-8265-3,INC-8265,2026-08-22T23:48:00Z,ERROR_SPIKE,order-processing,Telemetry signal: Error Spike recorded on order-processing,WARN
EVT-INC-8265-4,INC-8265,2026-08-22T23:49:00Z,LATENCY_INCREASE,order-processing,Telemetry signal: Latency Increase recorded on order-processing,WARN
EVT-INC-8266-1,INC-8266,2026-09-08T12:38:00Z,DEPLOYMENT,order-processing,Telemetry signal: Deployment recorded on order-processing,WARN
EVT-INC-8266-2,INC-8266,2026-09-08T12:53:00Z,MONITORING_ALERT,order-processing,Telemetry signal: Monitoring Alert recorded on order-processing,WARN
EVT-INC-8266-3,INC-8266,2026-09-08T12:50:00Z,ERROR_SPIKE,order-processing,Telemetry signal: Error Spike recorded on order-processing,WARN
EVT-INC-8266-4,INC-8266,2026-09-08T13:13:00Z,LATENCY_INCREASE,order-processing,Telemetry signal: Latency Increase recorded on order-processing,WARN
EVT-INC-8267-1,INC-8267,2026-09-06T11:15:00Z,MONITORING_ALERT,search-indexer,Telemetry signal: Monitoring Alert recorded on search-indexer,WARN
EVT-INC-8267-2,INC-8267,2026-09-06T11:35:00Z,ERROR_SPIKE,search-indexer,Telemetry signal: Error Spike recorded on search-indexer,WARN
EVT-INC-8267-3,INC-8267,2026-09-06T11:27:00Z,LATENCY_INCREASE,search-indexer,Telemetry signal: Latency Increase recorded on search-indexer,WARN
EVT-INC-8268-1,INC-8268,2026-09-18T07:28:00Z,DEPLOYMENT,auth-service,Telemetry signal: Deployment recorded on auth-service,WARN
EVT-INC-8268-2,INC-8268,2026-09-18T07:23:00Z,MONITORING_ALERT,auth-service,Telemetry signal: Monitoring Alert recorded on auth-service,WARN
EVT-INC-8268-3,INC-8268,2026-09-18T07:47:00Z,ERROR_SPIKE,auth-service,Telemetry signal: Error Spike recorded on auth-service,WARN
EVT-INC-8268-4,INC-8268,2026-09-18T07:57:00Z,LATENCY_INCREASE,auth-service,Telemetry signal: Latency Increase recorded on auth-service,WARN
EVT-INC-8268-5,INC-8268,2026-09-18T08:20:00Z,TRAFFIC_SURGE,auth-service,Telemetry signal: Traffic Surge recorded on auth-service,WARN
EVT-INC-8269-1,INC-8269,2026-09-22T13:39:00Z,DEPLOYMENT,auth-service,Telemetry signal: Deployment recorded on auth-service,WARN
EVT-INC-8269-2,INC-8269,2026-09-22T14:02:00Z,MONITORING_ALERT,auth-service,Telemetry signal: Monitoring Alert recorded on auth-service,WARN
EVT-INC-8269-3,INC-8269,2026-09-22T14:07:00Z,ERROR_SPIKE,auth-service,Telemetry signal: Error Spike recorded on auth-service,WARN
EVT-INC-8269-4,INC-8269,2026-09-22T14:32:00Z,LATENCY_INCREASE,auth-service,Telemetry signal: Latency Increase recorded on auth-service,WARN
EVT-INC-8270-1,INC-8270,2026-09-06T03:28:00Z,DEPLOYMENT,checkout-service,Telemetry signal: Deployment recorded on checkout-service,WARN
EVT-INC-8270-2,INC-8270,2026-09-06T04:17:00Z,MONITORING_ALERT,checkout-service,Telemetry signal: Monitoring Alert recorded on checkout-service,WARN
EVT-INC-8270-3,INC-8270,2026-09-06T04:00:00Z,ERROR_SPIKE,checkout-service,Telemetry signal: Error Spike recorded on checkout-service,WARN
EVT-INC-8270-4,INC-8270,2026-09-06T04:05:00Z,LATENCY_INCREASE,checkout-service,Telemetry signal: Latency Increase recorded on checkout-service,WARN
EVT-INC-8271-1,INC-8271,2026-09-26T04:11:00Z,MONITORING_ALERT,notification-worker,Telemetry signal: Monitoring Alert recorded on notification-worker,WARN
EVT-INC-8271-2,INC-8271,2026-09-26T04:32:00Z,ERROR_SPIKE,notification-worker,Telemetry signal: Error Spike recorded on notification-worker,WARN
EVT-INC-8271-3,INC-8271,2026-09-26T04:29:00Z,LATENCY_INCREASE,notification-worker,Telemetry signal: Latency Increase recorded on notification-worker,WARN
EVT-INC-8271-4,INC-8271,2026-09-26T04:21:00Z,TRAFFIC_SURGE,notification-worker,Telemetry signal: Traffic Surge recorded on notification-worker,WARN
EVT-INC-8272-1,INC-8272,2026-09-18T08:56:00Z,MONITORING_ALERT,payment-gateway,Telemetry signal: Monitoring Alert recorded on payment-gateway,WARN
EVT-INC-8272-2,INC-8272,2026-09-18T08:25:00Z,ERROR_SPIKE,payment-gateway,Telemetry signal: Error Spike recorded on payment-gateway,WARN
EVT-INC-8272-3,INC-8272,2026-09-18T08:54:00Z,LATENCY_INCREASE,payment-gateway,Telemetry signal: Latency Increase recorded on payment-gateway,WARN
EVT-INC-8272-4,INC-8272,2026-09-18T08:58:00Z,TRAFFIC_SURGE,payment-gateway,Telemetry signal: Traffic Surge recorded on payment-gateway,WARN
EVT-INC-8273-1,INC-8273,2026-09-20T08:38:00Z,DEPLOYMENT,user-profile,Telemetry signal: Deployment recorded on user-profile,WARN
EVT-INC-8273-2,INC-8273,2026-09-20T08:08:00Z,MONITORING_ALERT,user-profile,Telemetry signal: Monitoring Alert recorded on user-profile,WARN
EVT-INC-8273-3,INC-8273,2026-09-20T08:12:00Z,ERROR_SPIKE,user-profile,Telemetry signal: Error Spike recorded on user-profile,WARN
EVT-INC-8273-4,INC-8273,2026-09-20T08:26:00Z,LATENCY_INCREASE,user-profile,Telemetry signal: Latency Increase recorded on user-profile,WARN
EVT-INC-8273-5,INC-8273,2026-09-20T08:39:00Z,TRAFFIC_SURGE,user-profile,Telemetry signal: Traffic Surge recorded on user-profile,WARN
EVT-INC-8274-1,INC-8274,2026-08-12T13:53:00Z,DEPLOYMENT,auth-service,Telemetry signal: Deployment recorded on auth-service,WARN
EVT-INC-8274-2,INC-8274,2026-08-12T13:53:00Z,MONITORING_ALERT,auth-service,Telemetry signal: Monitoring Alert recorded on auth-service,WARN
EVT-INC-8274-3,INC-8274,2026-08-12T14:07:00Z,ERROR_SPIKE,auth-service,Telemetry signal: Error Spike recorded on auth-service,WARN
EVT-INC-8274-4,INC-8274,2026-08-12T14:21:00Z,LATENCY_INCREASE,auth-service,Telemetry signal: Latency Increase recorded on auth-service,WARN
EVT-INC-8275-1,INC-8275,2026-09-26T09:17:00Z,DEPLOYMENT,notification-worker,Telemetry signal: Deployment recorded on notification-worker,WARN
EVT-INC-8275-2,INC-8275,2026-09-26T09:10:00Z,MONITORING_ALERT,notification-worker,Telemetry signal: Monitoring Alert recorded on notification-worker,WARN
EVT-INC-8275-3,INC-8275,2026-09-26T09:29:00Z,ERROR_SPIKE,notification-worker,Telemetry signal: Error Spike recorded on notification-worker,WARN
EVT-INC-8275-4,INC-8275,2026-09-26T09:54:00Z,LATENCY_INCREASE,notification-worker,Telemetry signal: Latency Increase recorded on notification-worker,WARN
EVT-INC-8275-5,INC-8275,2026-09-26T10:01:00Z,TRAFFIC_SURGE,notification-worker,Telemetry signal: Traffic Surge recorded on notification-worker,WARN
EVT-INC-8276-1,INC-8276,2026-09-26T04:22:00Z,MONITORING_ALERT,order-processing,Telemetry signal: Monitoring Alert recorded on order-processing,WARN
EVT-INC-8276-2,INC-8276,2026-09-26T04:52:00Z,ERROR_SPIKE,order-processing,Telemetry signal: Error Spike recorded on order-processing,WARN
EVT-INC-8276-3,INC-8276,2026-09-26T04:49:00Z,LATENCY_INCREASE,order-processing,Telemetry signal: Latency Increase recorded on order-processing,WARN
EVT-INC-8277-1,INC-8277,2026-08-16T16:34:00Z,DEPLOYMENT,notification-worker,Telemetry signal: Deployment recorded on notification-worker,CRITICAL
EVT-INC-8277-2,INC-8277,2026-08-16T17:07:00Z,MONITORING_ALERT,notification-worker,Telemetry signal: Monitoring Alert recorded on notification-worker,CRITICAL
EVT-INC-8277-3,INC-8277,2026-08-16T17:02:00Z,ERROR_SPIKE,notification-worker,Telemetry signal: Error Spike recorded on notification-worker,CRITICAL
EVT-INC-8277-4,INC-8277,2026-08-16T17:00:00Z,LATENCY_INCREASE,notification-worker,Telemetry signal: Latency Increase recorded on notification-worker,CRITICAL
EVT-INC-8278-1,INC-8278,2026-08-12T17:03:00Z,MONITORING_ALERT,user-profile,Telemetry signal: Monitoring Alert recorded on user-profile,WARN
EVT-INC-8278-2,INC-8278,2026-08-12T17:02:00Z,ERROR_SPIKE,user-profile,Telemetry signal: Error Spike recorded on user-profile,WARN
EVT-INC-8278-3,INC-8278,2026-08-12T17:19:00Z,LATENCY_INCREASE,user-profile,Telemetry signal: Latency Increase recorded on user-profile,WARN
EVT-INC-8278-4,INC-8278,2026-08-12T17:15:00Z,TRAFFIC_SURGE,user-profile,Telemetry signal: Traffic Surge recorded on user-profile,WARN
EVT-INC-8279-1,INC-8279,2026-09-24T17:55:00Z,DEPLOYMENT,order-processing,Telemetry signal: Deployment recorded on order-processing,WARN
EVT-INC-8279-2,INC-8279,2026-09-24T18:28:00Z,MONITORING_ALERT,order-processing,Telemetry signal: Monitoring Alert recorded on order-processing,WARN
EVT-INC-8279-3,INC-8279,2026-09-24T18:49:00Z,ERROR_SPIKE,order-processing,Telemetry signal: Error Spike recorded on order-processing,WARN
EVT-INC-8279-4,INC-8279,2026-09-24T18:51:00Z,LATENCY_INCREASE,order-processing,Telemetry signal: Latency Increase recorded on order-processing,WARN
EVT-INC-8280-1,INC-8280,2026-09-11T13:13:00Z,DEPLOYMENT,user-profile,Telemetry signal: Deployment recorded on user-profile,CRITICAL
EVT-INC-8280-2,INC-8280,2026-09-11T13:17:00Z,MONITORING_ALERT,user-profile,Telemetry signal: Monitoring Alert recorded on user-profile,CRITICAL
EVT-INC-8280-3,INC-8280,2026-09-11T13:46:00Z,ERROR_SPIKE,user-profile,Telemetry signal: Error Spike recorded on user-profile,CRITICAL
EVT-INC-8280-4,INC-8280,2026-09-11T14:09:00Z,LATENCY_INCREASE,user-profile,Telemetry signal: Latency Increase recorded on user-profile,CRITICAL
EVT-INC-8280-5,INC-8280,2026-09-11T14:12:00Z,TRAFFIC_SURGE,user-profile,Telemetry signal: Traffic Surge recorded on user-profile,CRITICAL
EVT-INC-8281-1,INC-8281,2026-09-11T06:28:00Z,DEPLOYMENT,inventory-api,Telemetry signal: Deployment recorded on inventory-api,CRITICAL
EVT-INC-8281-2,INC-8281,2026-09-11T07:27:00Z,MONITORING_ALERT,inventory-api,Telemetry signal: Monitoring Alert recorded on inventory-api,CRITICAL
EVT-INC-8281-3,INC-8281,2026-09-11T07:25:00Z,ERROR_SPIKE,inventory-api,Telemetry signal: Error Spike recorded on inventory-api,CRITICAL
EVT-INC-8281-4,INC-8281,2026-09-11T07:35:00Z,LATENCY_INCREASE,inventory-api,Telemetry signal: Latency Increase recorded on inventory-api,CRITICAL
EVT-INC-8281-5,INC-8281,2026-09-11T07:39:00Z,TRAFFIC_SURGE,inventory-api,Telemetry signal: Traffic Surge recorded on inventory-api,CRITICAL
EVT-INC-8282-1,INC-8282,2026-09-21T06:32:00Z,MONITORING_ALERT,inventory-api,Telemetry signal: Monitoring Alert recorded on inventory-api,WARN
EVT-INC-8282-2,INC-8282,2026-09-21T06:38:00Z,ERROR_SPIKE,inventory-api,Telemetry signal: Error Spike recorded on inventory-api,WARN
EVT-INC-8282-3,INC-8282,2026-09-21T06:42:00Z,LATENCY_INCREASE,inventory-api,Telemetry signal: Latency Increase recorded on inventory-api,WARN
EVT-INC-8283-1,INC-8283,2026-08-26T17:32:00Z,MONITORING_ALERT,inventory-api,Telemetry signal: Monitoring Alert recorded on inventory-api,WARN
EVT-INC-8283-2,INC-8283,2026-08-26T17:41:00Z,ERROR_SPIKE,inventory-api,Telemetry signal: Error Spike recorded on inventory-api,WARN
EVT-INC-8283-3,INC-8283,2026-08-26T17:44:00Z,LATENCY_INCREASE,inventory-api,Telemetry signal: Latency Increase recorded on inventory-api,WARN
EVT-INC-8283-4,INC-8283,2026-08-26T17:42:00Z,TRAFFIC_SURGE,inventory-api,Telemetry signal: Traffic Surge recorded on inventory-api,WARN
EVT-INC-8284-1,INC-8284,2026-08-15T10:45:00Z,DEPLOYMENT,order-processing,Telemetry signal: Deployment recorded on order-processing,WARN
EVT-INC-8284-2,INC-8284,2026-08-15T11:18:00Z,MONITORING_ALERT,order-processing,Telemetry signal: Monitoring Alert recorded on order-processing,WARN
EVT-INC-8284-3,INC-8284,2026-08-15T11:26:00Z,ERROR_SPIKE,order-processing,Telemetry signal: Error Spike recorded on order-processing,WARN
EVT-INC-8284-4,INC-8284,2026-08-15T11:42:00Z,LATENCY_INCREASE,order-processing,Telemetry signal: Latency Increase recorded on order-processing,WARN
EVT-INC-8284-5,INC-8284,2026-08-15T11:46:00Z,TRAFFIC_SURGE,order-processing,Telemetry signal: Traffic Surge recorded on order-processing,WARN
EVT-INC-8285-1,INC-8285,2026-08-27T04:07:00Z,DEPLOYMENT,checkout-service,Telemetry signal: Deployment recorded on checkout-service,WARN
EVT-INC-8285-2,INC-8285,2026-08-27T04:48:00Z,MONITORING_ALERT,checkout-service,Telemetry signal: Monitoring Alert recorded on checkout-service,WARN
EVT-INC-8285-3,INC-8285,2026-08-27T04:42:00Z,ERROR_SPIKE,checkout-service,Telemetry signal: Error Spike recorded on checkout-service,WARN
EVT-INC-8285-4,INC-8285,2026-08-27T04:52:00Z,LATENCY_INCREASE,checkout-service,Telemetry signal: Latency Increase recorded on checkout-service,WARN
EVT-INC-8285-5,INC-8285,2026-08-27T05:09:00Z,TRAFFIC_SURGE,checkout-service,Telemetry signal: Traffic Surge recorded on checkout-service,WARN
EVT-INC-8286-1,INC-8286,2026-08-27T22:05:00Z,MONITORING_ALERT,auth-service,Telemetry signal: Monitoring Alert recorded on auth-service,WARN
EVT-INC-8286-2,INC-8286,2026-08-27T22:15:00Z,ERROR_SPIKE,auth-service,Telemetry signal: Error Spike recorded on auth-service,WARN
EVT-INC-8286-3,INC-8286,2026-08-27T22:09:00Z,LATENCY_INCREASE,auth-service,Telemetry signal: Latency Increase recorded on auth-service,WARN
EVT-INC-8287-1,INC-8287,2026-09-01T16:35:00Z,DEPLOYMENT,search-indexer,Telemetry signal: Deployment recorded on search-indexer,WARN
EVT-INC-8287-2,INC-8287,2026-09-01T16:32:00Z,MONITORING_ALERT,search-indexer,Telemetry signal: Monitoring Alert recorded on search-indexer,WARN
EVT-INC-8287-3,INC-8287,2026-09-01T16:55:00Z,ERROR_SPIKE,search-indexer,Telemetry signal: Error Spike recorded on search-indexer,WARN
EVT-INC-8287-4,INC-8287,2026-09-01T16:45:00Z,LATENCY_INCREASE,search-indexer,Telemetry signal: Latency Increase recorded on search-indexer,WARN
EVT-INC-8288-1,INC-8288,2026-08-26T06:44:00Z,MONITORING_ALERT,notification-worker,Telemetry signal: Monitoring Alert recorded on notification-worker,WARN
EVT-INC-8288-2,INC-8288,2026-08-26T06:18:00Z,ERROR_SPIKE,notification-worker,Telemetry signal: Error Spike recorded on notification-worker,WARN
EVT-INC-8288-3,INC-8288,2026-08-26T06:54:00Z,LATENCY_INCREASE,notification-worker,Telemetry signal: Latency Increase recorded on notification-worker,WARN
EVT-INC-8288-4,INC-8288,2026-08-26T06:45:00Z,TRAFFIC_SURGE,notification-worker,Telemetry signal: Traffic Surge recorded on notification-worker,WARN
EVT-INC-8289-1,INC-8289,2026-09-13T05:18:00Z,MONITORING_ALERT,payment-gateway,Telemetry signal: Monitoring Alert recorded on payment-gateway,WARN
EVT-INC-8289-2,INC-8289,2026-09-13T04:52:00Z,ERROR_SPIKE,payment-gateway,Telemetry signal: Error Spike recorded on payment-gateway,WARN
EVT-INC-8289-3,INC-8289,2026-09-13T05:04:00Z,LATENCY_INCREASE,payment-gateway,Telemetry signal: Latency Increase recorded on payment-gateway,WARN
EVT-INC-8289-4,INC-8289,2026-09-13T05:15:00Z,TRAFFIC_SURGE,payment-gateway,Telemetry signal: Traffic Surge recorded on payment-gateway,WARN
EVT-INC-8290-1,INC-8290,2026-09-26T10:15:00Z,DEPLOYMENT,checkout-service,Telemetry signal: Deployment recorded on checkout-service,WARN
EVT-INC-8290-2,INC-8290,2026-09-26T10:22:00Z,MONITORING_ALERT,checkout-service,Telemetry signal: Monitoring Alert recorded on checkout-service,WARN
EVT-INC-8290-3,INC-8290,2026-09-26T10:29:00Z,ERROR_SPIKE,checkout-service,Telemetry signal: Error Spike recorded on checkout-service,WARN
EVT-INC-8290-4,INC-8290,2026-09-26T10:32:00Z,LATENCY_INCREASE,checkout-service,Telemetry signal: Latency Increase recorded on checkout-service,WARN
EVT-INC-8290-5,INC-8290,2026-09-26T10:46:00Z,TRAFFIC_SURGE,checkout-service,Telemetry signal: Traffic Surge recorded on checkout-service,WARN
EVT-INC-8291-1,INC-8291,2026-08-19T05:45:00Z,MONITORING_ALERT,checkout-service,Telemetry signal: Monitoring Alert recorded on checkout-service,WARN
EVT-INC-8291-2,INC-8291,2026-08-19T06:16:00Z,ERROR_SPIKE,checkout-service,Telemetry signal: Error Spike recorded on checkout-service,WARN
EVT-INC-8291-3,INC-8291,2026-08-19T06:15:00Z,LATENCY_INCREASE,checkout-service,Telemetry signal: Latency Increase recorded on checkout-service,WARN
EVT-INC-8292-1,INC-8292,2026-08-18T07:54:00Z,MONITORING_ALERT,notification-worker,Telemetry signal: Monitoring Alert recorded on notification-worker,WARN
EVT-INC-8292-2,INC-8292,2026-08-18T07:55:00Z,ERROR_SPIKE,notification-worker,Telemetry signal: Error Spike recorded on notification-worker,WARN
EVT-INC-8292-3,INC-8292,2026-08-18T08:14:00Z,LATENCY_INCREASE,notification-worker,Telemetry signal: Latency Increase recorded on notification-worker,WARN
EVT-INC-8293-1,INC-8293,2026-08-31T05:38:00Z,MONITORING_ALERT,notification-worker,Telemetry signal: Monitoring Alert recorded on notification-worker,WARN
EVT-INC-8293-2,INC-8293,2026-08-31T06:10:00Z,ERROR_SPIKE,notification-worker,Telemetry signal: Error Spike recorded on notification-worker,WARN
EVT-INC-8293-3,INC-8293,2026-08-31T06:11:00Z,LATENCY_INCREASE,notification-worker,Telemetry signal: Latency Increase recorded on notification-worker,WARN
EVT-INC-8294-1,INC-8294,2026-08-28T17:49:00Z,DEPLOYMENT,inventory-api,Telemetry signal: Deployment recorded on inventory-api,WARN
EVT-INC-8294-2,INC-8294,2026-08-28T18:50:00Z,MONITORING_ALERT,inventory-api,Telemetry signal: Monitoring Alert recorded on inventory-api,WARN
EVT-INC-8294-3,INC-8294,2026-08-28T18:30:00Z,ERROR_SPIKE,inventory-api,Telemetry signal: Error Spike recorded on inventory-api,WARN
EVT-INC-8294-4,INC-8294,2026-08-28T18:38:00Z,LATENCY_INCREASE,inventory-api,Telemetry signal: Latency Increase recorded on inventory-api,WARN
EVT-INC-8294-5,INC-8294,2026-08-28T18:45:00Z,TRAFFIC_SURGE,inventory-api,Telemetry signal: Traffic Surge recorded on inventory-api,WARN
EVT-INC-8295-1,INC-8295,2026-09-13T01:45:00Z,DEPLOYMENT,notification-worker,Telemetry signal: Deployment recorded on notification-worker,WARN
EVT-INC-8295-2,INC-8295,2026-09-13T01:27:00Z,MONITORING_ALERT,notification-worker,Telemetry signal: Monitoring Alert recorded on notification-worker,WARN
EVT-INC-8295-3,INC-8295,2026-09-13T01:55:00Z,ERROR_SPIKE,notification-worker,Telemetry signal: Error Spike recorded on notification-worker,WARN
EVT-INC-8295-4,INC-8295,2026-09-13T01:46:00Z,LATENCY_INCREASE,notification-worker,Telemetry signal: Latency Increase recorded on notification-worker,WARN
EVT-INC-8296-1,INC-8296,2026-08-18T17:05:00Z,MONITORING_ALERT,inventory-api,Telemetry signal: Monitoring Alert recorded on inventory-api,WARN
EVT-INC-8296-2,INC-8296,2026-08-18T17:36:00Z,ERROR_SPIKE,inventory-api,Telemetry signal: Error Spike recorded on inventory-api,WARN
EVT-INC-8296-3,INC-8296,2026-08-18T17:15:00Z,LATENCY_INCREASE,inventory-api,Telemetry signal: Latency Increase recorded on inventory-api,WARN
EVT-INC-8296-4,INC-8296,2026-08-18T17:35:00Z,TRAFFIC_SURGE,inventory-api,Telemetry signal: Traffic Surge recorded on inventory-api,WARN
EVT-INC-8297-1,INC-8297,2026-09-04T09:24:00Z,MONITORING_ALERT,checkout-service,Telemetry signal: Monitoring Alert recorded on checkout-service,WARN
EVT-INC-8297-2,INC-8297,2026-09-04T09:50:00Z,ERROR_SPIKE,checkout-service,Telemetry signal: Error Spike recorded on checkout-service,WARN
EVT-INC-8297-3,INC-8297,2026-09-04T09:53:00Z,LATENCY_INCREASE,checkout-service,Telemetry signal: Latency Increase recorded on checkout-service,WARN
EVT-INC-8298-1,INC-8298,2026-08-19T03:31:00Z,DEPLOYMENT,search-indexer,Telemetry signal: Deployment recorded on search-indexer,WARN
EVT-INC-8298-2,INC-8298,2026-08-19T03:39:00Z,MONITORING_ALERT,search-indexer,Telemetry signal: Monitoring Alert recorded on search-indexer,WARN
EVT-INC-8298-3,INC-8298,2026-08-19T04:01:00Z,ERROR_SPIKE,search-indexer,Telemetry signal: Error Spike recorded on search-indexer,WARN
EVT-INC-8298-4,INC-8298,2026-08-19T04:07:00Z,LATENCY_INCREASE,search-indexer,Telemetry signal: Latency Increase recorded on search-indexer,WARN
EVT-INC-8299-1,INC-8299,2026-08-21T04:11:00Z,MONITORING_ALERT,inventory-api,Telemetry signal: Monitoring Alert recorded on inventory-api,WARN
EVT-INC-8299-2,INC-8299,2026-08-21T04:39:00Z,ERROR_SPIKE,inventory-api,Telemetry signal: Error Spike recorded on inventory-api,WARN
EVT-INC-8299-3,INC-8299,2026-08-21T04:43:00Z,LATENCY_INCREASE,inventory-api,Telemetry signal: Latency Increase recorded on inventory-api,WARN
EVT-INC-8300-1,INC-8300,2026-08-26T18:01:00Z,MONITORING_ALERT,inventory-api,Telemetry signal: Monitoring Alert recorded on inventory-api,WARN
EVT-INC-8300-2,INC-8300,2026-08-26T17:58:00Z,ERROR_SPIKE,inventory-api,Telemetry signal: Error Spike recorded on inventory-api,WARN
EVT-INC-8300-3,INC-8300,2026-08-26T18:01:00Z,LATENCY_INCREASE,inventory-api,Telemetry signal: Latency Increase recorded on inventory-api,WARN
EVT-INC-8301-1,INC-8301,2026-09-10T10:49:00Z,DEPLOYMENT,payment-gateway,Telemetry signal: Deployment recorded on payment-gateway,WARN
EVT-INC-8301-2,INC-8301,2026-09-10T11:07:00Z,MONITORING_ALERT,payment-gateway,Telemetry signal: Monitoring Alert recorded on payment-gateway,WARN
EVT-INC-8301-3,INC-8301,2026-09-10T11:41:00Z,ERROR_SPIKE,payment-gateway,Telemetry signal: Error Spike recorded on payment-gateway,WARN
EVT-INC-8301-4,INC-8301,2026-09-10T11:39:00Z,LATENCY_INCREASE,payment-gateway,Telemetry signal: Latency Increase recorded on payment-gateway,WARN
EVT-INC-8302-1,INC-8302,2026-08-20T21:12:00Z,DEPLOYMENT,auth-service,Telemetry signal: Deployment recorded on auth-service,WARN
EVT-INC-8302-2,INC-8302,2026-08-20T22:07:00Z,MONITORING_ALERT,auth-service,Telemetry signal: Monitoring Alert recorded on auth-service,WARN
EVT-INC-8302-3,INC-8302,2026-08-20T21:48:00Z,ERROR_SPIKE,auth-service,Telemetry signal: Error Spike recorded on auth-service,WARN
EVT-INC-8302-4,INC-8302,2026-08-20T22:13:00Z,LATENCY_INCREASE,auth-service,Telemetry signal: Latency Increase recorded on auth-service,WARN
EVT-INC-8302-5,INC-8302,2026-08-20T22:15:00Z,TRAFFIC_SURGE,auth-service,Telemetry signal: Traffic Surge recorded on auth-service,WARN
EVT-INC-8303-1,INC-8303,2026-09-23T17:57:00Z,DEPLOYMENT,user-profile,Telemetry signal: Deployment recorded on user-profile,WARN
EVT-INC-8303-2,INC-8303,2026-09-23T17:42:00Z,MONITORING_ALERT,user-profile,Telemetry signal: Monitoring Alert recorded on user-profile,WARN
EVT-INC-8303-3,INC-8303,2026-09-23T17:43:00Z,ERROR_SPIKE,user-profile,Telemetry signal: Error Spike recorded on user-profile,WARN
EVT-INC-8303-4,INC-8303,2026-09-23T18:02:00Z,LATENCY_INCREASE,user-profile,Telemetry signal: Latency Increase recorded on user-profile,WARN
EVT-INC-8304-1,INC-8304,2026-09-23T05:51:00Z,DEPLOYMENT,order-processing,Telemetry signal: Deployment recorded on order-processing,WARN
EVT-INC-8304-2,INC-8304,2026-09-23T06:27:00Z,MONITORING_ALERT,order-processing,Telemetry signal: Monitoring Alert recorded on order-processing,WARN
EVT-INC-8304-3,INC-8304,2026-09-23T06:06:00Z,ERROR_SPIKE,order-processing,Telemetry signal: Error Spike recorded on order-processing,WARN
EVT-INC-8304-4,INC-8304,2026-09-23T06:37:00Z,LATENCY_INCREASE,order-processing,Telemetry signal: Latency Increase recorded on order-processing,WARN
EVT-INC-8304-5,INC-8304,2026-09-23T06:41:00Z,TRAFFIC_SURGE,order-processing,Telemetry signal: Traffic Surge recorded on order-processing,WARN
EVT-INC-8305-1,INC-8305,2026-08-19T01:06:00Z,DEPLOYMENT,payment-gateway,Telemetry signal: Deployment recorded on payment-gateway,WARN
EVT-INC-8305-2,INC-8305,2026-08-19T01:35:00Z,MONITORING_ALERT,payment-gateway,Telemetry signal: Monitoring Alert recorded on payment-gateway,WARN
EVT-INC-8305-3,INC-8305,2026-08-19T01:36:00Z,ERROR_SPIKE,payment-gateway,Telemetry signal: Error Spike recorded on payment-gateway,WARN
EVT-INC-8305-4,INC-8305,2026-08-19T01:49:00Z,LATENCY_INCREASE,payment-gateway,Telemetry signal: Latency Increase recorded on payment-gateway,WARN
EVT-INC-8306-1,INC-8306,2026-09-13T06:42:00Z,MONITORING_ALERT,auth-service,Telemetry signal: Monitoring Alert recorded on auth-service,WARN
EVT-INC-8306-2,INC-8306,2026-09-13T06:33:00Z,ERROR_SPIKE,auth-service,Telemetry signal: Error Spike recorded on auth-service,WARN
EVT-INC-8306-3,INC-8306,2026-09-13T07:01:00Z,LATENCY_INCREASE,auth-service,Telemetry signal: Latency Increase recorded on auth-service,WARN
EVT-INC-8307-1,INC-8307,2026-09-20T02:22:00Z,DEPLOYMENT,user-profile,Telemetry signal: Deployment recorded on user-profile,WARN
EVT-INC-8307-2,INC-8307,2026-09-20T02:27:00Z,MONITORING_ALERT,user-profile,Telemetry signal: Monitoring Alert recorded on user-profile,WARN
EVT-INC-8307-3,INC-8307,2026-09-20T02:26:00Z,ERROR_SPIKE,user-profile,Telemetry signal: Error Spike recorded on user-profile,WARN
EVT-INC-8307-4,INC-8307,2026-09-20T02:41:00Z,LATENCY_INCREASE,user-profile,Telemetry signal: Latency Increase recorded on user-profile,WARN
EVT-INC-8308-1,INC-8308,2026-09-07T23:50:00Z,DEPLOYMENT,notification-worker,Telemetry signal: Deployment recorded on notification-worker,CRITICAL
EVT-INC-8308-2,INC-8308,2026-09-08T00:38:00Z,MONITORING_ALERT,notification-worker,Telemetry signal: Monitoring Alert recorded on notification-worker,CRITICAL
EVT-INC-8308-3,INC-8308,2026-09-08T00:26:00Z,ERROR_SPIKE,notification-worker,Telemetry signal: Error Spike recorded on notification-worker,CRITICAL
EVT-INC-8308-4,INC-8308,2026-09-08T00:28:00Z,LATENCY_INCREASE,notification-worker,Telemetry signal: Latency Increase recorded on notification-worker,CRITICAL
EVT-INC-8308-5,INC-8308,2026-09-08T00:49:00Z,TRAFFIC_SURGE,notification-worker,Telemetry signal: Traffic Surge recorded on notification-worker,CRITICAL
EVT-INC-8309-1,INC-8309,2026-08-28T15:33:00Z,DEPLOYMENT,notification-worker,Telemetry signal: Deployment recorded on notification-worker,CRITICAL
EVT-INC-8309-2,INC-8309,2026-08-28T15:47:00Z,MONITORING_ALERT,notification-worker,Telemetry signal: Monitoring Alert recorded on notification-worker,CRITICAL
EVT-INC-8309-3,INC-8309,2026-08-28T16:37:00Z,ERROR_SPIKE,notification-worker,Telemetry signal: Error Spike recorded on notification-worker,CRITICAL
EVT-INC-8309-4,INC-8309,2026-08-28T16:39:00Z,LATENCY_INCREASE,notification-worker,Telemetry signal: Latency Increase recorded on notification-worker,CRITICAL
EVT-INC-8309-5,INC-8309,2026-08-28T16:35:00Z,TRAFFIC_SURGE,notification-worker,Telemetry signal: Traffic Surge recorded on notification-worker,CRITICAL
EVT-INC-8310-1,INC-8310,2026-08-23T20:49:00Z,MONITORING_ALERT,order-processing,Telemetry signal: Monitoring Alert recorded on order-processing,WARN
EVT-INC-8310-2,INC-8310,2026-08-23T21:06:00Z,ERROR_SPIKE,order-processing,Telemetry signal: Error Spike recorded on order-processing,WARN
EVT-INC-8310-3,INC-8310,2026-08-23T21:37:00Z,LATENCY_INCREASE,order-processing,Telemetry signal: Latency Increase recorded on order-processing,WARN
EVT-INC-8310-4,INC-8310,2026-08-23T21:32:00Z,TRAFFIC_SURGE,order-processing,Telemetry signal: Traffic Surge recorded on order-processing,WARN
EVT-INC-8311-1,INC-8311,2026-08-25T18:43:00Z,MONITORING_ALERT,payment-gateway,Telemetry signal: Monitoring Alert recorded on payment-gateway,WARN
EVT-INC-8311-2,INC-8311,2026-08-25T18:59:00Z,ERROR_SPIKE,payment-gateway,Telemetry signal: Error Spike recorded on payment-gateway,WARN
EVT-INC-8311-3,INC-8311,2026-08-25T19:00:00Z,LATENCY_INCREASE,payment-gateway,Telemetry signal: Latency Increase recorded on payment-gateway,WARN
EVT-INC-8312-1,INC-8312,2026-09-18T07:11:00Z,MONITORING_ALERT,checkout-service,Telemetry signal: Monitoring Alert recorded on checkout-service,WARN
EVT-INC-8312-2,INC-8312,2026-09-18T07:41:00Z,ERROR_SPIKE,checkout-service,Telemetry signal: Error Spike recorded on checkout-service,WARN
EVT-INC-8312-3,INC-8312,2026-09-18T07:43:00Z,LATENCY_INCREASE,checkout-service,Telemetry signal: Latency Increase recorded on checkout-service,WARN
EVT-INC-8313-1,INC-8313,2026-08-29T16:37:00Z,DEPLOYMENT,checkout-service,Telemetry signal: Deployment recorded on checkout-service,WARN
EVT-INC-8313-2,INC-8313,2026-08-29T16:47:00Z,MONITORING_ALERT,checkout-service,Telemetry signal: Monitoring Alert recorded on checkout-service,WARN
EVT-INC-8313-3,INC-8313,2026-08-29T16:35:00Z,ERROR_SPIKE,checkout-service,Telemetry signal: Error Spike recorded on checkout-service,WARN
EVT-INC-8313-4,INC-8313,2026-08-29T16:51:00Z,LATENCY_INCREASE,checkout-service,Telemetry signal: Latency Increase recorded on checkout-service,WARN
EVT-INC-8314-1,INC-8314,2026-08-27T11:31:00Z,DEPLOYMENT,user-profile,Telemetry signal: Deployment recorded on user-profile,WARN
EVT-INC-8314-2,INC-8314,2026-08-27T10:52:00Z,MONITORING_ALERT,user-profile,Telemetry signal: Monitoring Alert recorded on user-profile,WARN
EVT-INC-8314-3,INC-8314,2026-08-27T11:18:00Z,ERROR_SPIKE,user-profile,Telemetry signal: Error Spike recorded on user-profile,WARN
EVT-INC-8314-4,INC-8314,2026-08-27T11:26:00Z,LATENCY_INCREASE,user-profile,Telemetry signal: Latency Increase recorded on user-profile,WARN
EVT-INC-8314-5,INC-8314,2026-08-27T11:32:00Z,TRAFFIC_SURGE,user-profile,Telemetry signal: Traffic Surge recorded on user-profile,WARN
EVT-INC-8315-1,INC-8315,2026-09-18T10:24:00Z,DEPLOYMENT,search-indexer,Telemetry signal: Deployment recorded on search-indexer,WARN
EVT-INC-8315-2,INC-8315,2026-09-18T11:23:00Z,MONITORING_ALERT,search-indexer,Telemetry signal: Monitoring Alert recorded on search-indexer,WARN
EVT-INC-8315-3,INC-8315,2026-09-18T11:03:00Z,ERROR_SPIKE,search-indexer,Telemetry signal: Error Spike recorded on search-indexer,WARN
EVT-INC-8315-4,INC-8315,2026-09-18T11:23:00Z,LATENCY_INCREASE,search-indexer,Telemetry signal: Latency Increase recorded on search-indexer,WARN
EVT-INC-8315-5,INC-8315,2026-09-18T11:29:00Z,TRAFFIC_SURGE,search-indexer,Telemetry signal: Traffic Surge recorded on search-indexer,WARN
EVT-INC-8316-1,INC-8316,2026-09-21T11:04:00Z,MONITORING_ALERT,user-profile,Telemetry signal: Monitoring Alert recorded on user-profile,WARN
EVT-INC-8316-2,INC-8316,2026-09-21T11:26:00Z,ERROR_SPIKE,user-profile,Telemetry signal: Error Spike recorded on user-profile,WARN
EVT-INC-8316-3,INC-8316,2026-09-21T11:13:00Z,LATENCY_INCREASE,user-profile,Telemetry signal: Latency Increase recorded on user-profile,WARN
EVT-INC-8317-1,INC-8317,2026-09-17T15:36:00Z,DEPLOYMENT,search-indexer,Telemetry signal: Deployment recorded on search-indexer,WARN
EVT-INC-8317-2,INC-8317,2026-09-17T15:21:00Z,MONITORING_ALERT,search-indexer,Telemetry signal: Monitoring Alert recorded on search-indexer,WARN
EVT-INC-8317-3,INC-8317,2026-09-17T15:32:00Z,ERROR_SPIKE,search-indexer,Telemetry signal: Error Spike recorded on search-indexer,WARN
EVT-INC-8317-4,INC-8317,2026-09-17T15:37:00Z,LATENCY_INCREASE,search-indexer,Telemetry signal: Latency Increase recorded on search-indexer,WARN
EVT-INC-8317-5,INC-8317,2026-09-17T15:27:00Z,TRAFFIC_SURGE,search-indexer,Telemetry signal: Traffic Surge recorded on search-indexer,WARN
EVT-INC-8318-1,INC-8318,2026-08-21T07:49:00Z,DEPLOYMENT,notification-worker,Telemetry signal: Deployment recorded on notification-worker,WARN
EVT-INC-8318-2,INC-8318,2026-08-21T07:17:00Z,MONITORING_ALERT,notification-worker,Telemetry signal: Monitoring Alert recorded on notification-worker,WARN
EVT-INC-8318-3,INC-8318,2026-08-21T07:39:00Z,ERROR_SPIKE,notification-worker,Telemetry signal: Error Spike recorded on notification-worker,WARN
EVT-INC-8318-4,INC-8318,2026-08-21T07:41:00Z,LATENCY_INCREASE,notification-worker,Telemetry signal: Latency Increase recorded on notification-worker,WARN
EVT-INC-8319-1,INC-8319,2026-08-15T05:50:00Z,MONITORING_ALERT,order-processing,Telemetry signal: Monitoring Alert recorded on order-processing,WARN
EVT-INC-8319-2,INC-8319,2026-08-15T06:15:00Z,ERROR_SPIKE,order-processing,Telemetry signal: Error Spike recorded on order-processing,WARN
EVT-INC-8319-3,INC-8319,2026-08-15T06:40:00Z,LATENCY_INCREASE,order-processing,Telemetry signal: Latency Increase recorded on order-processing,WARN
EVT-INC-8319-4,INC-8319,2026-08-15T06:35:00Z,TRAFFIC_SURGE,order-processing,Telemetry signal: Traffic Surge recorded on order-processing,WARN
EVT-INC-8320-1,INC-8320,2026-09-15T12:47:00Z,MONITORING_ALERT,search-indexer,Telemetry signal: Monitoring Alert recorded on search-indexer,WARN
EVT-INC-8320-2,INC-8320,2026-09-15T12:30:00Z,ERROR_SPIKE,search-indexer,Telemetry signal: Error Spike recorded on search-indexer,WARN
EVT-INC-8320-3,INC-8320,2026-09-15T12:59:00Z,LATENCY_INCREASE,search-indexer,Telemetry signal: Latency Increase recorded on search-indexer,WARN
EVT-INC-8320-4,INC-8320,2026-09-15T13:02:00Z,TRAFFIC_SURGE,search-indexer,Telemetry signal: Traffic Surge recorded on search-indexer,WARN
EVT-INC-8321-1,INC-8321,2026-09-05T18:53:00Z,MONITORING_ALERT,notification-worker,Telemetry signal: Monitoring Alert recorded on notification-worker,WARN
EVT-INC-8321-2,INC-8321,2026-09-05T18:15:00Z,ERROR_SPIKE,notification-worker,Telemetry signal: Error Spike recorded on notification-worker,WARN
EVT-INC-8321-3,INC-8321,2026-09-05T18:35:00Z,LATENCY_INCREASE,notification-worker,Telemetry signal: Latency Increase recorded on notification-worker,WARN
EVT-INC-8321-4,INC-8321,2026-09-05T18:55:00Z,TRAFFIC_SURGE,notification-worker,Telemetry signal: Traffic Surge recorded on notification-worker,WARN
EVT-INC-8322-1,INC-8322,2026-08-14T09:47:00Z,DEPLOYMENT,search-indexer,Telemetry signal: Deployment recorded on search-indexer,WARN
EVT-INC-8322-2,INC-8322,2026-08-14T09:58:00Z,MONITORING_ALERT,search-indexer,Telemetry signal: Monitoring Alert recorded on search-indexer,WARN
EVT-INC-8322-3,INC-8322,2026-08-14T09:58:00Z,ERROR_SPIKE,search-indexer,Telemetry signal: Error Spike recorded on search-indexer,WARN
EVT-INC-8322-4,INC-8322,2026-08-14T10:02:00Z,LATENCY_INCREASE,search-indexer,Telemetry signal: Latency Increase recorded on search-indexer,WARN
EVT-INC-8322-5,INC-8322,2026-08-14T10:21:00Z,TRAFFIC_SURGE,search-indexer,Telemetry signal: Traffic Surge recorded on search-indexer,WARN
EVT-INC-8323-1,INC-8323,2026-08-31T22:40:00Z,MONITORING_ALERT,user-profile,Telemetry signal: Monitoring Alert recorded on user-profile,WARN
EVT-INC-8323-2,INC-8323,2026-08-31T22:50:00Z,ERROR_SPIKE,user-profile,Telemetry signal: Error Spike recorded on user-profile,WARN
EVT-INC-8323-3,INC-8323,2026-08-31T23:06:00Z,LATENCY_INCREASE,user-profile,Telemetry signal: Latency Increase recorded on user-profile,WARN
EVT-INC-8324-1,INC-8324,2026-09-13T20:03:00Z,DEPLOYMENT,order-processing,Telemetry signal: Deployment recorded on order-processing,WARN
EVT-INC-8324-2,INC-8324,2026-09-13T20:48:00Z,MONITORING_ALERT,order-processing,Telemetry signal: Monitoring Alert recorded on order-processing,WARN
EVT-INC-8324-3,INC-8324,2026-09-13T20:47:00Z,ERROR_SPIKE,order-processing,Telemetry signal: Error Spike recorded on order-processing,WARN
EVT-INC-8324-4,INC-8324,2026-09-13T20:53:00Z,LATENCY_INCREASE,order-processing,Telemetry signal: Latency Increase recorded on order-processing,WARN
EVT-INC-8325-1,INC-8325,2026-08-17T06:03:00Z,DEPLOYMENT,user-profile,Telemetry signal: Deployment recorded on user-profile,WARN
EVT-INC-8325-2,INC-8325,2026-08-17T05:25:00Z,MONITORING_ALERT,user-profile,Telemetry signal: Monitoring Alert recorded on user-profile,WARN
EVT-INC-8325-3,INC-8325,2026-08-17T06:04:00Z,ERROR_SPIKE,user-profile,Telemetry signal: Error Spike recorded on user-profile,WARN
EVT-INC-8325-4,INC-8325,2026-08-17T05:57:00Z,LATENCY_INCREASE,user-profile,Telemetry signal: Latency Increase recorded on user-profile,WARN
EVT-INC-8325-5,INC-8325,2026-08-17T06:10:00Z,TRAFFIC_SURGE,user-profile,Telemetry signal: Traffic Surge recorded on user-profile,WARN
EVT-INC-8326-1,INC-8326,2026-08-13T08:01:00Z,MONITORING_ALERT,order-processing,Telemetry signal: Monitoring Alert recorded on order-processing,WARN
EVT-INC-8326-2,INC-8326,2026-08-13T08:17:00Z,ERROR_SPIKE,order-processing,Telemetry signal: Error Spike recorded on order-processing,WARN
EVT-INC-8326-3,INC-8326,2026-08-13T08:39:00Z,LATENCY_INCREASE,order-processing,Telemetry signal: Latency Increase recorded on order-processing,WARN
EVT-INC-8327-1,INC-8327,2026-09-01T12:21:00Z,DEPLOYMENT,user-profile,Telemetry signal: Deployment recorded on user-profile,WARN
EVT-INC-8327-2,INC-8327,2026-09-01T12:02:00Z,MONITORING_ALERT,user-profile,Telemetry signal: Monitoring Alert recorded on user-profile,WARN
EVT-INC-8327-3,INC-8327,2026-09-01T12:13:00Z,ERROR_SPIKE,user-profile,Telemetry signal: Error Spike recorded on user-profile,WARN
EVT-INC-8327-4,INC-8327,2026-09-01T12:40:00Z,LATENCY_INCREASE,user-profile,Telemetry signal: Latency Increase recorded on user-profile,WARN
EVT-INC-8328-1,INC-8328,2026-09-19T03:29:00Z,MONITORING_ALERT,checkout-service,Telemetry signal: Monitoring Alert recorded on checkout-service,WARN
EVT-INC-8328-2,INC-8328,2026-09-19T04:02:00Z,ERROR_SPIKE,checkout-service,Telemetry signal: Error Spike recorded on checkout-service,WARN
EVT-INC-8328-3,INC-8328,2026-09-19T04:05:00Z,LATENCY_INCREASE,checkout-service,Telemetry signal: Latency Increase recorded on checkout-service,WARN
EVT-INC-8329-1,INC-8329,2026-08-31T20:43:00Z,MONITORING_ALERT,order-processing,Telemetry signal: Monitoring Alert recorded on order-processing,WARN
EVT-INC-8329-2,INC-8329,2026-08-31T21:16:00Z,ERROR_SPIKE,order-processing,Telemetry signal: Error Spike recorded on order-processing,WARN
EVT-INC-8329-3,INC-8329,2026-08-31T21:14:00Z,LATENCY_INCREASE,order-processing,Telemetry signal: Latency Increase recorded on order-processing,WARN
EVT-INC-8330-1,INC-8330,2026-09-11T09:03:00Z,DEPLOYMENT,user-profile,Telemetry signal: Deployment recorded on user-profile,WARN
EVT-INC-8330-2,INC-8330,2026-09-11T09:25:00Z,MONITORING_ALERT,user-profile,Telemetry signal: Monitoring Alert recorded on user-profile,WARN
EVT-INC-8330-3,INC-8330,2026-09-11T09:31:00Z,ERROR_SPIKE,user-profile,Telemetry signal: Error Spike recorded on user-profile,WARN
EVT-INC-8330-4,INC-8330,2026-09-11T09:40:00Z,LATENCY_INCREASE,user-profile,Telemetry signal: Latency Increase recorded on user-profile,WARN
EVT-INC-8331-1,INC-8331,2026-09-21T04:01:00Z,DEPLOYMENT,notification-worker,Telemetry signal: Deployment recorded on notification-worker,WARN
EVT-INC-8331-2,INC-8331,2026-09-21T03:26:00Z,MONITORING_ALERT,notification-worker,Telemetry signal: Monitoring Alert recorded on notification-worker,WARN
EVT-INC-8331-3,INC-8331,2026-09-21T03:33:00Z,ERROR_SPIKE,notification-worker,Telemetry signal: Error Spike recorded on notification-worker,WARN
EVT-INC-8331-4,INC-8331,2026-09-21T03:58:00Z,LATENCY_INCREASE,notification-worker,Telemetry signal: Latency Increase recorded on notification-worker,WARN
EVT-INC-8331-5,INC-8331,2026-09-21T03:56:00Z,TRAFFIC_SURGE,notification-worker,Telemetry signal: Traffic Surge recorded on notification-worker,WARN
EVT-INC-8332-1,INC-8332,2026-08-26T21:39:00Z,DEPLOYMENT,order-processing,Telemetry signal: Deployment recorded on order-processing,WARN
EVT-INC-8332-2,INC-8332,2026-08-26T21:50:00Z,MONITORING_ALERT,order-processing,Telemetry signal: Monitoring Alert recorded on order-processing,WARN
EVT-INC-8332-3,INC-8332,2026-08-26T22:11:00Z,ERROR_SPIKE,order-processing,Telemetry signal: Error Spike recorded on order-processing,WARN
EVT-INC-8332-4,INC-8332,2026-08-26T22:04:00Z,LATENCY_INCREASE,order-processing,Telemetry signal: Latency Increase recorded on order-processing,WARN
EVT-INC-8332-5,INC-8332,2026-08-26T22:08:00Z,TRAFFIC_SURGE,order-processing,Telemetry signal: Traffic Surge recorded on order-processing,WARN
EVT-INC-8333-1,INC-8333,2026-08-24T08:33:00Z,MONITORING_ALERT,user-profile,Telemetry signal: Monitoring Alert recorded on user-profile,WARN
EVT-INC-8333-2,INC-8333,2026-08-24T08:35:00Z,ERROR_SPIKE,user-profile,Telemetry signal: Error Spike recorded on user-profile,WARN
EVT-INC-8333-3,INC-8333,2026-08-24T08:37:00Z,LATENCY_INCREASE,user-profile,Telemetry signal: Latency Increase recorded on user-profile,WARN
EVT-INC-8334-1,INC-8334,2026-09-07T14:04:00Z,MONITORING_ALERT,user-profile,Telemetry signal: Monitoring Alert recorded on user-profile,WARN
EVT-INC-8334-2,INC-8334,2026-09-07T14:18:00Z,ERROR_SPIKE,user-profile,Telemetry signal: Error Spike recorded on user-profile,WARN
EVT-INC-8334-3,INC-8334,2026-09-07T14:50:00Z,LATENCY_INCREASE,user-profile,Telemetry signal: Latency Increase recorded on user-profile,WARN
EVT-INC-8334-4,INC-8334,2026-09-07T14:46:00Z,TRAFFIC_SURGE,user-profile,Telemetry signal: Traffic Surge recorded on user-profile,WARN
EVT-INC-8335-1,INC-8335,2026-08-21T10:48:00Z,DEPLOYMENT,inventory-api,Telemetry signal: Deployment recorded on inventory-api,WARN
EVT-INC-8335-2,INC-8335,2026-08-21T10:59:00Z,MONITORING_ALERT,inventory-api,Telemetry signal: Monitoring Alert recorded on inventory-api,WARN
EVT-INC-8335-3,INC-8335,2026-08-21T11:02:00Z,ERROR_SPIKE,inventory-api,Telemetry signal: Error Spike recorded on inventory-api,WARN
EVT-INC-8335-4,INC-8335,2026-08-21T11:27:00Z,LATENCY_INCREASE,inventory-api,Telemetry signal: Latency Increase recorded on inventory-api,WARN
EVT-INC-8336-1,INC-8336,2026-08-22T15:57:00Z,MONITORING_ALERT,search-indexer,Telemetry signal: Monitoring Alert recorded on search-indexer,WARN
EVT-INC-8336-2,INC-8336,2026-08-22T15:59:00Z,ERROR_SPIKE,search-indexer,Telemetry signal: Error Spike recorded on search-indexer,WARN
EVT-INC-8336-3,INC-8336,2026-08-22T16:15:00Z,LATENCY_INCREASE,search-indexer,Telemetry signal: Latency Increase recorded on search-indexer,WARN
EVT-INC-8336-4,INC-8336,2026-08-22T16:15:00Z,TRAFFIC_SURGE,search-indexer,Telemetry signal: Traffic Surge recorded on search-indexer,WARN
EVT-INC-8337-1,INC-8337,2026-08-24T02:49:00Z,MONITORING_ALERT,inventory-api,Telemetry signal: Monitoring Alert recorded on inventory-api,WARN
EVT-INC-8337-2,INC-8337,2026-08-24T02:48:00Z,ERROR_SPIKE,inventory-api,Telemetry signal: Error Spike recorded on inventory-api,WARN
EVT-INC-8337-3,INC-8337,2026-08-24T02:55:00Z,LATENCY_INCREASE,inventory-api,Telemetry signal: Latency Increase recorded on inventory-api,WARN
EVT-INC-8338-1,INC-8338,2026-08-28T20:59:00Z,DEPLOYMENT,user-profile,Telemetry signal: Deployment recorded on user-profile,WARN
EVT-INC-8338-2,INC-8338,2026-08-28T21:11:00Z,MONITORING_ALERT,user-profile,Telemetry signal: Monitoring Alert recorded on user-profile,WARN
EVT-INC-8338-3,INC-8338,2026-08-28T21:35:00Z,ERROR_SPIKE,user-profile,Telemetry signal: Error Spike recorded on user-profile,WARN
EVT-INC-8338-4,INC-8338,2026-08-28T21:45:00Z,LATENCY_INCREASE,user-profile,Telemetry signal: Latency Increase recorded on user-profile,WARN
EVT-INC-8339-1,INC-8339,2026-09-07T16:55:00Z,DEPLOYMENT,user-profile,Telemetry signal: Deployment recorded on user-profile,WARN
EVT-INC-8339-2,INC-8339,2026-09-07T16:57:00Z,MONITORING_ALERT,user-profile,Telemetry signal: Monitoring Alert recorded on user-profile,WARN
EVT-INC-8339-3,INC-8339,2026-09-07T17:03:00Z,ERROR_SPIKE,user-profile,Telemetry signal: Error Spike recorded on user-profile,WARN
EVT-INC-8339-4,INC-8339,2026-09-07T17:27:00Z,LATENCY_INCREASE,user-profile,Telemetry signal: Latency Increase recorded on user-profile,WARN
EVT-INC-8339-5,INC-8339,2026-09-07T17:31:00Z,TRAFFIC_SURGE,user-profile,Telemetry signal: Traffic Surge recorded on user-profile,WARN
EVT-INC-8340-1,INC-8340,2026-09-04T15:56:00Z,DEPLOYMENT,auth-service,Telemetry signal: Deployment recorded on auth-service,WARN
EVT-INC-8340-2,INC-8340,2026-09-04T15:24:00Z,MONITORING_ALERT,auth-service,Telemetry signal: Monitoring Alert recorded on auth-service,WARN
EVT-INC-8340-3,INC-8340,2026-09-04T15:32:00Z,ERROR_SPIKE,auth-service,Telemetry signal: Error Spike recorded on auth-service,WARN
EVT-INC-8340-4,INC-8340,2026-09-04T15:58:00Z,LATENCY_INCREASE,auth-service,Telemetry signal: Latency Increase recorded on auth-service,WARN
EVT-INC-8341-1,INC-8341,2026-09-12T11:52:00Z,MONITORING_ALERT,order-processing,Telemetry signal: Monitoring Alert recorded on order-processing,WARN
EVT-INC-8341-2,INC-8341,2026-09-12T11:56:00Z,ERROR_SPIKE,order-processing,Telemetry signal: Error Spike recorded on order-processing,WARN
EVT-INC-8341-3,INC-8341,2026-09-12T11:45:00Z,LATENCY_INCREASE,order-processing,Telemetry signal: Latency Increase recorded on order-processing,WARN
EVT-INC-8342-1,INC-8342,2026-09-03T01:54:00Z,DEPLOYMENT,notification-worker,Telemetry signal: Deployment recorded on notification-worker,WARN
EVT-INC-8342-2,INC-8342,2026-09-03T02:24:00Z,MONITORING_ALERT,notification-worker,Telemetry signal: Monitoring Alert recorded on notification-worker,WARN
EVT-INC-8342-3,INC-8342,2026-09-03T02:46:00Z,ERROR_SPIKE,notification-worker,Telemetry signal: Error Spike recorded on notification-worker,WARN
EVT-INC-8342-4,INC-8342,2026-09-03T02:44:00Z,LATENCY_INCREASE,notification-worker,Telemetry signal: Latency Increase recorded on notification-worker,WARN
EVT-INC-8343-1,INC-8343,2026-08-14T14:34:00Z,MONITORING_ALERT,order-processing,Telemetry signal: Monitoring Alert recorded on order-processing,WARN
EVT-INC-8343-2,INC-8343,2026-08-14T14:41:00Z,ERROR_SPIKE,order-processing,Telemetry signal: Error Spike recorded on order-processing,WARN
EVT-INC-8343-3,INC-8343,2026-08-14T14:59:00Z,LATENCY_INCREASE,order-processing,Telemetry signal: Latency Increase recorded on order-processing,WARN
EVT-INC-8344-1,INC-8344,2026-09-18T15:12:00Z,DEPLOYMENT,auth-service,Telemetry signal: Deployment recorded on auth-service,WARN
EVT-INC-8344-2,INC-8344,2026-09-18T15:50:00Z,MONITORING_ALERT,auth-service,Telemetry signal: Monitoring Alert recorded on auth-service,WARN
EVT-INC-8344-3,INC-8344,2026-09-18T15:54:00Z,ERROR_SPIKE,auth-service,Telemetry signal: Error Spike recorded on auth-service,WARN
EVT-INC-8344-4,INC-8344,2026-09-18T16:01:00Z,LATENCY_INCREASE,auth-service,Telemetry signal: Latency Increase recorded on auth-service,WARN
EVT-INC-8345-1,INC-8345,2026-09-12T03:57:00Z,DEPLOYMENT,order-processing,Telemetry signal: Deployment recorded on order-processing,WARN
EVT-INC-8345-2,INC-8345,2026-09-12T04:23:00Z,MONITORING_ALERT,order-processing,Telemetry signal: Monitoring Alert recorded on order-processing,WARN
EVT-INC-8345-3,INC-8345,2026-09-12T04:15:00Z,ERROR_SPIKE,order-processing,Telemetry signal: Error Spike recorded on order-processing,WARN
EVT-INC-8345-4,INC-8345,2026-09-12T04:24:00Z,LATENCY_INCREASE,order-processing,Telemetry signal: Latency Increase recorded on order-processing,WARN
EVT-INC-8346-1,INC-8346,2026-09-06T23:55:00Z,MONITORING_ALERT,notification-worker,Telemetry signal: Monitoring Alert recorded on notification-worker,WARN
EVT-INC-8346-2,INC-8346,2026-09-06T23:57:00Z,ERROR_SPIKE,notification-worker,Telemetry signal: Error Spike recorded on notification-worker,WARN
EVT-INC-8346-3,INC-8346,2026-09-07T00:17:00Z,LATENCY_INCREASE,notification-worker,Telemetry signal: Latency Increase recorded on notification-worker,WARN
EVT-INC-8347-1,INC-8347,2026-09-08T12:23:00Z,MONITORING_ALERT,search-indexer,Telemetry signal: Monitoring Alert recorded on search-indexer,WARN
EVT-INC-8347-2,INC-8347,2026-09-08T12:19:00Z,ERROR_SPIKE,search-indexer,Telemetry signal: Error Spike recorded on search-indexer,WARN
EVT-INC-8347-3,INC-8347,2026-09-08T12:03:00Z,LATENCY_INCREASE,search-indexer,Telemetry signal: Latency Increase recorded on search-indexer,WARN
EVT-INC-8347-4,INC-8347,2026-09-08T12:24:00Z,TRAFFIC_SURGE,search-indexer,Telemetry signal: Traffic Surge recorded on search-indexer,WARN
EVT-INC-8348-1,INC-8348,2026-08-23T01:25:00Z,MONITORING_ALERT,notification-worker,Telemetry signal: Monitoring Alert recorded on notification-worker,WARN
EVT-INC-8348-2,INC-8348,2026-08-23T01:34:00Z,ERROR_SPIKE,notification-worker,Telemetry signal: Error Spike recorded on notification-worker,WARN
EVT-INC-8348-3,INC-8348,2026-08-23T01:27:00Z,LATENCY_INCREASE,notification-worker,Telemetry signal: Latency Increase recorded on notification-worker,WARN
EVT-INC-8349-1,INC-8349,2026-09-21T22:43:00Z,MONITORING_ALERT,notification-worker,Telemetry signal: Monitoring Alert recorded on notification-worker,WARN
EVT-INC-8349-2,INC-8349,2026-09-21T22:38:00Z,ERROR_SPIKE,notification-worker,Telemetry signal: Error Spike recorded on notification-worker,WARN
EVT-INC-8349-3,INC-8349,2026-09-21T22:48:00Z,LATENCY_INCREASE,notification-worker,Telemetry signal: Latency Increase recorded on notification-worker,WARN
EVT-INC-8350-1,INC-8350,2026-08-21T09:25:00Z,DEPLOYMENT,auth-service,Telemetry signal: Deployment recorded on auth-service,WARN
EVT-INC-8350-2,INC-8350,2026-08-21T09:08:00Z,MONITORING_ALERT,auth-service,Telemetry signal: Monitoring Alert recorded on auth-service,WARN
EVT-INC-8350-3,INC-8350,2026-08-21T09:23:00Z,ERROR_SPIKE,auth-service,Telemetry signal: Error Spike recorded on auth-service,WARN
EVT-INC-8350-4,INC-8350,2026-08-21T09:51:00Z,LATENCY_INCREASE,auth-service,Telemetry signal: Latency Increase recorded on auth-service,WARN
EVT-INC-8351-1,INC-8351,2026-09-24T23:12:00Z,DEPLOYMENT,search-indexer,Telemetry signal: Deployment recorded on search-indexer,WARN
EVT-INC-8351-2,INC-8351,2026-09-24T23:19:00Z,MONITORING_ALERT,search-indexer,Telemetry signal: Monitoring Alert recorded on search-indexer,WARN
EVT-INC-8351-3,INC-8351,2026-09-24T23:36:00Z,ERROR_SPIKE,search-indexer,Telemetry signal: Error Spike recorded on search-indexer,WARN
EVT-INC-8351-4,INC-8351,2026-09-24T23:41:00Z,LATENCY_INCREASE,search-indexer,Telemetry signal: Latency Increase recorded on search-indexer,WARN
EVT-INC-8352-1,INC-8352,2026-09-09T07:03:00Z,MONITORING_ALERT,notification-worker,Telemetry signal: Monitoring Alert recorded on notification-worker,WARN
EVT-INC-8352-2,INC-8352,2026-09-09T07:00:00Z,ERROR_SPIKE,notification-worker,Telemetry signal: Error Spike recorded on notification-worker,WARN
EVT-INC-8352-3,INC-8352,2026-09-09T06:52:00Z,LATENCY_INCREASE,notification-worker,Telemetry signal: Latency Increase recorded on notification-worker,WARN
EVT-INC-8353-1,INC-8353,2026-08-16T22:07:00Z,MONITORING_ALERT,user-profile,Telemetry signal: Monitoring Alert recorded on user-profile,WARN
EVT-INC-8353-2,INC-8353,2026-08-16T21:48:00Z,ERROR_SPIKE,user-profile,Telemetry signal: Error Spike recorded on user-profile,WARN
EVT-INC-8353-3,INC-8353,2026-08-16T22:06:00Z,LATENCY_INCREASE,user-profile,Telemetry signal: Latency Increase recorded on user-profile,WARN
EVT-INC-8354-1,INC-8354,2026-09-21T06:11:00Z,MONITORING_ALERT,order-processing,Telemetry signal: Monitoring Alert recorded on order-processing,WARN
EVT-INC-8354-2,INC-8354,2026-09-21T06:16:00Z,ERROR_SPIKE,order-processing,Telemetry signal: Error Spike recorded on order-processing,WARN
EVT-INC-8354-3,INC-8354,2026-09-21T06:37:00Z,LATENCY_INCREASE,order-processing,Telemetry signal: Latency Increase recorded on order-processing,WARN
EVT-INC-8355-1,INC-8355,2026-08-12T14:53:00Z,MONITORING_ALERT,search-indexer,Telemetry signal: Monitoring Alert recorded on search-indexer,WARN
EVT-INC-8355-2,INC-8355,2026-08-12T14:42:00Z,ERROR_SPIKE,search-indexer,Telemetry signal: Error Spike recorded on search-indexer,WARN
EVT-INC-8355-3,INC-8355,2026-08-12T14:57:00Z,LATENCY_INCREASE,search-indexer,Telemetry signal: Latency Increase recorded on search-indexer,WARN
EVT-INC-8356-1,INC-8356,2026-09-23T00:41:00Z,MONITORING_ALERT,user-profile,Telemetry signal: Monitoring Alert recorded on user-profile,CRITICAL
EVT-INC-8356-2,INC-8356,2026-09-23T01:23:00Z,ERROR_SPIKE,user-profile,Telemetry signal: Error Spike recorded on user-profile,CRITICAL
EVT-INC-8356-3,INC-8356,2026-09-23T01:05:00Z,LATENCY_INCREASE,user-profile,Telemetry signal: Latency Increase recorded on user-profile,CRITICAL
EVT-INC-8356-4,INC-8356,2026-09-23T01:15:00Z,TRAFFIC_SURGE,user-profile,Telemetry signal: Traffic Surge recorded on user-profile,CRITICAL
EVT-INC-8357-1,INC-8357,2026-09-10T16:09:00Z,MONITORING_ALERT,auth-service,Telemetry signal: Monitoring Alert recorded on auth-service,WARN
EVT-INC-8357-2,INC-8357,2026-09-10T16:04:00Z,ERROR_SPIKE,auth-service,Telemetry signal: Error Spike recorded on auth-service,WARN
EVT-INC-8357-3,INC-8357,2026-09-10T16:15:00Z,LATENCY_INCREASE,auth-service,Telemetry signal: Latency Increase recorded on auth-service,WARN
EVT-INC-8358-1,INC-8358,2026-09-17T23:00:00Z,DEPLOYMENT,notification-worker,Telemetry signal: Deployment recorded on notification-worker,WARN
EVT-INC-8358-2,INC-8358,2026-09-17T23:27:00Z,MONITORING_ALERT,notification-worker,Telemetry signal: Monitoring Alert recorded on notification-worker,WARN
EVT-INC-8358-3,INC-8358,2026-09-17T23:42:00Z,ERROR_SPIKE,notification-worker,Telemetry signal: Error Spike recorded on notification-worker,WARN
EVT-INC-8358-4,INC-8358,2026-09-17T23:47:00Z,LATENCY_INCREASE,notification-worker,Telemetry signal: Latency Increase recorded on notification-worker,WARN
EVT-INC-8359-1,INC-8359,2026-09-09T21:32:00Z,DEPLOYMENT,search-indexer,Telemetry signal: Deployment recorded on search-indexer,CRITICAL
EVT-INC-8359-2,INC-8359,2026-09-09T20:56:00Z,MONITORING_ALERT,search-indexer,Telemetry signal: Monitoring Alert recorded on search-indexer,CRITICAL
EVT-INC-8359-3,INC-8359,2026-09-09T21:31:00Z,ERROR_SPIKE,search-indexer,Telemetry signal: Error Spike recorded on search-indexer,CRITICAL
EVT-INC-8359-4,INC-8359,2026-09-09T21:42:00Z,LATENCY_INCREASE,search-indexer,Telemetry signal: Latency Increase recorded on search-indexer,CRITICAL
EVT-INC-8359-5,INC-8359,2026-09-09T21:38:00Z,TRAFFIC_SURGE,search-indexer,Telemetry signal: Traffic Surge recorded on search-indexer,CRITICAL
EVT-INC-8360-1,INC-8360,2026-09-25T05:15:00Z,MONITORING_ALERT,inventory-api,Telemetry signal: Monitoring Alert recorded on inventory-api,WARN
EVT-INC-8360-2,INC-8360,2026-09-25T05:24:00Z,ERROR_SPIKE,inventory-api,Telemetry signal: Error Spike recorded on inventory-api,WARN
EVT-INC-8360-3,INC-8360,2026-09-25T05:29:00Z,LATENCY_INCREASE,inventory-api,Telemetry signal: Latency Increase recorded on inventory-api,WARN
EVT-INC-8361-1,INC-8361,2026-08-13T14:19:00Z,DEPLOYMENT,inventory-api,Telemetry signal: Deployment recorded on inventory-api,WARN
EVT-INC-8361-2,INC-8361,2026-08-13T14:18:00Z,MONITORING_ALERT,inventory-api,Telemetry signal: Monitoring Alert recorded on inventory-api,WARN
EVT-INC-8361-3,INC-8361,2026-08-13T14:59:00Z,ERROR_SPIKE,inventory-api,Telemetry signal: Error Spike recorded on inventory-api,WARN
EVT-INC-8361-4,INC-8361,2026-08-13T14:56:00Z,LATENCY_INCREASE,inventory-api,Telemetry signal: Latency Increase recorded on inventory-api,WARN
EVT-INC-8362-1,INC-8362,2026-08-14T06:04:00Z,MONITORING_ALERT,checkout-service,Telemetry signal: Monitoring Alert recorded on checkout-service,WARN
EVT-INC-8362-2,INC-8362,2026-08-14T05:46:00Z,ERROR_SPIKE,checkout-service,Telemetry signal: Error Spike recorded on checkout-service,WARN
EVT-INC-8362-3,INC-8362,2026-08-14T06:08:00Z,LATENCY_INCREASE,checkout-service,Telemetry signal: Latency Increase recorded on checkout-service,WARN
EVT-INC-8362-4,INC-8362,2026-08-14T06:16:00Z,TRAFFIC_SURGE,checkout-service,Telemetry signal: Traffic Surge recorded on checkout-service,WARN
EVT-INC-8363-1,INC-8363,2026-09-16T13:14:00Z,DEPLOYMENT,search-indexer,Telemetry signal: Deployment recorded on search-indexer,WARN
EVT-INC-8363-2,INC-8363,2026-09-16T13:02:00Z,MONITORING_ALERT,search-indexer,Telemetry signal: Monitoring Alert recorded on search-indexer,WARN
EVT-INC-8363-3,INC-8363,2026-09-16T13:34:00Z,ERROR_SPIKE,search-indexer,Telemetry signal: Error Spike recorded on search-indexer,WARN
EVT-INC-8363-4,INC-8363,2026-09-16T13:32:00Z,LATENCY_INCREASE,search-indexer,Telemetry signal: Latency Increase recorded on search-indexer,WARN
EVT-INC-8364-1,INC-8364,2026-09-09T22:37:00Z,MONITORING_ALERT,search-indexer,Telemetry signal: Monitoring Alert recorded on search-indexer,WARN
EVT-INC-8364-2,INC-8364,2026-09-09T23:14:00Z,ERROR_SPIKE,search-indexer,Telemetry signal: Error Spike recorded on search-indexer,WARN
EVT-INC-8364-3,INC-8364,2026-09-09T23:04:00Z,LATENCY_INCREASE,search-indexer,Telemetry signal: Latency Increase recorded on search-indexer,WARN
EVT-INC-8365-1,INC-8365,2026-08-25T13:45:00Z,MONITORING_ALERT,order-processing,Telemetry signal: Monitoring Alert recorded on order-processing,WARN
EVT-INC-8365-2,INC-8365,2026-08-25T14:16:00Z,ERROR_SPIKE,order-processing,Telemetry signal: Error Spike recorded on order-processing,WARN
EVT-INC-8365-3,INC-8365,2026-08-25T14:15:00Z,LATENCY_INCREASE,order-processing,Telemetry signal: Latency Increase recorded on order-processing,WARN
EVT-INC-8366-1,INC-8366,2026-08-15T18:46:00Z,MONITORING_ALERT,inventory-api,Telemetry signal: Monitoring Alert recorded on inventory-api,WARN
EVT-INC-8366-2,INC-8366,2026-08-15T19:08:00Z,ERROR_SPIKE,inventory-api,Telemetry signal: Error Spike recorded on inventory-api,WARN
EVT-INC-8366-3,INC-8366,2026-08-15T19:07:00Z,LATENCY_INCREASE,inventory-api,Telemetry signal: Latency Increase recorded on inventory-api,WARN
EVT-INC-8367-1,INC-8367,2026-09-10T11:21:00Z,DEPLOYMENT,auth-service,Telemetry signal: Deployment recorded on auth-service,WARN
EVT-INC-8367-2,INC-8367,2026-09-10T10:58:00Z,MONITORING_ALERT,auth-service,Telemetry signal: Monitoring Alert recorded on auth-service,WARN
EVT-INC-8367-3,INC-8367,2026-09-10T11:14:00Z,ERROR_SPIKE,auth-service,Telemetry signal: Error Spike recorded on auth-service,WARN
EVT-INC-8367-4,INC-8367,2026-09-10T11:04:00Z,LATENCY_INCREASE,auth-service,Telemetry signal: Latency Increase recorded on auth-service,WARN
EVT-INC-8367-5,INC-8367,2026-09-10T11:21:00Z,TRAFFIC_SURGE,auth-service,Telemetry signal: Traffic Surge recorded on auth-service,WARN
EVT-INC-8368-1,INC-8368,2026-08-18T21:55:00Z,DEPLOYMENT,user-profile,Telemetry signal: Deployment recorded on user-profile,WARN
EVT-INC-8368-2,INC-8368,2026-08-18T22:09:00Z,MONITORING_ALERT,user-profile,Telemetry signal: Monitoring Alert recorded on user-profile,WARN
EVT-INC-8368-3,INC-8368,2026-08-18T22:11:00Z,ERROR_SPIKE,user-profile,Telemetry signal: Error Spike recorded on user-profile,WARN
EVT-INC-8368-4,INC-8368,2026-08-18T22:33:00Z,LATENCY_INCREASE,user-profile,Telemetry signal: Latency Increase recorded on user-profile,WARN
EVT-INC-8369-1,INC-8369,2026-08-17T13:45:00Z,MONITORING_ALERT,inventory-api,Telemetry signal: Monitoring Alert recorded on inventory-api,WARN
EVT-INC-8369-2,INC-8369,2026-08-17T14:26:00Z,ERROR_SPIKE,inventory-api,Telemetry signal: Error Spike recorded on inventory-api,WARN
EVT-INC-8369-3,INC-8369,2026-08-17T14:22:00Z,LATENCY_INCREASE,inventory-api,Telemetry signal: Latency Increase recorded on inventory-api,WARN
EVT-INC-8370-1,INC-8370,2026-09-22T09:53:00Z,MONITORING_ALERT,order-processing,Telemetry signal: Monitoring Alert recorded on order-processing,WARN
EVT-INC-8370-2,INC-8370,2026-09-22T10:21:00Z,ERROR_SPIKE,order-processing,Telemetry signal: Error Spike recorded on order-processing,WARN
EVT-INC-8370-3,INC-8370,2026-09-22T10:25:00Z,LATENCY_INCREASE,order-processing,Telemetry signal: Latency Increase recorded on order-processing,WARN
EVT-INC-8371-1,INC-8371,2026-08-18T12:13:00Z,MONITORING_ALERT,inventory-api,Telemetry signal: Monitoring Alert recorded on inventory-api,WARN
EVT-INC-8371-2,INC-8371,2026-08-18T12:11:00Z,ERROR_SPIKE,inventory-api,Telemetry signal: Error Spike recorded on inventory-api,WARN
EVT-INC-8371-3,INC-8371,2026-08-18T12:22:00Z,LATENCY_INCREASE,inventory-api,Telemetry signal: Latency Increase recorded on inventory-api,WARN
EVT-INC-8372-1,INC-8372,2026-08-16T04:15:00Z,DEPLOYMENT,search-indexer,Telemetry signal: Deployment recorded on search-indexer,WARN
EVT-INC-8372-2,INC-8372,2026-08-16T04:07:00Z,MONITORING_ALERT,search-indexer,Telemetry signal: Monitoring Alert recorded on search-indexer,WARN
EVT-INC-8372-3,INC-8372,2026-08-16T04:23:00Z,ERROR_SPIKE,search-indexer,Telemetry signal: Error Spike recorded on search-indexer,WARN
EVT-INC-8372-4,INC-8372,2026-08-16T04:38:00Z,LATENCY_INCREASE,search-indexer,Telemetry signal: Latency Increase recorded on search-indexer,WARN
EVT-INC-8373-1,INC-8373,2026-08-29T21:14:00Z,DEPLOYMENT,auth-service,Telemetry signal: Deployment recorded on auth-service,WARN
EVT-INC-8373-2,INC-8373,2026-08-29T20:41:00Z,MONITORING_ALERT,auth-service,Telemetry signal: Monitoring Alert recorded on auth-service,WARN
EVT-INC-8373-3,INC-8373,2026-08-29T21:08:00Z,ERROR_SPIKE,auth-service,Telemetry signal: Error Spike recorded on auth-service,WARN
EVT-INC-8373-4,INC-8373,2026-08-29T21:25:00Z,LATENCY_INCREASE,auth-service,Telemetry signal: Latency Increase recorded on auth-service,WARN
EVT-INC-8374-1,INC-8374,2026-09-20T11:25:00Z,MONITORING_ALERT,checkout-service,Telemetry signal: Monitoring Alert recorded on checkout-service,WARN
EVT-INC-8374-2,INC-8374,2026-09-20T11:10:00Z,ERROR_SPIKE,checkout-service,Telemetry signal: Error Spike recorded on checkout-service,WARN
EVT-INC-8374-3,INC-8374,2026-09-20T11:25:00Z,LATENCY_INCREASE,checkout-service,Telemetry signal: Latency Increase recorded on checkout-service,WARN
EVT-INC-8375-1,INC-8375,2026-09-12T03:02:00Z,MONITORING_ALERT,inventory-api,Telemetry signal: Monitoring Alert recorded on inventory-api,WARN
EVT-INC-8375-2,INC-8375,2026-09-12T02:54:00Z,ERROR_SPIKE,inventory-api,Telemetry signal: Error Spike recorded on inventory-api,WARN
EVT-INC-8375-3,INC-8375,2026-09-12T03:00:00Z,LATENCY_INCREASE,inventory-api,Telemetry signal: Latency Increase recorded on inventory-api,WARN
EVT-INC-8375-4,INC-8375,2026-09-12T03:05:00Z,TRAFFIC_SURGE,inventory-api,Telemetry signal: Traffic Surge recorded on inventory-api,WARN
EVT-INC-8376-1,INC-8376,2026-08-16T17:35:00Z,MONITORING_ALERT,notification-worker,Telemetry signal: Monitoring Alert recorded on notification-worker,WARN
EVT-INC-8376-2,INC-8376,2026-08-16T17:43:00Z,ERROR_SPIKE,notification-worker,Telemetry signal: Error Spike recorded on notification-worker,WARN
EVT-INC-8376-3,INC-8376,2026-08-16T17:51:00Z,LATENCY_INCREASE,notification-worker,Telemetry signal: Latency Increase recorded on notification-worker,WARN
EVT-INC-8377-1,INC-8377,2026-08-19T11:02:00Z,MONITORING_ALERT,auth-service,Telemetry signal: Monitoring Alert recorded on auth-service,WARN
EVT-INC-8377-2,INC-8377,2026-08-19T11:40:00Z,ERROR_SPIKE,auth-service,Telemetry signal: Error Spike recorded on auth-service,WARN
EVT-INC-8377-3,INC-8377,2026-08-19T11:16:00Z,LATENCY_INCREASE,auth-service,Telemetry signal: Latency Increase recorded on auth-service,WARN
EVT-INC-8377-4,INC-8377,2026-08-19T11:40:00Z,TRAFFIC_SURGE,auth-service,Telemetry signal: Traffic Surge recorded on auth-service,WARN
EVT-INC-8378-1,INC-8378,2026-08-30T14:51:00Z,MONITORING_ALERT,payment-gateway,Telemetry signal: Monitoring Alert recorded on payment-gateway,WARN
EVT-INC-8378-2,INC-8378,2026-08-30T14:41:00Z,ERROR_SPIKE,payment-gateway,Telemetry signal: Error Spike recorded on payment-gateway,WARN
EVT-INC-8378-3,INC-8378,2026-08-30T14:43:00Z,LATENCY_INCREASE,payment-gateway,Telemetry signal: Latency Increase recorded on payment-gateway,WARN
EVT-INC-8379-1,INC-8379,2026-08-29T03:40:00Z,MONITORING_ALERT,notification-worker,Telemetry signal: Monitoring Alert recorded on notification-worker,WARN
EVT-INC-8379-2,INC-8379,2026-08-29T03:32:00Z,ERROR_SPIKE,notification-worker,Telemetry signal: Error Spike recorded on notification-worker,WARN
EVT-INC-8379-3,INC-8379,2026-08-29T03:57:00Z,LATENCY_INCREASE,notification-worker,Telemetry signal: Latency Increase recorded on notification-worker,WARN
EVT-INC-8380-1,INC-8380,2026-08-22T09:37:00Z,MONITORING_ALERT,auth-service,Telemetry signal: Monitoring Alert recorded on auth-service,WARN
EVT-INC-8380-2,INC-8380,2026-08-22T09:30:00Z,ERROR_SPIKE,auth-service,Telemetry signal: Error Spike recorded on auth-service,WARN
EVT-INC-8380-3,INC-8380,2026-08-22T09:29:00Z,LATENCY_INCREASE,auth-service,Telemetry signal: Latency Increase recorded on auth-service,WARN
EVT-INC-8380-4,INC-8380,2026-08-22T09:32:00Z,TRAFFIC_SURGE,auth-service,Telemetry signal: Traffic Surge recorded on auth-service,WARN
EVT-INC-8381-1,INC-8381,2026-09-03T03:33:00Z,DEPLOYMENT,search-indexer,Telemetry signal: Deployment recorded on search-indexer,WARN
EVT-INC-8381-2,INC-8381,2026-09-03T03:20:00Z,MONITORING_ALERT,search-indexer,Telemetry signal: Monitoring Alert recorded on search-indexer,WARN
EVT-INC-8381-3,INC-8381,2026-09-03T03:15:00Z,ERROR_SPIKE,search-indexer,Telemetry signal: Error Spike recorded on search-indexer,WARN
EVT-INC-8381-4,INC-8381,2026-09-03T03:34:00Z,LATENCY_INCREASE,search-indexer,Telemetry signal: Latency Increase recorded on search-indexer,WARN
EVT-INC-8381-5,INC-8381,2026-09-03T03:46:00Z,TRAFFIC_SURGE,search-indexer,Telemetry signal: Traffic Surge recorded on search-indexer,WARN
EVT-INC-8382-1,INC-8382,2026-08-25T00:08:00Z,MONITORING_ALERT,payment-gateway,Telemetry signal: Monitoring Alert recorded on payment-gateway,WARN
EVT-INC-8382-2,INC-8382,2026-08-25T00:11:00Z,ERROR_SPIKE,payment-gateway,Telemetry signal: Error Spike recorded on payment-gateway,WARN
EVT-INC-8382-3,INC-8382,2026-08-25T00:06:00Z,LATENCY_INCREASE,payment-gateway,Telemetry signal: Latency Increase recorded on payment-gateway,WARN
EVT-INC-8383-1,INC-8383,2026-09-24T10:26:00Z,MONITORING_ALERT,inventory-api,Telemetry signal: Monitoring Alert recorded on inventory-api,WARN
EVT-INC-8383-2,INC-8383,2026-09-24T10:24:00Z,ERROR_SPIKE,inventory-api,Telemetry signal: Error Spike recorded on inventory-api,WARN
EVT-INC-8383-3,INC-8383,2026-09-24T10:06:00Z,LATENCY_INCREASE,inventory-api,Telemetry signal: Latency Increase recorded on inventory-api,WARN
EVT-INC-8383-4,INC-8383,2026-09-24T10:19:00Z,TRAFFIC_SURGE,inventory-api,Telemetry signal: Traffic Surge recorded on inventory-api,WARN
EVT-INC-8384-1,INC-8384,2026-09-12T04:33:00Z,MONITORING_ALERT,notification-worker,Telemetry signal: Monitoring Alert recorded on notification-worker,WARN
EVT-INC-8384-2,INC-8384,2026-09-12T04:21:00Z,ERROR_SPIKE,notification-worker,Telemetry signal: Error Spike recorded on notification-worker,WARN
EVT-INC-8384-3,INC-8384,2026-09-12T04:37:00Z,LATENCY_INCREASE,notification-worker,Telemetry signal: Latency Increase recorded on notification-worker,WARN
EVT-INC-8385-1,INC-8385,2026-09-02T03:17:00Z,DEPLOYMENT,checkout-service,Telemetry signal: Deployment recorded on checkout-service,WARN
EVT-INC-8385-2,INC-8385,2026-09-02T03:44:00Z,MONITORING_ALERT,checkout-service,Telemetry signal: Monitoring Alert recorded on checkout-service,WARN
EVT-INC-8385-3,INC-8385,2026-09-02T03:37:00Z,ERROR_SPIKE,checkout-service,Telemetry signal: Error Spike recorded on checkout-service,WARN
EVT-INC-8385-4,INC-8385,2026-09-02T03:54:00Z,LATENCY_INCREASE,checkout-service,Telemetry signal: Latency Increase recorded on checkout-service,WARN
EVT-INC-8386-1,INC-8386,2026-08-26T17:40:00Z,MONITORING_ALERT,notification-worker,Telemetry signal: Monitoring Alert recorded on notification-worker,WARN
EVT-INC-8386-2,INC-8386,2026-08-26T18:20:00Z,ERROR_SPIKE,notification-worker,Telemetry signal: Error Spike recorded on notification-worker,WARN
EVT-INC-8386-3,INC-8386,2026-08-26T18:10:00Z,LATENCY_INCREASE,notification-worker,Telemetry signal: Latency Increase recorded on notification-worker,WARN
EVT-INC-8387-1,INC-8387,2026-08-28T23:08:00Z,MONITORING_ALERT,order-processing,Telemetry signal: Monitoring Alert recorded on order-processing,WARN
EVT-INC-8387-2,INC-8387,2026-08-28T23:20:00Z,ERROR_SPIKE,order-processing,Telemetry signal: Error Spike recorded on order-processing,WARN
EVT-INC-8387-3,INC-8387,2026-08-28T23:40:00Z,LATENCY_INCREASE,order-processing,Telemetry signal: Latency Increase recorded on order-processing,WARN
EVT-INC-8387-4,INC-8387,2026-08-28T23:48:00Z,TRAFFIC_SURGE,order-processing,Telemetry signal: Traffic Surge recorded on order-processing,WARN
EVT-INC-8388-1,INC-8388,2026-09-13T01:15:00Z,DEPLOYMENT,notification-worker,Telemetry signal: Deployment recorded on notification-worker,WARN
EVT-INC-8388-2,INC-8388,2026-09-13T01:22:00Z,MONITORING_ALERT,notification-worker,Telemetry signal: Monitoring Alert recorded on notification-worker,WARN
EVT-INC-8388-3,INC-8388,2026-09-13T01:15:00Z,ERROR_SPIKE,notification-worker,Telemetry signal: Error Spike recorded on notification-worker,WARN
EVT-INC-8388-4,INC-8388,2026-09-13T01:35:00Z,LATENCY_INCREASE,notification-worker,Telemetry signal: Latency Increase recorded on notification-worker,WARN
EVT-INC-8389-1,INC-8389,2026-08-24T11:47:00Z,MONITORING_ALERT,inventory-api,Telemetry signal: Monitoring Alert recorded on inventory-api,WARN
EVT-INC-8389-2,INC-8389,2026-08-24T12:05:00Z,ERROR_SPIKE,inventory-api,Telemetry signal: Error Spike recorded on inventory-api,WARN
EVT-INC-8389-3,INC-8389,2026-08-24T12:08:00Z,LATENCY_INCREASE,inventory-api,Telemetry signal: Latency Increase recorded on inventory-api,WARN
EVT-INC-8390-1,INC-8390,2026-09-21T03:38:00Z,MONITORING_ALERT,auth-service,Telemetry signal: Monitoring Alert recorded on auth-service,WARN
EVT-INC-8390-2,INC-8390,2026-09-21T03:54:00Z,ERROR_SPIKE,auth-service,Telemetry signal: Error Spike recorded on auth-service,WARN
EVT-INC-8390-3,INC-8390,2026-09-21T03:53:00Z,LATENCY_INCREASE,auth-service,Telemetry signal: Latency Increase recorded on auth-service,WARN
EVT-INC-8391-1,INC-8391,2026-08-18T15:18:00Z,DEPLOYMENT,order-processing,Telemetry signal: Deployment recorded on order-processing,WARN
EVT-INC-8391-2,INC-8391,2026-08-18T15:19:00Z,MONITORING_ALERT,order-processing,Telemetry signal: Monitoring Alert recorded on order-processing,WARN
EVT-INC-8391-3,INC-8391,2026-08-18T15:10:00Z,ERROR_SPIKE,order-processing,Telemetry signal: Error Spike recorded on order-processing,WARN
EVT-INC-8391-4,INC-8391,2026-08-18T15:22:00Z,LATENCY_INCREASE,order-processing,Telemetry signal: Latency Increase recorded on order-processing,WARN
EVT-INC-8392-1,INC-8392,2026-09-07T13:00:00Z,DEPLOYMENT,auth-service,Telemetry signal: Deployment recorded on auth-service,WARN
EVT-INC-8392-2,INC-8392,2026-09-07T12:39:00Z,MONITORING_ALERT,auth-service,Telemetry signal: Monitoring Alert recorded on auth-service,WARN
EVT-INC-8392-3,INC-8392,2026-09-07T13:14:00Z,ERROR_SPIKE,auth-service,Telemetry signal: Error Spike recorded on auth-service,WARN
EVT-INC-8392-4,INC-8392,2026-09-07T13:18:00Z,LATENCY_INCREASE,auth-service,Telemetry signal: Latency Increase recorded on auth-service,WARN
EVT-INC-8393-1,INC-8393,2026-09-16T03:17:00Z,MONITORING_ALERT,checkout-service,Telemetry signal: Monitoring Alert recorded on checkout-service,WARN
EVT-INC-8393-2,INC-8393,2026-09-16T04:06:00Z,ERROR_SPIKE,checkout-service,Telemetry signal: Error Spike recorded on checkout-service,WARN
EVT-INC-8393-3,INC-8393,2026-09-16T03:43:00Z,LATENCY_INCREASE,checkout-service,Telemetry signal: Latency Increase recorded on checkout-service,WARN
EVT-INC-8393-4,INC-8393,2026-09-16T03:54:00Z,TRAFFIC_SURGE,checkout-service,Telemetry signal: Traffic Surge recorded on checkout-service,WARN
EVT-INC-8394-1,INC-8394,2026-09-21T17:27:00Z,MONITORING_ALERT,inventory-api,Telemetry signal: Monitoring Alert recorded on inventory-api,WARN
EVT-INC-8394-2,INC-8394,2026-09-21T17:56:00Z,ERROR_SPIKE,inventory-api,Telemetry signal: Error Spike recorded on inventory-api,WARN
EVT-INC-8394-3,INC-8394,2026-09-21T17:46:00Z,LATENCY_INCREASE,inventory-api,Telemetry signal: Latency Increase recorded on inventory-api,WARN
EVT-INC-8395-1,INC-8395,2026-09-03T18:51:00Z,DEPLOYMENT,order-processing,Telemetry signal: Deployment recorded on order-processing,CRITICAL
EVT-INC-8395-2,INC-8395,2026-09-03T19:02:00Z,MONITORING_ALERT,order-processing,Telemetry signal: Monitoring Alert recorded on order-processing,CRITICAL
EVT-INC-8395-3,INC-8395,2026-09-03T18:57:00Z,ERROR_SPIKE,order-processing,Telemetry signal: Error Spike recorded on order-processing,CRITICAL
EVT-INC-8395-4,INC-8395,2026-09-03T19:10:00Z,LATENCY_INCREASE,order-processing,Telemetry signal: Latency Increase recorded on order-processing,CRITICAL
EVT-INC-8396-1,INC-8396,2026-09-18T16:30:00Z,DEPLOYMENT,payment-gateway,Telemetry signal: Deployment recorded on payment-gateway,WARN
EVT-INC-8396-2,INC-8396,2026-09-18T16:03:00Z,MONITORING_ALERT,payment-gateway,Telemetry signal: Monitoring Alert recorded on payment-gateway,WARN
EVT-INC-8396-3,INC-8396,2026-09-18T16:16:00Z,ERROR_SPIKE,payment-gateway,Telemetry signal: Error Spike recorded on payment-gateway,WARN
EVT-INC-8396-4,INC-8396,2026-09-18T16:33:00Z,LATENCY_INCREASE,payment-gateway,Telemetry signal: Latency Increase recorded on payment-gateway,WARN
EVT-INC-8397-1,INC-8397,2026-08-18T16:13:00Z,DEPLOYMENT,search-indexer,Telemetry signal: Deployment recorded on search-indexer,WARN
EVT-INC-8397-2,INC-8397,2026-08-18T16:15:00Z,MONITORING_ALERT,search-indexer,Telemetry signal: Monitoring Alert recorded on search-indexer,WARN
EVT-INC-8397-3,INC-8397,2026-08-18T16:04:00Z,ERROR_SPIKE,search-indexer,Telemetry signal: Error Spike recorded on search-indexer,WARN
EVT-INC-8397-4,INC-8397,2026-08-18T16:37:00Z,LATENCY_INCREASE,search-indexer,Telemetry signal: Latency Increase recorded on search-indexer,WARN
EVT-INC-8397-5,INC-8397,2026-08-18T16:36:00Z,TRAFFIC_SURGE,search-indexer,Telemetry signal: Traffic Surge recorded on search-indexer,WARN
EVT-INC-8398-1,INC-8398,2026-08-13T04:41:00Z,DEPLOYMENT,payment-gateway,Telemetry signal: Deployment recorded on payment-gateway,WARN
EVT-INC-8398-2,INC-8398,2026-08-13T04:36:00Z,MONITORING_ALERT,payment-gateway,Telemetry signal: Monitoring Alert recorded on payment-gateway,WARN
EVT-INC-8398-3,INC-8398,2026-08-13T05:15:00Z,ERROR_SPIKE,payment-gateway,Telemetry signal: Error Spike recorded on payment-gateway,WARN
EVT-INC-8398-4,INC-8398,2026-08-13T05:09:00Z,LATENCY_INCREASE,payment-gateway,Telemetry signal: Latency Increase recorded on payment-gateway,WARN
EVT-INC-8399-1,INC-8399,2026-09-10T18:12:00Z,MONITORING_ALERT,search-indexer,Telemetry signal: Monitoring Alert recorded on search-indexer,WARN
EVT-INC-8399-2,INC-8399,2026-09-10T18:21:00Z,ERROR_SPIKE,search-indexer,Telemetry signal: Error Spike recorded on search-indexer,WARN
EVT-INC-8399-3,INC-8399,2026-09-10T18:34:00Z,LATENCY_INCREASE,search-indexer,Telemetry signal: Latency Increase recorded on search-indexer,WARN
EVT-INC-8400-1,INC-8400,2026-09-19T04:22:00Z,MONITORING_ALERT,order-processing,Telemetry signal: Monitoring Alert recorded on order-processing,WARN
EVT-INC-8400-2,INC-8400,2026-09-19T04:56:00Z,ERROR_SPIKE,order-processing,Telemetry signal: Error Spike recorded on order-processing,WARN
EVT-INC-8400-3,INC-8400,2026-09-19T04:44:00Z,LATENCY_INCREASE,order-processing,Telemetry signal: Latency Increase recorded on order-processing,WARN
EVT-INC-8401-1,INC-8401,2026-08-14T14:55:00Z,MONITORING_ALERT,user-profile,Telemetry signal: Monitoring Alert recorded on user-profile,WARN
EVT-INC-8401-2,INC-8401,2026-08-14T15:10:00Z,ERROR_SPIKE,user-profile,Telemetry signal: Error Spike recorded on user-profile,WARN
EVT-INC-8401-3,INC-8401,2026-08-14T15:24:00Z,LATENCY_INCREASE,user-profile,Telemetry signal: Latency Increase recorded on user-profile,WARN
EVT-INC-8402-1,INC-8402,2026-09-02T19:13:00Z,DEPLOYMENT,order-processing,Telemetry signal: Deployment recorded on order-processing,WARN
EVT-INC-8402-2,INC-8402,2026-09-02T19:30:00Z,MONITORING_ALERT,order-processing,Telemetry signal: Monitoring Alert recorded on order-processing,WARN
EVT-INC-8402-3,INC-8402,2026-09-02T19:57:00Z,ERROR_SPIKE,order-processing,Telemetry signal: Error Spike recorded on order-processing,WARN
EVT-INC-8402-4,INC-8402,2026-09-02T20:01:00Z,LATENCY_INCREASE,order-processing,Telemetry signal: Latency Increase recorded on order-processing,WARN
EVT-INC-8403-1,INC-8403,2026-09-23T15:23:00Z,MONITORING_ALERT,auth-service,Telemetry signal: Monitoring Alert recorded on auth-service,WARN
EVT-INC-8403-2,INC-8403,2026-09-23T15:32:00Z,ERROR_SPIKE,auth-service,Telemetry signal: Error Spike recorded on auth-service,WARN
EVT-INC-8403-3,INC-8403,2026-09-23T15:37:00Z,LATENCY_INCREASE,auth-service,Telemetry signal: Latency Increase recorded on auth-service,WARN
EVT-INC-8404-1,INC-8404,2026-08-26T02:38:00Z,MONITORING_ALERT,search-indexer,Telemetry signal: Monitoring Alert recorded on search-indexer,WARN
EVT-INC-8404-2,INC-8404,2026-08-26T03:01:00Z,ERROR_SPIKE,search-indexer,Telemetry signal: Error Spike recorded on search-indexer,WARN
EVT-INC-8404-3,INC-8404,2026-08-26T02:46:00Z,LATENCY_INCREASE,search-indexer,Telemetry signal: Latency Increase recorded on search-indexer,WARN
EVT-INC-8404-4,INC-8404,2026-08-26T03:01:00Z,TRAFFIC_SURGE,search-indexer,Telemetry signal: Traffic Surge recorded on search-indexer,WARN
EVT-INC-8405-1,INC-8405,2026-09-19T08:15:00Z,DEPLOYMENT,auth-service,Telemetry signal: Deployment recorded on auth-service,WARN
EVT-INC-8405-2,INC-8405,2026-09-19T08:21:00Z,MONITORING_ALERT,auth-service,Telemetry signal: Monitoring Alert recorded on auth-service,WARN
EVT-INC-8405-3,INC-8405,2026-09-19T08:15:00Z,ERROR_SPIKE,auth-service,Telemetry signal: Error Spike recorded on auth-service,WARN
EVT-INC-8405-4,INC-8405,2026-09-19T08:22:00Z,LATENCY_INCREASE,auth-service,Telemetry signal: Latency Increase recorded on auth-service,WARN
EVT-INC-8406-1,INC-8406,2026-09-19T23:34:00Z,DEPLOYMENT,user-profile,Telemetry signal: Deployment recorded on user-profile,WARN
EVT-INC-8406-2,INC-8406,2026-09-19T23:54:00Z,MONITORING_ALERT,user-profile,Telemetry signal: Monitoring Alert recorded on user-profile,WARN
EVT-INC-8406-3,INC-8406,2026-09-20T00:14:00Z,ERROR_SPIKE,user-profile,Telemetry signal: Error Spike recorded on user-profile,WARN
EVT-INC-8406-4,INC-8406,2026-09-20T00:29:00Z,LATENCY_INCREASE,user-profile,Telemetry signal: Latency Increase recorded on user-profile,WARN
EVT-INC-8407-1,INC-8407,2026-09-05T20:43:00Z,DEPLOYMENT,auth-service,Telemetry signal: Deployment recorded on auth-service,WARN
EVT-INC-8407-2,INC-8407,2026-09-05T21:03:00Z,MONITORING_ALERT,auth-service,Telemetry signal: Monitoring Alert recorded on auth-service,WARN
EVT-INC-8407-3,INC-8407,2026-09-05T21:27:00Z,ERROR_SPIKE,auth-service,Telemetry signal: Error Spike recorded on auth-service,WARN
EVT-INC-8407-4,INC-8407,2026-09-05T21:37:00Z,LATENCY_INCREASE,auth-service,Telemetry signal: Latency Increase recorded on auth-service,WARN
EVT-INC-8408-1,INC-8408,2026-08-13T20:44:00Z,MONITORING_ALERT,search-indexer,Telemetry signal: Monitoring Alert recorded on search-indexer,WARN
EVT-INC-8408-2,INC-8408,2026-08-13T21:13:00Z,ERROR_SPIKE,search-indexer,Telemetry signal: Error Spike recorded on search-indexer,WARN
EVT-INC-8408-3,INC-8408,2026-08-13T21:06:00Z,LATENCY_INCREASE,search-indexer,Telemetry signal: Latency Increase recorded on search-indexer,WARN
EVT-INC-8409-1,INC-8409,2026-09-17T19:57:00Z,MONITORING_ALERT,auth-service,Telemetry signal: Monitoring Alert recorded on auth-service,WARN
EVT-INC-8409-2,INC-8409,2026-09-17T20:08:00Z,ERROR_SPIKE,auth-service,Telemetry signal: Error Spike recorded on auth-service,WARN
EVT-INC-8409-3,INC-8409,2026-09-17T20:33:00Z,LATENCY_INCREASE,auth-service,Telemetry signal: Latency Increase recorded on auth-service,WARN
EVT-INC-8409-4,INC-8409,2026-09-17T20:45:00Z,TRAFFIC_SURGE,auth-service,Telemetry signal: Traffic Surge recorded on auth-service,WARN
EVT-INC-8410-1,INC-8410,2026-09-25T10:13:00Z,MONITORING_ALERT,auth-service,Telemetry signal: Monitoring Alert recorded on auth-service,WARN
EVT-INC-8410-2,INC-8410,2026-09-25T09:54:00Z,ERROR_SPIKE,auth-service,Telemetry signal: Error Spike recorded on auth-service,WARN
EVT-INC-8410-3,INC-8410,2026-09-25T10:15:00Z,LATENCY_INCREASE,auth-service,Telemetry signal: Latency Increase recorded on auth-service,WARN
EVT-INC-8410-4,INC-8410,2026-09-25T10:16:00Z,TRAFFIC_SURGE,auth-service,Telemetry signal: Traffic Surge recorded on auth-service,WARN
EVT-INC-8411-1,INC-8411,2026-09-23T18:57:00Z,DEPLOYMENT,checkout-service,Telemetry signal: Deployment recorded on checkout-service,WARN
EVT-INC-8411-2,INC-8411,2026-09-23T18:40:00Z,MONITORING_ALERT,checkout-service,Telemetry signal: Monitoring Alert recorded on checkout-service,WARN
EVT-INC-8411-3,INC-8411,2026-09-23T19:13:00Z,ERROR_SPIKE,checkout-service,Telemetry signal: Error Spike recorded on checkout-service,WARN
EVT-INC-8411-4,INC-8411,2026-09-23T19:20:00Z,LATENCY_INCREASE,checkout-service,Telemetry signal: Latency Increase recorded on checkout-service,WARN
EVT-INC-8412-1,INC-8412,2026-08-30T19:04:00Z,DEPLOYMENT,search-indexer,Telemetry signal: Deployment recorded on search-indexer,CRITICAL
EVT-INC-8412-2,INC-8412,2026-08-30T19:31:00Z,MONITORING_ALERT,search-indexer,Telemetry signal: Monitoring Alert recorded on search-indexer,CRITICAL
EVT-INC-8412-3,INC-8412,2026-08-30T19:15:00Z,ERROR_SPIKE,search-indexer,Telemetry signal: Error Spike recorded on search-indexer,CRITICAL
EVT-INC-8412-4,INC-8412,2026-08-30T19:37:00Z,LATENCY_INCREASE,search-indexer,Telemetry signal: Latency Increase recorded on search-indexer,CRITICAL
EVT-INC-8412-5,INC-8412,2026-08-30T19:32:00Z,TRAFFIC_SURGE,search-indexer,Telemetry signal: Traffic Surge recorded on search-indexer,CRITICAL
EVT-INC-8413-1,INC-8413,2026-09-15T06:27:00Z,DEPLOYMENT,order-processing,Telemetry signal: Deployment recorded on order-processing,CRITICAL
EVT-INC-8413-2,INC-8413,2026-09-15T06:04:00Z,MONITORING_ALERT,order-processing,Telemetry signal: Monitoring Alert recorded on order-processing,CRITICAL
EVT-INC-8413-3,INC-8413,2026-09-15T06:37:00Z,ERROR_SPIKE,order-processing,Telemetry signal: Error Spike recorded on order-processing,CRITICAL
EVT-INC-8413-4,INC-8413,2026-09-15T06:37:00Z,LATENCY_INCREASE,order-processing,Telemetry signal: Latency Increase recorded on order-processing,CRITICAL
EVT-INC-8414-1,INC-8414,2026-08-20T11:48:00Z,DEPLOYMENT,checkout-service,Telemetry signal: Deployment recorded on checkout-service,WARN
EVT-INC-8414-2,INC-8414,2026-08-20T11:28:00Z,MONITORING_ALERT,checkout-service,Telemetry signal: Monitoring Alert recorded on checkout-service,WARN
EVT-INC-8414-3,INC-8414,2026-08-20T11:26:00Z,ERROR_SPIKE,checkout-service,Telemetry signal: Error Spike recorded on checkout-service,WARN
EVT-INC-8414-4,INC-8414,2026-08-20T11:50:00Z,LATENCY_INCREASE,checkout-service,Telemetry signal: Latency Increase recorded on checkout-service,WARN
EVT-INC-8414-5,INC-8414,2026-08-20T12:03:00Z,TRAFFIC_SURGE,checkout-service,Telemetry signal: Traffic Surge recorded on checkout-service,WARN
EVT-INC-8415-1,INC-8415,2026-08-19T16:08:00Z,DEPLOYMENT,payment-gateway,Telemetry signal: Deployment recorded on payment-gateway,WARN
EVT-INC-8415-2,INC-8415,2026-08-19T15:54:00Z,MONITORING_ALERT,payment-gateway,Telemetry signal: Monitoring Alert recorded on payment-gateway,WARN
EVT-INC-8415-3,INC-8415,2026-08-19T16:23:00Z,ERROR_SPIKE,payment-gateway,Telemetry signal: Error Spike recorded on payment-gateway,WARN
EVT-INC-8415-4,INC-8415,2026-08-19T16:12:00Z,LATENCY_INCREASE,payment-gateway,Telemetry signal: Latency Increase recorded on payment-gateway,WARN
EVT-INC-8415-5,INC-8415,2026-08-19T16:26:00Z,TRAFFIC_SURGE,payment-gateway,Telemetry signal: Traffic Surge recorded on payment-gateway,WARN
EVT-INC-8416-1,INC-8416,2026-09-05T13:00:00Z,MONITORING_ALERT,notification-worker,Telemetry signal: Monitoring Alert recorded on notification-worker,WARN
EVT-INC-8416-2,INC-8416,2026-09-05T13:29:00Z,ERROR_SPIKE,notification-worker,Telemetry signal: Error Spike recorded on notification-worker,WARN
EVT-INC-8416-3,INC-8416,2026-09-05T13:02:00Z,LATENCY_INCREASE,notification-worker,Telemetry signal: Latency Increase recorded on notification-worker,WARN
EVT-INC-8416-4,INC-8416,2026-09-05T13:31:00Z,TRAFFIC_SURGE,notification-worker,Telemetry signal: Traffic Surge recorded on notification-worker,WARN
EVT-INC-8417-1,INC-8417,2026-09-01T23:17:00Z,MONITORING_ALERT,checkout-service,Telemetry signal: Monitoring Alert recorded on checkout-service,WARN
EVT-INC-8417-2,INC-8417,2026-09-01T23:39:00Z,ERROR_SPIKE,checkout-service,Telemetry signal: Error Spike recorded on checkout-service,WARN
EVT-INC-8417-3,INC-8417,2026-09-01T23:53:00Z,LATENCY_INCREASE,checkout-service,Telemetry signal: Latency Increase recorded on checkout-service,WARN
EVT-INC-8418-1,INC-8418,2026-09-09T14:22:00Z,MONITORING_ALERT,search-indexer,Telemetry signal: Monitoring Alert recorded on search-indexer,WARN
EVT-INC-8418-2,INC-8418,2026-09-09T14:21:00Z,ERROR_SPIKE,search-indexer,Telemetry signal: Error Spike recorded on search-indexer,WARN
EVT-INC-8418-3,INC-8418,2026-09-09T14:42:00Z,LATENCY_INCREASE,search-indexer,Telemetry signal: Latency Increase recorded on search-indexer,WARN
EVT-INC-8418-4,INC-8418,2026-09-09T15:00:00Z,TRAFFIC_SURGE,search-indexer,Telemetry signal: Traffic Surge recorded on search-indexer,WARN
EVT-INC-8419-1,INC-8419,2026-08-13T11:05:00Z,MONITORING_ALERT,order-processing,Telemetry signal: Monitoring Alert recorded on order-processing,WARN
EVT-INC-8419-2,INC-8419,2026-08-13T10:31:00Z,ERROR_SPIKE,order-processing,Telemetry signal: Error Spike recorded on order-processing,WARN
EVT-INC-8419-3,INC-8419,2026-08-13T11:03:00Z,LATENCY_INCREASE,order-processing,Telemetry signal: Latency Increase recorded on order-processing,WARN
EVT-INC-8419-4,INC-8419,2026-08-13T11:03:00Z,TRAFFIC_SURGE,order-processing,Telemetry signal: Traffic Surge recorded on order-processing,WARN
EVT-INC-8420-1,INC-8420,2026-08-30T16:36:00Z,DEPLOYMENT,notification-worker,Telemetry signal: Deployment recorded on notification-worker,WARN
EVT-INC-8420-2,INC-8420,2026-08-30T16:53:00Z,MONITORING_ALERT,notification-worker,Telemetry signal: Monitoring Alert recorded on notification-worker,WARN
EVT-INC-8420-3,INC-8420,2026-08-30T17:00:00Z,ERROR_SPIKE,notification-worker,Telemetry signal: Error Spike recorded on notification-worker,WARN
EVT-INC-8420-4,INC-8420,2026-08-30T17:15:00Z,LATENCY_INCREASE,notification-worker,Telemetry signal: Latency Increase recorded on notification-worker,WARN
EVT-INC-8421-1,INC-8421,2026-09-11T18:54:00Z,MONITORING_ALERT,notification-worker,Telemetry signal: Monitoring Alert recorded on notification-worker,WARN
EVT-INC-8421-2,INC-8421,2026-09-11T18:47:00Z,ERROR_SPIKE,notification-worker,Telemetry signal: Error Spike recorded on notification-worker,WARN
EVT-INC-8421-3,INC-8421,2026-09-11T18:42:00Z,LATENCY_INCREASE,notification-worker,Telemetry signal: Latency Increase recorded on notification-worker,WARN
EVT-INC-8422-1,INC-8422,2026-08-20T17:30:00Z,MONITORING_ALERT,search-indexer,Telemetry signal: Monitoring Alert recorded on search-indexer,WARN
EVT-INC-8422-2,INC-8422,2026-08-20T17:10:00Z,ERROR_SPIKE,search-indexer,Telemetry signal: Error Spike recorded on search-indexer,WARN
EVT-INC-8422-3,INC-8422,2026-08-20T17:20:00Z,LATENCY_INCREASE,search-indexer,Telemetry signal: Latency Increase recorded on search-indexer,WARN
EVT-INC-8422-4,INC-8422,2026-08-20T17:21:00Z,TRAFFIC_SURGE,search-indexer,Telemetry signal: Traffic Surge recorded on search-indexer,WARN
EVT-INC-8423-1,INC-8423,2026-09-15T05:15:00Z,MONITORING_ALERT,payment-gateway,Telemetry signal: Monitoring Alert recorded on payment-gateway,WARN
EVT-INC-8423-2,INC-8423,2026-09-15T05:32:00Z,ERROR_SPIKE,payment-gateway,Telemetry signal: Error Spike recorded on payment-gateway,WARN
EVT-INC-8423-3,INC-8423,2026-09-15T05:38:00Z,LATENCY_INCREASE,payment-gateway,Telemetry signal: Latency Increase recorded on payment-gateway,WARN
EVT-INC-8424-1,INC-8424,2026-08-25T21:55:00Z,MONITORING_ALERT,auth-service,Telemetry signal: Monitoring Alert recorded on auth-service,WARN
EVT-INC-8424-2,INC-8424,2026-08-25T22:03:00Z,ERROR_SPIKE,auth-service,Telemetry signal: Error Spike recorded on auth-service,WARN
EVT-INC-8424-3,INC-8424,2026-08-25T22:18:00Z,LATENCY_INCREASE,auth-service,Telemetry signal: Latency Increase recorded on auth-service,WARN
EVT-INC-8425-1,INC-8425,2026-09-08T04:21:00Z,DEPLOYMENT,auth-service,Telemetry signal: Deployment recorded on auth-service,WARN
EVT-INC-8425-2,INC-8425,2026-09-08T04:55:00Z,MONITORING_ALERT,auth-service,Telemetry signal: Monitoring Alert recorded on auth-service,WARN
EVT-INC-8425-3,INC-8425,2026-09-08T04:49:00Z,ERROR_SPIKE,auth-service,Telemetry signal: Error Spike recorded on auth-service,WARN
EVT-INC-8425-4,INC-8425,2026-09-08T04:50:00Z,LATENCY_INCREASE,auth-service,Telemetry signal: Latency Increase recorded on auth-service,WARN
EVT-INC-8426-1,INC-8426,2026-09-23T09:19:00Z,DEPLOYMENT,payment-gateway,Telemetry signal: Deployment recorded on payment-gateway,WARN
EVT-INC-8426-2,INC-8426,2026-09-23T09:47:00Z,MONITORING_ALERT,payment-gateway,Telemetry signal: Monitoring Alert recorded on payment-gateway,WARN
EVT-INC-8426-3,INC-8426,2026-09-23T09:47:00Z,ERROR_SPIKE,payment-gateway,Telemetry signal: Error Spike recorded on payment-gateway,WARN
EVT-INC-8426-4,INC-8426,2026-09-23T09:53:00Z,LATENCY_INCREASE,payment-gateway,Telemetry signal: Latency Increase recorded on payment-gateway,WARN
EVT-INC-8426-5,INC-8426,2026-09-23T09:46:00Z,TRAFFIC_SURGE,payment-gateway,Telemetry signal: Traffic Surge recorded on payment-gateway,WARN
EVT-INC-8427-1,INC-8427,2026-08-23T03:29:00Z,MONITORING_ALERT,payment-gateway,Telemetry signal: Monitoring Alert recorded on payment-gateway,WARN
EVT-INC-8427-2,INC-8427,2026-08-23T03:37:00Z,ERROR_SPIKE,payment-gateway,Telemetry signal: Error Spike recorded on payment-gateway,WARN
EVT-INC-8427-3,INC-8427,2026-08-23T03:41:00Z,LATENCY_INCREASE,payment-gateway,Telemetry signal: Latency Increase recorded on payment-gateway,WARN
EVT-INC-8428-1,INC-8428,2026-09-03T09:08:00Z,MONITORING_ALERT,payment-gateway,Telemetry signal: Monitoring Alert recorded on payment-gateway,WARN
EVT-INC-8428-2,INC-8428,2026-09-03T09:28:00Z,ERROR_SPIKE,payment-gateway,Telemetry signal: Error Spike recorded on payment-gateway,WARN
EVT-INC-8428-3,INC-8428,2026-09-03T09:28:00Z,LATENCY_INCREASE,payment-gateway,Telemetry signal: Latency Increase recorded on payment-gateway,WARN
EVT-INC-8428-4,INC-8428,2026-09-03T09:40:00Z,TRAFFIC_SURGE,payment-gateway,Telemetry signal: Traffic Surge recorded on payment-gateway,WARN
EVT-INC-8429-1,INC-8429,2026-09-11T12:17:00Z,MONITORING_ALERT,notification-worker,Telemetry signal: Monitoring Alert recorded on notification-worker,WARN
EVT-INC-8429-2,INC-8429,2026-09-11T12:19:00Z,ERROR_SPIKE,notification-worker,Telemetry signal: Error Spike recorded on notification-worker,WARN
EVT-INC-8429-3,INC-8429,2026-09-11T12:41:00Z,LATENCY_INCREASE,notification-worker,Telemetry signal: Latency Increase recorded on notification-worker,WARN
EVT-INC-8429-4,INC-8429,2026-09-11T12:45:00Z,TRAFFIC_SURGE,notification-worker,Telemetry signal: Traffic Surge recorded on notification-worker,WARN
EVT-INC-8430-1,INC-8430,2026-09-09T22:28:00Z,DEPLOYMENT,notification-worker,Telemetry signal: Deployment recorded on notification-worker,WARN
EVT-INC-8430-2,INC-8430,2026-09-09T22:49:00Z,MONITORING_ALERT,notification-worker,Telemetry signal: Monitoring Alert recorded on notification-worker,WARN
EVT-INC-8430-3,INC-8430,2026-09-09T23:16:00Z,ERROR_SPIKE,notification-worker,Telemetry signal: Error Spike recorded on notification-worker,WARN
EVT-INC-8430-4,INC-8430,2026-09-09T23:27:00Z,LATENCY_INCREASE,notification-worker,Telemetry signal: Latency Increase recorded on notification-worker,WARN
EVT-INC-8431-1,INC-8431,2026-08-18T21:01:00Z,DEPLOYMENT,payment-gateway,Telemetry signal: Deployment recorded on payment-gateway,WARN
EVT-INC-8431-2,INC-8431,2026-08-18T21:55:00Z,MONITORING_ALERT,payment-gateway,Telemetry signal: Monitoring Alert recorded on payment-gateway,WARN
EVT-INC-8431-3,INC-8431,2026-08-18T21:59:00Z,ERROR_SPIKE,payment-gateway,Telemetry signal: Error Spike recorded on payment-gateway,WARN
EVT-INC-8431-4,INC-8431,2026-08-18T21:47:00Z,LATENCY_INCREASE,payment-gateway,Telemetry signal: Latency Increase recorded on payment-gateway,WARN
EVT-INC-8432-1,INC-8432,2026-09-09T15:01:00Z,DEPLOYMENT,checkout-service,Telemetry signal: Deployment recorded on checkout-service,WARN
EVT-INC-8432-2,INC-8432,2026-09-09T15:16:00Z,MONITORING_ALERT,checkout-service,Telemetry signal: Monitoring Alert recorded on checkout-service,WARN
EVT-INC-8432-3,INC-8432,2026-09-09T15:55:00Z,ERROR_SPIKE,checkout-service,Telemetry signal: Error Spike recorded on checkout-service,WARN
EVT-INC-8432-4,INC-8432,2026-09-09T15:48:00Z,LATENCY_INCREASE,checkout-service,Telemetry signal: Latency Increase recorded on checkout-service,WARN
EVT-INC-8433-1,INC-8433,2026-09-06T21:53:00Z,MONITORING_ALERT,order-processing,Telemetry signal: Monitoring Alert recorded on order-processing,WARN
EVT-INC-8433-2,INC-8433,2026-09-06T22:17:00Z,ERROR_SPIKE,order-processing,Telemetry signal: Error Spike recorded on order-processing,WARN
EVT-INC-8433-3,INC-8433,2026-09-06T22:30:00Z,LATENCY_INCREASE,order-processing,Telemetry signal: Latency Increase recorded on order-processing,WARN
EVT-INC-8434-1,INC-8434,2026-08-13T09:31:00Z,MONITORING_ALERT,checkout-service,Telemetry signal: Monitoring Alert recorded on checkout-service,WARN
EVT-INC-8434-2,INC-8434,2026-08-13T09:57:00Z,ERROR_SPIKE,checkout-service,Telemetry signal: Error Spike recorded on checkout-service,WARN
EVT-INC-8434-3,INC-8434,2026-08-13T09:58:00Z,LATENCY_INCREASE,checkout-service,Telemetry signal: Latency Increase recorded on checkout-service,WARN
EVT-INC-8435-1,INC-8435,2026-09-02T20:26:00Z,MONITORING_ALERT,search-indexer,Telemetry signal: Monitoring Alert recorded on search-indexer,WARN
EVT-INC-8435-2,INC-8435,2026-09-02T20:29:00Z,ERROR_SPIKE,search-indexer,Telemetry signal: Error Spike recorded on search-indexer,WARN
EVT-INC-8435-3,INC-8435,2026-09-02T20:46:00Z,LATENCY_INCREASE,search-indexer,Telemetry signal: Latency Increase recorded on search-indexer,WARN
EVT-INC-8436-1,INC-8436,2026-08-17T00:57:00Z,MONITORING_ALERT,payment-gateway,Telemetry signal: Monitoring Alert recorded on payment-gateway,WARN
EVT-INC-8436-2,INC-8436,2026-08-17T00:57:00Z,ERROR_SPIKE,payment-gateway,Telemetry signal: Error Spike recorded on payment-gateway,WARN
EVT-INC-8436-3,INC-8436,2026-08-17T00:50:00Z,LATENCY_INCREASE,payment-gateway,Telemetry signal: Latency Increase recorded on payment-gateway,WARN
EVT-INC-8437-1,INC-8437,2026-09-11T04:01:00Z,MONITORING_ALERT,auth-service,Telemetry signal: Monitoring Alert recorded on auth-service,WARN
EVT-INC-8437-2,INC-8437,2026-09-11T03:48:00Z,ERROR_SPIKE,auth-service,Telemetry signal: Error Spike recorded on auth-service,WARN
EVT-INC-8437-3,INC-8437,2026-09-11T04:17:00Z,LATENCY_INCREASE,auth-service,Telemetry signal: Latency Increase recorded on auth-service,WARN
EVT-INC-8437-4,INC-8437,2026-09-11T04:15:00Z,TRAFFIC_SURGE,auth-service,Telemetry signal: Traffic Surge recorded on auth-service,WARN
EVT-INC-8438-1,INC-8438,2026-09-16T02:36:00Z,MONITORING_ALERT,auth-service,Telemetry signal: Monitoring Alert recorded on auth-service,WARN
EVT-INC-8438-2,INC-8438,2026-09-16T02:48:00Z,ERROR_SPIKE,auth-service,Telemetry signal: Error Spike recorded on auth-service,WARN
EVT-INC-8438-3,INC-8438,2026-09-16T02:38:00Z,LATENCY_INCREASE,auth-service,Telemetry signal: Latency Increase recorded on auth-service,WARN
EVT-INC-8438-4,INC-8438,2026-09-16T02:54:00Z,TRAFFIC_SURGE,auth-service,Telemetry signal: Traffic Surge recorded on auth-service,WARN
EVT-INC-8439-1,INC-8439,2026-08-29T23:36:00Z,MONITORING_ALERT,inventory-api,Telemetry signal: Monitoring Alert recorded on inventory-api,WARN
EVT-INC-8439-2,INC-8439,2026-08-29T23:38:00Z,ERROR_SPIKE,inventory-api,Telemetry signal: Error Spike recorded on inventory-api,WARN
EVT-INC-8439-3,INC-8439,2026-08-29T23:51:00Z,LATENCY_INCREASE,inventory-api,Telemetry signal: Latency Increase recorded on inventory-api,WARN
EVT-INC-8440-1,INC-8440,2026-08-30T17:56:00Z,DEPLOYMENT,checkout-service,Telemetry signal: Deployment recorded on checkout-service,WARN
EVT-INC-8440-2,INC-8440,2026-08-30T17:40:00Z,MONITORING_ALERT,checkout-service,Telemetry signal: Monitoring Alert recorded on checkout-service,WARN
EVT-INC-8440-3,INC-8440,2026-08-30T18:09:00Z,ERROR_SPIKE,checkout-service,Telemetry signal: Error Spike recorded on checkout-service,WARN
EVT-INC-8440-4,INC-8440,2026-08-30T18:34:00Z,LATENCY_INCREASE,checkout-service,Telemetry signal: Latency Increase recorded on checkout-service,WARN
EVT-INC-8440-5,INC-8440,2026-08-30T18:30:00Z,TRAFFIC_SURGE,checkout-service,Telemetry signal: Traffic Surge recorded on checkout-service,WARN
EVT-INC-8441-1,INC-8441,2026-08-19T11:50:00Z,MONITORING_ALERT,checkout-service,Telemetry signal: Monitoring Alert recorded on checkout-service,WARN
EVT-INC-8441-2,INC-8441,2026-08-19T12:27:00Z,ERROR_SPIKE,checkout-service,Telemetry signal: Error Spike recorded on checkout-service,WARN
EVT-INC-8441-3,INC-8441,2026-08-19T12:14:00Z,LATENCY_INCREASE,checkout-service,Telemetry signal: Latency Increase recorded on checkout-service,WARN
EVT-INC-8442-1,INC-8442,2026-08-18T00:25:00Z,MONITORING_ALERT,checkout-service,Telemetry signal: Monitoring Alert recorded on checkout-service,WARN
EVT-INC-8442-2,INC-8442,2026-08-18T00:45:00Z,ERROR_SPIKE,checkout-service,Telemetry signal: Error Spike recorded on checkout-service,WARN
EVT-INC-8442-3,INC-8442,2026-08-18T00:43:00Z,LATENCY_INCREASE,checkout-service,Telemetry signal: Latency Increase recorded on checkout-service,WARN
EVT-INC-8443-1,INC-8443,2026-08-19T20:07:00Z,DEPLOYMENT,notification-worker,Telemetry signal: Deployment recorded on notification-worker,WARN
EVT-INC-8443-2,INC-8443,2026-08-19T20:26:00Z,MONITORING_ALERT,notification-worker,Telemetry signal: Monitoring Alert recorded on notification-worker,WARN
EVT-INC-8443-3,INC-8443,2026-08-19T20:56:00Z,ERROR_SPIKE,notification-worker,Telemetry signal: Error Spike recorded on notification-worker,WARN
EVT-INC-8443-4,INC-8443,2026-08-19T20:46:00Z,LATENCY_INCREASE,notification-worker,Telemetry signal: Latency Increase recorded on notification-worker,WARN
EVT-INC-8443-5,INC-8443,2026-08-19T21:01:00Z,TRAFFIC_SURGE,notification-worker,Telemetry signal: Traffic Surge recorded on notification-worker,WARN
EVT-INC-8444-1,INC-8444,2026-09-21T10:27:00Z,MONITORING_ALERT,user-profile,Telemetry signal: Monitoring Alert recorded on user-profile,WARN
EVT-INC-8444-2,INC-8444,2026-09-21T10:20:00Z,ERROR_SPIKE,user-profile,Telemetry signal: Error Spike recorded on user-profile,WARN
EVT-INC-8444-3,INC-8444,2026-09-21T10:36:00Z,LATENCY_INCREASE,user-profile,Telemetry signal: Latency Increase recorded on user-profile,WARN
EVT-INC-8445-1,INC-8445,2026-09-13T22:22:00Z,MONITORING_ALERT,notification-worker,Telemetry signal: Monitoring Alert recorded on notification-worker,WARN
EVT-INC-8445-2,INC-8445,2026-09-13T22:24:00Z,ERROR_SPIKE,notification-worker,Telemetry signal: Error Spike recorded on notification-worker,WARN
EVT-INC-8445-3,INC-8445,2026-09-13T22:52:00Z,LATENCY_INCREASE,notification-worker,Telemetry signal: Latency Increase recorded on notification-worker,WARN
EVT-INC-8445-4,INC-8445,2026-09-13T22:42:00Z,TRAFFIC_SURGE,notification-worker,Telemetry signal: Traffic Surge recorded on notification-worker,WARN
EVT-INC-8446-1,INC-8446,2026-08-25T01:39:00Z,DEPLOYMENT,auth-service,Telemetry signal: Deployment recorded on auth-service,WARN
EVT-INC-8446-2,INC-8446,2026-08-25T02:06:00Z,MONITORING_ALERT,auth-service,Telemetry signal: Monitoring Alert recorded on auth-service,WARN
EVT-INC-8446-3,INC-8446,2026-08-25T02:11:00Z,ERROR_SPIKE,auth-service,Telemetry signal: Error Spike recorded on auth-service,WARN
EVT-INC-8446-4,INC-8446,2026-08-25T02:20:00Z,LATENCY_INCREASE,auth-service,Telemetry signal: Latency Increase recorded on auth-service,WARN
EVT-INC-8447-1,INC-8447,2026-09-13T23:28:00Z,DEPLOYMENT,checkout-service,Telemetry signal: Deployment recorded on checkout-service,WARN
EVT-INC-8447-2,INC-8447,2026-09-14T00:11:00Z,MONITORING_ALERT,checkout-service,Telemetry signal: Monitoring Alert recorded on checkout-service,WARN
EVT-INC-8447-3,INC-8447,2026-09-14T00:22:00Z,ERROR_SPIKE,checkout-service,Telemetry signal: Error Spike recorded on checkout-service,WARN
EVT-INC-8447-4,INC-8447,2026-09-14T00:17:00Z,LATENCY_INCREASE,checkout-service,Telemetry signal: Latency Increase recorded on checkout-service,WARN
EVT-INC-8447-5,INC-8447,2026-09-14T00:34:00Z,TRAFFIC_SURGE,checkout-service,Telemetry signal: Traffic Surge recorded on checkout-service,WARN
EVT-INC-8448-1,INC-8448,2026-09-07T18:54:00Z,DEPLOYMENT,auth-service,Telemetry signal: Deployment recorded on auth-service,CRITICAL
EVT-INC-8448-2,INC-8448,2026-09-07T19:01:00Z,MONITORING_ALERT,auth-service,Telemetry signal: Monitoring Alert recorded on auth-service,CRITICAL
EVT-INC-8448-3,INC-8448,2026-09-07T19:25:00Z,ERROR_SPIKE,auth-service,Telemetry signal: Error Spike recorded on auth-service,CRITICAL
EVT-INC-8448-4,INC-8448,2026-09-07T19:35:00Z,LATENCY_INCREASE,auth-service,Telemetry signal: Latency Increase recorded on auth-service,CRITICAL
EVT-INC-8448-5,INC-8448,2026-09-07T19:43:00Z,TRAFFIC_SURGE,auth-service,Telemetry signal: Traffic Surge recorded on auth-service,CRITICAL
EVT-INC-8449-1,INC-8449,2026-09-21T05:46:00Z,MONITORING_ALERT,search-indexer,Telemetry signal: Monitoring Alert recorded on search-indexer,WARN
EVT-INC-8449-2,INC-8449,2026-09-21T06:18:00Z,ERROR_SPIKE,search-indexer,Telemetry signal: Error Spike recorded on search-indexer,WARN
EVT-INC-8449-3,INC-8449,2026-09-21T06:06:00Z,LATENCY_INCREASE,search-indexer,Telemetry signal: Latency Increase recorded on search-indexer,WARN
EVT-INC-8449-4,INC-8449,2026-09-21T06:22:00Z,TRAFFIC_SURGE,search-indexer,Telemetry signal: Traffic Surge recorded on search-indexer,WARN
EVT-INC-8450-1,INC-8450,2026-09-13T02:16:00Z,DEPLOYMENT,checkout-service,Telemetry signal: Deployment recorded on checkout-service,WARN
EVT-INC-8450-2,INC-8450,2026-09-13T02:16:00Z,MONITORING_ALERT,checkout-service,Telemetry signal: Monitoring Alert recorded on checkout-service,WARN
EVT-INC-8450-3,INC-8450,2026-09-13T02:04:00Z,ERROR_SPIKE,checkout-service,Telemetry signal: Error Spike recorded on checkout-service,WARN
EVT-INC-8450-4,INC-8450,2026-09-13T02:27:00Z,LATENCY_INCREASE,checkout-service,Telemetry signal: Latency Increase recorded on checkout-service,WARN
EVT-INC-8451-1,INC-8451,2026-09-08T16:06:00Z,DEPLOYMENT,order-processing,Telemetry signal: Deployment recorded on order-processing,WARN
EVT-INC-8451-2,INC-8451,2026-09-08T16:54:00Z,MONITORING_ALERT,order-processing,Telemetry signal: Monitoring Alert recorded on order-processing,WARN
EVT-INC-8451-3,INC-8451,2026-09-08T16:58:00Z,ERROR_SPIKE,order-processing,Telemetry signal: Error Spike recorded on order-processing,WARN
EVT-INC-8451-4,INC-8451,2026-09-08T17:04:00Z,LATENCY_INCREASE,order-processing,Telemetry signal: Latency Increase recorded on order-processing,WARN
EVT-INC-8452-1,INC-8452,2026-09-16T10:14:00Z,DEPLOYMENT,payment-gateway,Telemetry signal: Deployment recorded on payment-gateway,WARN
EVT-INC-8452-2,INC-8452,2026-09-16T10:44:00Z,MONITORING_ALERT,payment-gateway,Telemetry signal: Monitoring Alert recorded on payment-gateway,WARN
EVT-INC-8452-3,INC-8452,2026-09-16T10:22:00Z,ERROR_SPIKE,payment-gateway,Telemetry signal: Error Spike recorded on payment-gateway,WARN
EVT-INC-8452-4,INC-8452,2026-09-16T10:44:00Z,LATENCY_INCREASE,payment-gateway,Telemetry signal: Latency Increase recorded on payment-gateway,WARN
EVT-INC-8453-1,INC-8453,2026-09-20T23:32:00Z,DEPLOYMENT,user-profile,Telemetry signal: Deployment recorded on user-profile,WARN
EVT-INC-8453-2,INC-8453,2026-09-20T23:24:00Z,MONITORING_ALERT,user-profile,Telemetry signal: Monitoring Alert recorded on user-profile,WARN
EVT-INC-8453-3,INC-8453,2026-09-20T23:40:00Z,ERROR_SPIKE,user-profile,Telemetry signal: Error Spike recorded on user-profile,WARN
EVT-INC-8453-4,INC-8453,2026-09-20T23:46:00Z,LATENCY_INCREASE,user-profile,Telemetry signal: Latency Increase recorded on user-profile,WARN
EVT-INC-8454-1,INC-8454,2026-08-30T05:26:00Z,MONITORING_ALERT,inventory-api,Telemetry signal: Monitoring Alert recorded on inventory-api,WARN
EVT-INC-8454-2,INC-8454,2026-08-30T05:23:00Z,ERROR_SPIKE,inventory-api,Telemetry signal: Error Spike recorded on inventory-api,WARN
EVT-INC-8454-3,INC-8454,2026-08-30T05:34:00Z,LATENCY_INCREASE,inventory-api,Telemetry signal: Latency Increase recorded on inventory-api,WARN
EVT-INC-8454-4,INC-8454,2026-08-30T05:28:00Z,TRAFFIC_SURGE,inventory-api,Telemetry signal: Traffic Surge recorded on inventory-api,WARN
EVT-INC-8455-1,INC-8455,2026-08-13T05:36:00Z,DEPLOYMENT,user-profile,Telemetry signal: Deployment recorded on user-profile,CRITICAL
EVT-INC-8455-2,INC-8455,2026-08-13T05:10:00Z,MONITORING_ALERT,user-profile,Telemetry signal: Monitoring Alert recorded on user-profile,CRITICAL
EVT-INC-8455-3,INC-8455,2026-08-13T05:10:00Z,ERROR_SPIKE,user-profile,Telemetry signal: Error Spike recorded on user-profile,CRITICAL
EVT-INC-8455-4,INC-8455,2026-08-13T05:30:00Z,LATENCY_INCREASE,user-profile,Telemetry signal: Latency Increase recorded on user-profile,CRITICAL
EVT-INC-8456-1,INC-8456,2026-08-25T09:27:00Z,DEPLOYMENT,notification-worker,Telemetry signal: Deployment recorded on notification-worker,WARN
EVT-INC-8456-2,INC-8456,2026-08-25T10:01:00Z,MONITORING_ALERT,notification-worker,Telemetry signal: Monitoring Alert recorded on notification-worker,WARN
EVT-INC-8456-3,INC-8456,2026-08-25T10:05:00Z,ERROR_SPIKE,notification-worker,Telemetry signal: Error Spike recorded on notification-worker,WARN
EVT-INC-8456-4,INC-8456,2026-08-25T10:04:00Z,LATENCY_INCREASE,notification-worker,Telemetry signal: Latency Increase recorded on notification-worker,WARN
EVT-INC-8457-1,INC-8457,2026-08-24T10:27:00Z,DEPLOYMENT,user-profile,Telemetry signal: Deployment recorded on user-profile,WARN
EVT-INC-8457-2,INC-8457,2026-08-24T10:40:00Z,MONITORING_ALERT,user-profile,Telemetry signal: Monitoring Alert recorded on user-profile,WARN
EVT-INC-8457-3,INC-8457,2026-08-24T11:29:00Z,ERROR_SPIKE,user-profile,Telemetry signal: Error Spike recorded on user-profile,WARN
EVT-INC-8457-4,INC-8457,2026-08-24T11:14:00Z,LATENCY_INCREASE,user-profile,Telemetry signal: Latency Increase recorded on user-profile,WARN
EVT-INC-8457-5,INC-8457,2026-08-24T11:19:00Z,TRAFFIC_SURGE,user-profile,Telemetry signal: Traffic Surge recorded on user-profile,WARN
EVT-INC-8458-1,INC-8458,2026-09-10T20:40:00Z,MONITORING_ALERT,search-indexer,Telemetry signal: Monitoring Alert recorded on search-indexer,WARN
EVT-INC-8458-2,INC-8458,2026-09-10T21:21:00Z,ERROR_SPIKE,search-indexer,Telemetry signal: Error Spike recorded on search-indexer,WARN
EVT-INC-8458-3,INC-8458,2026-09-10T21:20:00Z,LATENCY_INCREASE,search-indexer,Telemetry signal: Latency Increase recorded on search-indexer,WARN
EVT-INC-8458-4,INC-8458,2026-09-10T21:10:00Z,TRAFFIC_SURGE,search-indexer,Telemetry signal: Traffic Surge recorded on search-indexer,WARN
EVT-INC-8459-1,INC-8459,2026-09-22T07:17:00Z,MONITORING_ALERT,notification-worker,Telemetry signal: Monitoring Alert recorded on notification-worker,WARN
EVT-INC-8459-2,INC-8459,2026-09-22T07:26:00Z,ERROR_SPIKE,notification-worker,Telemetry signal: Error Spike recorded on notification-worker,WARN
EVT-INC-8459-3,INC-8459,2026-09-22T07:20:00Z,LATENCY_INCREASE,notification-worker,Telemetry signal: Latency Increase recorded on notification-worker,WARN
EVT-INC-8460-1,INC-8460,2026-08-28T13:07:00Z,MONITORING_ALERT,order-processing,Telemetry signal: Monitoring Alert recorded on order-processing,WARN
EVT-INC-8460-2,INC-8460,2026-08-28T13:17:00Z,ERROR_SPIKE,order-processing,Telemetry signal: Error Spike recorded on order-processing,WARN
EVT-INC-8460-3,INC-8460,2026-08-28T13:22:00Z,LATENCY_INCREASE,order-processing,Telemetry signal: Latency Increase recorded on order-processing,WARN
EVT-INC-8461-1,INC-8461,2026-09-07T00:36:00Z,DEPLOYMENT,search-indexer,Telemetry signal: Deployment recorded on search-indexer,WARN
EVT-INC-8461-2,INC-8461,2026-09-07T00:35:00Z,MONITORING_ALERT,search-indexer,Telemetry signal: Monitoring Alert recorded on search-indexer,WARN
EVT-INC-8461-3,INC-8461,2026-09-07T00:38:00Z,ERROR_SPIKE,search-indexer,Telemetry signal: Error Spike recorded on search-indexer,WARN
EVT-INC-8461-4,INC-8461,2026-09-07T00:46:00Z,LATENCY_INCREASE,search-indexer,Telemetry signal: Latency Increase recorded on search-indexer,WARN
EVT-INC-8462-1,INC-8462,2026-09-26T06:54:00Z,MONITORING_ALERT,notification-worker,Telemetry signal: Monitoring Alert recorded on notification-worker,WARN
EVT-INC-8462-2,INC-8462,2026-09-26T06:58:00Z,ERROR_SPIKE,notification-worker,Telemetry signal: Error Spike recorded on notification-worker,WARN
EVT-INC-8462-3,INC-8462,2026-09-26T07:04:00Z,LATENCY_INCREASE,notification-worker,Telemetry signal: Latency Increase recorded on notification-worker,WARN
EVT-INC-8463-1,INC-8463,2026-09-08T22:26:00Z,DEPLOYMENT,inventory-api,Telemetry signal: Deployment recorded on inventory-api,WARN
EVT-INC-8463-2,INC-8463,2026-09-08T23:02:00Z,MONITORING_ALERT,inventory-api,Telemetry signal: Monitoring Alert recorded on inventory-api,WARN
EVT-INC-8463-3,INC-8463,2026-09-08T22:50:00Z,ERROR_SPIKE,inventory-api,Telemetry signal: Error Spike recorded on inventory-api,WARN
EVT-INC-8463-4,INC-8463,2026-09-08T23:24:00Z,LATENCY_INCREASE,inventory-api,Telemetry signal: Latency Increase recorded on inventory-api,WARN
EVT-INC-8463-5,INC-8463,2026-09-08T23:15:00Z,TRAFFIC_SURGE,inventory-api,Telemetry signal: Traffic Surge recorded on inventory-api,WARN
EVT-INC-8464-1,INC-8464,2026-09-24T21:20:00Z,MONITORING_ALERT,search-indexer,Telemetry signal: Monitoring Alert recorded on search-indexer,CRITICAL
EVT-INC-8464-2,INC-8464,2026-09-24T21:55:00Z,ERROR_SPIKE,search-indexer,Telemetry signal: Error Spike recorded on search-indexer,CRITICAL
EVT-INC-8464-3,INC-8464,2026-09-24T21:54:00Z,LATENCY_INCREASE,search-indexer,Telemetry signal: Latency Increase recorded on search-indexer,CRITICAL
EVT-INC-8464-4,INC-8464,2026-09-24T21:54:00Z,TRAFFIC_SURGE,search-indexer,Telemetry signal: Traffic Surge recorded on search-indexer,CRITICAL
EVT-INC-8465-1,INC-8465,2026-09-19T02:41:00Z,DEPLOYMENT,notification-worker,Telemetry signal: Deployment recorded on notification-worker,CRITICAL
EVT-INC-8465-2,INC-8465,2026-09-19T02:26:00Z,MONITORING_ALERT,notification-worker,Telemetry signal: Monitoring Alert recorded on notification-worker,CRITICAL
EVT-INC-8465-3,INC-8465,2026-09-19T03:14:00Z,ERROR_SPIKE,notification-worker,Telemetry signal: Error Spike recorded on notification-worker,CRITICAL
EVT-INC-8465-4,INC-8465,2026-09-19T02:56:00Z,LATENCY_INCREASE,notification-worker,Telemetry signal: Latency Increase recorded on notification-worker,CRITICAL
EVT-INC-8465-5,INC-8465,2026-09-19T03:19:00Z,TRAFFIC_SURGE,notification-worker,Telemetry signal: Traffic Surge recorded on notification-worker,CRITICAL
EVT-INC-8466-1,INC-8466,2026-08-30T19:15:00Z,MONITORING_ALERT,checkout-service,Telemetry signal: Monitoring Alert recorded on checkout-service,WARN
EVT-INC-8466-2,INC-8466,2026-08-30T19:12:00Z,ERROR_SPIKE,checkout-service,Telemetry signal: Error Spike recorded on checkout-service,WARN
EVT-INC-8466-3,INC-8466,2026-08-30T19:31:00Z,LATENCY_INCREASE,checkout-service,Telemetry signal: Latency Increase recorded on checkout-service,WARN
EVT-INC-8467-1,INC-8467,2026-08-22T05:37:00Z,DEPLOYMENT,payment-gateway,Telemetry signal: Deployment recorded on payment-gateway,CRITICAL
EVT-INC-8467-2,INC-8467,2026-08-22T06:25:00Z,MONITORING_ALERT,payment-gateway,Telemetry signal: Monitoring Alert recorded on payment-gateway,CRITICAL
EVT-INC-8467-3,INC-8467,2026-08-22T06:25:00Z,ERROR_SPIKE,payment-gateway,Telemetry signal: Error Spike recorded on payment-gateway,CRITICAL
EVT-INC-8467-4,INC-8467,2026-08-22T06:21:00Z,LATENCY_INCREASE,payment-gateway,Telemetry signal: Latency Increase recorded on payment-gateway,CRITICAL
EVT-INC-8467-5,INC-8467,2026-08-22T06:34:00Z,TRAFFIC_SURGE,payment-gateway,Telemetry signal: Traffic Surge recorded on payment-gateway,CRITICAL
EVT-INC-8468-1,INC-8468,2026-09-17T17:58:00Z,DEPLOYMENT,auth-service,Telemetry signal: Deployment recorded on auth-service,WARN
EVT-INC-8468-2,INC-8468,2026-09-17T18:04:00Z,MONITORING_ALERT,auth-service,Telemetry signal: Monitoring Alert recorded on auth-service,WARN
EVT-INC-8468-3,INC-8468,2026-09-17T18:00:00Z,ERROR_SPIKE,auth-service,Telemetry signal: Error Spike recorded on auth-service,WARN
EVT-INC-8468-4,INC-8468,2026-09-17T18:08:00Z,LATENCY_INCREASE,auth-service,Telemetry signal: Latency Increase recorded on auth-service,WARN
EVT-INC-8469-1,INC-8469,2026-08-26T20:18:00Z,DEPLOYMENT,search-indexer,Telemetry signal: Deployment recorded on search-indexer,WARN
EVT-INC-8469-2,INC-8469,2026-08-26T20:13:00Z,MONITORING_ALERT,search-indexer,Telemetry signal: Monitoring Alert recorded on search-indexer,WARN
EVT-INC-8469-3,INC-8469,2026-08-26T20:26:00Z,ERROR_SPIKE,search-indexer,Telemetry signal: Error Spike recorded on search-indexer,WARN
EVT-INC-8469-4,INC-8469,2026-08-26T20:27:00Z,LATENCY_INCREASE,search-indexer,Telemetry signal: Latency Increase recorded on search-indexer,WARN
EVT-INC-8469-5,INC-8469,2026-08-26T20:48:00Z,TRAFFIC_SURGE,search-indexer,Telemetry signal: Traffic Surge recorded on search-indexer,WARN
EVT-INC-8470-1,INC-8470,2026-09-12T02:59:00Z,MONITORING_ALERT,notification-worker,Telemetry signal: Monitoring Alert recorded on notification-worker,WARN
EVT-INC-8470-2,INC-8470,2026-09-12T02:51:00Z,ERROR_SPIKE,notification-worker,Telemetry signal: Error Spike recorded on notification-worker,WARN
EVT-INC-8470-3,INC-8470,2026-09-12T02:59:00Z,LATENCY_INCREASE,notification-worker,Telemetry signal: Latency Increase recorded on notification-worker,WARN
EVT-INC-8470-4,INC-8470,2026-09-12T03:12:00Z,TRAFFIC_SURGE,notification-worker,Telemetry signal: Traffic Surge recorded on notification-worker,WARN
EVT-INC-8471-1,INC-8471,2026-09-09T16:28:00Z,DEPLOYMENT,checkout-service,Telemetry signal: Deployment recorded on checkout-service,WARN
EVT-INC-8471-2,INC-8471,2026-09-09T16:44:00Z,MONITORING_ALERT,checkout-service,Telemetry signal: Monitoring Alert recorded on checkout-service,WARN
EVT-INC-8471-3,INC-8471,2026-09-09T17:08:00Z,ERROR_SPIKE,checkout-service,Telemetry signal: Error Spike recorded on checkout-service,WARN
EVT-INC-8471-4,INC-8471,2026-09-09T17:09:00Z,LATENCY_INCREASE,checkout-service,Telemetry signal: Latency Increase recorded on checkout-service,WARN
EVT-INC-8472-1,INC-8472,2026-08-21T07:51:00Z,MONITORING_ALERT,notification-worker,Telemetry signal: Monitoring Alert recorded on notification-worker,WARN
EVT-INC-8472-2,INC-8472,2026-08-21T08:15:00Z,ERROR_SPIKE,notification-worker,Telemetry signal: Error Spike recorded on notification-worker,WARN
EVT-INC-8472-3,INC-8472,2026-08-21T08:18:00Z,LATENCY_INCREASE,notification-worker,Telemetry signal: Latency Increase recorded on notification-worker,WARN
EVT-INC-8473-1,INC-8473,2026-08-12T12:51:00Z,MONITORING_ALERT,payment-gateway,Telemetry signal: Monitoring Alert recorded on payment-gateway,WARN
EVT-INC-8473-2,INC-8473,2026-08-12T13:23:00Z,ERROR_SPIKE,payment-gateway,Telemetry signal: Error Spike recorded on payment-gateway,WARN
EVT-INC-8473-3,INC-8473,2026-08-12T13:25:00Z,LATENCY_INCREASE,payment-gateway,Telemetry signal: Latency Increase recorded on payment-gateway,WARN
EVT-INC-8474-1,INC-8474,2026-08-22T14:05:00Z,DEPLOYMENT,search-indexer,Telemetry signal: Deployment recorded on search-indexer,CRITICAL
EVT-INC-8474-2,INC-8474,2026-08-22T14:37:00Z,MONITORING_ALERT,search-indexer,Telemetry signal: Monitoring Alert recorded on search-indexer,CRITICAL
EVT-INC-8474-3,INC-8474,2026-08-22T14:06:00Z,ERROR_SPIKE,search-indexer,Telemetry signal: Error Spike recorded on search-indexer,CRITICAL
EVT-INC-8474-4,INC-8474,2026-08-22T14:21:00Z,LATENCY_INCREASE,search-indexer,Telemetry signal: Latency Increase recorded on search-indexer,CRITICAL
EVT-INC-8474-5,INC-8474,2026-08-22T14:39:00Z,TRAFFIC_SURGE,search-indexer,Telemetry signal: Traffic Surge recorded on search-indexer,CRITICAL
EVT-INC-8475-1,INC-8475,2026-08-23T23:31:00Z,MONITORING_ALERT,order-processing,Telemetry signal: Monitoring Alert recorded on order-processing,CRITICAL
EVT-INC-8475-2,INC-8475,2026-08-23T23:45:00Z,ERROR_SPIKE,order-processing,Telemetry signal: Error Spike recorded on order-processing,CRITICAL
EVT-INC-8475-3,INC-8475,2026-08-23T23:47:00Z,LATENCY_INCREASE,order-processing,Telemetry signal: Latency Increase recorded on order-processing,CRITICAL
EVT-INC-8475-4,INC-8475,2026-08-23T23:49:00Z,TRAFFIC_SURGE,order-processing,Telemetry signal: Traffic Surge recorded on order-processing,CRITICAL
EVT-INC-8476-1,INC-8476,2026-09-09T04:05:00Z,MONITORING_ALERT,user-profile,Telemetry signal: Monitoring Alert recorded on user-profile,WARN
EVT-INC-8476-2,INC-8476,2026-09-09T03:50:00Z,ERROR_SPIKE,user-profile,Telemetry signal: Error Spike recorded on user-profile,WARN
EVT-INC-8476-3,INC-8476,2026-09-09T04:17:00Z,LATENCY_INCREASE,user-profile,Telemetry signal: Latency Increase recorded on user-profile,WARN
EVT-INC-8476-4,INC-8476,2026-09-09T04:16:00Z,TRAFFIC_SURGE,user-profile,Telemetry signal: Traffic Surge recorded on user-profile,WARN
EVT-INC-8477-1,INC-8477,2026-09-05T11:59:00Z,MONITORING_ALERT,checkout-service,Telemetry signal: Monitoring Alert recorded on checkout-service,WARN
EVT-INC-8477-2,INC-8477,2026-09-05T12:21:00Z,ERROR_SPIKE,checkout-service,Telemetry signal: Error Spike recorded on checkout-service,WARN
EVT-INC-8477-3,INC-8477,2026-09-05T12:29:00Z,LATENCY_INCREASE,checkout-service,Telemetry signal: Latency Increase recorded on checkout-service,WARN
EVT-INC-8477-4,INC-8477,2026-09-05T12:30:00Z,TRAFFIC_SURGE,checkout-service,Telemetry signal: Traffic Surge recorded on checkout-service,WARN
EVT-INC-8478-1,INC-8478,2026-08-19T18:21:00Z,DEPLOYMENT,auth-service,Telemetry signal: Deployment recorded on auth-service,WARN
EVT-INC-8478-2,INC-8478,2026-08-19T17:55:00Z,MONITORING_ALERT,auth-service,Telemetry signal: Monitoring Alert recorded on auth-service,WARN
EVT-INC-8478-3,INC-8478,2026-08-19T18:13:00Z,ERROR_SPIKE,auth-service,Telemetry signal: Error Spike recorded on auth-service,WARN
EVT-INC-8478-4,INC-8478,2026-08-19T18:22:00Z,LATENCY_INCREASE,auth-service,Telemetry signal: Latency Increase recorded on auth-service,WARN
EVT-INC-8479-1,INC-8479,2026-09-12T20:28:00Z,DEPLOYMENT,order-processing,Telemetry signal: Deployment recorded on order-processing,WARN
EVT-INC-8479-2,INC-8479,2026-09-12T20:28:00Z,MONITORING_ALERT,order-processing,Telemetry signal: Monitoring Alert recorded on order-processing,WARN
EVT-INC-8479-3,INC-8479,2026-09-12T20:54:00Z,ERROR_SPIKE,order-processing,Telemetry signal: Error Spike recorded on order-processing,WARN
EVT-INC-8479-4,INC-8479,2026-09-12T20:59:00Z,LATENCY_INCREASE,order-processing,Telemetry signal: Latency Increase recorded on order-processing,WARN
EVT-INC-8480-1,INC-8480,2026-08-18T00:56:00Z,DEPLOYMENT,order-processing,Telemetry signal: Deployment recorded on order-processing,WARN
EVT-INC-8480-2,INC-8480,2026-08-18T01:13:00Z,MONITORING_ALERT,order-processing,Telemetry signal: Monitoring Alert recorded on order-processing,WARN
EVT-INC-8480-3,INC-8480,2026-08-18T01:49:00Z,ERROR_SPIKE,order-processing,Telemetry signal: Error Spike recorded on order-processing,WARN
EVT-INC-8480-4,INC-8480,2026-08-18T01:37:00Z,LATENCY_INCREASE,order-processing,Telemetry signal: Latency Increase recorded on order-processing,WARN
EVT-INC-8480-5,INC-8480,2026-08-18T01:50:00Z,TRAFFIC_SURGE,order-processing,Telemetry signal: Traffic Surge recorded on order-processing,WARN
EVT-INC-8481-1,INC-8481,2026-09-19T18:05:00Z,MONITORING_ALERT,payment-gateway,Telemetry signal: Monitoring Alert recorded on payment-gateway,WARN
EVT-INC-8481-2,INC-8481,2026-09-19T18:10:00Z,ERROR_SPIKE,payment-gateway,Telemetry signal: Error Spike recorded on payment-gateway,WARN
EVT-INC-8481-3,INC-8481,2026-09-19T18:26:00Z,LATENCY_INCREASE,payment-gateway,Telemetry signal: Latency Increase recorded on payment-gateway,WARN
EVT-INC-8482-1,INC-8482,2026-09-21T01:25:00Z,DEPLOYMENT,search-indexer,Telemetry signal: Deployment recorded on search-indexer,CRITICAL
EVT-INC-8482-2,INC-8482,2026-09-21T01:08:00Z,MONITORING_ALERT,search-indexer,Telemetry signal: Monitoring Alert recorded on search-indexer,CRITICAL
EVT-INC-8482-3,INC-8482,2026-09-21T01:24:00Z,ERROR_SPIKE,search-indexer,Telemetry signal: Error Spike recorded on search-indexer,CRITICAL
EVT-INC-8482-4,INC-8482,2026-09-21T01:34:00Z,LATENCY_INCREASE,search-indexer,Telemetry signal: Latency Increase recorded on search-indexer,CRITICAL
EVT-INC-8482-5,INC-8482,2026-09-21T01:49:00Z,TRAFFIC_SURGE,search-indexer,Telemetry signal: Traffic Surge recorded on search-indexer,CRITICAL
EVT-INC-8483-1,INC-8483,2026-08-27T18:13:00Z,DEPLOYMENT,auth-service,Telemetry signal: Deployment recorded on auth-service,WARN
EVT-INC-8483-2,INC-8483,2026-08-27T17:38:00Z,MONITORING_ALERT,auth-service,Telemetry signal: Monitoring Alert recorded on auth-service,WARN
EVT-INC-8483-3,INC-8483,2026-08-27T17:48:00Z,ERROR_SPIKE,auth-service,Telemetry signal: Error Spike recorded on auth-service,WARN
EVT-INC-8483-4,INC-8483,2026-08-27T17:58:00Z,LATENCY_INCREASE,auth-service,Telemetry signal: Latency Increase recorded on auth-service,WARN
EVT-INC-8483-5,INC-8483,2026-08-27T18:10:00Z,TRAFFIC_SURGE,auth-service,Telemetry signal: Traffic Surge recorded on auth-service,WARN
EVT-INC-8484-1,INC-8484,2026-09-12T21:48:00Z,DEPLOYMENT,inventory-api,Telemetry signal: Deployment recorded on inventory-api,WARN
EVT-INC-8484-2,INC-8484,2026-09-12T21:31:00Z,MONITORING_ALERT,inventory-api,Telemetry signal: Monitoring Alert recorded on inventory-api,WARN
EVT-INC-8484-3,INC-8484,2026-09-12T21:34:00Z,ERROR_SPIKE,inventory-api,Telemetry signal: Error Spike recorded on inventory-api,WARN
EVT-INC-8484-4,INC-8484,2026-09-12T21:38:00Z,LATENCY_INCREASE,inventory-api,Telemetry signal: Latency Increase recorded on inventory-api,WARN
EVT-INC-8485-1,INC-8485,2026-09-20T19:37:00Z,MONITORING_ALERT,notification-worker,Telemetry signal: Monitoring Alert recorded on notification-worker,WARN
EVT-INC-8485-2,INC-8485,2026-09-20T20:07:00Z,ERROR_SPIKE,notification-worker,Telemetry signal: Error Spike recorded on notification-worker,WARN
EVT-INC-8485-3,INC-8485,2026-09-20T20:12:00Z,LATENCY_INCREASE,notification-worker,Telemetry signal: Latency Increase recorded on notification-worker,WARN
EVT-INC-8486-1,INC-8486,2026-09-22T11:45:00Z,DEPLOYMENT,notification-worker,Telemetry signal: Deployment recorded on notification-worker,WARN
EVT-INC-8486-2,INC-8486,2026-09-22T11:34:00Z,MONITORING_ALERT,notification-worker,Telemetry signal: Monitoring Alert recorded on notification-worker,WARN
EVT-INC-8486-3,INC-8486,2026-09-22T11:35:00Z,ERROR_SPIKE,notification-worker,Telemetry signal: Error Spike recorded on notification-worker,WARN
EVT-INC-8486-4,INC-8486,2026-09-22T11:48:00Z,LATENCY_INCREASE,notification-worker,Telemetry signal: Latency Increase recorded on notification-worker,WARN
EVT-INC-8486-5,INC-8486,2026-09-22T11:41:00Z,TRAFFIC_SURGE,notification-worker,Telemetry signal: Traffic Surge recorded on notification-worker,WARN
EVT-INC-8487-1,INC-8487,2026-08-25T19:58:00Z,MONITORING_ALERT,inventory-api,Telemetry signal: Monitoring Alert recorded on inventory-api,WARN
EVT-INC-8487-2,INC-8487,2026-08-25T20:03:00Z,ERROR_SPIKE,inventory-api,Telemetry signal: Error Spike recorded on inventory-api,WARN
EVT-INC-8487-3,INC-8487,2026-08-25T20:30:00Z,LATENCY_INCREASE,inventory-api,Telemetry signal: Latency Increase recorded on inventory-api,WARN
EVT-INC-8488-1,INC-8488,2026-09-01T08:18:00Z,MONITORING_ALERT,order-processing,Telemetry signal: Monitoring Alert recorded on order-processing,WARN
EVT-INC-8488-2,INC-8488,2026-09-01T08:35:00Z,ERROR_SPIKE,order-processing,Telemetry signal: Error Spike recorded on order-processing,WARN
EVT-INC-8488-3,INC-8488,2026-09-01T08:40:00Z,LATENCY_INCREASE,order-processing,Telemetry signal: Latency Increase recorded on order-processing,WARN
EVT-INC-8489-1,INC-8489,2026-08-26T16:16:00Z,MONITORING_ALERT,search-indexer,Telemetry signal: Monitoring Alert recorded on search-indexer,WARN
EVT-INC-8489-2,INC-8489,2026-08-26T16:21:00Z,ERROR_SPIKE,search-indexer,Telemetry signal: Error Spike recorded on search-indexer,WARN
EVT-INC-8489-3,INC-8489,2026-08-26T16:40:00Z,LATENCY_INCREASE,search-indexer,Telemetry signal: Latency Increase recorded on search-indexer,WARN
EVT-INC-8490-1,INC-8490,2026-08-30T00:17:00Z,DEPLOYMENT,checkout-service,Telemetry signal: Deployment recorded on checkout-service,WARN
EVT-INC-8490-2,INC-8490,2026-08-30T00:03:00Z,MONITORING_ALERT,checkout-service,Telemetry signal: Monitoring Alert recorded on checkout-service,WARN
EVT-INC-8490-3,INC-8490,2026-08-29T23:42:00Z,ERROR_SPIKE,checkout-service,Telemetry signal: Error Spike recorded on checkout-service,WARN
EVT-INC-8490-4,INC-8490,2026-08-30T00:15:00Z,LATENCY_INCREASE,checkout-service,Telemetry signal: Latency Increase recorded on checkout-service,WARN
EVT-INC-8490-5,INC-8490,2026-08-30T00:14:00Z,TRAFFIC_SURGE,checkout-service,Telemetry signal: Traffic Surge recorded on checkout-service,WARN
EVT-INC-8491-1,INC-8491,2026-09-09T05:41:00Z,MONITORING_ALERT,inventory-api,Telemetry signal: Monitoring Alert recorded on inventory-api,WARN
EVT-INC-8491-2,INC-8491,2026-09-09T05:43:00Z,ERROR_SPIKE,inventory-api,Telemetry signal: Error Spike recorded on inventory-api,WARN
EVT-INC-8491-3,INC-8491,2026-09-09T05:58:00Z,LATENCY_INCREASE,inventory-api,Telemetry signal: Latency Increase recorded on inventory-api,WARN
EVT-INC-8492-1,INC-8492,2026-08-16T15:44:00Z,MONITORING_ALERT,notification-worker,Telemetry signal: Monitoring Alert recorded on notification-worker,WARN
EVT-INC-8492-2,INC-8492,2026-08-16T15:49:00Z,ERROR_SPIKE,notification-worker,Telemetry signal: Error Spike recorded on notification-worker,WARN
EVT-INC-8492-3,INC-8492,2026-08-16T16:10:00Z,LATENCY_INCREASE,notification-worker,Telemetry signal: Latency Increase recorded on notification-worker,WARN
EVT-INC-8492-4,INC-8492,2026-08-16T16:19:00Z,TRAFFIC_SURGE,notification-worker,Telemetry signal: Traffic Surge recorded on notification-worker,WARN
EVT-INC-8493-1,INC-8493,2026-09-20T17:20:00Z,MONITORING_ALERT,search-indexer,Telemetry signal: Monitoring Alert recorded on search-indexer,WARN
EVT-INC-8493-2,INC-8493,2026-09-20T17:05:00Z,ERROR_SPIKE,search-indexer,Telemetry signal: Error Spike recorded on search-indexer,WARN
EVT-INC-8493-3,INC-8493,2026-09-20T17:28:00Z,LATENCY_INCREASE,search-indexer,Telemetry signal: Latency Increase recorded on search-indexer,WARN
EVT-INC-8493-4,INC-8493,2026-09-20T17:35:00Z,TRAFFIC_SURGE,search-indexer,Telemetry signal: Traffic Surge recorded on search-indexer,WARN
EVT-INC-8494-1,INC-8494,2026-08-17T08:55:00Z,DEPLOYMENT,inventory-api,Telemetry signal: Deployment recorded on inventory-api,WARN
EVT-INC-8494-2,INC-8494,2026-08-17T08:57:00Z,MONITORING_ALERT,inventory-api,Telemetry signal: Monitoring Alert recorded on inventory-api,WARN
EVT-INC-8494-3,INC-8494,2026-08-17T08:39:00Z,ERROR_SPIKE,inventory-api,Telemetry signal: Error Spike recorded on inventory-api,WARN
EVT-INC-8494-4,INC-8494,2026-08-17T08:59:00Z,LATENCY_INCREASE,inventory-api,Telemetry signal: Latency Increase recorded on inventory-api,WARN
EVT-INC-8495-1,INC-8495,2026-08-20T16:46:00Z,DEPLOYMENT,auth-service,Telemetry signal: Deployment recorded on auth-service,WARN
EVT-INC-8495-2,INC-8495,2026-08-20T16:20:00Z,MONITORING_ALERT,auth-service,Telemetry signal: Monitoring Alert recorded on auth-service,WARN
EVT-INC-8495-3,INC-8495,2026-08-20T16:42:00Z,ERROR_SPIKE,auth-service,Telemetry signal: Error Spike recorded on auth-service,WARN
EVT-INC-8495-4,INC-8495,2026-08-20T16:35:00Z,LATENCY_INCREASE,auth-service,Telemetry signal: Latency Increase recorded on auth-service,WARN
EVT-INC-8496-1,INC-8496,2026-09-15T08:33:00Z,MONITORING_ALERT,payment-gateway,Telemetry signal: Monitoring Alert recorded on payment-gateway,WARN
EVT-INC-8496-2,INC-8496,2026-09-15T08:48:00Z,ERROR_SPIKE,payment-gateway,Telemetry signal: Error Spike recorded on payment-gateway,WARN
EVT-INC-8496-3,INC-8496,2026-09-15T08:59:00Z,LATENCY_INCREASE,payment-gateway,Telemetry signal: Latency Increase recorded on payment-gateway,WARN
EVT-INC-8497-1,INC-8497,2026-08-19T14:47:00Z,MONITORING_ALERT,search-indexer,Telemetry signal: Monitoring Alert recorded on search-indexer,WARN
EVT-INC-8497-2,INC-8497,2026-08-19T15:03:00Z,ERROR_SPIKE,search-indexer,Telemetry signal: Error Spike recorded on search-indexer,WARN
EVT-INC-8497-3,INC-8497,2026-08-19T15:13:00Z,LATENCY_INCREASE,search-indexer,Telemetry signal: Latency Increase recorded on search-indexer,WARN
EVT-INC-8498-1,INC-8498,2026-09-24T20:34:00Z,DEPLOYMENT,inventory-api,Telemetry signal: Deployment recorded on inventory-api,CRITICAL
EVT-INC-8498-2,INC-8498,2026-09-24T20:44:00Z,MONITORING_ALERT,inventory-api,Telemetry signal: Monitoring Alert recorded on inventory-api,CRITICAL
EVT-INC-8498-3,INC-8498,2026-09-24T20:46:00Z,ERROR_SPIKE,inventory-api,Telemetry signal: Error Spike recorded on inventory-api,CRITICAL
EVT-INC-8498-4,INC-8498,2026-09-24T21:00:00Z,LATENCY_INCREASE,inventory-api,Telemetry signal: Latency Increase recorded on inventory-api,CRITICAL
EVT-INC-8498-5,INC-8498,2026-09-24T21:03:00Z,TRAFFIC_SURGE,inventory-api,Telemetry signal: Traffic Surge recorded on inventory-api,CRITICAL
EVT-INC-8499-1,INC-8499,2026-09-22T14:56:00Z,MONITORING_ALERT,user-profile,Telemetry signal: Monitoring Alert recorded on user-profile,WARN
EVT-INC-8499-2,INC-8499,2026-09-22T14:48:00Z,ERROR_SPIKE,user-profile,Telemetry signal: Error Spike recorded on user-profile,WARN
EVT-INC-8499-3,INC-8499,2026-09-22T14:58:00Z,LATENCY_INCREASE,user-profile,Telemetry signal: Latency Increase recorded on user-profile,WARN
EVT-INC-8499-4,INC-8499,2026-09-22T15:06:00Z,TRAFFIC_SURGE,user-profile,Telemetry signal: Traffic Surge recorded on user-profile,WARN
EVT-INC-8500-1,INC-8500,2026-08-19T06:42:00Z,MONITORING_ALERT,inventory-api,Telemetry signal: Monitoring Alert recorded on inventory-api,WARN
EVT-INC-8500-2,INC-8500,2026-08-19T06:55:00Z,ERROR_SPIKE,inventory-api,Telemetry signal: Error Spike recorded on inventory-api,WARN
EVT-INC-8500-3,INC-8500,2026-08-19T06:54:00Z,LATENCY_INCREASE,inventory-api,Telemetry signal: Latency Increase recorded on inventory-api,WARN
EVT-INC-8501-1,INC-8501,2026-08-27T04:08:00Z,DEPLOYMENT,search-indexer,Telemetry signal: Deployment recorded on search-indexer,WARN
EVT-INC-8501-2,INC-8501,2026-08-27T04:32:00Z,MONITORING_ALERT,search-indexer,Telemetry signal: Monitoring Alert recorded on search-indexer,WARN
EVT-INC-8501-3,INC-8501,2026-08-27T04:40:00Z,ERROR_SPIKE,search-indexer,Telemetry signal: Error Spike recorded on search-indexer,WARN
EVT-INC-8501-4,INC-8501,2026-08-27T04:54:00Z,LATENCY_INCREASE,search-indexer,Telemetry signal: Latency Increase recorded on search-indexer,WARN
EVT-INC-8502-1,INC-8502,2026-08-22T13:26:00Z,DEPLOYMENT,search-indexer,Telemetry signal: Deployment recorded on search-indexer,WARN
EVT-INC-8502-2,INC-8502,2026-08-22T12:55:00Z,MONITORING_ALERT,search-indexer,Telemetry signal: Monitoring Alert recorded on search-indexer,WARN
EVT-INC-8502-3,INC-8502,2026-08-22T13:20:00Z,ERROR_SPIKE,search-indexer,Telemetry signal: Error Spike recorded on search-indexer,WARN
EVT-INC-8502-4,INC-8502,2026-08-22T13:30:00Z,LATENCY_INCREASE,search-indexer,Telemetry signal: Latency Increase recorded on search-indexer,WARN
EVT-INC-8503-1,INC-8503,2026-08-25T13:59:00Z,MONITORING_ALERT,checkout-service,Telemetry signal: Monitoring Alert recorded on checkout-service,WARN
EVT-INC-8503-2,INC-8503,2026-08-25T14:00:00Z,ERROR_SPIKE,checkout-service,Telemetry signal: Error Spike recorded on checkout-service,WARN
EVT-INC-8503-3,INC-8503,2026-08-25T14:06:00Z,LATENCY_INCREASE,checkout-service,Telemetry signal: Latency Increase recorded on checkout-service,WARN
EVT-INC-8504-1,INC-8504,2026-09-22T08:02:00Z,MONITORING_ALERT,checkout-service,Telemetry signal: Monitoring Alert recorded on checkout-service,WARN
EVT-INC-8504-2,INC-8504,2026-09-22T08:24:00Z,ERROR_SPIKE,checkout-service,Telemetry signal: Error Spike recorded on checkout-service,WARN
EVT-INC-8504-3,INC-8504,2026-09-22T08:17:00Z,LATENCY_INCREASE,checkout-service,Telemetry signal: Latency Increase recorded on checkout-service,WARN
EVT-INC-8505-1,INC-8505,2026-09-07T10:12:00Z,DEPLOYMENT,search-indexer,Telemetry signal: Deployment recorded on search-indexer,WARN
EVT-INC-8505-2,INC-8505,2026-09-07T10:19:00Z,MONITORING_ALERT,search-indexer,Telemetry signal: Monitoring Alert recorded on search-indexer,WARN
EVT-INC-8505-3,INC-8505,2026-09-07T10:49:00Z,ERROR_SPIKE,search-indexer,Telemetry signal: Error Spike recorded on search-indexer,WARN
EVT-INC-8505-4,INC-8505,2026-09-07T10:59:00Z,LATENCY_INCREASE,search-indexer,Telemetry signal: Latency Increase recorded on search-indexer,WARN
EVT-INC-8505-5,INC-8505,2026-09-07T11:02:00Z,TRAFFIC_SURGE,search-indexer,Telemetry signal: Traffic Surge recorded on search-indexer,WARN
EVT-INC-8506-1,INC-8506,2026-09-11T05:59:00Z,MONITORING_ALERT,notification-worker,Telemetry signal: Monitoring Alert recorded on notification-worker,WARN
EVT-INC-8506-2,INC-8506,2026-09-11T06:10:00Z,ERROR_SPIKE,notification-worker,Telemetry signal: Error Spike recorded on notification-worker,WARN
EVT-INC-8506-3,INC-8506,2026-09-11T06:35:00Z,LATENCY_INCREASE,notification-worker,Telemetry signal: Latency Increase recorded on notification-worker,WARN
EVT-INC-8507-1,INC-8507,2026-09-16T22:05:00Z,DEPLOYMENT,user-profile,Telemetry signal: Deployment recorded on user-profile,WARN
EVT-INC-8507-2,INC-8507,2026-09-16T21:45:00Z,MONITORING_ALERT,user-profile,Telemetry signal: Monitoring Alert recorded on user-profile,WARN
EVT-INC-8507-3,INC-8507,2026-09-16T22:05:00Z,ERROR_SPIKE,user-profile,Telemetry signal: Error Spike recorded on user-profile,WARN
EVT-INC-8507-4,INC-8507,2026-09-16T22:06:00Z,LATENCY_INCREASE,user-profile,Telemetry signal: Latency Increase recorded on user-profile,WARN
EVT-INC-8508-1,INC-8508,2026-09-17T06:31:00Z,MONITORING_ALERT,auth-service,Telemetry signal: Monitoring Alert recorded on auth-service,WARN
EVT-INC-8508-2,INC-8508,2026-09-17T06:31:00Z,ERROR_SPIKE,auth-service,Telemetry signal: Error Spike recorded on auth-service,WARN
EVT-INC-8508-3,INC-8508,2026-09-17T06:57:00Z,LATENCY_INCREASE,auth-service,Telemetry signal: Latency Increase recorded on auth-service,WARN
EVT-INC-8508-4,INC-8508,2026-09-17T06:52:00Z,TRAFFIC_SURGE,auth-service,Telemetry signal: Traffic Surge recorded on auth-service,WARN
EVT-INC-8509-1,INC-8509,2026-09-23T08:43:00Z,DEPLOYMENT,user-profile,Telemetry signal: Deployment recorded on user-profile,WARN
EVT-INC-8509-2,INC-8509,2026-09-23T09:00:00Z,MONITORING_ALERT,user-profile,Telemetry signal: Monitoring Alert recorded on user-profile,WARN
EVT-INC-8509-3,INC-8509,2026-09-23T09:36:00Z,ERROR_SPIKE,user-profile,Telemetry signal: Error Spike recorded on user-profile,WARN
EVT-INC-8509-4,INC-8509,2026-09-23T09:24:00Z,LATENCY_INCREASE,user-profile,Telemetry signal: Latency Increase recorded on user-profile,WARN
EVT-INC-8509-5,INC-8509,2026-09-23T09:34:00Z,TRAFFIC_SURGE,user-profile,Telemetry signal: Traffic Surge recorded on user-profile,WARN
EVT-INC-8510-1,INC-8510,2026-09-08T23:30:00Z,MONITORING_ALERT,search-indexer,Telemetry signal: Monitoring Alert recorded on search-indexer,WARN
EVT-INC-8510-2,INC-8510,2026-09-08T23:34:00Z,ERROR_SPIKE,search-indexer,Telemetry signal: Error Spike recorded on search-indexer,WARN
EVT-INC-8510-3,INC-8510,2026-09-09T00:08:00Z,LATENCY_INCREASE,search-indexer,Telemetry signal: Latency Increase recorded on search-indexer,WARN
EVT-INC-8510-4,INC-8510,2026-09-08T23:55:00Z,TRAFFIC_SURGE,search-indexer,Telemetry signal: Traffic Surge recorded on search-indexer,WARN
EVT-INC-8511-1,INC-8511,2026-08-18T15:38:00Z,DEPLOYMENT,notification-worker,Telemetry signal: Deployment recorded on notification-worker,WARN
EVT-INC-8511-2,INC-8511,2026-08-18T16:29:00Z,MONITORING_ALERT,notification-worker,Telemetry signal: Monitoring Alert recorded on notification-worker,WARN
EVT-INC-8511-3,INC-8511,2026-08-18T16:28:00Z,ERROR_SPIKE,notification-worker,Telemetry signal: Error Spike recorded on notification-worker,WARN
EVT-INC-8511-4,INC-8511,2026-08-18T16:24:00Z,LATENCY_INCREASE,notification-worker,Telemetry signal: Latency Increase recorded on notification-worker,WARN
EVT-INC-8512-1,INC-8512,2026-08-29T22:26:00Z,MONITORING_ALERT,payment-gateway,Telemetry signal: Monitoring Alert recorded on payment-gateway,WARN
EVT-INC-8512-2,INC-8512,2026-08-29T22:28:00Z,ERROR_SPIKE,payment-gateway,Telemetry signal: Error Spike recorded on payment-gateway,WARN
EVT-INC-8512-3,INC-8512,2026-08-29T22:44:00Z,LATENCY_INCREASE,payment-gateway,Telemetry signal: Latency Increase recorded on payment-gateway,WARN
EVT-INC-8512-4,INC-8512,2026-08-29T22:35:00Z,TRAFFIC_SURGE,payment-gateway,Telemetry signal: Traffic Surge recorded on payment-gateway,WARN
EVT-INC-8513-1,INC-8513,2026-09-02T00:22:00Z,DEPLOYMENT,payment-gateway,Telemetry signal: Deployment recorded on payment-gateway,WARN
EVT-INC-8513-2,INC-8513,2026-09-02T00:31:00Z,MONITORING_ALERT,payment-gateway,Telemetry signal: Monitoring Alert recorded on payment-gateway,WARN
EVT-INC-8513-3,INC-8513,2026-09-02T00:17:00Z,ERROR_SPIKE,payment-gateway,Telemetry signal: Error Spike recorded on payment-gateway,WARN
EVT-INC-8513-4,INC-8513,2026-09-02T00:25:00Z,LATENCY_INCREASE,payment-gateway,Telemetry signal: Latency Increase recorded on payment-gateway,WARN
EVT-INC-8513-5,INC-8513,2026-09-02T00:34:00Z,TRAFFIC_SURGE,payment-gateway,Telemetry signal: Traffic Surge recorded on payment-gateway,WARN
EVT-INC-8514-1,INC-8514,2026-09-22T05:22:00Z,MONITORING_ALERT,search-indexer,Telemetry signal: Monitoring Alert recorded on search-indexer,WARN
EVT-INC-8514-2,INC-8514,2026-09-22T05:15:00Z,ERROR_SPIKE,search-indexer,Telemetry signal: Error Spike recorded on search-indexer,WARN
EVT-INC-8514-3,INC-8514,2026-09-22T05:22:00Z,LATENCY_INCREASE,search-indexer,Telemetry signal: Latency Increase recorded on search-indexer,WARN
EVT-INC-8515-1,INC-8515,2026-09-19T22:25:00Z,DEPLOYMENT,checkout-service,Telemetry signal: Deployment recorded on checkout-service,WARN
EVT-INC-8515-2,INC-8515,2026-09-19T22:32:00Z,MONITORING_ALERT,checkout-service,Telemetry signal: Monitoring Alert recorded on checkout-service,WARN
EVT-INC-8515-3,INC-8515,2026-09-19T22:57:00Z,ERROR_SPIKE,checkout-service,Telemetry signal: Error Spike recorded on checkout-service,WARN
EVT-INC-8515-4,INC-8515,2026-09-19T22:56:00Z,LATENCY_INCREASE,checkout-service,Telemetry signal: Latency Increase recorded on checkout-service,WARN
EVT-INC-8515-5,INC-8515,2026-09-19T22:46:00Z,TRAFFIC_SURGE,checkout-service,Telemetry signal: Traffic Surge recorded on checkout-service,WARN
EVT-INC-8516-1,INC-8516,2026-08-22T09:39:00Z,MONITORING_ALERT,payment-gateway,Telemetry signal: Monitoring Alert recorded on payment-gateway,WARN
EVT-INC-8516-2,INC-8516,2026-08-22T10:17:00Z,ERROR_SPIKE,payment-gateway,Telemetry signal: Error Spike recorded on payment-gateway,WARN
EVT-INC-8516-3,INC-8516,2026-08-22T10:07:00Z,LATENCY_INCREASE,payment-gateway,Telemetry signal: Latency Increase recorded on payment-gateway,WARN
EVT-INC-8516-4,INC-8516,2026-08-22T10:23:00Z,TRAFFIC_SURGE,payment-gateway,Telemetry signal: Traffic Surge recorded on payment-gateway,WARN
EVT-INC-8517-1,INC-8517,2026-08-20T08:48:00Z,MONITORING_ALERT,auth-service,Telemetry signal: Monitoring Alert recorded on auth-service,WARN
EVT-INC-8517-2,INC-8517,2026-08-20T08:41:00Z,ERROR_SPIKE,auth-service,Telemetry signal: Error Spike recorded on auth-service,WARN
EVT-INC-8517-3,INC-8517,2026-08-20T08:54:00Z,LATENCY_INCREASE,auth-service,Telemetry signal: Latency Increase recorded on auth-service,WARN
EVT-INC-8518-1,INC-8518,2026-09-20T00:38:00Z,DEPLOYMENT,auth-service,Telemetry signal: Deployment recorded on auth-service,WARN
EVT-INC-8518-2,INC-8518,2026-09-20T00:32:00Z,MONITORING_ALERT,auth-service,Telemetry signal: Monitoring Alert recorded on auth-service,WARN
EVT-INC-8518-3,INC-8518,2026-09-20T00:28:00Z,ERROR_SPIKE,auth-service,Telemetry signal: Error Spike recorded on auth-service,WARN
EVT-INC-8518-4,INC-8518,2026-09-20T00:45:00Z,LATENCY_INCREASE,auth-service,Telemetry signal: Latency Increase recorded on auth-service,WARN
EVT-INC-8519-1,INC-8519,2026-08-24T22:32:00Z,DEPLOYMENT,order-processing,Telemetry signal: Deployment recorded on order-processing,CRITICAL
EVT-INC-8519-2,INC-8519,2026-08-24T22:33:00Z,MONITORING_ALERT,order-processing,Telemetry signal: Monitoring Alert recorded on order-processing,CRITICAL
EVT-INC-8519-3,INC-8519,2026-08-24T22:51:00Z,ERROR_SPIKE,order-processing,Telemetry signal: Error Spike recorded on order-processing,CRITICAL
EVT-INC-8519-4,INC-8519,2026-08-24T22:37:00Z,LATENCY_INCREASE,order-processing,Telemetry signal: Latency Increase recorded on order-processing,CRITICAL
EVT-INC-8519-5,INC-8519,2026-08-24T22:51:00Z,TRAFFIC_SURGE,order-processing,Telemetry signal: Traffic Surge recorded on order-processing,CRITICAL
EVT-INC-8520-1,INC-8520,2026-09-11T05:37:00Z,DEPLOYMENT,auth-service,Telemetry signal: Deployment recorded on auth-service,WARN
EVT-INC-8520-2,INC-8520,2026-09-11T05:16:00Z,MONITORING_ALERT,auth-service,Telemetry signal: Monitoring Alert recorded on auth-service,WARN
EVT-INC-8520-3,INC-8520,2026-09-11T05:51:00Z,ERROR_SPIKE,auth-service,Telemetry signal: Error Spike recorded on auth-service,WARN
EVT-INC-8520-4,INC-8520,2026-09-11T05:48:00Z,LATENCY_INCREASE,auth-service,Telemetry signal: Latency Increase recorded on auth-service,WARN
EVT-INC-8521-1,INC-8521,2026-08-21T17:32:00Z,MONITORING_ALERT,auth-service,Telemetry signal: Monitoring Alert recorded on auth-service,WARN
EVT-INC-8521-2,INC-8521,2026-08-21T17:05:00Z,ERROR_SPIKE,auth-service,Telemetry signal: Error Spike recorded on auth-service,WARN
EVT-INC-8521-3,INC-8521,2026-08-21T17:30:00Z,LATENCY_INCREASE,auth-service,Telemetry signal: Latency Increase recorded on auth-service,WARN
EVT-INC-8521-4,INC-8521,2026-08-21T17:38:00Z,TRAFFIC_SURGE,auth-service,Telemetry signal: Traffic Surge recorded on auth-service,WARN
EVT-INC-8522-1,INC-8522,2026-08-28T11:57:00Z,MONITORING_ALERT,user-profile,Telemetry signal: Monitoring Alert recorded on user-profile,WARN
EVT-INC-8522-2,INC-8522,2026-08-28T11:58:00Z,ERROR_SPIKE,user-profile,Telemetry signal: Error Spike recorded on user-profile,WARN
EVT-INC-8522-3,INC-8522,2026-08-28T12:05:00Z,LATENCY_INCREASE,user-profile,Telemetry signal: Latency Increase recorded on user-profile,WARN
EVT-INC-8522-4,INC-8522,2026-08-28T12:12:00Z,TRAFFIC_SURGE,user-profile,Telemetry signal: Traffic Surge recorded on user-profile,WARN
EVT-INC-8523-1,INC-8523,2026-09-25T16:49:00Z,MONITORING_ALERT,order-processing,Telemetry signal: Monitoring Alert recorded on order-processing,WARN
EVT-INC-8523-2,INC-8523,2026-09-25T16:53:00Z,ERROR_SPIKE,order-processing,Telemetry signal: Error Spike recorded on order-processing,WARN
EVT-INC-8523-3,INC-8523,2026-09-25T16:47:00Z,LATENCY_INCREASE,order-processing,Telemetry signal: Latency Increase recorded on order-processing,WARN
EVT-INC-8524-1,INC-8524,2026-09-25T06:53:00Z,MONITORING_ALERT,order-processing,Telemetry signal: Monitoring Alert recorded on order-processing,WARN
EVT-INC-8524-2,INC-8524,2026-09-25T06:43:00Z,ERROR_SPIKE,order-processing,Telemetry signal: Error Spike recorded on order-processing,WARN
EVT-INC-8524-3,INC-8524,2026-09-25T06:45:00Z,LATENCY_INCREASE,order-processing,Telemetry signal: Latency Increase recorded on order-processing,WARN
EVT-INC-8525-1,INC-8525,2026-08-20T10:31:00Z,MONITORING_ALERT,checkout-service,Telemetry signal: Monitoring Alert recorded on checkout-service,WARN
EVT-INC-8525-2,INC-8525,2026-08-20T10:34:00Z,ERROR_SPIKE,checkout-service,Telemetry signal: Error Spike recorded on checkout-service,WARN
EVT-INC-8525-3,INC-8525,2026-08-20T10:53:00Z,LATENCY_INCREASE,checkout-service,Telemetry signal: Latency Increase recorded on checkout-service,WARN
EVT-INC-8526-1,INC-8526,2026-09-19T08:33:00Z,DEPLOYMENT,notification-worker,Telemetry signal: Deployment recorded on notification-worker,WARN
EVT-INC-8526-2,INC-8526,2026-09-19T09:08:00Z,MONITORING_ALERT,notification-worker,Telemetry signal: Monitoring Alert recorded on notification-worker,WARN
EVT-INC-8526-3,INC-8526,2026-09-19T09:07:00Z,ERROR_SPIKE,notification-worker,Telemetry signal: Error Spike recorded on notification-worker,WARN
EVT-INC-8526-4,INC-8526,2026-09-19T09:14:00Z,LATENCY_INCREASE,notification-worker,Telemetry signal: Latency Increase recorded on notification-worker,WARN
EVT-INC-8527-1,INC-8527,2026-09-07T04:48:00Z,MONITORING_ALERT,notification-worker,Telemetry signal: Monitoring Alert recorded on notification-worker,WARN
EVT-INC-8527-2,INC-8527,2026-09-07T04:18:00Z,ERROR_SPIKE,notification-worker,Telemetry signal: Error Spike recorded on notification-worker,WARN
EVT-INC-8527-3,INC-8527,2026-09-07T04:36:00Z,LATENCY_INCREASE,notification-worker,Telemetry signal: Latency Increase recorded on notification-worker,WARN
EVT-INC-8527-4,INC-8527,2026-09-07T04:51:00Z,TRAFFIC_SURGE,notification-worker,Telemetry signal: Traffic Surge recorded on notification-worker,WARN
EVT-INC-8528-1,INC-8528,2026-08-28T06:29:00Z,DEPLOYMENT,auth-service,Telemetry signal: Deployment recorded on auth-service,WARN
EVT-INC-8528-2,INC-8528,2026-08-28T06:31:00Z,MONITORING_ALERT,auth-service,Telemetry signal: Monitoring Alert recorded on auth-service,WARN
EVT-INC-8528-3,INC-8528,2026-08-28T06:21:00Z,ERROR_SPIKE,auth-service,Telemetry signal: Error Spike recorded on auth-service,WARN
EVT-INC-8528-4,INC-8528,2026-08-28T06:19:00Z,LATENCY_INCREASE,auth-service,Telemetry signal: Latency Increase recorded on auth-service,WARN
EVT-INC-8528-5,INC-8528,2026-08-28T06:26:00Z,TRAFFIC_SURGE,auth-service,Telemetry signal: Traffic Surge recorded on auth-service,WARN
EVT-INC-8529-1,INC-8529,2026-08-23T01:14:00Z,MONITORING_ALERT,user-profile,Telemetry signal: Monitoring Alert recorded on user-profile,WARN
EVT-INC-8529-2,INC-8529,2026-08-23T01:16:00Z,ERROR_SPIKE,user-profile,Telemetry signal: Error Spike recorded on user-profile,WARN
EVT-INC-8529-3,INC-8529,2026-08-23T01:24:00Z,LATENCY_INCREASE,user-profile,Telemetry signal: Latency Increase recorded on user-profile,WARN
EVT-INC-8530-1,INC-8530,2026-09-22T05:09:00Z,DEPLOYMENT,payment-gateway,Telemetry signal: Deployment recorded on payment-gateway,WARN
EVT-INC-8530-2,INC-8530,2026-09-22T05:39:00Z,MONITORING_ALERT,payment-gateway,Telemetry signal: Monitoring Alert recorded on payment-gateway,WARN
EVT-INC-8530-3,INC-8530,2026-09-22T05:51:00Z,ERROR_SPIKE,payment-gateway,Telemetry signal: Error Spike recorded on payment-gateway,WARN
EVT-INC-8530-4,INC-8530,2026-09-22T05:45:00Z,LATENCY_INCREASE,payment-gateway,Telemetry signal: Latency Increase recorded on payment-gateway,WARN
EVT-INC-8531-1,INC-8531,2026-08-20T16:50:00Z,DEPLOYMENT,auth-service,Telemetry signal: Deployment recorded on auth-service,WARN
EVT-INC-8531-2,INC-8531,2026-08-20T17:04:00Z,MONITORING_ALERT,auth-service,Telemetry signal: Monitoring Alert recorded on auth-service,WARN
EVT-INC-8531-3,INC-8531,2026-08-20T17:44:00Z,ERROR_SPIKE,auth-service,Telemetry signal: Error Spike recorded on auth-service,WARN
EVT-INC-8531-4,INC-8531,2026-08-20T17:41:00Z,LATENCY_INCREASE,auth-service,Telemetry signal: Latency Increase recorded on auth-service,WARN
EVT-INC-8532-1,INC-8532,2026-09-22T05:19:00Z,MONITORING_ALERT,checkout-service,Telemetry signal: Monitoring Alert recorded on checkout-service,WARN
EVT-INC-8532-2,INC-8532,2026-09-22T05:46:00Z,ERROR_SPIKE,checkout-service,Telemetry signal: Error Spike recorded on checkout-service,WARN
EVT-INC-8532-3,INC-8532,2026-09-22T05:39:00Z,LATENCY_INCREASE,checkout-service,Telemetry signal: Latency Increase recorded on checkout-service,WARN
EVT-INC-8533-1,INC-8533,2026-08-22T11:07:00Z,DEPLOYMENT,checkout-service,Telemetry signal: Deployment recorded on checkout-service,CRITICAL
EVT-INC-8533-2,INC-8533,2026-08-22T11:28:00Z,MONITORING_ALERT,checkout-service,Telemetry signal: Monitoring Alert recorded on checkout-service,CRITICAL
EVT-INC-8533-3,INC-8533,2026-08-22T11:51:00Z,ERROR_SPIKE,checkout-service,Telemetry signal: Error Spike recorded on checkout-service,CRITICAL
EVT-INC-8533-4,INC-8533,2026-08-22T12:04:00Z,LATENCY_INCREASE,checkout-service,Telemetry signal: Latency Increase recorded on checkout-service,CRITICAL
EVT-INC-8533-5,INC-8533,2026-08-22T12:08:00Z,TRAFFIC_SURGE,checkout-service,Telemetry signal: Traffic Surge recorded on checkout-service,CRITICAL
EVT-INC-8534-1,INC-8534,2026-09-12T09:29:00Z,DEPLOYMENT,auth-service,Telemetry signal: Deployment recorded on auth-service,CRITICAL
EVT-INC-8534-2,INC-8534,2026-09-12T09:19:00Z,MONITORING_ALERT,auth-service,Telemetry signal: Monitoring Alert recorded on auth-service,CRITICAL
EVT-INC-8534-3,INC-8534,2026-09-12T09:09:00Z,ERROR_SPIKE,auth-service,Telemetry signal: Error Spike recorded on auth-service,CRITICAL
EVT-INC-8534-4,INC-8534,2026-09-12T09:27:00Z,LATENCY_INCREASE,auth-service,Telemetry signal: Latency Increase recorded on auth-service,CRITICAL
EVT-INC-8534-5,INC-8534,2026-09-12T09:33:00Z,TRAFFIC_SURGE,auth-service,Telemetry signal: Traffic Surge recorded on auth-service,CRITICAL
EVT-INC-8535-1,INC-8535,2026-09-04T22:32:00Z,MONITORING_ALERT,auth-service,Telemetry signal: Monitoring Alert recorded on auth-service,WARN
EVT-INC-8535-2,INC-8535,2026-09-04T22:22:00Z,ERROR_SPIKE,auth-service,Telemetry signal: Error Spike recorded on auth-service,WARN
EVT-INC-8535-3,INC-8535,2026-09-04T22:45:00Z,LATENCY_INCREASE,auth-service,Telemetry signal: Latency Increase recorded on auth-service,WARN
EVT-INC-8536-1,INC-8536,2026-09-12T04:55:00Z,DEPLOYMENT,search-indexer,Telemetry signal: Deployment recorded on search-indexer,WARN
EVT-INC-8536-2,INC-8536,2026-09-12T04:14:00Z,MONITORING_ALERT,search-indexer,Telemetry signal: Monitoring Alert recorded on search-indexer,WARN
EVT-INC-8536-3,INC-8536,2026-09-12T05:04:00Z,ERROR_SPIKE,search-indexer,Telemetry signal: Error Spike recorded on search-indexer,WARN
EVT-INC-8536-4,INC-8536,2026-09-12T05:00:00Z,LATENCY_INCREASE,search-indexer,Telemetry signal: Latency Increase recorded on search-indexer,WARN
EVT-INC-8536-5,INC-8536,2026-09-12T05:03:00Z,TRAFFIC_SURGE,search-indexer,Telemetry signal: Traffic Surge recorded on search-indexer,WARN
EVT-INC-8537-1,INC-8537,2026-09-10T14:14:00Z,DEPLOYMENT,checkout-service,Telemetry signal: Deployment recorded on checkout-service,WARN
EVT-INC-8537-2,INC-8537,2026-09-10T14:20:00Z,MONITORING_ALERT,checkout-service,Telemetry signal: Monitoring Alert recorded on checkout-service,WARN
EVT-INC-8537-3,INC-8537,2026-09-10T14:18:00Z,ERROR_SPIKE,checkout-service,Telemetry signal: Error Spike recorded on checkout-service,WARN
EVT-INC-8537-4,INC-8537,2026-09-10T14:30:00Z,LATENCY_INCREASE,checkout-service,Telemetry signal: Latency Increase recorded on checkout-service,WARN
EVT-INC-8538-1,INC-8538,2026-09-24T17:53:00Z,DEPLOYMENT,order-processing,Telemetry signal: Deployment recorded on order-processing,WARN
EVT-INC-8538-2,INC-8538,2026-09-24T17:45:00Z,MONITORING_ALERT,order-processing,Telemetry signal: Monitoring Alert recorded on order-processing,WARN
EVT-INC-8538-3,INC-8538,2026-09-24T17:29:00Z,ERROR_SPIKE,order-processing,Telemetry signal: Error Spike recorded on order-processing,WARN
EVT-INC-8538-4,INC-8538,2026-09-24T17:56:00Z,LATENCY_INCREASE,order-processing,Telemetry signal: Latency Increase recorded on order-processing,WARN
EVT-INC-8539-1,INC-8539,2026-09-23T07:07:00Z,DEPLOYMENT,search-indexer,Telemetry signal: Deployment recorded on search-indexer,WARN
EVT-INC-8539-2,INC-8539,2026-09-23T07:22:00Z,MONITORING_ALERT,search-indexer,Telemetry signal: Monitoring Alert recorded on search-indexer,WARN
EVT-INC-8539-3,INC-8539,2026-09-23T07:53:00Z,ERROR_SPIKE,search-indexer,Telemetry signal: Error Spike recorded on search-indexer,WARN
EVT-INC-8539-4,INC-8539,2026-09-23T08:01:00Z,LATENCY_INCREASE,search-indexer,Telemetry signal: Latency Increase recorded on search-indexer,WARN
EVT-INC-8540-1,INC-8540,2026-08-13T12:53:00Z,MONITORING_ALERT,inventory-api,Telemetry signal: Monitoring Alert recorded on inventory-api,WARN
EVT-INC-8540-2,INC-8540,2026-08-13T13:01:00Z,ERROR_SPIKE,inventory-api,Telemetry signal: Error Spike recorded on inventory-api,WARN
EVT-INC-8540-3,INC-8540,2026-08-13T12:53:00Z,LATENCY_INCREASE,inventory-api,Telemetry signal: Latency Increase recorded on inventory-api,WARN
EVT-INC-8541-1,INC-8541,2026-08-16T16:08:00Z,MONITORING_ALERT,checkout-service,Telemetry signal: Monitoring Alert recorded on checkout-service,WARN
EVT-INC-8541-2,INC-8541,2026-08-16T16:04:00Z,ERROR_SPIKE,checkout-service,Telemetry signal: Error Spike recorded on checkout-service,WARN
EVT-INC-8541-3,INC-8541,2026-08-16T16:18:00Z,LATENCY_INCREASE,checkout-service,Telemetry signal: Latency Increase recorded on checkout-service,WARN
EVT-INC-8542-1,INC-8542,2026-09-16T12:18:00Z,DEPLOYMENT,checkout-service,Telemetry signal: Deployment recorded on checkout-service,WARN
EVT-INC-8542-2,INC-8542,2026-09-16T12:55:00Z,MONITORING_ALERT,checkout-service,Telemetry signal: Monitoring Alert recorded on checkout-service,WARN
EVT-INC-8542-3,INC-8542,2026-09-16T12:46:00Z,ERROR_SPIKE,checkout-service,Telemetry signal: Error Spike recorded on checkout-service,WARN
EVT-INC-8542-4,INC-8542,2026-09-16T12:44:00Z,LATENCY_INCREASE,checkout-service,Telemetry signal: Latency Increase recorded on checkout-service,WARN
EVT-INC-8543-1,INC-8543,2026-09-05T17:35:00Z,MONITORING_ALERT,user-profile,Telemetry signal: Monitoring Alert recorded on user-profile,WARN
EVT-INC-8543-2,INC-8543,2026-09-05T17:11:00Z,ERROR_SPIKE,user-profile,Telemetry signal: Error Spike recorded on user-profile,WARN
EVT-INC-8543-3,INC-8543,2026-09-05T17:38:00Z,LATENCY_INCREASE,user-profile,Telemetry signal: Latency Increase recorded on user-profile,WARN
EVT-INC-8544-1,INC-8544,2026-08-18T23:52:00Z,DEPLOYMENT,notification-worker,Telemetry signal: Deployment recorded on notification-worker,WARN
EVT-INC-8544-2,INC-8544,2026-08-18T23:42:00Z,MONITORING_ALERT,notification-worker,Telemetry signal: Monitoring Alert recorded on notification-worker,WARN
EVT-INC-8544-3,INC-8544,2026-08-19T00:21:00Z,ERROR_SPIKE,notification-worker,Telemetry signal: Error Spike recorded on notification-worker,WARN
EVT-INC-8544-4,INC-8544,2026-08-19T00:38:00Z,LATENCY_INCREASE,notification-worker,Telemetry signal: Latency Increase recorded on notification-worker,WARN
EVT-INC-8544-5,INC-8544,2026-08-19T00:34:00Z,TRAFFIC_SURGE,notification-worker,Telemetry signal: Traffic Surge recorded on notification-worker,WARN
EVT-INC-8545-1,INC-8545,2026-09-16T19:52:00Z,MONITORING_ALERT,auth-service,Telemetry signal: Monitoring Alert recorded on auth-service,WARN
EVT-INC-8545-2,INC-8545,2026-09-16T19:35:00Z,ERROR_SPIKE,auth-service,Telemetry signal: Error Spike recorded on auth-service,WARN
EVT-INC-8545-3,INC-8545,2026-09-16T19:52:00Z,LATENCY_INCREASE,auth-service,Telemetry signal: Latency Increase recorded on auth-service,WARN
EVT-INC-8545-4,INC-8545,2026-09-16T20:09:00Z,TRAFFIC_SURGE,auth-service,Telemetry signal: Traffic Surge recorded on auth-service,WARN
EVT-INC-8546-1,INC-8546,2026-09-12T11:57:00Z,MONITORING_ALERT,search-indexer,Telemetry signal: Monitoring Alert recorded on search-indexer,WARN
EVT-INC-8546-2,INC-8546,2026-09-12T11:54:00Z,ERROR_SPIKE,search-indexer,Telemetry signal: Error Spike recorded on search-indexer,WARN
EVT-INC-8546-3,INC-8546,2026-09-12T11:47:00Z,LATENCY_INCREASE,search-indexer,Telemetry signal: Latency Increase recorded on search-indexer,WARN
EVT-INC-8547-1,INC-8547,2026-09-06T21:36:00Z,MONITORING_ALERT,user-profile,Telemetry signal: Monitoring Alert recorded on user-profile,WARN
EVT-INC-8547-2,INC-8547,2026-09-06T21:19:00Z,ERROR_SPIKE,user-profile,Telemetry signal: Error Spike recorded on user-profile,WARN
EVT-INC-8547-3,INC-8547,2026-09-06T21:52:00Z,LATENCY_INCREASE,user-profile,Telemetry signal: Latency Increase recorded on user-profile,WARN
EVT-INC-8547-4,INC-8547,2026-09-06T21:55:00Z,TRAFFIC_SURGE,user-profile,Telemetry signal: Traffic Surge recorded on user-profile,WARN
EVT-INC-8548-1,INC-8548,2026-08-19T02:52:00Z,DEPLOYMENT,checkout-service,Telemetry signal: Deployment recorded on checkout-service,WARN
EVT-INC-8548-2,INC-8548,2026-08-19T02:13:00Z,MONITORING_ALERT,checkout-service,Telemetry signal: Monitoring Alert recorded on checkout-service,WARN
EVT-INC-8548-3,INC-8548,2026-08-19T02:18:00Z,ERROR_SPIKE,checkout-service,Telemetry signal: Error Spike recorded on checkout-service,WARN
EVT-INC-8548-4,INC-8548,2026-08-19T02:37:00Z,LATENCY_INCREASE,checkout-service,Telemetry signal: Latency Increase recorded on checkout-service,WARN
EVT-INC-8548-5,INC-8548,2026-08-19T02:54:00Z,TRAFFIC_SURGE,checkout-service,Telemetry signal: Traffic Surge recorded on checkout-service,WARN
EVT-INC-8549-1,INC-8549,2026-08-12T17:16:00Z,MONITORING_ALERT,payment-gateway,Telemetry signal: Monitoring Alert recorded on payment-gateway,WARN
EVT-INC-8549-2,INC-8549,2026-08-12T17:30:00Z,ERROR_SPIKE,payment-gateway,Telemetry signal: Error Spike recorded on payment-gateway,WARN
EVT-INC-8549-3,INC-8549,2026-08-12T17:06:00Z,LATENCY_INCREASE,payment-gateway,Telemetry signal: Latency Increase recorded on payment-gateway,WARN
EVT-INC-8549-4,INC-8549,2026-08-12T17:33:00Z,TRAFFIC_SURGE,payment-gateway,Telemetry signal: Traffic Surge recorded on payment-gateway,WARN
EVT-INC-8550-1,INC-8550,2026-09-20T21:13:00Z,DEPLOYMENT,payment-gateway,Telemetry signal: Deployment recorded on payment-gateway,WARN
EVT-INC-8550-2,INC-8550,2026-09-20T21:06:00Z,MONITORING_ALERT,payment-gateway,Telemetry signal: Monitoring Alert recorded on payment-gateway,WARN
EVT-INC-8550-3,INC-8550,2026-09-20T21:43:00Z,ERROR_SPIKE,payment-gateway,Telemetry signal: Error Spike recorded on payment-gateway,WARN
EVT-INC-8550-4,INC-8550,2026-09-20T21:38:00Z,LATENCY_INCREASE,payment-gateway,Telemetry signal: Latency Increase recorded on payment-gateway,WARN
EVT-INC-8551-1,INC-8551,2026-09-07T08:36:00Z,MONITORING_ALERT,auth-service,Telemetry signal: Monitoring Alert recorded on auth-service,WARN
EVT-INC-8551-2,INC-8551,2026-09-07T08:44:00Z,ERROR_SPIKE,auth-service,Telemetry signal: Error Spike recorded on auth-service,WARN
EVT-INC-8551-3,INC-8551,2026-09-07T08:56:00Z,LATENCY_INCREASE,auth-service,Telemetry signal: Latency Increase recorded on auth-service,WARN
EVT-INC-8552-1,INC-8552,2026-09-19T06:41:00Z,DEPLOYMENT,payment-gateway,Telemetry signal: Deployment recorded on payment-gateway,WARN
EVT-INC-8552-2,INC-8552,2026-09-19T06:27:00Z,MONITORING_ALERT,payment-gateway,Telemetry signal: Monitoring Alert recorded on payment-gateway,WARN
EVT-INC-8552-3,INC-8552,2026-09-19T06:39:00Z,ERROR_SPIKE,payment-gateway,Telemetry signal: Error Spike recorded on payment-gateway,WARN
EVT-INC-8552-4,INC-8552,2026-09-19T06:41:00Z,LATENCY_INCREASE,payment-gateway,Telemetry signal: Latency Increase recorded on payment-gateway,WARN
EVT-INC-8553-1,INC-8553,2026-08-25T05:37:00Z,DEPLOYMENT,auth-service,Telemetry signal: Deployment recorded on auth-service,WARN
EVT-INC-8553-2,INC-8553,2026-08-25T05:39:00Z,MONITORING_ALERT,auth-service,Telemetry signal: Monitoring Alert recorded on auth-service,WARN
EVT-INC-8553-3,INC-8553,2026-08-25T05:51:00Z,ERROR_SPIKE,auth-service,Telemetry signal: Error Spike recorded on auth-service,WARN
EVT-INC-8553-4,INC-8553,2026-08-25T06:09:00Z,LATENCY_INCREASE,auth-service,Telemetry signal: Latency Increase recorded on auth-service,WARN
EVT-INC-8554-1,INC-8554,2026-08-21T07:43:00Z,DEPLOYMENT,inventory-api,Telemetry signal: Deployment recorded on inventory-api,CRITICAL
EVT-INC-8554-2,INC-8554,2026-08-21T08:17:00Z,MONITORING_ALERT,inventory-api,Telemetry signal: Monitoring Alert recorded on inventory-api,CRITICAL
EVT-INC-8554-3,INC-8554,2026-08-21T08:03:00Z,ERROR_SPIKE,inventory-api,Telemetry signal: Error Spike recorded on inventory-api,CRITICAL
EVT-INC-8554-4,INC-8554,2026-08-21T08:16:00Z,LATENCY_INCREASE,inventory-api,Telemetry signal: Latency Increase recorded on inventory-api,CRITICAL
EVT-INC-8555-1,INC-8555,2026-09-06T00:33:00Z,MONITORING_ALERT,search-indexer,Telemetry signal: Monitoring Alert recorded on search-indexer,WARN
EVT-INC-8555-2,INC-8555,2026-09-06T00:23:00Z,ERROR_SPIKE,search-indexer,Telemetry signal: Error Spike recorded on search-indexer,WARN
EVT-INC-8555-3,INC-8555,2026-09-06T00:25:00Z,LATENCY_INCREASE,search-indexer,Telemetry signal: Latency Increase recorded on search-indexer,WARN
EVT-INC-8555-4,INC-8555,2026-09-06T00:38:00Z,TRAFFIC_SURGE,search-indexer,Telemetry signal: Traffic Surge recorded on search-indexer,WARN
EVT-INC-8556-1,INC-8556,2026-09-10T04:56:00Z,DEPLOYMENT,user-profile,Telemetry signal: Deployment recorded on user-profile,WARN
EVT-INC-8556-2,INC-8556,2026-09-10T04:24:00Z,MONITORING_ALERT,user-profile,Telemetry signal: Monitoring Alert recorded on user-profile,WARN
EVT-INC-8556-3,INC-8556,2026-09-10T04:48:00Z,ERROR_SPIKE,user-profile,Telemetry signal: Error Spike recorded on user-profile,WARN
EVT-INC-8556-4,INC-8556,2026-09-10T04:56:00Z,LATENCY_INCREASE,user-profile,Telemetry signal: Latency Increase recorded on user-profile,WARN
EVT-INC-8557-1,INC-8557,2026-09-02T11:35:00Z,DEPLOYMENT,notification-worker,Telemetry signal: Deployment recorded on notification-worker,WARN
EVT-INC-8557-2,INC-8557,2026-09-02T11:39:00Z,MONITORING_ALERT,notification-worker,Telemetry signal: Monitoring Alert recorded on notification-worker,WARN
EVT-INC-8557-3,INC-8557,2026-09-02T11:49:00Z,ERROR_SPIKE,notification-worker,Telemetry signal: Error Spike recorded on notification-worker,WARN
EVT-INC-8557-4,INC-8557,2026-09-02T11:38:00Z,LATENCY_INCREASE,notification-worker,Telemetry signal: Latency Increase recorded on notification-worker,WARN
EVT-INC-8558-1,INC-8558,2026-08-30T13:18:00Z,MONITORING_ALERT,notification-worker,Telemetry signal: Monitoring Alert recorded on notification-worker,WARN
EVT-INC-8558-2,INC-8558,2026-08-30T13:45:00Z,ERROR_SPIKE,notification-worker,Telemetry signal: Error Spike recorded on notification-worker,WARN
EVT-INC-8558-3,INC-8558,2026-08-30T14:02:00Z,LATENCY_INCREASE,notification-worker,Telemetry signal: Latency Increase recorded on notification-worker,WARN
EVT-INC-8559-1,INC-8559,2026-08-24T13:10:00Z,MONITORING_ALERT,user-profile,Telemetry signal: Monitoring Alert recorded on user-profile,WARN
EVT-INC-8559-2,INC-8559,2026-08-24T13:30:00Z,ERROR_SPIKE,user-profile,Telemetry signal: Error Spike recorded on user-profile,WARN
EVT-INC-8559-3,INC-8559,2026-08-24T13:38:00Z,LATENCY_INCREASE,user-profile,Telemetry signal: Latency Increase recorded on user-profile,WARN
EVT-INC-8560-1,INC-8560,2026-09-21T16:50:00Z,DEPLOYMENT,auth-service,Telemetry signal: Deployment recorded on auth-service,WARN
EVT-INC-8560-2,INC-8560,2026-09-21T16:35:00Z,MONITORING_ALERT,auth-service,Telemetry signal: Monitoring Alert recorded on auth-service,WARN
EVT-INC-8560-3,INC-8560,2026-09-21T16:49:00Z,ERROR_SPIKE,auth-service,Telemetry signal: Error Spike recorded on auth-service,WARN
EVT-INC-8560-4,INC-8560,2026-09-21T16:45:00Z,LATENCY_INCREASE,auth-service,Telemetry signal: Latency Increase recorded on auth-service,WARN
EVT-INC-8560-5,INC-8560,2026-09-21T16:49:00Z,TRAFFIC_SURGE,auth-service,Telemetry signal: Traffic Surge recorded on auth-service,WARN
EVT-INC-8561-1,INC-8561,2026-09-19T17:54:00Z,MONITORING_ALERT,search-indexer,Telemetry signal: Monitoring Alert recorded on search-indexer,WARN
EVT-INC-8561-2,INC-8561,2026-09-19T17:46:00Z,ERROR_SPIKE,search-indexer,Telemetry signal: Error Spike recorded on search-indexer,WARN
EVT-INC-8561-3,INC-8561,2026-09-19T17:58:00Z,LATENCY_INCREASE,search-indexer,Telemetry signal: Latency Increase recorded on search-indexer,WARN
EVT-INC-8562-1,INC-8562,2026-09-22T17:07:00Z,MONITORING_ALERT,notification-worker,Telemetry signal: Monitoring Alert recorded on notification-worker,CRITICAL
EVT-INC-8562-2,INC-8562,2026-09-22T17:17:00Z,ERROR_SPIKE,notification-worker,Telemetry signal: Error Spike recorded on notification-worker,CRITICAL
EVT-INC-8562-3,INC-8562,2026-09-22T17:08:00Z,LATENCY_INCREASE,notification-worker,Telemetry signal: Latency Increase recorded on notification-worker,CRITICAL
EVT-INC-8563-1,INC-8563,2026-09-10T23:26:00Z,DEPLOYMENT,order-processing,Telemetry signal: Deployment recorded on order-processing,WARN
EVT-INC-8563-2,INC-8563,2026-09-10T23:30:00Z,MONITORING_ALERT,order-processing,Telemetry signal: Monitoring Alert recorded on order-processing,WARN
EVT-INC-8563-3,INC-8563,2026-09-10T23:26:00Z,ERROR_SPIKE,order-processing,Telemetry signal: Error Spike recorded on order-processing,WARN
EVT-INC-8563-4,INC-8563,2026-09-10T23:44:00Z,LATENCY_INCREASE,order-processing,Telemetry signal: Latency Increase recorded on order-processing,WARN
EVT-INC-8564-1,INC-8564,2026-08-17T21:37:00Z,MONITORING_ALERT,order-processing,Telemetry signal: Monitoring Alert recorded on order-processing,WARN
EVT-INC-8564-2,INC-8564,2026-08-17T21:24:00Z,ERROR_SPIKE,order-processing,Telemetry signal: Error Spike recorded on order-processing,WARN
EVT-INC-8564-3,INC-8564,2026-08-17T21:29:00Z,LATENCY_INCREASE,order-processing,Telemetry signal: Latency Increase recorded on order-processing,WARN
EVT-INC-8565-1,INC-8565,2026-09-08T09:44:00Z,DEPLOYMENT,notification-worker,Telemetry signal: Deployment recorded on notification-worker,WARN
EVT-INC-8565-2,INC-8565,2026-09-08T09:36:00Z,MONITORING_ALERT,notification-worker,Telemetry signal: Monitoring Alert recorded on notification-worker,WARN
EVT-INC-8565-3,INC-8565,2026-09-08T09:42:00Z,ERROR_SPIKE,notification-worker,Telemetry signal: Error Spike recorded on notification-worker,WARN
EVT-INC-8565-4,INC-8565,2026-09-08T10:05:00Z,LATENCY_INCREASE,notification-worker,Telemetry signal: Latency Increase recorded on notification-worker,WARN
EVT-INC-8566-1,INC-8566,2026-09-02T09:12:00Z,DEPLOYMENT,order-processing,Telemetry signal: Deployment recorded on order-processing,WARN
EVT-INC-8566-2,INC-8566,2026-09-02T09:17:00Z,MONITORING_ALERT,order-processing,Telemetry signal: Monitoring Alert recorded on order-processing,WARN
EVT-INC-8566-3,INC-8566,2026-09-02T08:50:00Z,ERROR_SPIKE,order-processing,Telemetry signal: Error Spike recorded on order-processing,WARN
EVT-INC-8566-4,INC-8566,2026-09-02T09:19:00Z,LATENCY_INCREASE,order-processing,Telemetry signal: Latency Increase recorded on order-processing,WARN
EVT-INC-8567-1,INC-8567,2026-08-25T15:27:00Z,MONITORING_ALERT,inventory-api,Telemetry signal: Monitoring Alert recorded on inventory-api,WARN
EVT-INC-8567-2,INC-8567,2026-08-25T15:26:00Z,ERROR_SPIKE,inventory-api,Telemetry signal: Error Spike recorded on inventory-api,WARN
EVT-INC-8567-3,INC-8567,2026-08-25T15:38:00Z,LATENCY_INCREASE,inventory-api,Telemetry signal: Latency Increase recorded on inventory-api,WARN
EVT-INC-8568-1,INC-8568,2026-09-18T01:12:00Z,MONITORING_ALERT,checkout-service,Telemetry signal: Monitoring Alert recorded on checkout-service,WARN
EVT-INC-8568-2,INC-8568,2026-09-18T00:51:00Z,ERROR_SPIKE,checkout-service,Telemetry signal: Error Spike recorded on checkout-service,WARN
EVT-INC-8568-3,INC-8568,2026-09-18T01:20:00Z,LATENCY_INCREASE,checkout-service,Telemetry signal: Latency Increase recorded on checkout-service,WARN
EVT-INC-8568-4,INC-8568,2026-09-18T01:33:00Z,TRAFFIC_SURGE,checkout-service,Telemetry signal: Traffic Surge recorded on checkout-service,WARN
EVT-INC-8569-1,INC-8569,2026-08-13T02:57:00Z,DEPLOYMENT,payment-gateway,Telemetry signal: Deployment recorded on payment-gateway,WARN
EVT-INC-8569-2,INC-8569,2026-08-13T03:23:00Z,MONITORING_ALERT,payment-gateway,Telemetry signal: Monitoring Alert recorded on payment-gateway,WARN
EVT-INC-8569-3,INC-8569,2026-08-13T03:27:00Z,ERROR_SPIKE,payment-gateway,Telemetry signal: Error Spike recorded on payment-gateway,WARN
EVT-INC-8569-4,INC-8569,2026-08-13T03:15:00Z,LATENCY_INCREASE,payment-gateway,Telemetry signal: Latency Increase recorded on payment-gateway,WARN
EVT-INC-8570-1,INC-8570,2026-09-22T04:29:00Z,MONITORING_ALERT,payment-gateway,Telemetry signal: Monitoring Alert recorded on payment-gateway,WARN
EVT-INC-8570-2,INC-8570,2026-09-22T04:59:00Z,ERROR_SPIKE,payment-gateway,Telemetry signal: Error Spike recorded on payment-gateway,WARN
EVT-INC-8570-3,INC-8570,2026-09-22T05:06:00Z,LATENCY_INCREASE,payment-gateway,Telemetry signal: Latency Increase recorded on payment-gateway,WARN
EVT-INC-8571-1,INC-8571,2026-09-14T03:55:00Z,DEPLOYMENT,user-profile,Telemetry signal: Deployment recorded on user-profile,WARN
EVT-INC-8571-2,INC-8571,2026-09-14T04:07:00Z,MONITORING_ALERT,user-profile,Telemetry signal: Monitoring Alert recorded on user-profile,WARN
EVT-INC-8571-3,INC-8571,2026-09-14T04:34:00Z,ERROR_SPIKE,user-profile,Telemetry signal: Error Spike recorded on user-profile,WARN
EVT-INC-8571-4,INC-8571,2026-09-14T04:43:00Z,LATENCY_INCREASE,user-profile,Telemetry signal: Latency Increase recorded on user-profile,WARN
EVT-INC-8571-5,INC-8571,2026-09-14T04:51:00Z,TRAFFIC_SURGE,user-profile,Telemetry signal: Traffic Surge recorded on user-profile,WARN
EVT-INC-8572-1,INC-8572,2026-08-17T13:21:00Z,DEPLOYMENT,auth-service,Telemetry signal: Deployment recorded on auth-service,WARN
EVT-INC-8572-2,INC-8572,2026-08-17T13:29:00Z,MONITORING_ALERT,auth-service,Telemetry signal: Monitoring Alert recorded on auth-service,WARN
EVT-INC-8572-3,INC-8572,2026-08-17T13:39:00Z,ERROR_SPIKE,auth-service,Telemetry signal: Error Spike recorded on auth-service,WARN
EVT-INC-8572-4,INC-8572,2026-08-17T13:31:00Z,LATENCY_INCREASE,auth-service,Telemetry signal: Latency Increase recorded on auth-service,WARN
EVT-INC-8573-1,INC-8573,2026-09-13T08:32:00Z,DEPLOYMENT,user-profile,Telemetry signal: Deployment recorded on user-profile,WARN
EVT-INC-8573-2,INC-8573,2026-09-13T08:29:00Z,MONITORING_ALERT,user-profile,Telemetry signal: Monitoring Alert recorded on user-profile,WARN
EVT-INC-8573-3,INC-8573,2026-09-13T08:28:00Z,ERROR_SPIKE,user-profile,Telemetry signal: Error Spike recorded on user-profile,WARN
EVT-INC-8573-4,INC-8573,2026-09-13T08:39:00Z,LATENCY_INCREASE,user-profile,Telemetry signal: Latency Increase recorded on user-profile,WARN
EVT-INC-8574-1,INC-8574,2026-09-20T20:32:00Z,DEPLOYMENT,auth-service,Telemetry signal: Deployment recorded on auth-service,WARN
EVT-INC-8574-2,INC-8574,2026-09-20T20:11:00Z,MONITORING_ALERT,auth-service,Telemetry signal: Monitoring Alert recorded on auth-service,WARN
EVT-INC-8574-3,INC-8574,2026-09-20T20:46:00Z,ERROR_SPIKE,auth-service,Telemetry signal: Error Spike recorded on auth-service,WARN
EVT-INC-8574-4,INC-8574,2026-09-20T20:43:00Z,LATENCY_INCREASE,auth-service,Telemetry signal: Latency Increase recorded on auth-service,WARN
EVT-INC-8575-1,INC-8575,2026-08-24T02:29:00Z,DEPLOYMENT,checkout-service,Telemetry signal: Deployment recorded on checkout-service,CRITICAL
EVT-INC-8575-2,INC-8575,2026-08-24T02:36:00Z,MONITORING_ALERT,checkout-service,Telemetry signal: Monitoring Alert recorded on checkout-service,CRITICAL
EVT-INC-8575-3,INC-8575,2026-08-24T02:43:00Z,ERROR_SPIKE,checkout-service,Telemetry signal: Error Spike recorded on checkout-service,CRITICAL
EVT-INC-8575-4,INC-8575,2026-08-24T02:34:00Z,LATENCY_INCREASE,checkout-service,Telemetry signal: Latency Increase recorded on checkout-service,CRITICAL
EVT-INC-8575-5,INC-8575,2026-08-24T03:02:00Z,TRAFFIC_SURGE,checkout-service,Telemetry signal: Traffic Surge recorded on checkout-service,CRITICAL
EVT-INC-8576-1,INC-8576,2026-08-20T21:00:00Z,DEPLOYMENT,inventory-api,Telemetry signal: Deployment recorded on inventory-api,CRITICAL
EVT-INC-8576-2,INC-8576,2026-08-20T20:50:00Z,MONITORING_ALERT,inventory-api,Telemetry signal: Monitoring Alert recorded on inventory-api,CRITICAL
EVT-INC-8576-3,INC-8576,2026-08-20T20:40:00Z,ERROR_SPIKE,inventory-api,Telemetry signal: Error Spike recorded on inventory-api,CRITICAL
EVT-INC-8576-4,INC-8576,2026-08-20T20:40:00Z,LATENCY_INCREASE,inventory-api,Telemetry signal: Latency Increase recorded on inventory-api,CRITICAL
EVT-INC-8576-5,INC-8576,2026-08-20T20:59:00Z,TRAFFIC_SURGE,inventory-api,Telemetry signal: Traffic Surge recorded on inventory-api,CRITICAL
EVT-INC-8577-1,INC-8577,2026-09-02T12:31:00Z,DEPLOYMENT,notification-worker,Telemetry signal: Deployment recorded on notification-worker,WARN
EVT-INC-8577-2,INC-8577,2026-09-02T11:36:00Z,MONITORING_ALERT,notification-worker,Telemetry signal: Monitoring Alert recorded on notification-worker,WARN
EVT-INC-8577-3,INC-8577,2026-09-02T12:09:00Z,ERROR_SPIKE,notification-worker,Telemetry signal: Error Spike recorded on notification-worker,WARN
EVT-INC-8577-4,INC-8577,2026-09-02T12:34:00Z,LATENCY_INCREASE,notification-worker,Telemetry signal: Latency Increase recorded on notification-worker,WARN
EVT-INC-8577-5,INC-8577,2026-09-02T12:23:00Z,TRAFFIC_SURGE,notification-worker,Telemetry signal: Traffic Surge recorded on notification-worker,WARN
EVT-INC-8578-1,INC-8578,2026-08-31T01:09:00Z,MONITORING_ALERT,search-indexer,Telemetry signal: Monitoring Alert recorded on search-indexer,WARN
EVT-INC-8578-2,INC-8578,2026-08-31T01:50:00Z,ERROR_SPIKE,search-indexer,Telemetry signal: Error Spike recorded on search-indexer,WARN
EVT-INC-8578-3,INC-8578,2026-08-31T01:37:00Z,LATENCY_INCREASE,search-indexer,Telemetry signal: Latency Increase recorded on search-indexer,WARN
EVT-INC-8578-4,INC-8578,2026-08-31T01:40:00Z,TRAFFIC_SURGE,search-indexer,Telemetry signal: Traffic Surge recorded on search-indexer,WARN
EVT-INC-8579-1,INC-8579,2026-09-21T14:14:00Z,MONITORING_ALERT,notification-worker,Telemetry signal: Monitoring Alert recorded on notification-worker,WARN
EVT-INC-8579-2,INC-8579,2026-09-21T14:14:00Z,ERROR_SPIKE,notification-worker,Telemetry signal: Error Spike recorded on notification-worker,WARN
EVT-INC-8579-3,INC-8579,2026-09-21T14:26:00Z,LATENCY_INCREASE,notification-worker,Telemetry signal: Latency Increase recorded on notification-worker,WARN
EVT-INC-8579-4,INC-8579,2026-09-21T14:49:00Z,TRAFFIC_SURGE,notification-worker,Telemetry signal: Traffic Surge recorded on notification-worker,WARN
EVT-INC-8580-1,INC-8580,2026-08-28T08:24:00Z,DEPLOYMENT,order-processing,Telemetry signal: Deployment recorded on order-processing,WARN
EVT-INC-8580-2,INC-8580,2026-08-28T08:19:00Z,MONITORING_ALERT,order-processing,Telemetry signal: Monitoring Alert recorded on order-processing,WARN
EVT-INC-8580-3,INC-8580,2026-08-28T09:00:00Z,ERROR_SPIKE,order-processing,Telemetry signal: Error Spike recorded on order-processing,WARN
EVT-INC-8580-4,INC-8580,2026-08-28T08:55:00Z,LATENCY_INCREASE,order-processing,Telemetry signal: Latency Increase recorded on order-processing,WARN
EVT-INC-8581-1,INC-8581,2026-09-23T22:18:00Z,DEPLOYMENT,auth-service,Telemetry signal: Deployment recorded on auth-service,WARN
EVT-INC-8581-2,INC-8581,2026-09-23T22:52:00Z,MONITORING_ALERT,auth-service,Telemetry signal: Monitoring Alert recorded on auth-service,WARN
EVT-INC-8581-3,INC-8581,2026-09-23T22:44:00Z,ERROR_SPIKE,auth-service,Telemetry signal: Error Spike recorded on auth-service,WARN
EVT-INC-8581-4,INC-8581,2026-09-23T22:55:00Z,LATENCY_INCREASE,auth-service,Telemetry signal: Latency Increase recorded on auth-service,WARN
EVT-INC-8582-1,INC-8582,2026-08-23T17:12:00Z,DEPLOYMENT,payment-gateway,Telemetry signal: Deployment recorded on payment-gateway,WARN
EVT-INC-8582-2,INC-8582,2026-08-23T17:19:00Z,MONITORING_ALERT,payment-gateway,Telemetry signal: Monitoring Alert recorded on payment-gateway,WARN
EVT-INC-8582-3,INC-8582,2026-08-23T17:16:00Z,ERROR_SPIKE,payment-gateway,Telemetry signal: Error Spike recorded on payment-gateway,WARN
EVT-INC-8582-4,INC-8582,2026-08-23T17:27:00Z,LATENCY_INCREASE,payment-gateway,Telemetry signal: Latency Increase recorded on payment-gateway,WARN
EVT-INC-8583-1,INC-8583,2026-09-05T15:45:00Z,MONITORING_ALERT,auth-service,Telemetry signal: Monitoring Alert recorded on auth-service,WARN
EVT-INC-8583-2,INC-8583,2026-09-05T16:06:00Z,ERROR_SPIKE,auth-service,Telemetry signal: Error Spike recorded on auth-service,WARN
EVT-INC-8583-3,INC-8583,2026-09-05T16:22:00Z,LATENCY_INCREASE,auth-service,Telemetry signal: Latency Increase recorded on auth-service,WARN
EVT-INC-8584-1,INC-8584,2026-09-16T20:59:00Z,MONITORING_ALERT,inventory-api,Telemetry signal: Monitoring Alert recorded on inventory-api,WARN
EVT-INC-8584-2,INC-8584,2026-09-16T21:08:00Z,ERROR_SPIKE,inventory-api,Telemetry signal: Error Spike recorded on inventory-api,WARN
EVT-INC-8584-3,INC-8584,2026-09-16T21:22:00Z,LATENCY_INCREASE,inventory-api,Telemetry signal: Latency Increase recorded on inventory-api,WARN
EVT-INC-8585-1,INC-8585,2026-09-23T08:45:00Z,MONITORING_ALERT,user-profile,Telemetry signal: Monitoring Alert recorded on user-profile,WARN
EVT-INC-8585-2,INC-8585,2026-09-23T08:55:00Z,ERROR_SPIKE,user-profile,Telemetry signal: Error Spike recorded on user-profile,WARN
EVT-INC-8585-3,INC-8585,2026-09-23T09:09:00Z,LATENCY_INCREASE,user-profile,Telemetry signal: Latency Increase recorded on user-profile,WARN
EVT-INC-8586-1,INC-8586,2026-08-14T22:20:00Z,DEPLOYMENT,search-indexer,Telemetry signal: Deployment recorded on search-indexer,WARN
EVT-INC-8586-2,INC-8586,2026-08-14T22:59:00Z,MONITORING_ALERT,search-indexer,Telemetry signal: Monitoring Alert recorded on search-indexer,WARN
EVT-INC-8586-3,INC-8586,2026-08-14T22:54:00Z,ERROR_SPIKE,search-indexer,Telemetry signal: Error Spike recorded on search-indexer,WARN
EVT-INC-8586-4,INC-8586,2026-08-14T23:13:00Z,LATENCY_INCREASE,search-indexer,Telemetry signal: Latency Increase recorded on search-indexer,WARN
EVT-INC-8587-1,INC-8587,2026-09-06T09:20:00Z,MONITORING_ALERT,auth-service,Telemetry signal: Monitoring Alert recorded on auth-service,WARN
EVT-INC-8587-2,INC-8587,2026-09-06T09:07:00Z,ERROR_SPIKE,auth-service,Telemetry signal: Error Spike recorded on auth-service,WARN
EVT-INC-8587-3,INC-8587,2026-09-06T09:19:00Z,LATENCY_INCREASE,auth-service,Telemetry signal: Latency Increase recorded on auth-service,WARN
EVT-INC-8588-1,INC-8588,2026-09-16T05:19:00Z,DEPLOYMENT,order-processing,Telemetry signal: Deployment recorded on order-processing,WARN
EVT-INC-8588-2,INC-8588,2026-09-16T04:57:00Z,MONITORING_ALERT,order-processing,Telemetry signal: Monitoring Alert recorded on order-processing,WARN
EVT-INC-8588-3,INC-8588,2026-09-16T05:25:00Z,ERROR_SPIKE,order-processing,Telemetry signal: Error Spike recorded on order-processing,WARN
EVT-INC-8588-4,INC-8588,2026-09-16T05:16:00Z,LATENCY_INCREASE,order-processing,Telemetry signal: Latency Increase recorded on order-processing,WARN
EVT-INC-8589-1,INC-8589,2026-09-23T04:39:00Z,MONITORING_ALERT,auth-service,Telemetry signal: Monitoring Alert recorded on auth-service,WARN
EVT-INC-8589-2,INC-8589,2026-09-23T04:41:00Z,ERROR_SPIKE,auth-service,Telemetry signal: Error Spike recorded on auth-service,WARN
EVT-INC-8589-3,INC-8589,2026-09-23T05:01:00Z,LATENCY_INCREASE,auth-service,Telemetry signal: Latency Increase recorded on auth-service,WARN
EVT-INC-8590-1,INC-8590,2026-08-17T16:59:00Z,DEPLOYMENT,user-profile,Telemetry signal: Deployment recorded on user-profile,WARN
EVT-INC-8590-2,INC-8590,2026-08-17T16:37:00Z,MONITORING_ALERT,user-profile,Telemetry signal: Monitoring Alert recorded on user-profile,WARN
EVT-INC-8590-3,INC-8590,2026-08-17T16:57:00Z,ERROR_SPIKE,user-profile,Telemetry signal: Error Spike recorded on user-profile,WARN
EVT-INC-8590-4,INC-8590,2026-08-17T17:07:00Z,LATENCY_INCREASE,user-profile,Telemetry signal: Latency Increase recorded on user-profile,WARN
EVT-INC-8590-5,INC-8590,2026-08-17T16:59:00Z,TRAFFIC_SURGE,user-profile,Telemetry signal: Traffic Surge recorded on user-profile,WARN
EVT-INC-8591-1,INC-8591,2026-09-19T06:32:00Z,DEPLOYMENT,user-profile,Telemetry signal: Deployment recorded on user-profile,WARN
EVT-INC-8591-2,INC-8591,2026-09-19T06:35:00Z,MONITORING_ALERT,user-profile,Telemetry signal: Monitoring Alert recorded on user-profile,WARN
EVT-INC-8591-3,INC-8591,2026-09-19T07:16:00Z,ERROR_SPIKE,user-profile,Telemetry signal: Error Spike recorded on user-profile,WARN
EVT-INC-8591-4,INC-8591,2026-09-19T07:10:00Z,LATENCY_INCREASE,user-profile,Telemetry signal: Latency Increase recorded on user-profile,WARN
EVT-INC-8592-1,INC-8592,2026-08-17T00:56:00Z,DEPLOYMENT,notification-worker,Telemetry signal: Deployment recorded on notification-worker,CRITICAL
EVT-INC-8592-2,INC-8592,2026-08-17T01:18:00Z,MONITORING_ALERT,notification-worker,Telemetry signal: Monitoring Alert recorded on notification-worker,CRITICAL
EVT-INC-8592-3,INC-8592,2026-08-17T01:18:00Z,ERROR_SPIKE,notification-worker,Telemetry signal: Error Spike recorded on notification-worker,CRITICAL
EVT-INC-8592-4,INC-8592,2026-08-17T01:38:00Z,LATENCY_INCREASE,notification-worker,Telemetry signal: Latency Increase recorded on notification-worker,CRITICAL
EVT-INC-8593-1,INC-8593,2026-08-17T02:17:00Z,DEPLOYMENT,payment-gateway,Telemetry signal: Deployment recorded on payment-gateway,WARN
EVT-INC-8593-2,INC-8593,2026-08-17T01:57:00Z,MONITORING_ALERT,payment-gateway,Telemetry signal: Monitoring Alert recorded on payment-gateway,WARN
EVT-INC-8593-3,INC-8593,2026-08-17T02:03:00Z,ERROR_SPIKE,payment-gateway,Telemetry signal: Error Spike recorded on payment-gateway,WARN
EVT-INC-8593-4,INC-8593,2026-08-17T02:17:00Z,LATENCY_INCREASE,payment-gateway,Telemetry signal: Latency Increase recorded on payment-gateway,WARN
EVT-INC-8594-1,INC-8594,2026-08-20T12:44:00Z,DEPLOYMENT,user-profile,Telemetry signal: Deployment recorded on user-profile,WARN
EVT-INC-8594-2,INC-8594,2026-08-20T13:23:00Z,MONITORING_ALERT,user-profile,Telemetry signal: Monitoring Alert recorded on user-profile,WARN
EVT-INC-8594-3,INC-8594,2026-08-20T13:18:00Z,ERROR_SPIKE,user-profile,Telemetry signal: Error Spike recorded on user-profile,WARN
EVT-INC-8594-4,INC-8594,2026-08-20T13:20:00Z,LATENCY_INCREASE,user-profile,Telemetry signal: Latency Increase recorded on user-profile,WARN
EVT-INC-8595-1,INC-8595,2026-09-10T11:15:00Z,DEPLOYMENT,search-indexer,Telemetry signal: Deployment recorded on search-indexer,WARN
EVT-INC-8595-2,INC-8595,2026-09-10T11:10:00Z,MONITORING_ALERT,search-indexer,Telemetry signal: Monitoring Alert recorded on search-indexer,WARN
EVT-INC-8595-3,INC-8595,2026-09-10T11:07:00Z,ERROR_SPIKE,search-indexer,Telemetry signal: Error Spike recorded on search-indexer,WARN
EVT-INC-8595-4,INC-8595,2026-09-10T11:18:00Z,LATENCY_INCREASE,search-indexer,Telemetry signal: Latency Increase recorded on search-indexer,WARN
EVT-INC-8596-1,INC-8596,2026-09-06T12:04:00Z,DEPLOYMENT,payment-gateway,Telemetry signal: Deployment recorded on payment-gateway,CRITICAL
EVT-INC-8596-2,INC-8596,2026-09-06T12:00:00Z,MONITORING_ALERT,payment-gateway,Telemetry signal: Monitoring Alert recorded on payment-gateway,CRITICAL
EVT-INC-8596-3,INC-8596,2026-09-06T12:38:00Z,ERROR_SPIKE,payment-gateway,Telemetry signal: Error Spike recorded on payment-gateway,CRITICAL
EVT-INC-8596-4,INC-8596,2026-09-06T12:22:00Z,LATENCY_INCREASE,payment-gateway,Telemetry signal: Latency Increase recorded on payment-gateway,CRITICAL
EVT-INC-8596-5,INC-8596,2026-09-06T12:42:00Z,TRAFFIC_SURGE,payment-gateway,Telemetry signal: Traffic Surge recorded on payment-gateway,CRITICAL
EVT-INC-8597-1,INC-8597,2026-08-15T19:53:00Z,DEPLOYMENT,auth-service,Telemetry signal: Deployment recorded on auth-service,WARN
EVT-INC-8597-2,INC-8597,2026-08-15T19:37:00Z,MONITORING_ALERT,auth-service,Telemetry signal: Monitoring Alert recorded on auth-service,WARN
EVT-INC-8597-3,INC-8597,2026-08-15T19:28:00Z,ERROR_SPIKE,auth-service,Telemetry signal: Error Spike recorded on auth-service,WARN
EVT-INC-8597-4,INC-8597,2026-08-15T20:03:00Z,LATENCY_INCREASE,auth-service,Telemetry signal: Latency Increase recorded on auth-service,WARN
EVT-INC-8597-5,INC-8597,2026-08-15T20:07:00Z,TRAFFIC_SURGE,auth-service,Telemetry signal: Traffic Surge recorded on auth-service,WARN
EVT-INC-8598-1,INC-8598,2026-09-22T21:28:00Z,MONITORING_ALERT,auth-service,Telemetry signal: Monitoring Alert recorded on auth-service,WARN
EVT-INC-8598-2,INC-8598,2026-09-22T21:46:00Z,ERROR_SPIKE,auth-service,Telemetry signal: Error Spike recorded on auth-service,WARN
EVT-INC-8598-3,INC-8598,2026-09-22T22:00:00Z,LATENCY_INCREASE,auth-service,Telemetry signal: Latency Increase recorded on auth-service,WARN
EVT-INC-8599-1,INC-8599,2026-09-05T19:38:00Z,MONITORING_ALERT,auth-service,Telemetry signal: Monitoring Alert recorded on auth-service,WARN
EVT-INC-8599-2,INC-8599,2026-09-05T19:54:00Z,ERROR_SPIKE,auth-service,Telemetry signal: Error Spike recorded on auth-service,WARN
EVT-INC-8599-3,INC-8599,2026-09-05T20:03:00Z,LATENCY_INCREASE,auth-service,Telemetry signal: Latency Increase recorded on auth-service,WARN
EVT-INC-8600-1,INC-8600,2026-09-08T23:15:00Z,MONITORING_ALERT,auth-service,Telemetry signal: Monitoring Alert recorded on auth-service,WARN
EVT-INC-8600-2,INC-8600,2026-09-08T23:18:00Z,ERROR_SPIKE,auth-service,Telemetry signal: Error Spike recorded on auth-service,WARN
EVT-INC-8600-3,INC-8600,2026-09-08T23:35:00Z,LATENCY_INCREASE,auth-service,Telemetry signal: Latency Increase recorded on auth-service,WARN
EVT-INC-8601-1,INC-8601,2026-09-11T03:49:00Z,MONITORING_ALERT,inventory-api,Telemetry signal: Monitoring Alert recorded on inventory-api,WARN
EVT-INC-8601-2,INC-8601,2026-09-11T04:11:00Z,ERROR_SPIKE,inventory-api,Telemetry signal: Error Spike recorded on inventory-api,WARN
EVT-INC-8601-3,INC-8601,2026-09-11T04:24:00Z,LATENCY_INCREASE,inventory-api,Telemetry signal: Latency Increase recorded on inventory-api,WARN
EVT-INC-8602-1,INC-8602,2026-09-01T06:10:00Z,DEPLOYMENT,search-indexer,Telemetry signal: Deployment recorded on search-indexer,WARN
EVT-INC-8602-2,INC-8602,2026-09-01T07:09:00Z,MONITORING_ALERT,search-indexer,Telemetry signal: Monitoring Alert recorded on search-indexer,WARN
EVT-INC-8602-3,INC-8602,2026-09-01T07:16:00Z,ERROR_SPIKE,search-indexer,Telemetry signal: Error Spike recorded on search-indexer,WARN
EVT-INC-8602-4,INC-8602,2026-09-01T06:55:00Z,LATENCY_INCREASE,search-indexer,Telemetry signal: Latency Increase recorded on search-indexer,WARN
EVT-INC-8602-5,INC-8602,2026-09-01T07:24:00Z,TRAFFIC_SURGE,search-indexer,Telemetry signal: Traffic Surge recorded on search-indexer,WARN
EVT-INC-8603-1,INC-8603,2026-09-13T00:18:00Z,DEPLOYMENT,inventory-api,Telemetry signal: Deployment recorded on inventory-api,WARN
EVT-INC-8603-2,INC-8603,2026-09-13T00:08:00Z,MONITORING_ALERT,inventory-api,Telemetry signal: Monitoring Alert recorded on inventory-api,WARN
EVT-INC-8603-3,INC-8603,2026-09-13T00:16:00Z,ERROR_SPIKE,inventory-api,Telemetry signal: Error Spike recorded on inventory-api,WARN
EVT-INC-8603-4,INC-8603,2026-09-13T00:32:00Z,LATENCY_INCREASE,inventory-api,Telemetry signal: Latency Increase recorded on inventory-api,WARN
EVT-INC-8604-1,INC-8604,2026-09-26T01:39:00Z,DEPLOYMENT,inventory-api,Telemetry signal: Deployment recorded on inventory-api,WARN
EVT-INC-8604-2,INC-8604,2026-09-26T01:04:00Z,MONITORING_ALERT,inventory-api,Telemetry signal: Monitoring Alert recorded on inventory-api,WARN
EVT-INC-8604-3,INC-8604,2026-09-26T01:34:00Z,ERROR_SPIKE,inventory-api,Telemetry signal: Error Spike recorded on inventory-api,WARN
EVT-INC-8604-4,INC-8604,2026-09-26T01:46:00Z,LATENCY_INCREASE,inventory-api,Telemetry signal: Latency Increase recorded on inventory-api,WARN
EVT-INC-8604-5,INC-8604,2026-09-26T01:58:00Z,TRAFFIC_SURGE,inventory-api,Telemetry signal: Traffic Surge recorded on inventory-api,WARN
EVT-INC-8605-1,INC-8605,2026-09-18T12:54:00Z,DEPLOYMENT,auth-service,Telemetry signal: Deployment recorded on auth-service,WARN
EVT-INC-8605-2,INC-8605,2026-09-18T13:07:00Z,MONITORING_ALERT,auth-service,Telemetry signal: Monitoring Alert recorded on auth-service,WARN
EVT-INC-8605-3,INC-8605,2026-09-18T12:46:00Z,ERROR_SPIKE,auth-service,Telemetry signal: Error Spike recorded on auth-service,WARN
EVT-INC-8605-4,INC-8605,2026-09-18T13:05:00Z,LATENCY_INCREASE,auth-service,Telemetry signal: Latency Increase recorded on auth-service,WARN
EVT-INC-8606-1,INC-8606,2026-09-22T23:00:00Z,DEPLOYMENT,inventory-api,Telemetry signal: Deployment recorded on inventory-api,WARN
EVT-INC-8606-2,INC-8606,2026-09-22T22:35:00Z,MONITORING_ALERT,inventory-api,Telemetry signal: Monitoring Alert recorded on inventory-api,WARN
EVT-INC-8606-3,INC-8606,2026-09-22T22:54:00Z,ERROR_SPIKE,inventory-api,Telemetry signal: Error Spike recorded on inventory-api,WARN
EVT-INC-8606-4,INC-8606,2026-09-22T22:53:00Z,LATENCY_INCREASE,inventory-api,Telemetry signal: Latency Increase recorded on inventory-api,WARN
EVT-INC-8607-1,INC-8607,2026-08-27T18:52:00Z,MONITORING_ALERT,inventory-api,Telemetry signal: Monitoring Alert recorded on inventory-api,WARN
EVT-INC-8607-2,INC-8607,2026-08-27T19:31:00Z,ERROR_SPIKE,inventory-api,Telemetry signal: Error Spike recorded on inventory-api,WARN
EVT-INC-8607-3,INC-8607,2026-08-27T19:22:00Z,LATENCY_INCREASE,inventory-api,Telemetry signal: Latency Increase recorded on inventory-api,WARN
EVT-INC-8608-1,INC-8608,2026-09-03T08:20:00Z,MONITORING_ALERT,payment-gateway,Telemetry signal: Monitoring Alert recorded on payment-gateway,WARN
EVT-INC-8608-2,INC-8608,2026-09-03T08:15:00Z,ERROR_SPIKE,payment-gateway,Telemetry signal: Error Spike recorded on payment-gateway,WARN
EVT-INC-8608-3,INC-8608,2026-09-03T08:30:00Z,LATENCY_INCREASE,payment-gateway,Telemetry signal: Latency Increase recorded on payment-gateway,WARN
EVT-INC-8609-1,INC-8609,2026-09-07T10:34:00Z,DEPLOYMENT,auth-service,Telemetry signal: Deployment recorded on auth-service,CRITICAL
EVT-INC-8609-2,INC-8609,2026-09-07T10:48:00Z,MONITORING_ALERT,auth-service,Telemetry signal: Monitoring Alert recorded on auth-service,CRITICAL
EVT-INC-8609-3,INC-8609,2026-09-07T10:56:00Z,ERROR_SPIKE,auth-service,Telemetry signal: Error Spike recorded on auth-service,CRITICAL
EVT-INC-8609-4,INC-8609,2026-09-07T11:02:00Z,LATENCY_INCREASE,auth-service,Telemetry signal: Latency Increase recorded on auth-service,CRITICAL
EVT-INC-8610-1,INC-8610,2026-09-15T23:28:00Z,MONITORING_ALERT,inventory-api,Telemetry signal: Monitoring Alert recorded on inventory-api,CRITICAL
EVT-INC-8610-2,INC-8610,2026-09-15T23:04:00Z,ERROR_SPIKE,inventory-api,Telemetry signal: Error Spike recorded on inventory-api,CRITICAL
EVT-INC-8610-3,INC-8610,2026-09-15T23:28:00Z,LATENCY_INCREASE,inventory-api,Telemetry signal: Latency Increase recorded on inventory-api,CRITICAL
EVT-INC-8611-1,INC-8611,2026-08-19T19:15:00Z,MONITORING_ALERT,notification-worker,Telemetry signal: Monitoring Alert recorded on notification-worker,WARN
EVT-INC-8611-2,INC-8611,2026-08-19T19:21:00Z,ERROR_SPIKE,notification-worker,Telemetry signal: Error Spike recorded on notification-worker,WARN
EVT-INC-8611-3,INC-8611,2026-08-19T19:31:00Z,LATENCY_INCREASE,notification-worker,Telemetry signal: Latency Increase recorded on notification-worker,WARN
EVT-INC-8612-1,INC-8612,2026-08-16T12:47:00Z,MONITORING_ALERT,auth-service,Telemetry signal: Monitoring Alert recorded on auth-service,WARN
EVT-INC-8612-2,INC-8612,2026-08-16T12:15:00Z,ERROR_SPIKE,auth-service,Telemetry signal: Error Spike recorded on auth-service,WARN
EVT-INC-8612-3,INC-8612,2026-08-16T12:45:00Z,LATENCY_INCREASE,auth-service,Telemetry signal: Latency Increase recorded on auth-service,WARN
EVT-INC-8612-4,INC-8612,2026-08-16T12:49:00Z,TRAFFIC_SURGE,auth-service,Telemetry signal: Traffic Surge recorded on auth-service,WARN
EVT-INC-8613-1,INC-8613,2026-09-01T02:46:00Z,DEPLOYMENT,checkout-service,Telemetry signal: Deployment recorded on checkout-service,WARN
EVT-INC-8613-2,INC-8613,2026-09-01T02:26:00Z,MONITORING_ALERT,checkout-service,Telemetry signal: Monitoring Alert recorded on checkout-service,WARN
EVT-INC-8613-3,INC-8613,2026-09-01T03:05:00Z,ERROR_SPIKE,checkout-service,Telemetry signal: Error Spike recorded on checkout-service,WARN
EVT-INC-8613-4,INC-8613,2026-09-01T03:04:00Z,LATENCY_INCREASE,checkout-service,Telemetry signal: Latency Increase recorded on checkout-service,WARN
EVT-INC-8613-5,INC-8613,2026-09-01T03:18:00Z,TRAFFIC_SURGE,checkout-service,Telemetry signal: Traffic Surge recorded on checkout-service,WARN
EVT-INC-8614-1,INC-8614,2026-08-24T12:29:00Z,DEPLOYMENT,search-indexer,Telemetry signal: Deployment recorded on search-indexer,WARN
EVT-INC-8614-2,INC-8614,2026-08-24T12:47:00Z,MONITORING_ALERT,search-indexer,Telemetry signal: Monitoring Alert recorded on search-indexer,WARN
EVT-INC-8614-3,INC-8614,2026-08-24T13:07:00Z,ERROR_SPIKE,search-indexer,Telemetry signal: Error Spike recorded on search-indexer,WARN
EVT-INC-8614-4,INC-8614,2026-08-24T13:04:00Z,LATENCY_INCREASE,search-indexer,Telemetry signal: Latency Increase recorded on search-indexer,WARN
EVT-INC-8615-1,INC-8615,2026-09-02T22:10:00Z,MONITORING_ALERT,auth-service,Telemetry signal: Monitoring Alert recorded on auth-service,WARN
EVT-INC-8615-2,INC-8615,2026-09-02T22:17:00Z,ERROR_SPIKE,auth-service,Telemetry signal: Error Spike recorded on auth-service,WARN
EVT-INC-8615-3,INC-8615,2026-09-02T22:05:00Z,LATENCY_INCREASE,auth-service,Telemetry signal: Latency Increase recorded on auth-service,WARN
EVT-INC-8616-1,INC-8616,2026-09-18T22:41:00Z,MONITORING_ALERT,order-processing,Telemetry signal: Monitoring Alert recorded on order-processing,WARN
EVT-INC-8616-2,INC-8616,2026-09-18T22:35:00Z,ERROR_SPIKE,order-processing,Telemetry signal: Error Spike recorded on order-processing,WARN
EVT-INC-8616-3,INC-8616,2026-09-18T22:39:00Z,LATENCY_INCREASE,order-processing,Telemetry signal: Latency Increase recorded on order-processing,WARN
EVT-INC-8617-1,INC-8617,2026-08-19T13:50:00Z,DEPLOYMENT,checkout-service,Telemetry signal: Deployment recorded on checkout-service,WARN
EVT-INC-8617-2,INC-8617,2026-08-19T14:17:00Z,MONITORING_ALERT,checkout-service,Telemetry signal: Monitoring Alert recorded on checkout-service,WARN
EVT-INC-8617-3,INC-8617,2026-08-19T13:58:00Z,ERROR_SPIKE,checkout-service,Telemetry signal: Error Spike recorded on checkout-service,WARN
EVT-INC-8617-4,INC-8617,2026-08-19T14:18:00Z,LATENCY_INCREASE,checkout-service,Telemetry signal: Latency Increase recorded on checkout-service,WARN
EVT-INC-8618-1,INC-8618,2026-09-06T18:32:00Z,DEPLOYMENT,inventory-api,Telemetry signal: Deployment recorded on inventory-api,CRITICAL
EVT-INC-8618-2,INC-8618,2026-09-06T19:29:00Z,MONITORING_ALERT,inventory-api,Telemetry signal: Monitoring Alert recorded on inventory-api,CRITICAL
EVT-INC-8618-3,INC-8618,2026-09-06T19:01:00Z,ERROR_SPIKE,inventory-api,Telemetry signal: Error Spike recorded on inventory-api,CRITICAL
EVT-INC-8618-4,INC-8618,2026-09-06T19:11:00Z,LATENCY_INCREASE,inventory-api,Telemetry signal: Latency Increase recorded on inventory-api,CRITICAL
EVT-INC-8618-5,INC-8618,2026-09-06T19:33:00Z,TRAFFIC_SURGE,inventory-api,Telemetry signal: Traffic Surge recorded on inventory-api,CRITICAL
EVT-INC-8619-1,INC-8619,2026-08-22T01:51:00Z,DEPLOYMENT,auth-service,Telemetry signal: Deployment recorded on auth-service,WARN
EVT-INC-8619-2,INC-8619,2026-08-22T02:25:00Z,MONITORING_ALERT,auth-service,Telemetry signal: Monitoring Alert recorded on auth-service,WARN
EVT-INC-8619-3,INC-8619,2026-08-22T02:28:00Z,ERROR_SPIKE,auth-service,Telemetry signal: Error Spike recorded on auth-service,WARN
EVT-INC-8619-4,INC-8619,2026-08-22T02:33:00Z,LATENCY_INCREASE,auth-service,Telemetry signal: Latency Increase recorded on auth-service,WARN
EVT-INC-8619-5,INC-8619,2026-08-22T02:46:00Z,TRAFFIC_SURGE,auth-service,Telemetry signal: Traffic Surge recorded on auth-service,WARN
EVT-INC-8620-1,INC-8620,2026-08-30T18:19:00Z,DEPLOYMENT,payment-gateway,Telemetry signal: Deployment recorded on payment-gateway,CRITICAL
EVT-INC-8620-2,INC-8620,2026-08-30T18:47:00Z,MONITORING_ALERT,payment-gateway,Telemetry signal: Monitoring Alert recorded on payment-gateway,CRITICAL
EVT-INC-8620-3,INC-8620,2026-08-30T19:04:00Z,ERROR_SPIKE,payment-gateway,Telemetry signal: Error Spike recorded on payment-gateway,CRITICAL
EVT-INC-8620-4,INC-8620,2026-08-30T19:13:00Z,LATENCY_INCREASE,payment-gateway,Telemetry signal: Latency Increase recorded on payment-gateway,CRITICAL
EVT-INC-8620-5,INC-8620,2026-08-30T19:15:00Z,TRAFFIC_SURGE,payment-gateway,Telemetry signal: Traffic Surge recorded on payment-gateway,CRITICAL
EVT-INC-8621-1,INC-8621,2026-09-23T09:22:00Z,DEPLOYMENT,auth-service,Telemetry signal: Deployment recorded on auth-service,CRITICAL
EVT-INC-8621-2,INC-8621,2026-09-23T09:37:00Z,MONITORING_ALERT,auth-service,Telemetry signal: Monitoring Alert recorded on auth-service,CRITICAL
EVT-INC-8621-3,INC-8621,2026-09-23T10:05:00Z,ERROR_SPIKE,auth-service,Telemetry signal: Error Spike recorded on auth-service,CRITICAL
EVT-INC-8621-4,INC-8621,2026-09-23T09:55:00Z,LATENCY_INCREASE,auth-service,Telemetry signal: Latency Increase recorded on auth-service,CRITICAL
EVT-INC-8621-5,INC-8621,2026-09-23T10:11:00Z,TRAFFIC_SURGE,auth-service,Telemetry signal: Traffic Surge recorded on auth-service,CRITICAL
EVT-INC-8622-1,INC-8622,2026-08-27T01:37:00Z,MONITORING_ALERT,notification-worker,Telemetry signal: Monitoring Alert recorded on notification-worker,WARN
EVT-INC-8622-2,INC-8622,2026-08-27T01:51:00Z,ERROR_SPIKE,notification-worker,Telemetry signal: Error Spike recorded on notification-worker,WARN
EVT-INC-8622-3,INC-8622,2026-08-27T02:01:00Z,LATENCY_INCREASE,notification-worker,Telemetry signal: Latency Increase recorded on notification-worker,WARN
EVT-INC-8622-4,INC-8622,2026-08-27T01:58:00Z,TRAFFIC_SURGE,notification-worker,Telemetry signal: Traffic Surge recorded on notification-worker,WARN
EVT-INC-8623-1,INC-8623,2026-09-10T16:04:00Z,MONITORING_ALERT,search-indexer,Telemetry signal: Monitoring Alert recorded on search-indexer,WARN
EVT-INC-8623-2,INC-8623,2026-09-10T15:57:00Z,ERROR_SPIKE,search-indexer,Telemetry signal: Error Spike recorded on search-indexer,WARN
EVT-INC-8623-3,INC-8623,2026-09-10T16:02:00Z,LATENCY_INCREASE,search-indexer,Telemetry signal: Latency Increase recorded on search-indexer,WARN
EVT-INC-8624-1,INC-8624,2026-09-11T18:33:00Z,MONITORING_ALERT,order-processing,Telemetry signal: Monitoring Alert recorded on order-processing,WARN
EVT-INC-8624-2,INC-8624,2026-09-11T18:33:00Z,ERROR_SPIKE,order-processing,Telemetry signal: Error Spike recorded on order-processing,WARN
EVT-INC-8624-3,INC-8624,2026-09-11T18:34:00Z,LATENCY_INCREASE,order-processing,Telemetry signal: Latency Increase recorded on order-processing,WARN
EVT-INC-8625-1,INC-8625,2026-09-18T21:15:00Z,MONITORING_ALERT,payment-gateway,Telemetry signal: Monitoring Alert recorded on payment-gateway,WARN
EVT-INC-8625-2,INC-8625,2026-09-18T21:49:00Z,ERROR_SPIKE,payment-gateway,Telemetry signal: Error Spike recorded on payment-gateway,WARN
EVT-INC-8625-3,INC-8625,2026-09-18T21:38:00Z,LATENCY_INCREASE,payment-gateway,Telemetry signal: Latency Increase recorded on payment-gateway,WARN
EVT-INC-8626-1,INC-8626,2026-08-22T13:49:00Z,MONITORING_ALERT,search-indexer,Telemetry signal: Monitoring Alert recorded on search-indexer,WARN
EVT-INC-8626-2,INC-8626,2026-08-22T13:42:00Z,ERROR_SPIKE,search-indexer,Telemetry signal: Error Spike recorded on search-indexer,WARN
EVT-INC-8626-3,INC-8626,2026-08-22T13:58:00Z,LATENCY_INCREASE,search-indexer,Telemetry signal: Latency Increase recorded on search-indexer,WARN
EVT-INC-8627-1,INC-8627,2026-08-14T16:33:00Z,DEPLOYMENT,order-processing,Telemetry signal: Deployment recorded on order-processing,WARN
EVT-INC-8627-2,INC-8627,2026-08-14T16:22:00Z,MONITORING_ALERT,order-processing,Telemetry signal: Monitoring Alert recorded on order-processing,WARN
EVT-INC-8627-3,INC-8627,2026-08-14T16:45:00Z,ERROR_SPIKE,order-processing,Telemetry signal: Error Spike recorded on order-processing,WARN
EVT-INC-8627-4,INC-8627,2026-08-14T17:00:00Z,LATENCY_INCREASE,order-processing,Telemetry signal: Latency Increase recorded on order-processing,WARN
EVT-INC-8628-1,INC-8628,2026-09-14T01:14:00Z,DEPLOYMENT,checkout-service,Telemetry signal: Deployment recorded on checkout-service,WARN
EVT-INC-8628-2,INC-8628,2026-09-14T02:04:00Z,MONITORING_ALERT,checkout-service,Telemetry signal: Monitoring Alert recorded on checkout-service,WARN
EVT-INC-8628-3,INC-8628,2026-09-14T02:06:00Z,ERROR_SPIKE,checkout-service,Telemetry signal: Error Spike recorded on checkout-service,WARN
EVT-INC-8628-4,INC-8628,2026-09-14T02:08:00Z,LATENCY_INCREASE,checkout-service,Telemetry signal: Latency Increase recorded on checkout-service,WARN
EVT-INC-8629-1,INC-8629,2026-09-19T13:39:00Z,MONITORING_ALERT,search-indexer,Telemetry signal: Monitoring Alert recorded on search-indexer,WARN
EVT-INC-8629-2,INC-8629,2026-09-19T13:38:00Z,ERROR_SPIKE,search-indexer,Telemetry signal: Error Spike recorded on search-indexer,WARN
EVT-INC-8629-3,INC-8629,2026-09-19T13:50:00Z,LATENCY_INCREASE,search-indexer,Telemetry signal: Latency Increase recorded on search-indexer,WARN
EVT-INC-8630-1,INC-8630,2026-09-13T05:18:00Z,MONITORING_ALERT,auth-service,Telemetry signal: Monitoring Alert recorded on auth-service,WARN
EVT-INC-8630-2,INC-8630,2026-09-13T05:37:00Z,ERROR_SPIKE,auth-service,Telemetry signal: Error Spike recorded on auth-service,WARN
EVT-INC-8630-3,INC-8630,2026-09-13T05:31:00Z,LATENCY_INCREASE,auth-service,Telemetry signal: Latency Increase recorded on auth-service,WARN
EVT-INC-8631-1,INC-8631,2026-08-22T08:39:00Z,DEPLOYMENT,search-indexer,Telemetry signal: Deployment recorded on search-indexer,CRITICAL
EVT-INC-8631-2,INC-8631,2026-08-22T09:12:00Z,MONITORING_ALERT,search-indexer,Telemetry signal: Monitoring Alert recorded on search-indexer,CRITICAL
EVT-INC-8631-3,INC-8631,2026-08-22T09:12:00Z,ERROR_SPIKE,search-indexer,Telemetry signal: Error Spike recorded on search-indexer,CRITICAL
EVT-INC-8631-4,INC-8631,2026-08-22T08:56:00Z,LATENCY_INCREASE,search-indexer,Telemetry signal: Latency Increase recorded on search-indexer,CRITICAL
EVT-INC-8631-5,INC-8631,2026-08-22T09:16:00Z,TRAFFIC_SURGE,search-indexer,Telemetry signal: Traffic Surge recorded on search-indexer,CRITICAL
EVT-INC-8632-1,INC-8632,2026-09-02T15:40:00Z,DEPLOYMENT,order-processing,Telemetry signal: Deployment recorded on order-processing,WARN
EVT-INC-8632-2,INC-8632,2026-09-02T15:22:00Z,MONITORING_ALERT,order-processing,Telemetry signal: Monitoring Alert recorded on order-processing,WARN
EVT-INC-8632-3,INC-8632,2026-09-02T15:58:00Z,ERROR_SPIKE,order-processing,Telemetry signal: Error Spike recorded on order-processing,WARN
EVT-INC-8632-4,INC-8632,2026-09-02T16:03:00Z,LATENCY_INCREASE,order-processing,Telemetry signal: Latency Increase recorded on order-processing,WARN
EVT-INC-8633-1,INC-8633,2026-08-31T20:39:00Z,MONITORING_ALERT,user-profile,Telemetry signal: Monitoring Alert recorded on user-profile,WARN
EVT-INC-8633-2,INC-8633,2026-08-31T21:21:00Z,ERROR_SPIKE,user-profile,Telemetry signal: Error Spike recorded on user-profile,WARN
EVT-INC-8633-3,INC-8633,2026-08-31T21:13:00Z,LATENCY_INCREASE,user-profile,Telemetry signal: Latency Increase recorded on user-profile,WARN
EVT-INC-8633-4,INC-8633,2026-08-31T21:24:00Z,TRAFFIC_SURGE,user-profile,Telemetry signal: Traffic Surge recorded on user-profile,WARN
EVT-INC-8634-1,INC-8634,2026-09-06T13:03:00Z,DEPLOYMENT,payment-gateway,Telemetry signal: Deployment recorded on payment-gateway,WARN
EVT-INC-8634-2,INC-8634,2026-09-06T13:08:00Z,MONITORING_ALERT,payment-gateway,Telemetry signal: Monitoring Alert recorded on payment-gateway,WARN
EVT-INC-8634-3,INC-8634,2026-09-06T13:29:00Z,ERROR_SPIKE,payment-gateway,Telemetry signal: Error Spike recorded on payment-gateway,WARN
EVT-INC-8634-4,INC-8634,2026-09-06T13:39:00Z,LATENCY_INCREASE,payment-gateway,Telemetry signal: Latency Increase recorded on payment-gateway,WARN
EVT-INC-8635-1,INC-8635,2026-09-13T01:47:00Z,MONITORING_ALERT,checkout-service,Telemetry signal: Monitoring Alert recorded on checkout-service,WARN
EVT-INC-8635-2,INC-8635,2026-09-13T01:50:00Z,ERROR_SPIKE,checkout-service,Telemetry signal: Error Spike recorded on checkout-service,WARN
EVT-INC-8635-3,INC-8635,2026-09-13T02:15:00Z,LATENCY_INCREASE,checkout-service,Telemetry signal: Latency Increase recorded on checkout-service,WARN
EVT-INC-8635-4,INC-8635,2026-09-13T02:10:00Z,TRAFFIC_SURGE,checkout-service,Telemetry signal: Traffic Surge recorded on checkout-service,WARN
EVT-INC-8636-1,INC-8636,2026-08-15T06:59:00Z,MONITORING_ALERT,user-profile,Telemetry signal: Monitoring Alert recorded on user-profile,WARN
EVT-INC-8636-2,INC-8636,2026-08-15T07:02:00Z,ERROR_SPIKE,user-profile,Telemetry signal: Error Spike recorded on user-profile,WARN
EVT-INC-8636-3,INC-8636,2026-08-15T07:00:00Z,LATENCY_INCREASE,user-profile,Telemetry signal: Latency Increase recorded on user-profile,WARN
EVT-INC-8637-1,INC-8637,2026-09-01T23:30:00Z,DEPLOYMENT,auth-service,Telemetry signal: Deployment recorded on auth-service,CRITICAL
EVT-INC-8637-2,INC-8637,2026-09-01T23:49:00Z,MONITORING_ALERT,auth-service,Telemetry signal: Monitoring Alert recorded on auth-service,CRITICAL
EVT-INC-8637-3,INC-8637,2026-09-01T23:40:00Z,ERROR_SPIKE,auth-service,Telemetry signal: Error Spike recorded on auth-service,CRITICAL
EVT-INC-8637-4,INC-8637,2026-09-02T00:17:00Z,LATENCY_INCREASE,auth-service,Telemetry signal: Latency Increase recorded on auth-service,CRITICAL
EVT-INC-8637-5,INC-8637,2026-09-02T00:19:00Z,TRAFFIC_SURGE,auth-service,Telemetry signal: Traffic Surge recorded on auth-service,CRITICAL
EVT-INC-8638-1,INC-8638,2026-08-30T21:06:00Z,DEPLOYMENT,payment-gateway,Telemetry signal: Deployment recorded on payment-gateway,CRITICAL
EVT-INC-8638-2,INC-8638,2026-08-30T21:16:00Z,MONITORING_ALERT,payment-gateway,Telemetry signal: Monitoring Alert recorded on payment-gateway,CRITICAL
EVT-INC-8638-3,INC-8638,2026-08-30T21:02:00Z,ERROR_SPIKE,payment-gateway,Telemetry signal: Error Spike recorded on payment-gateway,CRITICAL
EVT-INC-8638-4,INC-8638,2026-08-30T21:19:00Z,LATENCY_INCREASE,payment-gateway,Telemetry signal: Latency Increase recorded on payment-gateway,CRITICAL
EVT-INC-8639-1,INC-8639,2026-08-30T17:23:00Z,MONITORING_ALERT,auth-service,Telemetry signal: Monitoring Alert recorded on auth-service,WARN
EVT-INC-8639-2,INC-8639,2026-08-30T18:03:00Z,ERROR_SPIKE,auth-service,Telemetry signal: Error Spike recorded on auth-service,WARN
EVT-INC-8639-3,INC-8639,2026-08-30T18:07:00Z,LATENCY_INCREASE,auth-service,Telemetry signal: Latency Increase recorded on auth-service,WARN
EVT-INC-8639-4,INC-8639,2026-08-30T18:13:00Z,TRAFFIC_SURGE,auth-service,Telemetry signal: Traffic Surge recorded on auth-service,WARN
EVT-INC-8640-1,INC-8640,2026-08-16T16:36:00Z,DEPLOYMENT,checkout-service,Telemetry signal: Deployment recorded on checkout-service,WARN
EVT-INC-8640-2,INC-8640,2026-08-16T16:50:00Z,MONITORING_ALERT,checkout-service,Telemetry signal: Monitoring Alert recorded on checkout-service,WARN
EVT-INC-8640-3,INC-8640,2026-08-16T16:58:00Z,ERROR_SPIKE,checkout-service,Telemetry signal: Error Spike recorded on checkout-service,WARN
EVT-INC-8640-4,INC-8640,2026-08-16T16:59:00Z,LATENCY_INCREASE,checkout-service,Telemetry signal: Latency Increase recorded on checkout-service,WARN
EVT-INC-8641-1,INC-8641,2026-08-25T07:39:00Z,MONITORING_ALERT,auth-service,Telemetry signal: Monitoring Alert recorded on auth-service,WARN
EVT-INC-8641-2,INC-8641,2026-08-25T08:13:00Z,ERROR_SPIKE,auth-service,Telemetry signal: Error Spike recorded on auth-service,WARN
EVT-INC-8641-3,INC-8641,2026-08-25T08:18:00Z,LATENCY_INCREASE,auth-service,Telemetry signal: Latency Increase recorded on auth-service,WARN
EVT-INC-8642-1,INC-8642,2026-08-25T19:56:00Z,DEPLOYMENT,inventory-api,Telemetry signal: Deployment recorded on inventory-api,WARN
EVT-INC-8642-2,INC-8642,2026-08-25T20:15:00Z,MONITORING_ALERT,inventory-api,Telemetry signal: Monitoring Alert recorded on inventory-api,WARN
EVT-INC-8642-3,INC-8642,2026-08-25T20:01:00Z,ERROR_SPIKE,inventory-api,Telemetry signal: Error Spike recorded on inventory-api,WARN
EVT-INC-8642-4,INC-8642,2026-08-25T20:13:00Z,LATENCY_INCREASE,inventory-api,Telemetry signal: Latency Increase recorded on inventory-api,WARN
EVT-INC-8642-5,INC-8642,2026-08-25T20:16:00Z,TRAFFIC_SURGE,inventory-api,Telemetry signal: Traffic Surge recorded on inventory-api,WARN
EVT-INC-8643-1,INC-8643,2026-08-30T19:08:00Z,MONITORING_ALERT,order-processing,Telemetry signal: Monitoring Alert recorded on order-processing,WARN
EVT-INC-8643-2,INC-8643,2026-08-30T19:27:00Z,ERROR_SPIKE,order-processing,Telemetry signal: Error Spike recorded on order-processing,WARN
EVT-INC-8643-3,INC-8643,2026-08-30T19:17:00Z,LATENCY_INCREASE,order-processing,Telemetry signal: Latency Increase recorded on order-processing,WARN
EVT-INC-8644-1,INC-8644,2026-08-15T06:27:00Z,MONITORING_ALERT,inventory-api,Telemetry signal: Monitoring Alert recorded on inventory-api,WARN
EVT-INC-8644-2,INC-8644,2026-08-15T06:12:00Z,ERROR_SPIKE,inventory-api,Telemetry signal: Error Spike recorded on inventory-api,WARN
EVT-INC-8644-3,INC-8644,2026-08-15T06:24:00Z,LATENCY_INCREASE,inventory-api,Telemetry signal: Latency Increase recorded on inventory-api,WARN
EVT-INC-8645-1,INC-8645,2026-09-23T21:32:00Z,DEPLOYMENT,checkout-service,Telemetry signal: Deployment recorded on checkout-service,WARN
EVT-INC-8645-2,INC-8645,2026-09-23T22:02:00Z,MONITORING_ALERT,checkout-service,Telemetry signal: Monitoring Alert recorded on checkout-service,WARN
EVT-INC-8645-3,INC-8645,2026-09-23T22:08:00Z,ERROR_SPIKE,checkout-service,Telemetry signal: Error Spike recorded on checkout-service,WARN
EVT-INC-8645-4,INC-8645,2026-09-23T22:26:00Z,LATENCY_INCREASE,checkout-service,Telemetry signal: Latency Increase recorded on checkout-service,WARN
EVT-INC-8646-1,INC-8646,2026-08-27T00:17:00Z,MONITORING_ALERT,payment-gateway,Telemetry signal: Monitoring Alert recorded on payment-gateway,CRITICAL
EVT-INC-8646-2,INC-8646,2026-08-27T00:10:00Z,ERROR_SPIKE,payment-gateway,Telemetry signal: Error Spike recorded on payment-gateway,CRITICAL
EVT-INC-8646-3,INC-8646,2026-08-27T00:10:00Z,LATENCY_INCREASE,payment-gateway,Telemetry signal: Latency Increase recorded on payment-gateway,CRITICAL
EVT-INC-8647-1,INC-8647,2026-08-19T03:16:00Z,MONITORING_ALERT,order-processing,Telemetry signal: Monitoring Alert recorded on order-processing,WARN
EVT-INC-8647-2,INC-8647,2026-08-19T03:14:00Z,ERROR_SPIKE,order-processing,Telemetry signal: Error Spike recorded on order-processing,WARN
EVT-INC-8647-3,INC-8647,2026-08-19T03:32:00Z,LATENCY_INCREASE,order-processing,Telemetry signal: Latency Increase recorded on order-processing,WARN
EVT-INC-8647-4,INC-8647,2026-08-19T03:54:00Z,TRAFFIC_SURGE,order-processing,Telemetry signal: Traffic Surge recorded on order-processing,WARN
EVT-INC-8648-1,INC-8648,2026-08-28T22:55:00Z,DEPLOYMENT,notification-worker,Telemetry signal: Deployment recorded on notification-worker,WARN
EVT-INC-8648-2,INC-8648,2026-08-28T22:55:00Z,MONITORING_ALERT,notification-worker,Telemetry signal: Monitoring Alert recorded on notification-worker,WARN
EVT-INC-8648-3,INC-8648,2026-08-28T23:15:00Z,ERROR_SPIKE,notification-worker,Telemetry signal: Error Spike recorded on notification-worker,WARN
EVT-INC-8648-4,INC-8648,2026-08-28T23:04:00Z,LATENCY_INCREASE,notification-worker,Telemetry signal: Latency Increase recorded on notification-worker,WARN
EVT-INC-8649-1,INC-8649,2026-08-23T21:13:00Z,DEPLOYMENT,order-processing,Telemetry signal: Deployment recorded on order-processing,WARN
EVT-INC-8649-2,INC-8649,2026-08-23T21:24:00Z,MONITORING_ALERT,order-processing,Telemetry signal: Monitoring Alert recorded on order-processing,WARN
EVT-INC-8649-3,INC-8649,2026-08-23T21:13:00Z,ERROR_SPIKE,order-processing,Telemetry signal: Error Spike recorded on order-processing,WARN
EVT-INC-8649-4,INC-8649,2026-08-23T21:27:00Z,LATENCY_INCREASE,order-processing,Telemetry signal: Latency Increase recorded on order-processing,WARN
EVT-INC-8650-1,INC-8650,2026-08-25T17:17:00Z,MONITORING_ALERT,search-indexer,Telemetry signal: Monitoring Alert recorded on search-indexer,WARN
EVT-INC-8650-2,INC-8650,2026-08-25T17:22:00Z,ERROR_SPIKE,search-indexer,Telemetry signal: Error Spike recorded on search-indexer,WARN
EVT-INC-8650-3,INC-8650,2026-08-25T17:47:00Z,LATENCY_INCREASE,search-indexer,Telemetry signal: Latency Increase recorded on search-indexer,WARN
EVT-INC-8651-1,INC-8651,2026-09-06T16:47:00Z,DEPLOYMENT,payment-gateway,Telemetry signal: Deployment recorded on payment-gateway,CRITICAL
EVT-INC-8651-2,INC-8651,2026-09-06T17:36:00Z,MONITORING_ALERT,payment-gateway,Telemetry signal: Monitoring Alert recorded on payment-gateway,CRITICAL
EVT-INC-8651-3,INC-8651,2026-09-06T17:37:00Z,ERROR_SPIKE,payment-gateway,Telemetry signal: Error Spike recorded on payment-gateway,CRITICAL
EVT-INC-8651-4,INC-8651,2026-09-06T17:44:00Z,LATENCY_INCREASE,payment-gateway,Telemetry signal: Latency Increase recorded on payment-gateway,CRITICAL
EVT-INC-8651-5,INC-8651,2026-09-06T17:44:00Z,TRAFFIC_SURGE,payment-gateway,Telemetry signal: Traffic Surge recorded on payment-gateway,CRITICAL
EVT-INC-8652-1,INC-8652,2026-09-05T04:28:00Z,DEPLOYMENT,inventory-api,Telemetry signal: Deployment recorded on inventory-api,WARN
EVT-INC-8652-2,INC-8652,2026-09-05T04:39:00Z,MONITORING_ALERT,inventory-api,Telemetry signal: Monitoring Alert recorded on inventory-api,WARN
EVT-INC-8652-3,INC-8652,2026-09-05T05:22:00Z,ERROR_SPIKE,inventory-api,Telemetry signal: Error Spike recorded on inventory-api,WARN
EVT-INC-8652-4,INC-8652,2026-09-05T05:21:00Z,LATENCY_INCREASE,inventory-api,Telemetry signal: Latency Increase recorded on inventory-api,WARN
EVT-INC-8653-1,INC-8653,2026-09-01T14:12:00Z,DEPLOYMENT,search-indexer,Telemetry signal: Deployment recorded on search-indexer,WARN
EVT-INC-8653-2,INC-8653,2026-09-01T13:56:00Z,MONITORING_ALERT,search-indexer,Telemetry signal: Monitoring Alert recorded on search-indexer,WARN
EVT-INC-8653-3,INC-8653,2026-09-01T14:20:00Z,ERROR_SPIKE,search-indexer,Telemetry signal: Error Spike recorded on search-indexer,WARN
EVT-INC-8653-4,INC-8653,2026-09-01T14:22:00Z,LATENCY_INCREASE,search-indexer,Telemetry signal: Latency Increase recorded on search-indexer,WARN
EVT-INC-8654-1,INC-8654,2026-08-15T03:48:00Z,DEPLOYMENT,user-profile,Telemetry signal: Deployment recorded on user-profile,WARN
EVT-INC-8654-2,INC-8654,2026-08-15T04:43:00Z,MONITORING_ALERT,user-profile,Telemetry signal: Monitoring Alert recorded on user-profile,WARN
EVT-INC-8654-3,INC-8654,2026-08-15T04:18:00Z,ERROR_SPIKE,user-profile,Telemetry signal: Error Spike recorded on user-profile,WARN
EVT-INC-8654-4,INC-8654,2026-08-15T04:43:00Z,LATENCY_INCREASE,user-profile,Telemetry signal: Latency Increase recorded on user-profile,WARN
EVT-INC-8654-5,INC-8654,2026-08-15T04:51:00Z,TRAFFIC_SURGE,user-profile,Telemetry signal: Traffic Surge recorded on user-profile,WARN
EVT-INC-8655-1,INC-8655,2026-08-13T06:59:00Z,DEPLOYMENT,order-processing,Telemetry signal: Deployment recorded on order-processing,CRITICAL
EVT-INC-8655-2,INC-8655,2026-08-13T07:42:00Z,MONITORING_ALERT,order-processing,Telemetry signal: Monitoring Alert recorded on order-processing,CRITICAL
EVT-INC-8655-3,INC-8655,2026-08-13T07:42:00Z,ERROR_SPIKE,order-processing,Telemetry signal: Error Spike recorded on order-processing,CRITICAL
EVT-INC-8655-4,INC-8655,2026-08-13T07:24:00Z,LATENCY_INCREASE,order-processing,Telemetry signal: Latency Increase recorded on order-processing,CRITICAL
EVT-INC-8655-5,INC-8655,2026-08-13T07:51:00Z,TRAFFIC_SURGE,order-processing,Telemetry signal: Traffic Surge recorded on order-processing,CRITICAL
EVT-INC-8656-1,INC-8656,2026-09-19T10:48:00Z,MONITORING_ALERT,inventory-api,Telemetry signal: Monitoring Alert recorded on inventory-api,WARN
EVT-INC-8656-2,INC-8656,2026-09-19T10:51:00Z,ERROR_SPIKE,inventory-api,Telemetry signal: Error Spike recorded on inventory-api,WARN
EVT-INC-8656-3,INC-8656,2026-09-19T11:10:00Z,LATENCY_INCREASE,inventory-api,Telemetry signal: Latency Increase recorded on inventory-api,WARN
EVT-INC-8656-4,INC-8656,2026-09-19T11:12:00Z,TRAFFIC_SURGE,inventory-api,Telemetry signal: Traffic Surge recorded on inventory-api,WARN
EVT-INC-8657-1,INC-8657,2026-08-25T07:12:00Z,DEPLOYMENT,order-processing,Telemetry signal: Deployment recorded on order-processing,CRITICAL
EVT-INC-8657-2,INC-8657,2026-08-25T07:38:00Z,MONITORING_ALERT,order-processing,Telemetry signal: Monitoring Alert recorded on order-processing,CRITICAL
EVT-INC-8657-3,INC-8657,2026-08-25T07:46:00Z,ERROR_SPIKE,order-processing,Telemetry signal: Error Spike recorded on order-processing,CRITICAL
EVT-INC-8657-4,INC-8657,2026-08-25T07:54:00Z,LATENCY_INCREASE,order-processing,Telemetry signal: Latency Increase recorded on order-processing,CRITICAL
EVT-INC-8657-5,INC-8657,2026-08-25T08:15:00Z,TRAFFIC_SURGE,order-processing,Telemetry signal: Traffic Surge recorded on order-processing,CRITICAL
EVT-INC-8658-1,INC-8658,2026-09-25T05:59:00Z,MONITORING_ALERT,search-indexer,Telemetry signal: Monitoring Alert recorded on search-indexer,WARN
EVT-INC-8658-2,INC-8658,2026-09-25T06:15:00Z,ERROR_SPIKE,search-indexer,Telemetry signal: Error Spike recorded on search-indexer,WARN
EVT-INC-8658-3,INC-8658,2026-09-25T06:22:00Z,LATENCY_INCREASE,search-indexer,Telemetry signal: Latency Increase recorded on search-indexer,WARN
EVT-INC-8659-1,INC-8659,2026-09-13T11:46:00Z,DEPLOYMENT,order-processing,Telemetry signal: Deployment recorded on order-processing,WARN
EVT-INC-8659-2,INC-8659,2026-09-13T12:03:00Z,MONITORING_ALERT,order-processing,Telemetry signal: Monitoring Alert recorded on order-processing,WARN
EVT-INC-8659-3,INC-8659,2026-09-13T12:02:00Z,ERROR_SPIKE,order-processing,Telemetry signal: Error Spike recorded on order-processing,WARN
EVT-INC-8659-4,INC-8659,2026-09-13T12:28:00Z,LATENCY_INCREASE,order-processing,Telemetry signal: Latency Increase recorded on order-processing,WARN
EVT-INC-8660-1,INC-8660,2026-09-19T03:42:00Z,DEPLOYMENT,notification-worker,Telemetry signal: Deployment recorded on notification-worker,WARN
EVT-INC-8660-2,INC-8660,2026-09-19T03:26:00Z,MONITORING_ALERT,notification-worker,Telemetry signal: Monitoring Alert recorded on notification-worker,WARN
EVT-INC-8660-3,INC-8660,2026-09-19T03:40:00Z,ERROR_SPIKE,notification-worker,Telemetry signal: Error Spike recorded on notification-worker,WARN
EVT-INC-8660-4,INC-8660,2026-09-19T04:00:00Z,LATENCY_INCREASE,notification-worker,Telemetry signal: Latency Increase recorded on notification-worker,WARN
EVT-INC-8661-1,INC-8661,2026-08-13T06:05:00Z,MONITORING_ALERT,notification-worker,Telemetry signal: Monitoring Alert recorded on notification-worker,WARN
EVT-INC-8661-2,INC-8661,2026-08-13T06:12:00Z,ERROR_SPIKE,notification-worker,Telemetry signal: Error Spike recorded on notification-worker,WARN
EVT-INC-8661-3,INC-8661,2026-08-13T06:11:00Z,LATENCY_INCREASE,notification-worker,Telemetry signal: Latency Increase recorded on notification-worker,WARN
EVT-INC-8662-1,INC-8662,2026-08-17T23:32:00Z,MONITORING_ALERT,notification-worker,Telemetry signal: Monitoring Alert recorded on notification-worker,WARN
EVT-INC-8662-2,INC-8662,2026-08-17T23:41:00Z,ERROR_SPIKE,notification-worker,Telemetry signal: Error Spike recorded on notification-worker,WARN
EVT-INC-8662-3,INC-8662,2026-08-17T23:42:00Z,LATENCY_INCREASE,notification-worker,Telemetry signal: Latency Increase recorded on notification-worker,WARN
EVT-INC-8663-1,INC-8663,2026-09-24T20:43:00Z,DEPLOYMENT,user-profile,Telemetry signal: Deployment recorded on user-profile,WARN
EVT-INC-8663-2,INC-8663,2026-09-24T20:42:00Z,MONITORING_ALERT,user-profile,Telemetry signal: Monitoring Alert recorded on user-profile,WARN
EVT-INC-8663-3,INC-8663,2026-09-24T20:27:00Z,ERROR_SPIKE,user-profile,Telemetry signal: Error Spike recorded on user-profile,WARN
EVT-INC-8663-4,INC-8663,2026-09-24T20:48:00Z,LATENCY_INCREASE,user-profile,Telemetry signal: Latency Increase recorded on user-profile,WARN
EVT-INC-8664-1,INC-8664,2026-08-19T21:57:00Z,DEPLOYMENT,notification-worker,Telemetry signal: Deployment recorded on notification-worker,WARN
EVT-INC-8664-2,INC-8664,2026-08-19T21:52:00Z,MONITORING_ALERT,notification-worker,Telemetry signal: Monitoring Alert recorded on notification-worker,WARN
EVT-INC-8664-3,INC-8664,2026-08-19T21:41:00Z,ERROR_SPIKE,notification-worker,Telemetry signal: Error Spike recorded on notification-worker,WARN
EVT-INC-8664-4,INC-8664,2026-08-19T21:49:00Z,LATENCY_INCREASE,notification-worker,Telemetry signal: Latency Increase recorded on notification-worker,WARN
EVT-INC-8665-1,INC-8665,2026-08-28T12:01:00Z,MONITORING_ALERT,auth-service,Telemetry signal: Monitoring Alert recorded on auth-service,WARN
EVT-INC-8665-2,INC-8665,2026-08-28T12:06:00Z,ERROR_SPIKE,auth-service,Telemetry signal: Error Spike recorded on auth-service,WARN
EVT-INC-8665-3,INC-8665,2026-08-28T12:06:00Z,LATENCY_INCREASE,auth-service,Telemetry signal: Latency Increase recorded on auth-service,WARN
EVT-INC-8666-1,INC-8666,2026-09-13T23:09:00Z,DEPLOYMENT,order-processing,Telemetry signal: Deployment recorded on order-processing,WARN
EVT-INC-8666-2,INC-8666,2026-09-13T23:25:00Z,MONITORING_ALERT,order-processing,Telemetry signal: Monitoring Alert recorded on order-processing,WARN
EVT-INC-8666-3,INC-8666,2026-09-13T23:35:00Z,ERROR_SPIKE,order-processing,Telemetry signal: Error Spike recorded on order-processing,WARN
EVT-INC-8666-4,INC-8666,2026-09-13T23:24:00Z,LATENCY_INCREASE,order-processing,Telemetry signal: Latency Increase recorded on order-processing,WARN
EVT-INC-8667-1,INC-8667,2026-08-28T13:55:00Z,DEPLOYMENT,search-indexer,Telemetry signal: Deployment recorded on search-indexer,WARN
EVT-INC-8667-2,INC-8667,2026-08-28T13:32:00Z,MONITORING_ALERT,search-indexer,Telemetry signal: Monitoring Alert recorded on search-indexer,WARN
EVT-INC-8667-3,INC-8667,2026-08-28T13:44:00Z,ERROR_SPIKE,search-indexer,Telemetry signal: Error Spike recorded on search-indexer,WARN
EVT-INC-8667-4,INC-8667,2026-08-28T14:00:00Z,LATENCY_INCREASE,search-indexer,Telemetry signal: Latency Increase recorded on search-indexer,WARN
EVT-INC-8667-5,INC-8667,2026-08-28T14:06:00Z,TRAFFIC_SURGE,search-indexer,Telemetry signal: Traffic Surge recorded on search-indexer,WARN
EVT-INC-8668-1,INC-8668,2026-09-08T18:14:00Z,DEPLOYMENT,notification-worker,Telemetry signal: Deployment recorded on notification-worker,WARN
EVT-INC-8668-2,INC-8668,2026-09-08T18:29:00Z,MONITORING_ALERT,notification-worker,Telemetry signal: Monitoring Alert recorded on notification-worker,WARN
EVT-INC-8668-3,INC-8668,2026-09-08T18:28:00Z,ERROR_SPIKE,notification-worker,Telemetry signal: Error Spike recorded on notification-worker,WARN
EVT-INC-8668-4,INC-8668,2026-09-08T18:47:00Z,LATENCY_INCREASE,notification-worker,Telemetry signal: Latency Increase recorded on notification-worker,WARN
EVT-INC-8668-5,INC-8668,2026-09-08T18:38:00Z,TRAFFIC_SURGE,notification-worker,Telemetry signal: Traffic Surge recorded on notification-worker,WARN
EVT-INC-8669-1,INC-8669,2026-09-12T14:35:00Z,DEPLOYMENT,auth-service,Telemetry signal: Deployment recorded on auth-service,WARN
EVT-INC-8669-2,INC-8669,2026-09-12T15:36:00Z,MONITORING_ALERT,auth-service,Telemetry signal: Monitoring Alert recorded on auth-service,WARN
EVT-INC-8669-3,INC-8669,2026-09-12T15:01:00Z,ERROR_SPIKE,auth-service,Telemetry signal: Error Spike recorded on auth-service,WARN
EVT-INC-8669-4,INC-8669,2026-09-12T15:30:00Z,LATENCY_INCREASE,auth-service,Telemetry signal: Latency Increase recorded on auth-service,WARN
EVT-INC-8669-5,INC-8669,2026-09-12T15:31:00Z,TRAFFIC_SURGE,auth-service,Telemetry signal: Traffic Surge recorded on auth-service,WARN
EVT-INC-8670-1,INC-8670,2026-08-29T19:57:00Z,DEPLOYMENT,notification-worker,Telemetry signal: Deployment recorded on notification-worker,CRITICAL
EVT-INC-8670-2,INC-8670,2026-08-29T20:22:00Z,MONITORING_ALERT,notification-worker,Telemetry signal: Monitoring Alert recorded on notification-worker,CRITICAL
EVT-INC-8670-3,INC-8670,2026-08-29T20:31:00Z,ERROR_SPIKE,notification-worker,Telemetry signal: Error Spike recorded on notification-worker,CRITICAL
EVT-INC-8670-4,INC-8670,2026-08-29T20:23:00Z,LATENCY_INCREASE,notification-worker,Telemetry signal: Latency Increase recorded on notification-worker,CRITICAL
EVT-INC-8671-1,INC-8671,2026-09-10T10:39:00Z,DEPLOYMENT,checkout-service,Telemetry signal: Deployment recorded on checkout-service,WARN
EVT-INC-8671-2,INC-8671,2026-09-10T10:48:00Z,MONITORING_ALERT,checkout-service,Telemetry signal: Monitoring Alert recorded on checkout-service,WARN
EVT-INC-8671-3,INC-8671,2026-09-10T10:57:00Z,ERROR_SPIKE,checkout-service,Telemetry signal: Error Spike recorded on checkout-service,WARN
EVT-INC-8671-4,INC-8671,2026-09-10T11:08:00Z,LATENCY_INCREASE,checkout-service,Telemetry signal: Latency Increase recorded on checkout-service,WARN
EVT-INC-8672-1,INC-8672,2026-08-15T08:54:00Z,DEPLOYMENT,order-processing,Telemetry signal: Deployment recorded on order-processing,WARN
EVT-INC-8672-2,INC-8672,2026-08-15T09:48:00Z,MONITORING_ALERT,order-processing,Telemetry signal: Monitoring Alert recorded on order-processing,WARN
EVT-INC-8672-3,INC-8672,2026-08-15T09:40:00Z,ERROR_SPIKE,order-processing,Telemetry signal: Error Spike recorded on order-processing,WARN
EVT-INC-8672-4,INC-8672,2026-08-15T09:44:00Z,LATENCY_INCREASE,order-processing,Telemetry signal: Latency Increase recorded on order-processing,WARN
EVT-INC-8673-1,INC-8673,2026-08-29T07:32:00Z,DEPLOYMENT,search-indexer,Telemetry signal: Deployment recorded on search-indexer,CRITICAL
EVT-INC-8673-2,INC-8673,2026-08-29T07:07:00Z,MONITORING_ALERT,search-indexer,Telemetry signal: Monitoring Alert recorded on search-indexer,CRITICAL
EVT-INC-8673-3,INC-8673,2026-08-29T07:14:00Z,ERROR_SPIKE,search-indexer,Telemetry signal: Error Spike recorded on search-indexer,CRITICAL
EVT-INC-8673-4,INC-8673,2026-08-29T07:31:00Z,LATENCY_INCREASE,search-indexer,Telemetry signal: Latency Increase recorded on search-indexer,CRITICAL
EVT-INC-8673-5,INC-8673,2026-08-29T07:36:00Z,TRAFFIC_SURGE,search-indexer,Telemetry signal: Traffic Surge recorded on search-indexer,CRITICAL
EVT-INC-8674-1,INC-8674,2026-09-03T05:03:00Z,DEPLOYMENT,auth-service,Telemetry signal: Deployment recorded on auth-service,CRITICAL
EVT-INC-8674-2,INC-8674,2026-09-03T05:00:00Z,MONITORING_ALERT,auth-service,Telemetry signal: Monitoring Alert recorded on auth-service,CRITICAL
EVT-INC-8674-3,INC-8674,2026-09-03T05:11:00Z,ERROR_SPIKE,auth-service,Telemetry signal: Error Spike recorded on auth-service,CRITICAL
EVT-INC-8674-4,INC-8674,2026-09-03T05:00:00Z,LATENCY_INCREASE,auth-service,Telemetry signal: Latency Increase recorded on auth-service,CRITICAL
EVT-INC-8675-1,INC-8675,2026-08-30T00:15:00Z,MONITORING_ALERT,payment-gateway,Telemetry signal: Monitoring Alert recorded on payment-gateway,WARN
EVT-INC-8675-2,INC-8675,2026-08-30T00:47:00Z,ERROR_SPIKE,payment-gateway,Telemetry signal: Error Spike recorded on payment-gateway,WARN
EVT-INC-8675-3,INC-8675,2026-08-30T00:50:00Z,LATENCY_INCREASE,payment-gateway,Telemetry signal: Latency Increase recorded on payment-gateway,WARN
EVT-INC-8676-1,INC-8676,2026-08-18T05:58:00Z,DEPLOYMENT,payment-gateway,Telemetry signal: Deployment recorded on payment-gateway,WARN
EVT-INC-8676-2,INC-8676,2026-08-18T05:47:00Z,MONITORING_ALERT,payment-gateway,Telemetry signal: Monitoring Alert recorded on payment-gateway,WARN
EVT-INC-8676-3,INC-8676,2026-08-18T05:36:00Z,ERROR_SPIKE,payment-gateway,Telemetry signal: Error Spike recorded on payment-gateway,WARN
EVT-INC-8676-4,INC-8676,2026-08-18T05:55:00Z,LATENCY_INCREASE,payment-gateway,Telemetry signal: Latency Increase recorded on payment-gateway,WARN
EVT-INC-8677-1,INC-8677,2026-09-06T10:49:00Z,MONITORING_ALERT,payment-gateway,Telemetry signal: Monitoring Alert recorded on payment-gateway,WARN
EVT-INC-8677-2,INC-8677,2026-09-06T11:01:00Z,ERROR_SPIKE,payment-gateway,Telemetry signal: Error Spike recorded on payment-gateway,WARN
EVT-INC-8677-3,INC-8677,2026-09-06T10:52:00Z,LATENCY_INCREASE,payment-gateway,Telemetry signal: Latency Increase recorded on payment-gateway,WARN
EVT-INC-8678-1,INC-8678,2026-08-16T13:11:00Z,DEPLOYMENT,order-processing,Telemetry signal: Deployment recorded on order-processing,WARN
EVT-INC-8678-2,INC-8678,2026-08-16T12:56:00Z,MONITORING_ALERT,order-processing,Telemetry signal: Monitoring Alert recorded on order-processing,WARN
EVT-INC-8678-3,INC-8678,2026-08-16T13:33:00Z,ERROR_SPIKE,order-processing,Telemetry signal: Error Spike recorded on order-processing,WARN
EVT-INC-8678-4,INC-8678,2026-08-16T13:10:00Z,LATENCY_INCREASE,order-processing,Telemetry signal: Latency Increase recorded on order-processing,WARN
EVT-INC-8678-5,INC-8678,2026-08-16T13:33:00Z,TRAFFIC_SURGE,order-processing,Telemetry signal: Traffic Surge recorded on order-processing,WARN
EVT-INC-8679-1,INC-8679,2026-09-12T12:36:00Z,DEPLOYMENT,checkout-service,Telemetry signal: Deployment recorded on checkout-service,WARN
EVT-INC-8679-2,INC-8679,2026-09-12T12:39:00Z,MONITORING_ALERT,checkout-service,Telemetry signal: Monitoring Alert recorded on checkout-service,WARN
EVT-INC-8679-3,INC-8679,2026-09-12T12:28:00Z,ERROR_SPIKE,checkout-service,Telemetry signal: Error Spike recorded on checkout-service,WARN
EVT-INC-8679-4,INC-8679,2026-09-12T12:43:00Z,LATENCY_INCREASE,checkout-service,Telemetry signal: Latency Increase recorded on checkout-service,WARN
EVT-INC-8680-1,INC-8680,2026-09-25T22:17:00Z,MONITORING_ALERT,search-indexer,Telemetry signal: Monitoring Alert recorded on search-indexer,WARN
EVT-INC-8680-2,INC-8680,2026-09-25T22:17:00Z,ERROR_SPIKE,search-indexer,Telemetry signal: Error Spike recorded on search-indexer,WARN
EVT-INC-8680-3,INC-8680,2026-09-25T22:29:00Z,LATENCY_INCREASE,search-indexer,Telemetry signal: Latency Increase recorded on search-indexer,WARN
EVT-INC-8681-1,INC-8681,2026-09-04T12:49:00Z,DEPLOYMENT,search-indexer,Telemetry signal: Deployment recorded on search-indexer,WARN
EVT-INC-8681-2,INC-8681,2026-09-04T12:34:00Z,MONITORING_ALERT,search-indexer,Telemetry signal: Monitoring Alert recorded on search-indexer,WARN
EVT-INC-8681-3,INC-8681,2026-09-04T12:35:00Z,ERROR_SPIKE,search-indexer,Telemetry signal: Error Spike recorded on search-indexer,WARN
EVT-INC-8681-4,INC-8681,2026-09-04T12:50:00Z,LATENCY_INCREASE,search-indexer,Telemetry signal: Latency Increase recorded on search-indexer,WARN
EVT-INC-8681-5,INC-8681,2026-09-04T13:01:00Z,TRAFFIC_SURGE,search-indexer,Telemetry signal: Traffic Surge recorded on search-indexer,WARN
EVT-INC-8682-1,INC-8682,2026-08-16T05:42:00Z,DEPLOYMENT,auth-service,Telemetry signal: Deployment recorded on auth-service,WARN
EVT-INC-8682-2,INC-8682,2026-08-16T05:32:00Z,MONITORING_ALERT,auth-service,Telemetry signal: Monitoring Alert recorded on auth-service,WARN
EVT-INC-8682-3,INC-8682,2026-08-16T05:32:00Z,ERROR_SPIKE,auth-service,Telemetry signal: Error Spike recorded on auth-service,WARN
EVT-INC-8682-4,INC-8682,2026-08-16T05:48:00Z,LATENCY_INCREASE,auth-service,Telemetry signal: Latency Increase recorded on auth-service,WARN
EVT-INC-8683-1,INC-8683,2026-09-23T22:25:00Z,MONITORING_ALERT,inventory-api,Telemetry signal: Monitoring Alert recorded on inventory-api,WARN
EVT-INC-8683-2,INC-8683,2026-09-23T22:13:00Z,ERROR_SPIKE,inventory-api,Telemetry signal: Error Spike recorded on inventory-api,WARN
EVT-INC-8683-3,INC-8683,2026-09-23T22:25:00Z,LATENCY_INCREASE,inventory-api,Telemetry signal: Latency Increase recorded on inventory-api,WARN
EVT-INC-8684-1,INC-8684,2026-08-19T15:33:00Z,MONITORING_ALERT,notification-worker,Telemetry signal: Monitoring Alert recorded on notification-worker,WARN
EVT-INC-8684-2,INC-8684,2026-08-19T15:55:00Z,ERROR_SPIKE,notification-worker,Telemetry signal: Error Spike recorded on notification-worker,WARN
EVT-INC-8684-3,INC-8684,2026-08-19T16:09:00Z,LATENCY_INCREASE,notification-worker,Telemetry signal: Latency Increase recorded on notification-worker,WARN
EVT-INC-8684-4,INC-8684,2026-08-19T16:17:00Z,TRAFFIC_SURGE,notification-worker,Telemetry signal: Traffic Surge recorded on notification-worker,WARN
EVT-INC-8685-1,INC-8685,2026-09-21T04:09:00Z,DEPLOYMENT,auth-service,Telemetry signal: Deployment recorded on auth-service,WARN
EVT-INC-8685-2,INC-8685,2026-09-21T03:55:00Z,MONITORING_ALERT,auth-service,Telemetry signal: Monitoring Alert recorded on auth-service,WARN
EVT-INC-8685-3,INC-8685,2026-09-21T04:07:00Z,ERROR_SPIKE,auth-service,Telemetry signal: Error Spike recorded on auth-service,WARN
EVT-INC-8685-4,INC-8685,2026-09-21T04:35:00Z,LATENCY_INCREASE,auth-service,Telemetry signal: Latency Increase recorded on auth-service,WARN
EVT-INC-8686-1,INC-8686,2026-09-26T10:03:00Z,DEPLOYMENT,notification-worker,Telemetry signal: Deployment recorded on notification-worker,WARN
EVT-INC-8686-2,INC-8686,2026-09-26T10:37:00Z,MONITORING_ALERT,notification-worker,Telemetry signal: Monitoring Alert recorded on notification-worker,WARN
EVT-INC-8686-3,INC-8686,2026-09-26T11:01:00Z,ERROR_SPIKE,notification-worker,Telemetry signal: Error Spike recorded on notification-worker,WARN
EVT-INC-8686-4,INC-8686,2026-09-26T11:01:00Z,LATENCY_INCREASE,notification-worker,Telemetry signal: Latency Increase recorded on notification-worker,WARN
EVT-INC-8686-5,INC-8686,2026-09-26T11:08:00Z,TRAFFIC_SURGE,notification-worker,Telemetry signal: Traffic Surge recorded on notification-worker,WARN
EVT-INC-8687-1,INC-8687,2026-09-05T01:06:00Z,DEPLOYMENT,inventory-api,Telemetry signal: Deployment recorded on inventory-api,WARN
EVT-INC-8687-2,INC-8687,2026-09-05T01:17:00Z,MONITORING_ALERT,inventory-api,Telemetry signal: Monitoring Alert recorded on inventory-api,WARN
EVT-INC-8687-3,INC-8687,2026-09-05T01:32:00Z,ERROR_SPIKE,inventory-api,Telemetry signal: Error Spike recorded on inventory-api,WARN
EVT-INC-8687-4,INC-8687,2026-09-05T01:36:00Z,LATENCY_INCREASE,inventory-api,Telemetry signal: Latency Increase recorded on inventory-api,WARN
EVT-INC-8688-1,INC-8688,2026-08-22T13:45:00Z,DEPLOYMENT,checkout-service,Telemetry signal: Deployment recorded on checkout-service,WARN
EVT-INC-8688-2,INC-8688,2026-08-22T14:28:00Z,MONITORING_ALERT,checkout-service,Telemetry signal: Monitoring Alert recorded on checkout-service,WARN
EVT-INC-8688-3,INC-8688,2026-08-22T14:09:00Z,ERROR_SPIKE,checkout-service,Telemetry signal: Error Spike recorded on checkout-service,WARN
EVT-INC-8688-4,INC-8688,2026-08-22T14:34:00Z,LATENCY_INCREASE,checkout-service,Telemetry signal: Latency Increase recorded on checkout-service,WARN
EVT-INC-8689-1,INC-8689,2026-08-21T23:45:00Z,MONITORING_ALERT,checkout-service,Telemetry signal: Monitoring Alert recorded on checkout-service,WARN
EVT-INC-8689-2,INC-8689,2026-08-21T23:35:00Z,ERROR_SPIKE,checkout-service,Telemetry signal: Error Spike recorded on checkout-service,WARN
EVT-INC-8689-3,INC-8689,2026-08-21T23:51:00Z,LATENCY_INCREASE,checkout-service,Telemetry signal: Latency Increase recorded on checkout-service,WARN
EVT-INC-8690-1,INC-8690,2026-09-07T11:57:00Z,MONITORING_ALERT,user-profile,Telemetry signal: Monitoring Alert recorded on user-profile,WARN
EVT-INC-8690-2,INC-8690,2026-09-07T11:47:00Z,ERROR_SPIKE,user-profile,Telemetry signal: Error Spike recorded on user-profile,WARN
EVT-INC-8690-3,INC-8690,2026-09-07T11:57:00Z,LATENCY_INCREASE,user-profile,Telemetry signal: Latency Increase recorded on user-profile,WARN
EVT-INC-8691-1,INC-8691,2026-09-11T15:45:00Z,DEPLOYMENT,inventory-api,Telemetry signal: Deployment recorded on inventory-api,WARN
EVT-INC-8691-2,INC-8691,2026-09-11T15:52:00Z,MONITORING_ALERT,inventory-api,Telemetry signal: Monitoring Alert recorded on inventory-api,WARN
EVT-INC-8691-3,INC-8691,2026-09-11T15:49:00Z,ERROR_SPIKE,inventory-api,Telemetry signal: Error Spike recorded on inventory-api,WARN
EVT-INC-8691-4,INC-8691,2026-09-11T15:49:00Z,LATENCY_INCREASE,inventory-api,Telemetry signal: Latency Increase recorded on inventory-api,WARN
EVT-INC-8692-1,INC-8692,2026-08-21T21:57:00Z,DEPLOYMENT,notification-worker,Telemetry signal: Deployment recorded on notification-worker,CRITICAL
EVT-INC-8692-2,INC-8692,2026-08-21T22:07:00Z,MONITORING_ALERT,notification-worker,Telemetry signal: Monitoring Alert recorded on notification-worker,CRITICAL
EVT-INC-8692-3,INC-8692,2026-08-21T22:00:00Z,ERROR_SPIKE,notification-worker,Telemetry signal: Error Spike recorded on notification-worker,CRITICAL
EVT-INC-8692-4,INC-8692,2026-08-21T22:15:00Z,LATENCY_INCREASE,notification-worker,Telemetry signal: Latency Increase recorded on notification-worker,CRITICAL
EVT-INC-8692-5,INC-8692,2026-08-21T22:19:00Z,TRAFFIC_SURGE,notification-worker,Telemetry signal: Traffic Surge recorded on notification-worker,CRITICAL
EVT-INC-8693-1,INC-8693,2026-09-07T15:21:00Z,MONITORING_ALERT,inventory-api,Telemetry signal: Monitoring Alert recorded on inventory-api,WARN
EVT-INC-8693-2,INC-8693,2026-09-07T15:44:00Z,ERROR_SPIKE,inventory-api,Telemetry signal: Error Spike recorded on inventory-api,WARN
EVT-INC-8693-3,INC-8693,2026-09-07T15:40:00Z,LATENCY_INCREASE,inventory-api,Telemetry signal: Latency Increase recorded on inventory-api,WARN
EVT-INC-8694-1,INC-8694,2026-08-26T02:25:00Z,MONITORING_ALERT,order-processing,Telemetry signal: Monitoring Alert recorded on order-processing,WARN
EVT-INC-8694-2,INC-8694,2026-08-26T02:22:00Z,ERROR_SPIKE,order-processing,Telemetry signal: Error Spike recorded on order-processing,WARN
EVT-INC-8694-3,INC-8694,2026-08-26T02:26:00Z,LATENCY_INCREASE,order-processing,Telemetry signal: Latency Increase recorded on order-processing,WARN
EVT-INC-8695-1,INC-8695,2026-09-14T20:47:00Z,MONITORING_ALERT,order-processing,Telemetry signal: Monitoring Alert recorded on order-processing,WARN
EVT-INC-8695-2,INC-8695,2026-09-14T20:20:00Z,ERROR_SPIKE,order-processing,Telemetry signal: Error Spike recorded on order-processing,WARN
EVT-INC-8695-3,INC-8695,2026-09-14T20:41:00Z,LATENCY_INCREASE,order-processing,Telemetry signal: Latency Increase recorded on order-processing,WARN
EVT-INC-8696-1,INC-8696,2026-08-17T17:27:00Z,DEPLOYMENT,user-profile,Telemetry signal: Deployment recorded on user-profile,WARN
EVT-INC-8696-2,INC-8696,2026-08-17T18:01:00Z,MONITORING_ALERT,user-profile,Telemetry signal: Monitoring Alert recorded on user-profile,WARN
EVT-INC-8696-3,INC-8696,2026-08-17T17:49:00Z,ERROR_SPIKE,user-profile,Telemetry signal: Error Spike recorded on user-profile,WARN
EVT-INC-8696-4,INC-8696,2026-08-17T17:54:00Z,LATENCY_INCREASE,user-profile,Telemetry signal: Latency Increase recorded on user-profile,WARN
EVT-INC-8697-1,INC-8697,2026-09-17T18:45:00Z,DEPLOYMENT,auth-service,Telemetry signal: Deployment recorded on auth-service,WARN
EVT-INC-8697-2,INC-8697,2026-09-17T18:43:00Z,MONITORING_ALERT,auth-service,Telemetry signal: Monitoring Alert recorded on auth-service,WARN
EVT-INC-8697-3,INC-8697,2026-09-17T18:48:00Z,ERROR_SPIKE,auth-service,Telemetry signal: Error Spike recorded on auth-service,WARN
EVT-INC-8697-4,INC-8697,2026-09-17T18:49:00Z,LATENCY_INCREASE,auth-service,Telemetry signal: Latency Increase recorded on auth-service,WARN
EVT-INC-8697-5,INC-8697,2026-09-17T19:03:00Z,TRAFFIC_SURGE,auth-service,Telemetry signal: Traffic Surge recorded on auth-service,WARN
EVT-INC-8698-1,INC-8698,2026-08-29T01:41:00Z,DEPLOYMENT,search-indexer,Telemetry signal: Deployment recorded on search-indexer,WARN
EVT-INC-8698-2,INC-8698,2026-08-29T01:47:00Z,MONITORING_ALERT,search-indexer,Telemetry signal: Monitoring Alert recorded on search-indexer,WARN
EVT-INC-8698-3,INC-8698,2026-08-29T01:52:00Z,ERROR_SPIKE,search-indexer,Telemetry signal: Error Spike recorded on search-indexer,WARN
EVT-INC-8698-4,INC-8698,2026-08-29T02:19:00Z,LATENCY_INCREASE,search-indexer,Telemetry signal: Latency Increase recorded on search-indexer,WARN
EVT-INC-8698-5,INC-8698,2026-08-29T02:22:00Z,TRAFFIC_SURGE,search-indexer,Telemetry signal: Traffic Surge recorded on search-indexer,WARN
EVT-INC-8699-1,INC-8699,2026-08-24T22:27:00Z,MONITORING_ALERT,notification-worker,Telemetry signal: Monitoring Alert recorded on notification-worker,WARN
EVT-INC-8699-2,INC-8699,2026-08-24T22:34:00Z,ERROR_SPIKE,notification-worker,Telemetry signal: Error Spike recorded on notification-worker,WARN
EVT-INC-8699-3,INC-8699,2026-08-24T22:40:00Z,LATENCY_INCREASE,notification-worker,Telemetry signal: Latency Increase recorded on notification-worker,WARN
EVT-INC-8700-1,INC-8700,2026-09-16T00:21:00Z,MONITORING_ALERT,payment-gateway,Telemetry signal: Monitoring Alert recorded on payment-gateway,WARN
EVT-INC-8700-2,INC-8700,2026-09-16T00:16:00Z,ERROR_SPIKE,payment-gateway,Telemetry signal: Error Spike recorded on payment-gateway,WARN
EVT-INC-8700-3,INC-8700,2026-09-15T23:55:00Z,LATENCY_INCREASE,payment-gateway,Telemetry signal: Latency Increase recorded on payment-gateway,WARN
EVT-INC-8700-4,INC-8700,2026-09-16T00:10:00Z,TRAFFIC_SURGE,payment-gateway,Telemetry signal: Traffic Surge recorded on payment-gateway,WARN
EVT-INC-8701-1,INC-8701,2026-08-23T14:14:00Z,DEPLOYMENT,notification-worker,Telemetry signal: Deployment recorded on notification-worker,WARN
EVT-INC-8701-2,INC-8701,2026-08-23T15:04:00Z,MONITORING_ALERT,notification-worker,Telemetry signal: Monitoring Alert recorded on notification-worker,WARN
EVT-INC-8701-3,INC-8701,2026-08-23T15:06:00Z,ERROR_SPIKE,notification-worker,Telemetry signal: Error Spike recorded on notification-worker,WARN
EVT-INC-8701-4,INC-8701,2026-08-23T15:07:00Z,LATENCY_INCREASE,notification-worker,Telemetry signal: Latency Increase recorded on notification-worker,WARN
EVT-INC-8702-1,INC-8702,2026-09-12T01:23:00Z,MONITORING_ALERT,auth-service,Telemetry signal: Monitoring Alert recorded on auth-service,WARN
EVT-INC-8702-2,INC-8702,2026-09-12T01:20:00Z,ERROR_SPIKE,auth-service,Telemetry signal: Error Spike recorded on auth-service,WARN
EVT-INC-8702-3,INC-8702,2026-09-12T01:36:00Z,LATENCY_INCREASE,auth-service,Telemetry signal: Latency Increase recorded on auth-service,WARN
EVT-INC-8703-1,INC-8703,2026-08-18T10:21:00Z,DEPLOYMENT,notification-worker,Telemetry signal: Deployment recorded on notification-worker,WARN
EVT-INC-8703-2,INC-8703,2026-08-18T11:03:00Z,MONITORING_ALERT,notification-worker,Telemetry signal: Monitoring Alert recorded on notification-worker,WARN
EVT-INC-8703-3,INC-8703,2026-08-18T10:47:00Z,ERROR_SPIKE,notification-worker,Telemetry signal: Error Spike recorded on notification-worker,WARN
EVT-INC-8703-4,INC-8703,2026-08-18T10:58:00Z,LATENCY_INCREASE,notification-worker,Telemetry signal: Latency Increase recorded on notification-worker,WARN
EVT-INC-8704-1,INC-8704,2026-09-24T09:22:00Z,DEPLOYMENT,search-indexer,Telemetry signal: Deployment recorded on search-indexer,WARN
EVT-INC-8704-2,INC-8704,2026-09-24T09:20:00Z,MONITORING_ALERT,search-indexer,Telemetry signal: Monitoring Alert recorded on search-indexer,WARN
EVT-INC-8704-3,INC-8704,2026-09-24T10:00:00Z,ERROR_SPIKE,search-indexer,Telemetry signal: Error Spike recorded on search-indexer,WARN
EVT-INC-8704-4,INC-8704,2026-09-24T09:44:00Z,LATENCY_INCREASE,search-indexer,Telemetry signal: Latency Increase recorded on search-indexer,WARN
EVT-INC-8704-5,INC-8704,2026-09-24T10:00:00Z,TRAFFIC_SURGE,search-indexer,Telemetry signal: Traffic Surge recorded on search-indexer,WARN
EVT-INC-8705-1,INC-8705,2026-09-18T12:20:00Z,DEPLOYMENT,inventory-api,Telemetry signal: Deployment recorded on inventory-api,WARN
EVT-INC-8705-2,INC-8705,2026-09-18T12:44:00Z,MONITORING_ALERT,inventory-api,Telemetry signal: Monitoring Alert recorded on inventory-api,WARN
EVT-INC-8705-3,INC-8705,2026-09-18T12:45:00Z,ERROR_SPIKE,inventory-api,Telemetry signal: Error Spike recorded on inventory-api,WARN
EVT-INC-8705-4,INC-8705,2026-09-18T12:46:00Z,LATENCY_INCREASE,inventory-api,Telemetry signal: Latency Increase recorded on inventory-api,WARN
EVT-INC-8705-5,INC-8705,2026-09-18T12:49:00Z,TRAFFIC_SURGE,inventory-api,Telemetry signal: Traffic Surge recorded on inventory-api,WARN
EVT-INC-8706-1,INC-8706,2026-09-11T08:59:00Z,DEPLOYMENT,user-profile,Telemetry signal: Deployment recorded on user-profile,CRITICAL
EVT-INC-8706-2,INC-8706,2026-09-11T09:14:00Z,MONITORING_ALERT,user-profile,Telemetry signal: Monitoring Alert recorded on user-profile,CRITICAL
EVT-INC-8706-3,INC-8706,2026-09-11T09:09:00Z,ERROR_SPIKE,user-profile,Telemetry signal: Error Spike recorded on user-profile,CRITICAL
EVT-INC-8706-4,INC-8706,2026-09-11T09:25:00Z,LATENCY_INCREASE,user-profile,Telemetry signal: Latency Increase recorded on user-profile,CRITICAL
EVT-INC-8707-1,INC-8707,2026-09-21T08:07:00Z,DEPLOYMENT,checkout-service,Telemetry signal: Deployment recorded on checkout-service,WARN
EVT-INC-8707-2,INC-8707,2026-09-21T08:26:00Z,MONITORING_ALERT,checkout-service,Telemetry signal: Monitoring Alert recorded on checkout-service,WARN
EVT-INC-8707-3,INC-8707,2026-09-21T08:57:00Z,ERROR_SPIKE,checkout-service,Telemetry signal: Error Spike recorded on checkout-service,WARN
EVT-INC-8707-4,INC-8707,2026-09-21T08:54:00Z,LATENCY_INCREASE,checkout-service,Telemetry signal: Latency Increase recorded on checkout-service,WARN
EVT-INC-8708-1,INC-8708,2026-08-27T01:00:00Z,MONITORING_ALERT,notification-worker,Telemetry signal: Monitoring Alert recorded on notification-worker,WARN
EVT-INC-8708-2,INC-8708,2026-08-27T01:33:00Z,ERROR_SPIKE,notification-worker,Telemetry signal: Error Spike recorded on notification-worker,WARN
EVT-INC-8708-3,INC-8708,2026-08-27T01:35:00Z,LATENCY_INCREASE,notification-worker,Telemetry signal: Latency Increase recorded on notification-worker,WARN
EVT-INC-8709-1,INC-8709,2026-08-29T11:10:00Z,DEPLOYMENT,auth-service,Telemetry signal: Deployment recorded on auth-service,WARN
EVT-INC-8709-2,INC-8709,2026-08-29T11:24:00Z,MONITORING_ALERT,auth-service,Telemetry signal: Monitoring Alert recorded on auth-service,WARN
EVT-INC-8709-3,INC-8709,2026-08-29T11:33:00Z,ERROR_SPIKE,auth-service,Telemetry signal: Error Spike recorded on auth-service,WARN
EVT-INC-8709-4,INC-8709,2026-08-29T11:40:00Z,LATENCY_INCREASE,auth-service,Telemetry signal: Latency Increase recorded on auth-service,WARN
EVT-INC-8709-5,INC-8709,2026-08-29T11:45:00Z,TRAFFIC_SURGE,auth-service,Telemetry signal: Traffic Surge recorded on auth-service,WARN
EVT-INC-8710-1,INC-8710,2026-08-14T21:58:00Z,DEPLOYMENT,inventory-api,Telemetry signal: Deployment recorded on inventory-api,WARN
EVT-INC-8710-2,INC-8710,2026-08-14T22:15:00Z,MONITORING_ALERT,inventory-api,Telemetry signal: Monitoring Alert recorded on inventory-api,WARN
EVT-INC-8710-3,INC-8710,2026-08-14T22:46:00Z,ERROR_SPIKE,inventory-api,Telemetry signal: Error Spike recorded on inventory-api,WARN
EVT-INC-8710-4,INC-8710,2026-08-14T22:51:00Z,LATENCY_INCREASE,inventory-api,Telemetry signal: Latency Increase recorded on inventory-api,WARN
EVT-INC-8711-1,INC-8711,2026-08-20T06:51:00Z,MONITORING_ALERT,search-indexer,Telemetry signal: Monitoring Alert recorded on search-indexer,WARN
EVT-INC-8711-2,INC-8711,2026-08-20T07:17:00Z,ERROR_SPIKE,search-indexer,Telemetry signal: Error Spike recorded on search-indexer,WARN
EVT-INC-8711-3,INC-8711,2026-08-20T06:59:00Z,LATENCY_INCREASE,search-indexer,Telemetry signal: Latency Increase recorded on search-indexer,WARN
EVT-INC-8711-4,INC-8711,2026-08-20T07:18:00Z,TRAFFIC_SURGE,search-indexer,Telemetry signal: Traffic Surge recorded on search-indexer,WARN
EVT-INC-8712-1,INC-8712,2026-08-22T07:52:00Z,MONITORING_ALERT,user-profile,Telemetry signal: Monitoring Alert recorded on user-profile,WARN
EVT-INC-8712-2,INC-8712,2026-08-22T08:19:00Z,ERROR_SPIKE,user-profile,Telemetry signal: Error Spike recorded on user-profile,WARN
EVT-INC-8712-3,INC-8712,2026-08-22T08:24:00Z,LATENCY_INCREASE,user-profile,Telemetry signal: Latency Increase recorded on user-profile,WARN
EVT-INC-8713-1,INC-8713,2026-09-01T09:34:00Z,DEPLOYMENT,payment-gateway,Telemetry signal: Deployment recorded on payment-gateway,CRITICAL
EVT-INC-8713-2,INC-8713,2026-09-01T10:03:00Z,MONITORING_ALERT,payment-gateway,Telemetry signal: Monitoring Alert recorded on payment-gateway,CRITICAL
EVT-INC-8713-3,INC-8713,2026-09-01T10:24:00Z,ERROR_SPIKE,payment-gateway,Telemetry signal: Error Spike recorded on payment-gateway,CRITICAL
EVT-INC-8713-4,INC-8713,2026-09-01T10:23:00Z,LATENCY_INCREASE,payment-gateway,Telemetry signal: Latency Increase recorded on payment-gateway,CRITICAL
EVT-INC-8714-1,INC-8714,2026-09-17T10:18:00Z,MONITORING_ALERT,order-processing,Telemetry signal: Monitoring Alert recorded on order-processing,WARN
EVT-INC-8714-2,INC-8714,2026-09-17T10:43:00Z,ERROR_SPIKE,order-processing,Telemetry signal: Error Spike recorded on order-processing,WARN
EVT-INC-8714-3,INC-8714,2026-09-17T10:32:00Z,LATENCY_INCREASE,order-processing,Telemetry signal: Latency Increase recorded on order-processing,WARN
EVT-INC-8715-1,INC-8715,2026-09-19T05:46:00Z,MONITORING_ALERT,user-profile,Telemetry signal: Monitoring Alert recorded on user-profile,WARN
EVT-INC-8715-2,INC-8715,2026-09-19T05:52:00Z,ERROR_SPIKE,user-profile,Telemetry signal: Error Spike recorded on user-profile,WARN
EVT-INC-8715-3,INC-8715,2026-09-19T06:08:00Z,LATENCY_INCREASE,user-profile,Telemetry signal: Latency Increase recorded on user-profile,WARN
EVT-INC-8715-4,INC-8715,2026-09-19T06:08:00Z,TRAFFIC_SURGE,user-profile,Telemetry signal: Traffic Surge recorded on user-profile,WARN
EVT-INC-8716-1,INC-8716,2026-09-02T17:25:00Z,MONITORING_ALERT,order-processing,Telemetry signal: Monitoring Alert recorded on order-processing,WARN
EVT-INC-8716-2,INC-8716,2026-09-02T17:30:00Z,ERROR_SPIKE,order-processing,Telemetry signal: Error Spike recorded on order-processing,WARN
EVT-INC-8716-3,INC-8716,2026-09-02T17:47:00Z,LATENCY_INCREASE,order-processing,Telemetry signal: Latency Increase recorded on order-processing,WARN
EVT-INC-8717-1,INC-8717,2026-09-19T22:09:00Z,MONITORING_ALERT,order-processing,Telemetry signal: Monitoring Alert recorded on order-processing,CRITICAL
EVT-INC-8717-2,INC-8717,2026-09-19T22:28:00Z,ERROR_SPIKE,order-processing,Telemetry signal: Error Spike recorded on order-processing,CRITICAL
EVT-INC-8717-3,INC-8717,2026-09-19T22:35:00Z,LATENCY_INCREASE,order-processing,Telemetry signal: Latency Increase recorded on order-processing,CRITICAL
EVT-INC-8718-1,INC-8718,2026-09-20T02:13:00Z,MONITORING_ALERT,order-processing,Telemetry signal: Monitoring Alert recorded on order-processing,WARN
EVT-INC-8718-2,INC-8718,2026-09-20T02:14:00Z,ERROR_SPIKE,order-processing,Telemetry signal: Error Spike recorded on order-processing,WARN
EVT-INC-8718-3,INC-8718,2026-09-20T02:14:00Z,LATENCY_INCREASE,order-processing,Telemetry signal: Latency Increase recorded on order-processing,WARN
EVT-INC-8719-1,INC-8719,2026-08-22T08:27:00Z,MONITORING_ALERT,checkout-service,Telemetry signal: Monitoring Alert recorded on checkout-service,WARN
EVT-INC-8719-2,INC-8719,2026-08-22T08:30:00Z,ERROR_SPIKE,checkout-service,Telemetry signal: Error Spike recorded on checkout-service,WARN
EVT-INC-8719-3,INC-8719,2026-08-22T08:44:00Z,LATENCY_INCREASE,checkout-service,Telemetry signal: Latency Increase recorded on checkout-service,WARN
EVT-INC-8720-1,INC-8720,2026-08-14T06:00:00Z,DEPLOYMENT,notification-worker,Telemetry signal: Deployment recorded on notification-worker,WARN
EVT-INC-8720-2,INC-8720,2026-08-14T06:31:00Z,MONITORING_ALERT,notification-worker,Telemetry signal: Monitoring Alert recorded on notification-worker,WARN
EVT-INC-8720-3,INC-8720,2026-08-14T06:10:00Z,ERROR_SPIKE,notification-worker,Telemetry signal: Error Spike recorded on notification-worker,WARN
EVT-INC-8720-4,INC-8720,2026-08-14T06:28:00Z,LATENCY_INCREASE,notification-worker,Telemetry signal: Latency Increase recorded on notification-worker,WARN
EVT-INC-8721-1,INC-8721,2026-08-29T23:51:00Z,MONITORING_ALERT,notification-worker,Telemetry signal: Monitoring Alert recorded on notification-worker,WARN
EVT-INC-8721-2,INC-8721,2026-08-30T00:08:00Z,ERROR_SPIKE,notification-worker,Telemetry signal: Error Spike recorded on notification-worker,WARN
EVT-INC-8721-3,INC-8721,2026-08-30T00:37:00Z,LATENCY_INCREASE,notification-worker,Telemetry signal: Latency Increase recorded on notification-worker,WARN
EVT-INC-8721-4,INC-8721,2026-08-30T00:33:00Z,TRAFFIC_SURGE,notification-worker,Telemetry signal: Traffic Surge recorded on notification-worker,WARN
EVT-INC-8722-1,INC-8722,2026-08-27T02:46:00Z,DEPLOYMENT,inventory-api,Telemetry signal: Deployment recorded on inventory-api,CRITICAL
EVT-INC-8722-2,INC-8722,2026-08-27T02:41:00Z,MONITORING_ALERT,inventory-api,Telemetry signal: Monitoring Alert recorded on inventory-api,CRITICAL
EVT-INC-8722-3,INC-8722,2026-08-27T03:04:00Z,ERROR_SPIKE,inventory-api,Telemetry signal: Error Spike recorded on inventory-api,CRITICAL
EVT-INC-8722-4,INC-8722,2026-08-27T03:12:00Z,LATENCY_INCREASE,inventory-api,Telemetry signal: Latency Increase recorded on inventory-api,CRITICAL
EVT-INC-8723-1,INC-8723,2026-08-27T01:44:00Z,DEPLOYMENT,notification-worker,Telemetry signal: Deployment recorded on notification-worker,WARN
EVT-INC-8723-2,INC-8723,2026-08-27T02:24:00Z,MONITORING_ALERT,notification-worker,Telemetry signal: Monitoring Alert recorded on notification-worker,WARN
EVT-INC-8723-3,INC-8723,2026-08-27T02:24:00Z,ERROR_SPIKE,notification-worker,Telemetry signal: Error Spike recorded on notification-worker,WARN
EVT-INC-8723-4,INC-8723,2026-08-27T02:26:00Z,LATENCY_INCREASE,notification-worker,Telemetry signal: Latency Increase recorded on notification-worker,WARN
EVT-INC-8724-1,INC-8724,2026-08-21T14:49:00Z,DEPLOYMENT,search-indexer,Telemetry signal: Deployment recorded on search-indexer,WARN
EVT-INC-8724-2,INC-8724,2026-08-21T14:10:00Z,MONITORING_ALERT,search-indexer,Telemetry signal: Monitoring Alert recorded on search-indexer,WARN
EVT-INC-8724-3,INC-8724,2026-08-21T14:36:00Z,ERROR_SPIKE,search-indexer,Telemetry signal: Error Spike recorded on search-indexer,WARN
EVT-INC-8724-4,INC-8724,2026-08-21T14:50:00Z,LATENCY_INCREASE,search-indexer,Telemetry signal: Latency Increase recorded on search-indexer,WARN
EVT-INC-8724-5,INC-8724,2026-08-21T14:49:00Z,TRAFFIC_SURGE,search-indexer,Telemetry signal: Traffic Surge recorded on search-indexer,WARN
EVT-INC-8725-1,INC-8725,2026-09-14T22:07:00Z,DEPLOYMENT,search-indexer,Telemetry signal: Deployment recorded on search-indexer,WARN
EVT-INC-8725-2,INC-8725,2026-09-14T22:33:00Z,MONITORING_ALERT,search-indexer,Telemetry signal: Monitoring Alert recorded on search-indexer,WARN
EVT-INC-8725-3,INC-8725,2026-09-14T22:27:00Z,ERROR_SPIKE,search-indexer,Telemetry signal: Error Spike recorded on search-indexer,WARN
EVT-INC-8725-4,INC-8725,2026-09-14T22:44:00Z,LATENCY_INCREASE,search-indexer,Telemetry signal: Latency Increase recorded on search-indexer,WARN
EVT-INC-8726-1,INC-8726,2026-08-23T19:08:00Z,DEPLOYMENT,user-profile,Telemetry signal: Deployment recorded on user-profile,WARN
EVT-INC-8726-2,INC-8726,2026-08-23T18:58:00Z,MONITORING_ALERT,user-profile,Telemetry signal: Monitoring Alert recorded on user-profile,WARN
EVT-INC-8726-3,INC-8726,2026-08-23T19:14:00Z,ERROR_SPIKE,user-profile,Telemetry signal: Error Spike recorded on user-profile,WARN
EVT-INC-8726-4,INC-8726,2026-08-23T19:16:00Z,LATENCY_INCREASE,user-profile,Telemetry signal: Latency Increase recorded on user-profile,WARN
EVT-INC-8726-5,INC-8726,2026-08-23T19:35:00Z,TRAFFIC_SURGE,user-profile,Telemetry signal: Traffic Surge recorded on user-profile,WARN
EVT-INC-8727-1,INC-8727,2026-08-20T18:45:00Z,MONITORING_ALERT,search-indexer,Telemetry signal: Monitoring Alert recorded on search-indexer,WARN
EVT-INC-8727-2,INC-8727,2026-08-20T19:12:00Z,ERROR_SPIKE,search-indexer,Telemetry signal: Error Spike recorded on search-indexer,WARN
EVT-INC-8727-3,INC-8727,2026-08-20T19:18:00Z,LATENCY_INCREASE,search-indexer,Telemetry signal: Latency Increase recorded on search-indexer,WARN
EVT-INC-8728-1,INC-8728,2026-09-22T07:42:00Z,DEPLOYMENT,inventory-api,Telemetry signal: Deployment recorded on inventory-api,WARN
EVT-INC-8728-2,INC-8728,2026-09-22T08:04:00Z,MONITORING_ALERT,inventory-api,Telemetry signal: Monitoring Alert recorded on inventory-api,WARN
EVT-INC-8728-3,INC-8728,2026-09-22T08:10:00Z,ERROR_SPIKE,inventory-api,Telemetry signal: Error Spike recorded on inventory-api,WARN
EVT-INC-8728-4,INC-8728,2026-09-22T08:22:00Z,LATENCY_INCREASE,inventory-api,Telemetry signal: Latency Increase recorded on inventory-api,WARN
EVT-INC-8728-5,INC-8728,2026-09-22T08:37:00Z,TRAFFIC_SURGE,inventory-api,Telemetry signal: Traffic Surge recorded on inventory-api,WARN
EVT-INC-8729-1,INC-8729,2026-09-15T06:18:00Z,DEPLOYMENT,inventory-api,Telemetry signal: Deployment recorded on inventory-api,WARN
EVT-INC-8729-2,INC-8729,2026-09-15T06:58:00Z,MONITORING_ALERT,inventory-api,Telemetry signal: Monitoring Alert recorded on inventory-api,WARN
EVT-INC-8729-3,INC-8729,2026-09-15T07:04:00Z,ERROR_SPIKE,inventory-api,Telemetry signal: Error Spike recorded on inventory-api,WARN
EVT-INC-8729-4,INC-8729,2026-09-15T07:09:00Z,LATENCY_INCREASE,inventory-api,Telemetry signal: Latency Increase recorded on inventory-api,WARN
EVT-INC-8730-1,INC-8730,2026-09-01T08:52:00Z,DEPLOYMENT,inventory-api,Telemetry signal: Deployment recorded on inventory-api,WARN
EVT-INC-8730-2,INC-8730,2026-09-01T09:01:00Z,MONITORING_ALERT,inventory-api,Telemetry signal: Monitoring Alert recorded on inventory-api,WARN
EVT-INC-8730-3,INC-8730,2026-09-01T09:28:00Z,ERROR_SPIKE,inventory-api,Telemetry signal: Error Spike recorded on inventory-api,WARN
EVT-INC-8730-4,INC-8730,2026-09-01T09:27:00Z,LATENCY_INCREASE,inventory-api,Telemetry signal: Latency Increase recorded on inventory-api,WARN
EVT-INC-8731-1,INC-8731,2026-09-20T08:15:00Z,MONITORING_ALERT,inventory-api,Telemetry signal: Monitoring Alert recorded on inventory-api,WARN
EVT-INC-8731-2,INC-8731,2026-09-20T08:33:00Z,ERROR_SPIKE,inventory-api,Telemetry signal: Error Spike recorded on inventory-api,WARN
EVT-INC-8731-3,INC-8731,2026-09-20T08:47:00Z,LATENCY_INCREASE,inventory-api,Telemetry signal: Latency Increase recorded on inventory-api,WARN
EVT-INC-8731-4,INC-8731,2026-09-20T08:38:00Z,TRAFFIC_SURGE,inventory-api,Telemetry signal: Traffic Surge recorded on inventory-api,WARN
EVT-INC-8732-1,INC-8732,2026-09-16T06:32:00Z,MONITORING_ALERT,order-processing,Telemetry signal: Monitoring Alert recorded on order-processing,WARN
EVT-INC-8732-2,INC-8732,2026-09-16T06:44:00Z,ERROR_SPIKE,order-processing,Telemetry signal: Error Spike recorded on order-processing,WARN
EVT-INC-8732-3,INC-8732,2026-09-16T06:50:00Z,LATENCY_INCREASE,order-processing,Telemetry signal: Latency Increase recorded on order-processing,WARN
EVT-INC-8732-4,INC-8732,2026-09-16T06:57:00Z,TRAFFIC_SURGE,order-processing,Telemetry signal: Traffic Surge recorded on order-processing,WARN
EVT-INC-8733-1,INC-8733,2026-09-10T07:55:00Z,MONITORING_ALERT,payment-gateway,Telemetry signal: Monitoring Alert recorded on payment-gateway,WARN
EVT-INC-8733-2,INC-8733,2026-09-10T08:15:00Z,ERROR_SPIKE,payment-gateway,Telemetry signal: Error Spike recorded on payment-gateway,WARN
EVT-INC-8733-3,INC-8733,2026-09-10T08:29:00Z,LATENCY_INCREASE,payment-gateway,Telemetry signal: Latency Increase recorded on payment-gateway,WARN
EVT-INC-8733-4,INC-8733,2026-09-10T08:30:00Z,TRAFFIC_SURGE,payment-gateway,Telemetry signal: Traffic Surge recorded on payment-gateway,WARN
EVT-INC-8734-1,INC-8734,2026-08-26T11:04:00Z,MONITORING_ALERT,inventory-api,Telemetry signal: Monitoring Alert recorded on inventory-api,WARN
EVT-INC-8734-2,INC-8734,2026-08-26T11:30:00Z,ERROR_SPIKE,inventory-api,Telemetry signal: Error Spike recorded on inventory-api,WARN
EVT-INC-8734-3,INC-8734,2026-08-26T11:21:00Z,LATENCY_INCREASE,inventory-api,Telemetry signal: Latency Increase recorded on inventory-api,WARN
EVT-INC-8735-1,INC-8735,2026-08-30T02:36:00Z,MONITORING_ALERT,auth-service,Telemetry signal: Monitoring Alert recorded on auth-service,WARN
EVT-INC-8735-2,INC-8735,2026-08-30T02:23:00Z,ERROR_SPIKE,auth-service,Telemetry signal: Error Spike recorded on auth-service,WARN
EVT-INC-8735-3,INC-8735,2026-08-30T02:24:00Z,LATENCY_INCREASE,auth-service,Telemetry signal: Latency Increase recorded on auth-service,WARN
EVT-INC-8735-4,INC-8735,2026-08-30T02:32:00Z,TRAFFIC_SURGE,auth-service,Telemetry signal: Traffic Surge recorded on auth-service,WARN
EVT-INC-8736-1,INC-8736,2026-09-10T20:31:00Z,MONITORING_ALERT,search-indexer,Telemetry signal: Monitoring Alert recorded on search-indexer,WARN
EVT-INC-8736-2,INC-8736,2026-09-10T20:35:00Z,ERROR_SPIKE,search-indexer,Telemetry signal: Error Spike recorded on search-indexer,WARN
EVT-INC-8736-3,INC-8736,2026-09-10T20:35:00Z,LATENCY_INCREASE,search-indexer,Telemetry signal: Latency Increase recorded on search-indexer,WARN
EVT-INC-8736-4,INC-8736,2026-09-10T20:36:00Z,TRAFFIC_SURGE,search-indexer,Telemetry signal: Traffic Surge recorded on search-indexer,WARN
EVT-INC-8737-1,INC-8737,2026-09-23T17:11:00Z,MONITORING_ALERT,auth-service,Telemetry signal: Monitoring Alert recorded on auth-service,WARN
EVT-INC-8737-2,INC-8737,2026-09-23T17:02:00Z,ERROR_SPIKE,auth-service,Telemetry signal: Error Spike recorded on auth-service,WARN
EVT-INC-8737-3,INC-8737,2026-09-23T17:07:00Z,LATENCY_INCREASE,auth-service,Telemetry signal: Latency Increase recorded on auth-service,WARN
EVT-INC-8738-1,INC-8738,2026-08-28T11:51:00Z,MONITORING_ALERT,inventory-api,Telemetry signal: Monitoring Alert recorded on inventory-api,WARN
EVT-INC-8738-2,INC-8738,2026-08-28T12:11:00Z,ERROR_SPIKE,inventory-api,Telemetry signal: Error Spike recorded on inventory-api,WARN
EVT-INC-8738-3,INC-8738,2026-08-28T12:18:00Z,LATENCY_INCREASE,inventory-api,Telemetry signal: Latency Increase recorded on inventory-api,WARN
EVT-INC-8739-1,INC-8739,2026-09-18T09:41:00Z,MONITORING_ALERT,checkout-service,Telemetry signal: Monitoring Alert recorded on checkout-service,WARN
EVT-INC-8739-2,INC-8739,2026-09-18T09:23:00Z,ERROR_SPIKE,checkout-service,Telemetry signal: Error Spike recorded on checkout-service,WARN
EVT-INC-8739-3,INC-8739,2026-09-18T09:35:00Z,LATENCY_INCREASE,checkout-service,Telemetry signal: Latency Increase recorded on checkout-service,WARN
EVT-INC-8739-4,INC-8739,2026-09-18T09:50:00Z,TRAFFIC_SURGE,checkout-service,Telemetry signal: Traffic Surge recorded on checkout-service,WARN
EVT-INC-8740-1,INC-8740,2026-08-14T18:43:00Z,MONITORING_ALERT,auth-service,Telemetry signal: Monitoring Alert recorded on auth-service,WARN
EVT-INC-8740-2,INC-8740,2026-08-14T19:09:00Z,ERROR_SPIKE,auth-service,Telemetry signal: Error Spike recorded on auth-service,WARN
EVT-INC-8740-3,INC-8740,2026-08-14T19:21:00Z,LATENCY_INCREASE,auth-service,Telemetry signal: Latency Increase recorded on auth-service,WARN
EVT-INC-8741-1,INC-8741,2026-08-25T06:20:00Z,MONITORING_ALERT,search-indexer,Telemetry signal: Monitoring Alert recorded on search-indexer,WARN
EVT-INC-8741-2,INC-8741,2026-08-25T06:26:00Z,ERROR_SPIKE,search-indexer,Telemetry signal: Error Spike recorded on search-indexer,WARN
EVT-INC-8741-3,INC-8741,2026-08-25T06:41:00Z,LATENCY_INCREASE,search-indexer,Telemetry signal: Latency Increase recorded on search-indexer,WARN
EVT-INC-8742-1,INC-8742,2026-09-20T07:07:00Z,DEPLOYMENT,search-indexer,Telemetry signal: Deployment recorded on search-indexer,WARN
EVT-INC-8742-2,INC-8742,2026-09-20T07:39:00Z,MONITORING_ALERT,search-indexer,Telemetry signal: Monitoring Alert recorded on search-indexer,WARN
EVT-INC-8742-3,INC-8742,2026-09-20T07:29:00Z,ERROR_SPIKE,search-indexer,Telemetry signal: Error Spike recorded on search-indexer,WARN
EVT-INC-8742-4,INC-8742,2026-09-20T07:29:00Z,LATENCY_INCREASE,search-indexer,Telemetry signal: Latency Increase recorded on search-indexer,WARN
EVT-INC-8742-5,INC-8742,2026-09-20T07:39:00Z,TRAFFIC_SURGE,search-indexer,Telemetry signal: Traffic Surge recorded on search-indexer,WARN
EVT-INC-8743-1,INC-8743,2026-09-12T11:42:00Z,DEPLOYMENT,search-indexer,Telemetry signal: Deployment recorded on search-indexer,WARN
EVT-INC-8743-2,INC-8743,2026-09-12T12:15:00Z,MONITORING_ALERT,search-indexer,Telemetry signal: Monitoring Alert recorded on search-indexer,WARN
EVT-INC-8743-3,INC-8743,2026-09-12T11:50:00Z,ERROR_SPIKE,search-indexer,Telemetry signal: Error Spike recorded on search-indexer,WARN
EVT-INC-8743-4,INC-8743,2026-09-12T12:04:00Z,LATENCY_INCREASE,search-indexer,Telemetry signal: Latency Increase recorded on search-indexer,WARN
EVT-INC-8744-1,INC-8744,2026-09-16T16:56:00Z,DEPLOYMENT,search-indexer,Telemetry signal: Deployment recorded on search-indexer,WARN
EVT-INC-8744-2,INC-8744,2026-09-16T17:16:00Z,MONITORING_ALERT,search-indexer,Telemetry signal: Monitoring Alert recorded on search-indexer,WARN
EVT-INC-8744-3,INC-8744,2026-09-16T17:08:00Z,ERROR_SPIKE,search-indexer,Telemetry signal: Error Spike recorded on search-indexer,WARN
EVT-INC-8744-4,INC-8744,2026-09-16T17:17:00Z,LATENCY_INCREASE,search-indexer,Telemetry signal: Latency Increase recorded on search-indexer,WARN
EVT-INC-8745-1,INC-8745,2026-09-21T04:18:00Z,DEPLOYMENT,payment-gateway,Telemetry signal: Deployment recorded on payment-gateway,WARN
EVT-INC-8745-2,INC-8745,2026-09-21T03:57:00Z,MONITORING_ALERT,payment-gateway,Telemetry signal: Monitoring Alert recorded on payment-gateway,WARN
EVT-INC-8745-3,INC-8745,2026-09-21T04:14:00Z,ERROR_SPIKE,payment-gateway,Telemetry signal: Error Spike recorded on payment-gateway,WARN
EVT-INC-8745-4,INC-8745,2026-09-21T04:35:00Z,LATENCY_INCREASE,payment-gateway,Telemetry signal: Latency Increase recorded on payment-gateway,WARN
EVT-INC-8746-1,INC-8746,2026-08-26T12:31:00Z,MONITORING_ALERT,payment-gateway,Telemetry signal: Monitoring Alert recorded on payment-gateway,WARN
EVT-INC-8746-2,INC-8746,2026-08-26T12:14:00Z,ERROR_SPIKE,payment-gateway,Telemetry signal: Error Spike recorded on payment-gateway,WARN
EVT-INC-8746-3,INC-8746,2026-08-26T12:07:00Z,LATENCY_INCREASE,payment-gateway,Telemetry signal: Latency Increase recorded on payment-gateway,WARN
EVT-INC-8746-4,INC-8746,2026-08-26T12:28:00Z,TRAFFIC_SURGE,payment-gateway,Telemetry signal: Traffic Surge recorded on payment-gateway,WARN
EVT-INC-8747-1,INC-8747,2026-09-24T13:21:00Z,MONITORING_ALERT,search-indexer,Telemetry signal: Monitoring Alert recorded on search-indexer,WARN
EVT-INC-8747-2,INC-8747,2026-09-24T13:40:00Z,ERROR_SPIKE,search-indexer,Telemetry signal: Error Spike recorded on search-indexer,WARN
EVT-INC-8747-3,INC-8747,2026-09-24T13:58:00Z,LATENCY_INCREASE,search-indexer,Telemetry signal: Latency Increase recorded on search-indexer,WARN
EVT-INC-8748-1,INC-8748,2026-08-15T02:37:00Z,MONITORING_ALERT,auth-service,Telemetry signal: Monitoring Alert recorded on auth-service,WARN
EVT-INC-8748-2,INC-8748,2026-08-15T03:12:00Z,ERROR_SPIKE,auth-service,Telemetry signal: Error Spike recorded on auth-service,WARN
EVT-INC-8748-3,INC-8748,2026-08-15T03:09:00Z,LATENCY_INCREASE,auth-service,Telemetry signal: Latency Increase recorded on auth-service,WARN
EVT-INC-8749-1,INC-8749,2026-09-04T16:30:00Z,MONITORING_ALERT,order-processing,Telemetry signal: Monitoring Alert recorded on order-processing,CRITICAL
EVT-INC-8749-2,INC-8749,2026-09-04T16:25:00Z,ERROR_SPIKE,order-processing,Telemetry signal: Error Spike recorded on order-processing,CRITICAL
EVT-INC-8749-3,INC-8749,2026-09-04T16:26:00Z,LATENCY_INCREASE,order-processing,Telemetry signal: Latency Increase recorded on order-processing,CRITICAL
EVT-INC-8749-4,INC-8749,2026-09-04T16:40:00Z,TRAFFIC_SURGE,order-processing,Telemetry signal: Traffic Surge recorded on order-processing,CRITICAL
EVT-INC-8750-1,INC-8750,2026-08-27T07:34:00Z,MONITORING_ALERT,notification-worker,Telemetry signal: Monitoring Alert recorded on notification-worker,WARN
EVT-INC-8750-2,INC-8750,2026-08-27T07:31:00Z,ERROR_SPIKE,notification-worker,Telemetry signal: Error Spike recorded on notification-worker,WARN
EVT-INC-8750-3,INC-8750,2026-08-27T07:29:00Z,LATENCY_INCREASE,notification-worker,Telemetry signal: Latency Increase recorded on notification-worker,WARN
EVT-INC-8751-1,INC-8751,2026-09-19T11:32:00Z,DEPLOYMENT,inventory-api,Telemetry signal: Deployment recorded on inventory-api,CRITICAL
EVT-INC-8751-2,INC-8751,2026-09-19T12:00:00Z,MONITORING_ALERT,inventory-api,Telemetry signal: Monitoring Alert recorded on inventory-api,CRITICAL
EVT-INC-8751-3,INC-8751,2026-09-19T12:29:00Z,ERROR_SPIKE,inventory-api,Telemetry signal: Error Spike recorded on inventory-api,CRITICAL
EVT-INC-8751-4,INC-8751,2026-09-19T12:04:00Z,LATENCY_INCREASE,inventory-api,Telemetry signal: Latency Increase recorded on inventory-api,CRITICAL
EVT-INC-8751-5,INC-8751,2026-09-19T12:24:00Z,TRAFFIC_SURGE,inventory-api,Telemetry signal: Traffic Surge recorded on inventory-api,CRITICAL
EVT-INC-8752-1,INC-8752,2026-09-12T00:34:00Z,DEPLOYMENT,auth-service,Telemetry signal: Deployment recorded on auth-service,WARN
EVT-INC-8752-2,INC-8752,2026-09-12T00:50:00Z,MONITORING_ALERT,auth-service,Telemetry signal: Monitoring Alert recorded on auth-service,WARN
EVT-INC-8752-3,INC-8752,2026-09-12T00:33:00Z,ERROR_SPIKE,auth-service,Telemetry signal: Error Spike recorded on auth-service,WARN
EVT-INC-8752-4,INC-8752,2026-09-12T00:52:00Z,LATENCY_INCREASE,auth-service,Telemetry signal: Latency Increase recorded on auth-service,WARN
EVT-INC-8752-5,INC-8752,2026-09-12T00:44:00Z,TRAFFIC_SURGE,auth-service,Telemetry signal: Traffic Surge recorded on auth-service,WARN
EVT-INC-8753-1,INC-8753,2026-09-24T20:39:00Z,DEPLOYMENT,payment-gateway,Telemetry signal: Deployment recorded on payment-gateway,WARN
EVT-INC-8753-2,INC-8753,2026-09-24T20:19:00Z,MONITORING_ALERT,payment-gateway,Telemetry signal: Monitoring Alert recorded on payment-gateway,WARN
EVT-INC-8753-3,INC-8753,2026-09-24T20:43:00Z,ERROR_SPIKE,payment-gateway,Telemetry signal: Error Spike recorded on payment-gateway,WARN
EVT-INC-8753-4,INC-8753,2026-09-24T21:11:00Z,LATENCY_INCREASE,payment-gateway,Telemetry signal: Latency Increase recorded on payment-gateway,WARN
EVT-INC-8753-5,INC-8753,2026-09-24T21:08:00Z,TRAFFIC_SURGE,payment-gateway,Telemetry signal: Traffic Surge recorded on payment-gateway,WARN
EVT-INC-8754-1,INC-8754,2026-09-05T19:35:00Z,MONITORING_ALERT,notification-worker,Telemetry signal: Monitoring Alert recorded on notification-worker,WARN
EVT-INC-8754-2,INC-8754,2026-09-05T19:24:00Z,ERROR_SPIKE,notification-worker,Telemetry signal: Error Spike recorded on notification-worker,WARN
EVT-INC-8754-3,INC-8754,2026-09-05T19:25:00Z,LATENCY_INCREASE,notification-worker,Telemetry signal: Latency Increase recorded on notification-worker,WARN
EVT-INC-8755-1,INC-8755,2026-09-01T19:33:00Z,MONITORING_ALERT,inventory-api,Telemetry signal: Monitoring Alert recorded on inventory-api,WARN
EVT-INC-8755-2,INC-8755,2026-09-01T20:04:00Z,ERROR_SPIKE,inventory-api,Telemetry signal: Error Spike recorded on inventory-api,WARN
EVT-INC-8755-3,INC-8755,2026-09-01T20:10:00Z,LATENCY_INCREASE,inventory-api,Telemetry signal: Latency Increase recorded on inventory-api,WARN
EVT-INC-8756-1,INC-8756,2026-09-11T14:50:00Z,DEPLOYMENT,notification-worker,Telemetry signal: Deployment recorded on notification-worker,WARN
EVT-INC-8756-2,INC-8756,2026-09-11T15:24:00Z,MONITORING_ALERT,notification-worker,Telemetry signal: Monitoring Alert recorded on notification-worker,WARN
EVT-INC-8756-3,INC-8756,2026-09-11T14:58:00Z,ERROR_SPIKE,notification-worker,Telemetry signal: Error Spike recorded on notification-worker,WARN
EVT-INC-8756-4,INC-8756,2026-09-11T15:16:00Z,LATENCY_INCREASE,notification-worker,Telemetry signal: Latency Increase recorded on notification-worker,WARN
EVT-INC-8756-5,INC-8756,2026-09-11T15:29:00Z,TRAFFIC_SURGE,notification-worker,Telemetry signal: Traffic Surge recorded on notification-worker,WARN
EVT-INC-8757-1,INC-8757,2026-09-05T00:53:00Z,DEPLOYMENT,user-profile,Telemetry signal: Deployment recorded on user-profile,CRITICAL
EVT-INC-8757-2,INC-8757,2026-09-05T01:56:00Z,MONITORING_ALERT,user-profile,Telemetry signal: Monitoring Alert recorded on user-profile,CRITICAL
EVT-INC-8757-3,INC-8757,2026-09-05T01:35:00Z,ERROR_SPIKE,user-profile,Telemetry signal: Error Spike recorded on user-profile,CRITICAL
EVT-INC-8757-4,INC-8757,2026-09-05T01:54:00Z,LATENCY_INCREASE,user-profile,Telemetry signal: Latency Increase recorded on user-profile,CRITICAL
EVT-INC-8757-5,INC-8757,2026-09-05T01:53:00Z,TRAFFIC_SURGE,user-profile,Telemetry signal: Traffic Surge recorded on user-profile,CRITICAL
EVT-INC-8758-1,INC-8758,2026-09-08T21:19:00Z,DEPLOYMENT,search-indexer,Telemetry signal: Deployment recorded on search-indexer,WARN
EVT-INC-8758-2,INC-8758,2026-09-08T22:02:00Z,MONITORING_ALERT,search-indexer,Telemetry signal: Monitoring Alert recorded on search-indexer,WARN
EVT-INC-8758-3,INC-8758,2026-09-08T21:49:00Z,ERROR_SPIKE,search-indexer,Telemetry signal: Error Spike recorded on search-indexer,WARN
EVT-INC-8758-4,INC-8758,2026-09-08T22:04:00Z,LATENCY_INCREASE,search-indexer,Telemetry signal: Latency Increase recorded on search-indexer,WARN
EVT-INC-8759-1,INC-8759,2026-08-22T18:28:00Z,MONITORING_ALERT,order-processing,Telemetry signal: Monitoring Alert recorded on order-processing,WARN
EVT-INC-8759-2,INC-8759,2026-08-22T18:18:00Z,ERROR_SPIKE,order-processing,Telemetry signal: Error Spike recorded on order-processing,WARN
EVT-INC-8759-3,INC-8759,2026-08-22T18:44:00Z,LATENCY_INCREASE,order-processing,Telemetry signal: Latency Increase recorded on order-processing,WARN
EVT-INC-8760-1,INC-8760,2026-09-12T11:29:00Z,DEPLOYMENT,user-profile,Telemetry signal: Deployment recorded on user-profile,CRITICAL
EVT-INC-8760-2,INC-8760,2026-09-12T11:34:00Z,MONITORING_ALERT,user-profile,Telemetry signal: Monitoring Alert recorded on user-profile,CRITICAL
EVT-INC-8760-3,INC-8760,2026-09-12T11:45:00Z,ERROR_SPIKE,user-profile,Telemetry signal: Error Spike recorded on user-profile,CRITICAL
EVT-INC-8760-4,INC-8760,2026-09-12T11:36:00Z,LATENCY_INCREASE,user-profile,Telemetry signal: Latency Increase recorded on user-profile,CRITICAL
EVT-INC-8761-1,INC-8761,2026-09-19T06:40:00Z,DEPLOYMENT,checkout-service,Telemetry signal: Deployment recorded on checkout-service,CRITICAL
EVT-INC-8761-2,INC-8761,2026-09-19T06:07:00Z,MONITORING_ALERT,checkout-service,Telemetry signal: Monitoring Alert recorded on checkout-service,CRITICAL
EVT-INC-8761-3,INC-8761,2026-09-19T06:36:00Z,ERROR_SPIKE,checkout-service,Telemetry signal: Error Spike recorded on checkout-service,CRITICAL
EVT-INC-8761-4,INC-8761,2026-09-19T06:50:00Z,LATENCY_INCREASE,checkout-service,Telemetry signal: Latency Increase recorded on checkout-service,CRITICAL
EVT-INC-8762-1,INC-8762,2026-09-18T17:28:00Z,MONITORING_ALERT,payment-gateway,Telemetry signal: Monitoring Alert recorded on payment-gateway,WARN
EVT-INC-8762-2,INC-8762,2026-09-18T17:04:00Z,ERROR_SPIKE,payment-gateway,Telemetry signal: Error Spike recorded on payment-gateway,WARN
EVT-INC-8762-3,INC-8762,2026-09-18T17:28:00Z,LATENCY_INCREASE,payment-gateway,Telemetry signal: Latency Increase recorded on payment-gateway,WARN
EVT-INC-8763-1,INC-8763,2026-09-21T10:24:00Z,MONITORING_ALERT,auth-service,Telemetry signal: Monitoring Alert recorded on auth-service,WARN
EVT-INC-8763-2,INC-8763,2026-09-21T10:21:00Z,ERROR_SPIKE,auth-service,Telemetry signal: Error Spike recorded on auth-service,WARN
EVT-INC-8763-3,INC-8763,2026-09-21T10:19:00Z,LATENCY_INCREASE,auth-service,Telemetry signal: Latency Increase recorded on auth-service,WARN
EVT-INC-8764-1,INC-8764,2026-09-18T20:37:00Z,DEPLOYMENT,inventory-api,Telemetry signal: Deployment recorded on inventory-api,WARN
EVT-INC-8764-2,INC-8764,2026-09-18T20:56:00Z,MONITORING_ALERT,inventory-api,Telemetry signal: Monitoring Alert recorded on inventory-api,WARN
EVT-INC-8764-3,INC-8764,2026-09-18T21:13:00Z,ERROR_SPIKE,inventory-api,Telemetry signal: Error Spike recorded on inventory-api,WARN
EVT-INC-8764-4,INC-8764,2026-09-18T21:18:00Z,LATENCY_INCREASE,inventory-api,Telemetry signal: Latency Increase recorded on inventory-api,WARN
EVT-INC-8765-1,INC-8765,2026-09-25T23:45:00Z,MONITORING_ALERT,auth-service,Telemetry signal: Monitoring Alert recorded on auth-service,WARN
EVT-INC-8765-2,INC-8765,2026-09-25T23:52:00Z,ERROR_SPIKE,auth-service,Telemetry signal: Error Spike recorded on auth-service,WARN
EVT-INC-8765-3,INC-8765,2026-09-26T00:05:00Z,LATENCY_INCREASE,auth-service,Telemetry signal: Latency Increase recorded on auth-service,WARN
EVT-INC-8766-1,INC-8766,2026-08-21T19:09:00Z,MONITORING_ALERT,inventory-api,Telemetry signal: Monitoring Alert recorded on inventory-api,WARN
EVT-INC-8766-2,INC-8766,2026-08-21T18:38:00Z,ERROR_SPIKE,inventory-api,Telemetry signal: Error Spike recorded on inventory-api,WARN
EVT-INC-8766-3,INC-8766,2026-08-21T18:55:00Z,LATENCY_INCREASE,inventory-api,Telemetry signal: Latency Increase recorded on inventory-api,WARN
EVT-INC-8766-4,INC-8766,2026-08-21T19:02:00Z,TRAFFIC_SURGE,inventory-api,Telemetry signal: Traffic Surge recorded on inventory-api,WARN
EVT-INC-8767-1,INC-8767,2026-09-21T14:47:00Z,MONITORING_ALERT,user-profile,Telemetry signal: Monitoring Alert recorded on user-profile,WARN
EVT-INC-8767-2,INC-8767,2026-09-21T14:26:00Z,ERROR_SPIKE,user-profile,Telemetry signal: Error Spike recorded on user-profile,WARN
EVT-INC-8767-3,INC-8767,2026-09-21T14:49:00Z,LATENCY_INCREASE,user-profile,Telemetry signal: Latency Increase recorded on user-profile,WARN
EVT-INC-8768-1,INC-8768,2026-09-05T11:41:00Z,DEPLOYMENT,user-profile,Telemetry signal: Deployment recorded on user-profile,WARN
EVT-INC-8768-2,INC-8768,2026-09-05T12:23:00Z,MONITORING_ALERT,user-profile,Telemetry signal: Monitoring Alert recorded on user-profile,WARN
EVT-INC-8768-3,INC-8768,2026-09-05T12:27:00Z,ERROR_SPIKE,user-profile,Telemetry signal: Error Spike recorded on user-profile,WARN
EVT-INC-8768-4,INC-8768,2026-09-05T12:22:00Z,LATENCY_INCREASE,user-profile,Telemetry signal: Latency Increase recorded on user-profile,WARN
EVT-INC-8769-1,INC-8769,2026-08-28T23:48:00Z,DEPLOYMENT,order-processing,Telemetry signal: Deployment recorded on order-processing,WARN
EVT-INC-8769-2,INC-8769,2026-08-29T00:03:00Z,MONITORING_ALERT,order-processing,Telemetry signal: Monitoring Alert recorded on order-processing,WARN
EVT-INC-8769-3,INC-8769,2026-08-29T00:16:00Z,ERROR_SPIKE,order-processing,Telemetry signal: Error Spike recorded on order-processing,WARN
EVT-INC-8769-4,INC-8769,2026-08-29T00:22:00Z,LATENCY_INCREASE,order-processing,Telemetry signal: Latency Increase recorded on order-processing,WARN
EVT-INC-8770-1,INC-8770,2026-09-14T11:30:00Z,MONITORING_ALERT,payment-gateway,Telemetry signal: Monitoring Alert recorded on payment-gateway,WARN
EVT-INC-8770-2,INC-8770,2026-09-14T11:52:00Z,ERROR_SPIKE,payment-gateway,Telemetry signal: Error Spike recorded on payment-gateway,WARN
EVT-INC-8770-3,INC-8770,2026-09-14T12:07:00Z,LATENCY_INCREASE,payment-gateway,Telemetry signal: Latency Increase recorded on payment-gateway,WARN
EVT-INC-8771-1,INC-8771,2026-08-24T00:21:00Z,MONITORING_ALERT,search-indexer,Telemetry signal: Monitoring Alert recorded on search-indexer,WARN
EVT-INC-8771-2,INC-8771,2026-08-24T00:11:00Z,ERROR_SPIKE,search-indexer,Telemetry signal: Error Spike recorded on search-indexer,WARN
EVT-INC-8771-3,INC-8771,2026-08-24T00:21:00Z,LATENCY_INCREASE,search-indexer,Telemetry signal: Latency Increase recorded on search-indexer,WARN
EVT-INC-8772-1,INC-8772,2026-08-16T13:42:00Z,MONITORING_ALERT,payment-gateway,Telemetry signal: Monitoring Alert recorded on payment-gateway,WARN
EVT-INC-8772-2,INC-8772,2026-08-16T14:02:00Z,ERROR_SPIKE,payment-gateway,Telemetry signal: Error Spike recorded on payment-gateway,WARN
EVT-INC-8772-3,INC-8772,2026-08-16T14:00:00Z,LATENCY_INCREASE,payment-gateway,Telemetry signal: Latency Increase recorded on payment-gateway,WARN
EVT-INC-8773-1,INC-8773,2026-09-12T19:14:00Z,DEPLOYMENT,user-profile,Telemetry signal: Deployment recorded on user-profile,WARN
EVT-INC-8773-2,INC-8773,2026-09-12T19:17:00Z,MONITORING_ALERT,user-profile,Telemetry signal: Monitoring Alert recorded on user-profile,WARN
EVT-INC-8773-3,INC-8773,2026-09-12T19:04:00Z,ERROR_SPIKE,user-profile,Telemetry signal: Error Spike recorded on user-profile,WARN
EVT-INC-8773-4,INC-8773,2026-09-12T19:33:00Z,LATENCY_INCREASE,user-profile,Telemetry signal: Latency Increase recorded on user-profile,WARN
EVT-INC-8773-5,INC-8773,2026-09-12T19:43:00Z,TRAFFIC_SURGE,user-profile,Telemetry signal: Traffic Surge recorded on user-profile,WARN
EVT-INC-8774-1,INC-8774,2026-08-23T21:45:00Z,DEPLOYMENT,search-indexer,Telemetry signal: Deployment recorded on search-indexer,WARN
EVT-INC-8774-2,INC-8774,2026-08-23T21:28:00Z,MONITORING_ALERT,search-indexer,Telemetry signal: Monitoring Alert recorded on search-indexer,WARN
EVT-INC-8774-3,INC-8774,2026-08-23T21:23:00Z,ERROR_SPIKE,search-indexer,Telemetry signal: Error Spike recorded on search-indexer,WARN
EVT-INC-8774-4,INC-8774,2026-08-23T21:35:00Z,LATENCY_INCREASE,search-indexer,Telemetry signal: Latency Increase recorded on search-indexer,WARN
EVT-INC-8775-1,INC-8775,2026-09-11T02:43:00Z,MONITORING_ALERT,checkout-service,Telemetry signal: Monitoring Alert recorded on checkout-service,WARN
EVT-INC-8775-2,INC-8775,2026-09-11T03:03:00Z,ERROR_SPIKE,checkout-service,Telemetry signal: Error Spike recorded on checkout-service,WARN
EVT-INC-8775-3,INC-8775,2026-09-11T03:12:00Z,LATENCY_INCREASE,checkout-service,Telemetry signal: Latency Increase recorded on checkout-service,WARN
EVT-INC-8776-1,INC-8776,2026-09-23T09:36:00Z,DEPLOYMENT,search-indexer,Telemetry signal: Deployment recorded on search-indexer,CRITICAL
EVT-INC-8776-2,INC-8776,2026-09-23T10:25:00Z,MONITORING_ALERT,search-indexer,Telemetry signal: Monitoring Alert recorded on search-indexer,CRITICAL
EVT-INC-8776-3,INC-8776,2026-09-23T10:20:00Z,ERROR_SPIKE,search-indexer,Telemetry signal: Error Spike recorded on search-indexer,CRITICAL
EVT-INC-8776-4,INC-8776,2026-09-23T10:25:00Z,LATENCY_INCREASE,search-indexer,Telemetry signal: Latency Increase recorded on search-indexer,CRITICAL
EVT-INC-8776-5,INC-8776,2026-09-23T10:40:00Z,TRAFFIC_SURGE,search-indexer,Telemetry signal: Traffic Surge recorded on search-indexer,CRITICAL
EVT-INC-8777-1,INC-8777,2026-09-20T13:59:00Z,MONITORING_ALERT,inventory-api,Telemetry signal: Monitoring Alert recorded on inventory-api,WARN
EVT-INC-8777-2,INC-8777,2026-09-20T14:11:00Z,ERROR_SPIKE,inventory-api,Telemetry signal: Error Spike recorded on inventory-api,WARN
EVT-INC-8777-3,INC-8777,2026-09-20T14:16:00Z,LATENCY_INCREASE,inventory-api,Telemetry signal: Latency Increase recorded on inventory-api,WARN
EVT-INC-8778-1,INC-8778,2026-08-28T14:36:00Z,DEPLOYMENT,order-processing,Telemetry signal: Deployment recorded on order-processing,WARN
EVT-INC-8778-2,INC-8778,2026-08-28T14:54:00Z,MONITORING_ALERT,order-processing,Telemetry signal: Monitoring Alert recorded on order-processing,WARN
EVT-INC-8778-3,INC-8778,2026-08-28T15:04:00Z,ERROR_SPIKE,order-processing,Telemetry signal: Error Spike recorded on order-processing,WARN
EVT-INC-8778-4,INC-8778,2026-08-28T15:20:00Z,LATENCY_INCREASE,order-processing,Telemetry signal: Latency Increase recorded on order-processing,WARN
EVT-INC-8779-1,INC-8779,2026-08-17T09:40:00Z,MONITORING_ALERT,order-processing,Telemetry signal: Monitoring Alert recorded on order-processing,WARN
EVT-INC-8779-2,INC-8779,2026-08-17T09:30:00Z,ERROR_SPIKE,order-processing,Telemetry signal: Error Spike recorded on order-processing,WARN
EVT-INC-8779-3,INC-8779,2026-08-17T09:39:00Z,LATENCY_INCREASE,order-processing,Telemetry signal: Latency Increase recorded on order-processing,WARN
EVT-INC-8780-1,INC-8780,2026-09-04T21:58:00Z,DEPLOYMENT,order-processing,Telemetry signal: Deployment recorded on order-processing,WARN
EVT-INC-8780-2,INC-8780,2026-09-04T21:22:00Z,MONITORING_ALERT,order-processing,Telemetry signal: Monitoring Alert recorded on order-processing,WARN
EVT-INC-8780-3,INC-8780,2026-09-04T21:39:00Z,ERROR_SPIKE,order-processing,Telemetry signal: Error Spike recorded on order-processing,WARN
EVT-INC-8780-4,INC-8780,2026-09-04T21:56:00Z,LATENCY_INCREASE,order-processing,Telemetry signal: Latency Increase recorded on order-processing,WARN
EVT-INC-8780-5,INC-8780,2026-09-04T22:14:00Z,TRAFFIC_SURGE,order-processing,Telemetry signal: Traffic Surge recorded on order-processing,WARN
EVT-INC-8781-1,INC-8781,2026-08-21T12:02:00Z,DEPLOYMENT,auth-service,Telemetry signal: Deployment recorded on auth-service,WARN
EVT-INC-8781-2,INC-8781,2026-08-21T11:33:00Z,MONITORING_ALERT,auth-service,Telemetry signal: Monitoring Alert recorded on auth-service,WARN
EVT-INC-8781-3,INC-8781,2026-08-21T11:44:00Z,ERROR_SPIKE,auth-service,Telemetry signal: Error Spike recorded on auth-service,WARN
EVT-INC-8781-4,INC-8781,2026-08-21T11:53:00Z,LATENCY_INCREASE,auth-service,Telemetry signal: Latency Increase recorded on auth-service,WARN
EVT-INC-8782-1,INC-8782,2026-09-09T01:49:00Z,DEPLOYMENT,search-indexer,Telemetry signal: Deployment recorded on search-indexer,WARN
EVT-INC-8782-2,INC-8782,2026-09-09T02:05:00Z,MONITORING_ALERT,search-indexer,Telemetry signal: Monitoring Alert recorded on search-indexer,WARN
EVT-INC-8782-3,INC-8782,2026-09-09T02:19:00Z,ERROR_SPIKE,search-indexer,Telemetry signal: Error Spike recorded on search-indexer,WARN
EVT-INC-8782-4,INC-8782,2026-09-09T02:26:00Z,LATENCY_INCREASE,search-indexer,Telemetry signal: Latency Increase recorded on search-indexer,WARN
EVT-INC-8783-1,INC-8783,2026-09-09T16:42:00Z,DEPLOYMENT,checkout-service,Telemetry signal: Deployment recorded on checkout-service,WARN
EVT-INC-8783-2,INC-8783,2026-09-09T16:36:00Z,MONITORING_ALERT,checkout-service,Telemetry signal: Monitoring Alert recorded on checkout-service,WARN
EVT-INC-8783-3,INC-8783,2026-09-09T16:34:00Z,ERROR_SPIKE,checkout-service,Telemetry signal: Error Spike recorded on checkout-service,WARN
EVT-INC-8783-4,INC-8783,2026-09-09T16:40:00Z,LATENCY_INCREASE,checkout-service,Telemetry signal: Latency Increase recorded on checkout-service,WARN
EVT-INC-8784-1,INC-8784,2026-08-24T14:09:00Z,MONITORING_ALERT,payment-gateway,Telemetry signal: Monitoring Alert recorded on payment-gateway,WARN
EVT-INC-8784-2,INC-8784,2026-08-24T13:54:00Z,ERROR_SPIKE,payment-gateway,Telemetry signal: Error Spike recorded on payment-gateway,WARN
EVT-INC-8784-3,INC-8784,2026-08-24T14:14:00Z,LATENCY_INCREASE,payment-gateway,Telemetry signal: Latency Increase recorded on payment-gateway,WARN
EVT-INC-8785-1,INC-8785,2026-09-08T06:06:00Z,DEPLOYMENT,auth-service,Telemetry signal: Deployment recorded on auth-service,WARN
EVT-INC-8785-2,INC-8785,2026-09-08T05:35:00Z,MONITORING_ALERT,auth-service,Telemetry signal: Monitoring Alert recorded on auth-service,WARN
EVT-INC-8785-3,INC-8785,2026-09-08T05:44:00Z,ERROR_SPIKE,auth-service,Telemetry signal: Error Spike recorded on auth-service,WARN
EVT-INC-8785-4,INC-8785,2026-09-08T06:00:00Z,LATENCY_INCREASE,auth-service,Telemetry signal: Latency Increase recorded on auth-service,WARN
EVT-INC-8786-1,INC-8786,2026-09-04T16:50:00Z,DEPLOYMENT,inventory-api,Telemetry signal: Deployment recorded on inventory-api,WARN
EVT-INC-8786-2,INC-8786,2026-09-04T16:27:00Z,MONITORING_ALERT,inventory-api,Telemetry signal: Monitoring Alert recorded on inventory-api,WARN
EVT-INC-8786-3,INC-8786,2026-09-04T16:28:00Z,ERROR_SPIKE,inventory-api,Telemetry signal: Error Spike recorded on inventory-api,WARN
EVT-INC-8786-4,INC-8786,2026-09-04T16:49:00Z,LATENCY_INCREASE,inventory-api,Telemetry signal: Latency Increase recorded on inventory-api,WARN
EVT-INC-8787-1,INC-8787,2026-09-24T15:52:00Z,DEPLOYMENT,notification-worker,Telemetry signal: Deployment recorded on notification-worker,WARN
EVT-INC-8787-2,INC-8787,2026-09-24T15:38:00Z,MONITORING_ALERT,notification-worker,Telemetry signal: Monitoring Alert recorded on notification-worker,WARN
EVT-INC-8787-3,INC-8787,2026-09-24T15:32:00Z,ERROR_SPIKE,notification-worker,Telemetry signal: Error Spike recorded on notification-worker,WARN
EVT-INC-8787-4,INC-8787,2026-09-24T15:54:00Z,LATENCY_INCREASE,notification-worker,Telemetry signal: Latency Increase recorded on notification-worker,WARN
EVT-INC-8788-1,INC-8788,2026-08-23T14:44:00Z,MONITORING_ALERT,user-profile,Telemetry signal: Monitoring Alert recorded on user-profile,WARN
EVT-INC-8788-2,INC-8788,2026-08-23T14:28:00Z,ERROR_SPIKE,user-profile,Telemetry signal: Error Spike recorded on user-profile,WARN
EVT-INC-8788-3,INC-8788,2026-08-23T14:45:00Z,LATENCY_INCREASE,user-profile,Telemetry signal: Latency Increase recorded on user-profile,WARN
EVT-INC-8789-1,INC-8789,2026-09-08T19:49:00Z,MONITORING_ALERT,notification-worker,Telemetry signal: Monitoring Alert recorded on notification-worker,WARN
EVT-INC-8789-2,INC-8789,2026-09-08T20:21:00Z,ERROR_SPIKE,notification-worker,Telemetry signal: Error Spike recorded on notification-worker,WARN
EVT-INC-8789-3,INC-8789,2026-09-08T20:03:00Z,LATENCY_INCREASE,notification-worker,Telemetry signal: Latency Increase recorded on notification-worker,WARN
EVT-INC-8789-4,INC-8789,2026-09-08T20:23:00Z,TRAFFIC_SURGE,notification-worker,Telemetry signal: Traffic Surge recorded on notification-worker,WARN
EVT-INC-8790-1,INC-8790,2026-09-14T23:09:00Z,DEPLOYMENT,inventory-api,Telemetry signal: Deployment recorded on inventory-api,WARN
EVT-INC-8790-2,INC-8790,2026-09-14T23:45:00Z,MONITORING_ALERT,inventory-api,Telemetry signal: Monitoring Alert recorded on inventory-api,WARN
EVT-INC-8790-3,INC-8790,2026-09-14T23:45:00Z,ERROR_SPIKE,inventory-api,Telemetry signal: Error Spike recorded on inventory-api,WARN
EVT-INC-8790-4,INC-8790,2026-09-14T23:55:00Z,LATENCY_INCREASE,inventory-api,Telemetry signal: Latency Increase recorded on inventory-api,WARN
EVT-INC-8790-5,INC-8790,2026-09-14T23:59:00Z,TRAFFIC_SURGE,inventory-api,Telemetry signal: Traffic Surge recorded on inventory-api,WARN
EVT-INC-8791-1,INC-8791,2026-08-21T06:44:00Z,DEPLOYMENT,checkout-service,Telemetry signal: Deployment recorded on checkout-service,CRITICAL
EVT-INC-8791-2,INC-8791,2026-08-21T07:21:00Z,MONITORING_ALERT,checkout-service,Telemetry signal: Monitoring Alert recorded on checkout-service,CRITICAL
EVT-INC-8791-3,INC-8791,2026-08-21T06:56:00Z,ERROR_SPIKE,checkout-service,Telemetry signal: Error Spike recorded on checkout-service,CRITICAL
EVT-INC-8791-4,INC-8791,2026-08-21T07:23:00Z,LATENCY_INCREASE,checkout-service,Telemetry signal: Latency Increase recorded on checkout-service,CRITICAL
EVT-INC-8792-1,INC-8792,2026-09-24T01:13:00Z,DEPLOYMENT,inventory-api,Telemetry signal: Deployment recorded on inventory-api,CRITICAL
EVT-INC-8792-2,INC-8792,2026-09-24T01:02:00Z,MONITORING_ALERT,inventory-api,Telemetry signal: Monitoring Alert recorded on inventory-api,CRITICAL
EVT-INC-8792-3,INC-8792,2026-09-24T00:51:00Z,ERROR_SPIKE,inventory-api,Telemetry signal: Error Spike recorded on inventory-api,CRITICAL
EVT-INC-8792-4,INC-8792,2026-09-24T01:16:00Z,LATENCY_INCREASE,inventory-api,Telemetry signal: Latency Increase recorded on inventory-api,CRITICAL
EVT-INC-8793-1,INC-8793,2026-08-21T00:44:00Z,MONITORING_ALERT,auth-service,Telemetry signal: Monitoring Alert recorded on auth-service,WARN
EVT-INC-8793-2,INC-8793,2026-08-21T01:12:00Z,ERROR_SPIKE,auth-service,Telemetry signal: Error Spike recorded on auth-service,WARN
EVT-INC-8793-3,INC-8793,2026-08-21T01:12:00Z,LATENCY_INCREASE,auth-service,Telemetry signal: Latency Increase recorded on auth-service,WARN
EVT-INC-8794-1,INC-8794,2026-08-24T04:22:00Z,DEPLOYMENT,inventory-api,Telemetry signal: Deployment recorded on inventory-api,WARN
EVT-INC-8794-2,INC-8794,2026-08-24T04:08:00Z,MONITORING_ALERT,inventory-api,Telemetry signal: Monitoring Alert recorded on inventory-api,WARN
EVT-INC-8794-3,INC-8794,2026-08-24T04:34:00Z,ERROR_SPIKE,inventory-api,Telemetry signal: Error Spike recorded on inventory-api,WARN
EVT-INC-8794-4,INC-8794,2026-08-24T04:43:00Z,LATENCY_INCREASE,inventory-api,Telemetry signal: Latency Increase recorded on inventory-api,WARN
EVT-INC-8795-1,INC-8795,2026-08-17T14:11:00Z,DEPLOYMENT,checkout-service,Telemetry signal: Deployment recorded on checkout-service,CRITICAL
EVT-INC-8795-2,INC-8795,2026-08-17T13:43:00Z,MONITORING_ALERT,checkout-service,Telemetry signal: Monitoring Alert recorded on checkout-service,CRITICAL
EVT-INC-8795-3,INC-8795,2026-08-17T14:07:00Z,ERROR_SPIKE,checkout-service,Telemetry signal: Error Spike recorded on checkout-service,CRITICAL
EVT-INC-8795-4,INC-8795,2026-08-17T14:05:00Z,LATENCY_INCREASE,checkout-service,Telemetry signal: Latency Increase recorded on checkout-service,CRITICAL
EVT-INC-8795-5,INC-8795,2026-08-17T14:30:00Z,TRAFFIC_SURGE,checkout-service,Telemetry signal: Traffic Surge recorded on checkout-service,CRITICAL
EVT-INC-8796-1,INC-8796,2026-09-04T05:25:00Z,MONITORING_ALERT,payment-gateway,Telemetry signal: Monitoring Alert recorded on payment-gateway,WARN
EVT-INC-8796-2,INC-8796,2026-09-04T05:24:00Z,ERROR_SPIKE,payment-gateway,Telemetry signal: Error Spike recorded on payment-gateway,WARN
EVT-INC-8796-3,INC-8796,2026-09-04T05:57:00Z,LATENCY_INCREASE,payment-gateway,Telemetry signal: Latency Increase recorded on payment-gateway,WARN
EVT-INC-8796-4,INC-8796,2026-09-04T05:57:00Z,TRAFFIC_SURGE,payment-gateway,Telemetry signal: Traffic Surge recorded on payment-gateway,WARN
EVT-INC-8797-1,INC-8797,2026-08-31T01:28:00Z,MONITORING_ALERT,checkout-service,Telemetry signal: Monitoring Alert recorded on checkout-service,WARN
EVT-INC-8797-2,INC-8797,2026-08-31T01:43:00Z,ERROR_SPIKE,checkout-service,Telemetry signal: Error Spike recorded on checkout-service,WARN
EVT-INC-8797-3,INC-8797,2026-08-31T01:54:00Z,LATENCY_INCREASE,checkout-service,Telemetry signal: Latency Increase recorded on checkout-service,WARN
EVT-INC-8798-1,INC-8798,2026-08-28T01:29:00Z,DEPLOYMENT,user-profile,Telemetry signal: Deployment recorded on user-profile,CRITICAL
EVT-INC-8798-2,INC-8798,2026-08-28T01:48:00Z,MONITORING_ALERT,user-profile,Telemetry signal: Monitoring Alert recorded on user-profile,CRITICAL
EVT-INC-8798-3,INC-8798,2026-08-28T02:11:00Z,ERROR_SPIKE,user-profile,Telemetry signal: Error Spike recorded on user-profile,CRITICAL
EVT-INC-8798-4,INC-8798,2026-08-28T02:38:00Z,LATENCY_INCREASE,user-profile,Telemetry signal: Latency Increase recorded on user-profile,CRITICAL
EVT-INC-8798-5,INC-8798,2026-08-28T02:34:00Z,TRAFFIC_SURGE,user-profile,Telemetry signal: Traffic Surge recorded on user-profile,CRITICAL
EVT-INC-8799-1,INC-8799,2026-08-31T08:32:00Z,DEPLOYMENT,user-profile,Telemetry signal: Deployment recorded on user-profile,WARN
EVT-INC-8799-2,INC-8799,2026-08-31T09:02:00Z,MONITORING_ALERT,user-profile,Telemetry signal: Monitoring Alert recorded on user-profile,WARN
EVT-INC-8799-3,INC-8799,2026-08-31T08:48:00Z,ERROR_SPIKE,user-profile,Telemetry signal: Error Spike recorded on user-profile,WARN
EVT-INC-8799-4,INC-8799,2026-08-31T09:07:00Z,LATENCY_INCREASE,user-profile,Telemetry signal: Latency Increase recorded on user-profile,WARN
EVT-INC-8800-1,INC-8800,2026-08-26T08:18:00Z,DEPLOYMENT,inventory-api,Telemetry signal: Deployment recorded on inventory-api,CRITICAL
EVT-INC-8800-2,INC-8800,2026-08-26T07:58:00Z,MONITORING_ALERT,inventory-api,Telemetry signal: Monitoring Alert recorded on inventory-api,CRITICAL
EVT-INC-8800-3,INC-8800,2026-08-26T08:20:00Z,ERROR_SPIKE,inventory-api,Telemetry signal: Error Spike recorded on inventory-api,CRITICAL
EVT-INC-8800-4,INC-8800,2026-08-26T08:14:00Z,LATENCY_INCREASE,inventory-api,Telemetry signal: Latency Increase recorded on inventory-api,CRITICAL
EVT-INC-8800-5,INC-8800,2026-08-26T08:31:00Z,TRAFFIC_SURGE,inventory-api,Telemetry signal: Traffic Surge recorded on inventory-api,CRITICAL
EVT-INC-8801-1,INC-8801,2026-08-25T21:02:00Z,MONITORING_ALERT,auth-service,Telemetry signal: Monitoring Alert recorded on auth-service,WARN
EVT-INC-8801-2,INC-8801,2026-08-25T21:43:00Z,ERROR_SPIKE,auth-service,Telemetry signal: Error Spike recorded on auth-service,WARN
EVT-INC-8801-3,INC-8801,2026-08-25T21:35:00Z,LATENCY_INCREASE,auth-service,Telemetry signal: Latency Increase recorded on auth-service,WARN
EVT-INC-8802-1,INC-8802,2026-09-01T19:41:00Z,MONITORING_ALERT,inventory-api,Telemetry signal: Monitoring Alert recorded on inventory-api,WARN
EVT-INC-8802-2,INC-8802,2026-09-01T19:39:00Z,ERROR_SPIKE,inventory-api,Telemetry signal: Error Spike recorded on inventory-api,WARN
EVT-INC-8802-3,INC-8802,2026-09-01T19:44:00Z,LATENCY_INCREASE,inventory-api,Telemetry signal: Latency Increase recorded on inventory-api,WARN
EVT-INC-8803-1,INC-8803,2026-09-10T04:35:00Z,DEPLOYMENT,auth-service,Telemetry signal: Deployment recorded on auth-service,WARN
EVT-INC-8803-2,INC-8803,2026-09-10T04:45:00Z,MONITORING_ALERT,auth-service,Telemetry signal: Monitoring Alert recorded on auth-service,WARN
EVT-INC-8803-3,INC-8803,2026-09-10T04:45:00Z,ERROR_SPIKE,auth-service,Telemetry signal: Error Spike recorded on auth-service,WARN
EVT-INC-8803-4,INC-8803,2026-09-10T05:07:00Z,LATENCY_INCREASE,auth-service,Telemetry signal: Latency Increase recorded on auth-service,WARN
EVT-INC-8804-1,INC-8804,2026-08-18T06:36:00Z,DEPLOYMENT,payment-gateway,Telemetry signal: Deployment recorded on payment-gateway,WARN
EVT-INC-8804-2,INC-8804,2026-08-18T06:53:00Z,MONITORING_ALERT,payment-gateway,Telemetry signal: Monitoring Alert recorded on payment-gateway,WARN
EVT-INC-8804-3,INC-8804,2026-08-18T06:50:00Z,ERROR_SPIKE,payment-gateway,Telemetry signal: Error Spike recorded on payment-gateway,WARN
EVT-INC-8804-4,INC-8804,2026-08-18T07:06:00Z,LATENCY_INCREASE,payment-gateway,Telemetry signal: Latency Increase recorded on payment-gateway,WARN
EVT-INC-8805-1,INC-8805,2026-08-23T09:24:00Z,MONITORING_ALERT,auth-service,Telemetry signal: Monitoring Alert recorded on auth-service,WARN
EVT-INC-8805-2,INC-8805,2026-08-23T09:16:00Z,ERROR_SPIKE,auth-service,Telemetry signal: Error Spike recorded on auth-service,WARN
EVT-INC-8805-3,INC-8805,2026-08-23T09:29:00Z,LATENCY_INCREASE,auth-service,Telemetry signal: Latency Increase recorded on auth-service,WARN
EVT-INC-8806-1,INC-8806,2026-08-14T21:18:00Z,MONITORING_ALERT,auth-service,Telemetry signal: Monitoring Alert recorded on auth-service,WARN
EVT-INC-8806-2,INC-8806,2026-08-14T21:34:00Z,ERROR_SPIKE,auth-service,Telemetry signal: Error Spike recorded on auth-service,WARN
EVT-INC-8806-3,INC-8806,2026-08-14T21:47:00Z,LATENCY_INCREASE,auth-service,Telemetry signal: Latency Increase recorded on auth-service,WARN
EVT-INC-8807-1,INC-8807,2026-09-13T02:36:00Z,MONITORING_ALERT,payment-gateway,Telemetry signal: Monitoring Alert recorded on payment-gateway,WARN
EVT-INC-8807-2,INC-8807,2026-09-13T03:14:00Z,ERROR_SPIKE,payment-gateway,Telemetry signal: Error Spike recorded on payment-gateway,WARN
EVT-INC-8807-3,INC-8807,2026-09-13T03:14:00Z,LATENCY_INCREASE,payment-gateway,Telemetry signal: Latency Increase recorded on payment-gateway,WARN
EVT-INC-8808-1,INC-8808,2026-08-16T06:43:00Z,MONITORING_ALERT,notification-worker,Telemetry signal: Monitoring Alert recorded on notification-worker,WARN
EVT-INC-8808-2,INC-8808,2026-08-16T06:43:00Z,ERROR_SPIKE,notification-worker,Telemetry signal: Error Spike recorded on notification-worker,WARN
EVT-INC-8808-3,INC-8808,2026-08-16T06:46:00Z,LATENCY_INCREASE,notification-worker,Telemetry signal: Latency Increase recorded on notification-worker,WARN
EVT-INC-8809-1,INC-8809,2026-09-06T21:31:00Z,MONITORING_ALERT,checkout-service,Telemetry signal: Monitoring Alert recorded on checkout-service,WARN
EVT-INC-8809-2,INC-8809,2026-09-06T21:31:00Z,ERROR_SPIKE,checkout-service,Telemetry signal: Error Spike recorded on checkout-service,WARN
EVT-INC-8809-3,INC-8809,2026-09-06T21:53:00Z,LATENCY_INCREASE,checkout-service,Telemetry signal: Latency Increase recorded on checkout-service,WARN
EVT-INC-8809-4,INC-8809,2026-09-06T22:05:00Z,TRAFFIC_SURGE,checkout-service,Telemetry signal: Traffic Surge recorded on checkout-service,WARN
EVT-INC-8810-1,INC-8810,2026-09-03T09:33:00Z,MONITORING_ALERT,auth-service,Telemetry signal: Monitoring Alert recorded on auth-service,WARN
EVT-INC-8810-2,INC-8810,2026-09-03T09:33:00Z,ERROR_SPIKE,auth-service,Telemetry signal: Error Spike recorded on auth-service,WARN
EVT-INC-8810-3,INC-8810,2026-09-03T09:46:00Z,LATENCY_INCREASE,auth-service,Telemetry signal: Latency Increase recorded on auth-service,WARN
EVT-INC-8811-1,INC-8811,2026-09-21T04:25:00Z,MONITORING_ALERT,notification-worker,Telemetry signal: Monitoring Alert recorded on notification-worker,WARN
EVT-INC-8811-2,INC-8811,2026-09-21T04:37:00Z,ERROR_SPIKE,notification-worker,Telemetry signal: Error Spike recorded on notification-worker,WARN
EVT-INC-8811-3,INC-8811,2026-09-21T04:59:00Z,LATENCY_INCREASE,notification-worker,Telemetry signal: Latency Increase recorded on notification-worker,WARN
EVT-INC-8811-4,INC-8811,2026-09-21T05:12:00Z,TRAFFIC_SURGE,notification-worker,Telemetry signal: Traffic Surge recorded on notification-worker,WARN
EVT-INC-8812-1,INC-8812,2026-09-26T01:13:00Z,DEPLOYMENT,user-profile,Telemetry signal: Deployment recorded on user-profile,WARN
EVT-INC-8812-2,INC-8812,2026-09-26T01:53:00Z,MONITORING_ALERT,user-profile,Telemetry signal: Monitoring Alert recorded on user-profile,WARN
EVT-INC-8812-3,INC-8812,2026-09-26T01:57:00Z,ERROR_SPIKE,user-profile,Telemetry signal: Error Spike recorded on user-profile,WARN
EVT-INC-8812-4,INC-8812,2026-09-26T01:54:00Z,LATENCY_INCREASE,user-profile,Telemetry signal: Latency Increase recorded on user-profile,WARN
EVT-INC-8813-1,INC-8813,2026-08-18T09:23:00Z,MONITORING_ALERT,notification-worker,Telemetry signal: Monitoring Alert recorded on notification-worker,WARN
EVT-INC-8813-2,INC-8813,2026-08-18T09:46:00Z,ERROR_SPIKE,notification-worker,Telemetry signal: Error Spike recorded on notification-worker,WARN
EVT-INC-8813-3,INC-8813,2026-08-18T09:40:00Z,LATENCY_INCREASE,notification-worker,Telemetry signal: Latency Increase recorded on notification-worker,WARN
EVT-INC-8814-1,INC-8814,2026-08-19T18:38:00Z,MONITORING_ALERT,checkout-service,Telemetry signal: Monitoring Alert recorded on checkout-service,WARN
EVT-INC-8814-2,INC-8814,2026-08-19T19:11:00Z,ERROR_SPIKE,checkout-service,Telemetry signal: Error Spike recorded on checkout-service,WARN
EVT-INC-8814-3,INC-8814,2026-08-19T19:16:00Z,LATENCY_INCREASE,checkout-service,Telemetry signal: Latency Increase recorded on checkout-service,WARN
EVT-INC-8815-1,INC-8815,2026-09-03T07:08:00Z,DEPLOYMENT,notification-worker,Telemetry signal: Deployment recorded on notification-worker,WARN
EVT-INC-8815-2,INC-8815,2026-09-03T06:51:00Z,MONITORING_ALERT,notification-worker,Telemetry signal: Monitoring Alert recorded on notification-worker,WARN
EVT-INC-8815-3,INC-8815,2026-09-03T07:08:00Z,ERROR_SPIKE,notification-worker,Telemetry signal: Error Spike recorded on notification-worker,WARN
EVT-INC-8815-4,INC-8815,2026-09-03T07:03:00Z,LATENCY_INCREASE,notification-worker,Telemetry signal: Latency Increase recorded on notification-worker,WARN
EVT-INC-8816-1,INC-8816,2026-08-20T17:30:00Z,DEPLOYMENT,auth-service,Telemetry signal: Deployment recorded on auth-service,WARN
EVT-INC-8816-2,INC-8816,2026-08-20T17:57:00Z,MONITORING_ALERT,auth-service,Telemetry signal: Monitoring Alert recorded on auth-service,WARN
EVT-INC-8816-3,INC-8816,2026-08-20T18:10:00Z,ERROR_SPIKE,auth-service,Telemetry signal: Error Spike recorded on auth-service,WARN
EVT-INC-8816-4,INC-8816,2026-08-20T18:20:00Z,LATENCY_INCREASE,auth-service,Telemetry signal: Latency Increase recorded on auth-service,WARN
EVT-INC-8817-1,INC-8817,2026-09-15T00:37:00Z,DEPLOYMENT,checkout-service,Telemetry signal: Deployment recorded on checkout-service,WARN
EVT-INC-8817-2,INC-8817,2026-09-15T00:45:00Z,MONITORING_ALERT,checkout-service,Telemetry signal: Monitoring Alert recorded on checkout-service,WARN
EVT-INC-8817-3,INC-8817,2026-09-15T00:29:00Z,ERROR_SPIKE,checkout-service,Telemetry signal: Error Spike recorded on checkout-service,WARN
EVT-INC-8817-4,INC-8817,2026-09-15T00:51:00Z,LATENCY_INCREASE,checkout-service,Telemetry signal: Latency Increase recorded on checkout-service,WARN
EVT-INC-8818-1,INC-8818,2026-08-21T15:52:00Z,MONITORING_ALERT,search-indexer,Telemetry signal: Monitoring Alert recorded on search-indexer,WARN
EVT-INC-8818-2,INC-8818,2026-08-21T16:04:00Z,ERROR_SPIKE,search-indexer,Telemetry signal: Error Spike recorded on search-indexer,WARN
EVT-INC-8818-3,INC-8818,2026-08-21T15:50:00Z,LATENCY_INCREASE,search-indexer,Telemetry signal: Latency Increase recorded on search-indexer,WARN
EVT-INC-8818-4,INC-8818,2026-08-21T16:08:00Z,TRAFFIC_SURGE,search-indexer,Telemetry signal: Traffic Surge recorded on search-indexer,WARN
EVT-INC-8819-1,INC-8819,2026-09-17T02:39:00Z,MONITORING_ALERT,checkout-service,Telemetry signal: Monitoring Alert recorded on checkout-service,WARN
EVT-INC-8819-2,INC-8819,2026-09-17T02:45:00Z,ERROR_SPIKE,checkout-service,Telemetry signal: Error Spike recorded on checkout-service,WARN
EVT-INC-8819-3,INC-8819,2026-09-17T02:57:00Z,LATENCY_INCREASE,checkout-service,Telemetry signal: Latency Increase recorded on checkout-service,WARN
EVT-INC-8820-1,INC-8820,2026-08-12T16:07:00Z,DEPLOYMENT,checkout-service,Telemetry signal: Deployment recorded on checkout-service,WARN
EVT-INC-8820-2,INC-8820,2026-08-12T16:40:00Z,MONITORING_ALERT,checkout-service,Telemetry signal: Monitoring Alert recorded on checkout-service,WARN
EVT-INC-8820-3,INC-8820,2026-08-12T16:47:00Z,ERROR_SPIKE,checkout-service,Telemetry signal: Error Spike recorded on checkout-service,WARN
EVT-INC-8820-4,INC-8820,2026-08-12T16:53:00Z,LATENCY_INCREASE,checkout-service,Telemetry signal: Latency Increase recorded on checkout-service,WARN
EVT-INC-8821-1,INC-8821,2026-08-12T19:31:00Z,MONITORING_ALERT,inventory-api,Telemetry signal: Monitoring Alert recorded on inventory-api,WARN
EVT-INC-8821-2,INC-8821,2026-08-12T19:25:00Z,ERROR_SPIKE,inventory-api,Telemetry signal: Error Spike recorded on inventory-api,WARN
EVT-INC-8821-3,INC-8821,2026-08-12T19:24:00Z,LATENCY_INCREASE,inventory-api,Telemetry signal: Latency Increase recorded on inventory-api,WARN
EVT-INC-8822-1,INC-8822,2026-08-21T19:30:00Z,DEPLOYMENT,payment-gateway,Telemetry signal: Deployment recorded on payment-gateway,WARN
EVT-INC-8822-2,INC-8822,2026-08-21T19:28:00Z,MONITORING_ALERT,payment-gateway,Telemetry signal: Monitoring Alert recorded on payment-gateway,WARN
EVT-INC-8822-3,INC-8822,2026-08-21T19:22:00Z,ERROR_SPIKE,payment-gateway,Telemetry signal: Error Spike recorded on payment-gateway,WARN
EVT-INC-8822-4,INC-8822,2026-08-21T19:24:00Z,LATENCY_INCREASE,payment-gateway,Telemetry signal: Latency Increase recorded on payment-gateway,WARN
EVT-INC-8823-1,INC-8823,2026-08-15T06:00:00Z,MONITORING_ALERT,inventory-api,Telemetry signal: Monitoring Alert recorded on inventory-api,WARN
EVT-INC-8823-2,INC-8823,2026-08-15T05:52:00Z,ERROR_SPIKE,inventory-api,Telemetry signal: Error Spike recorded on inventory-api,WARN
EVT-INC-8823-3,INC-8823,2026-08-15T06:14:00Z,LATENCY_INCREASE,inventory-api,Telemetry signal: Latency Increase recorded on inventory-api,WARN
EVT-INC-8824-1,INC-8824,2026-09-25T16:23:00Z,DEPLOYMENT,checkout-service,Telemetry signal: Deployment recorded on checkout-service,WARN
EVT-INC-8824-2,INC-8824,2026-09-25T16:27:00Z,MONITORING_ALERT,checkout-service,Telemetry signal: Monitoring Alert recorded on checkout-service,WARN
EVT-INC-8824-3,INC-8824,2026-09-25T16:19:00Z,ERROR_SPIKE,checkout-service,Telemetry signal: Error Spike recorded on checkout-service,WARN
EVT-INC-8824-4,INC-8824,2026-09-25T16:23:00Z,LATENCY_INCREASE,checkout-service,Telemetry signal: Latency Increase recorded on checkout-service,WARN
EVT-INC-8824-5,INC-8824,2026-09-25T16:40:00Z,TRAFFIC_SURGE,checkout-service,Telemetry signal: Traffic Surge recorded on checkout-service,WARN
EVT-INC-8825-1,INC-8825,2026-08-18T06:26:00Z,DEPLOYMENT,checkout-service,Telemetry signal: Deployment recorded on checkout-service,CRITICAL
EVT-INC-8825-2,INC-8825,2026-08-18T06:54:00Z,MONITORING_ALERT,checkout-service,Telemetry signal: Monitoring Alert recorded on checkout-service,CRITICAL
EVT-INC-8825-3,INC-8825,2026-08-18T07:02:00Z,ERROR_SPIKE,checkout-service,Telemetry signal: Error Spike recorded on checkout-service,CRITICAL
EVT-INC-8825-4,INC-8825,2026-08-18T07:20:00Z,LATENCY_INCREASE,checkout-service,Telemetry signal: Latency Increase recorded on checkout-service,CRITICAL
EVT-INC-8825-5,INC-8825,2026-08-18T07:14:00Z,TRAFFIC_SURGE,checkout-service,Telemetry signal: Traffic Surge recorded on checkout-service,CRITICAL
EVT-INC-8826-1,INC-8826,2026-09-14T02:43:00Z,DEPLOYMENT,search-indexer,Telemetry signal: Deployment recorded on search-indexer,WARN
EVT-INC-8826-2,INC-8826,2026-09-14T02:10:00Z,MONITORING_ALERT,search-indexer,Telemetry signal: Monitoring Alert recorded on search-indexer,WARN
EVT-INC-8826-3,INC-8826,2026-09-14T02:52:00Z,ERROR_SPIKE,search-indexer,Telemetry signal: Error Spike recorded on search-indexer,WARN
EVT-INC-8826-4,INC-8826,2026-09-14T02:38:00Z,LATENCY_INCREASE,search-indexer,Telemetry signal: Latency Increase recorded on search-indexer,WARN
EVT-INC-8826-5,INC-8826,2026-09-14T02:44:00Z,TRAFFIC_SURGE,search-indexer,Telemetry signal: Traffic Surge recorded on search-indexer,WARN
EVT-INC-8827-1,INC-8827,2026-09-10T09:33:00Z,MONITORING_ALERT,search-indexer,Telemetry signal: Monitoring Alert recorded on search-indexer,WARN
EVT-INC-8827-2,INC-8827,2026-09-10T09:34:00Z,ERROR_SPIKE,search-indexer,Telemetry signal: Error Spike recorded on search-indexer,WARN
EVT-INC-8827-3,INC-8827,2026-09-10T09:39:00Z,LATENCY_INCREASE,search-indexer,Telemetry signal: Latency Increase recorded on search-indexer,WARN
EVT-INC-8828-1,INC-8828,2026-08-25T17:28:00Z,MONITORING_ALERT,notification-worker,Telemetry signal: Monitoring Alert recorded on notification-worker,CRITICAL
EVT-INC-8828-2,INC-8828,2026-08-25T17:25:00Z,ERROR_SPIKE,notification-worker,Telemetry signal: Error Spike recorded on notification-worker,CRITICAL
EVT-INC-8828-3,INC-8828,2026-08-25T17:41:00Z,LATENCY_INCREASE,notification-worker,Telemetry signal: Latency Increase recorded on notification-worker,CRITICAL
EVT-INC-8829-1,INC-8829,2026-09-04T16:00:00Z,DEPLOYMENT,search-indexer,Telemetry signal: Deployment recorded on search-indexer,WARN
EVT-INC-8829-2,INC-8829,2026-09-04T16:49:00Z,MONITORING_ALERT,search-indexer,Telemetry signal: Monitoring Alert recorded on search-indexer,WARN
EVT-INC-8829-3,INC-8829,2026-09-04T16:59:00Z,ERROR_SPIKE,search-indexer,Telemetry signal: Error Spike recorded on search-indexer,WARN
EVT-INC-8829-4,INC-8829,2026-09-04T16:41:00Z,LATENCY_INCREASE,search-indexer,Telemetry signal: Latency Increase recorded on search-indexer,WARN
EVT-INC-8829-5,INC-8829,2026-09-04T16:50:00Z,TRAFFIC_SURGE,search-indexer,Telemetry signal: Traffic Surge recorded on search-indexer,WARN
EVT-INC-8830-1,INC-8830,2026-09-22T20:51:00Z,DEPLOYMENT,checkout-service,Telemetry signal: Deployment recorded on checkout-service,WARN
EVT-INC-8830-2,INC-8830,2026-09-22T20:29:00Z,MONITORING_ALERT,checkout-service,Telemetry signal: Monitoring Alert recorded on checkout-service,WARN
EVT-INC-8830-3,INC-8830,2026-09-22T20:41:00Z,ERROR_SPIKE,checkout-service,Telemetry signal: Error Spike recorded on checkout-service,WARN
EVT-INC-8830-4,INC-8830,2026-09-22T21:08:00Z,LATENCY_INCREASE,checkout-service,Telemetry signal: Latency Increase recorded on checkout-service,WARN
EVT-INC-8831-1,INC-8831,2026-08-29T04:51:00Z,DEPLOYMENT,order-processing,Telemetry signal: Deployment recorded on order-processing,WARN
EVT-INC-8831-2,INC-8831,2026-08-29T04:55:00Z,MONITORING_ALERT,order-processing,Telemetry signal: Monitoring Alert recorded on order-processing,WARN
EVT-INC-8831-3,INC-8831,2026-08-29T05:27:00Z,ERROR_SPIKE,order-processing,Telemetry signal: Error Spike recorded on order-processing,WARN
EVT-INC-8831-4,INC-8831,2026-08-29T05:29:00Z,LATENCY_INCREASE,order-processing,Telemetry signal: Latency Increase recorded on order-processing,WARN
EVT-INC-8832-1,INC-8832,2026-08-24T13:22:00Z,MONITORING_ALERT,auth-service,Telemetry signal: Monitoring Alert recorded on auth-service,WARN
EVT-INC-8832-2,INC-8832,2026-08-24T13:21:00Z,ERROR_SPIKE,auth-service,Telemetry signal: Error Spike recorded on auth-service,WARN
EVT-INC-8832-3,INC-8832,2026-08-24T13:48:00Z,LATENCY_INCREASE,auth-service,Telemetry signal: Latency Increase recorded on auth-service,WARN
EVT-INC-8833-1,INC-8833,2026-09-15T10:52:00Z,MONITORING_ALERT,payment-gateway,Telemetry signal: Monitoring Alert recorded on payment-gateway,WARN
EVT-INC-8833-2,INC-8833,2026-09-15T11:29:00Z,ERROR_SPIKE,payment-gateway,Telemetry signal: Error Spike recorded on payment-gateway,WARN
EVT-INC-8833-3,INC-8833,2026-09-15T11:29:00Z,LATENCY_INCREASE,payment-gateway,Telemetry signal: Latency Increase recorded on payment-gateway,WARN
EVT-INC-8834-1,INC-8834,2026-09-01T09:40:00Z,MONITORING_ALERT,search-indexer,Telemetry signal: Monitoring Alert recorded on search-indexer,WARN
EVT-INC-8834-2,INC-8834,2026-09-01T10:19:00Z,ERROR_SPIKE,search-indexer,Telemetry signal: Error Spike recorded on search-indexer,WARN
EVT-INC-8834-3,INC-8834,2026-09-01T10:34:00Z,LATENCY_INCREASE,search-indexer,Telemetry signal: Latency Increase recorded on search-indexer,WARN
EVT-INC-8834-4,INC-8834,2026-09-01T10:31:00Z,TRAFFIC_SURGE,search-indexer,Telemetry signal: Traffic Surge recorded on search-indexer,WARN
EVT-INC-8835-1,INC-8835,2026-08-19T03:29:00Z,MONITORING_ALERT,notification-worker,Telemetry signal: Monitoring Alert recorded on notification-worker,WARN
EVT-INC-8835-2,INC-8835,2026-08-19T03:46:00Z,ERROR_SPIKE,notification-worker,Telemetry signal: Error Spike recorded on notification-worker,WARN
EVT-INC-8835-3,INC-8835,2026-08-19T03:55:00Z,LATENCY_INCREASE,notification-worker,Telemetry signal: Latency Increase recorded on notification-worker,WARN
EVT-INC-8836-1,INC-8836,2026-09-25T17:47:00Z,DEPLOYMENT,checkout-service,Telemetry signal: Deployment recorded on checkout-service,WARN
EVT-INC-8836-2,INC-8836,2026-09-25T17:36:00Z,MONITORING_ALERT,checkout-service,Telemetry signal: Monitoring Alert recorded on checkout-service,WARN
EVT-INC-8836-3,INC-8836,2026-09-25T17:43:00Z,ERROR_SPIKE,checkout-service,Telemetry signal: Error Spike recorded on checkout-service,WARN
EVT-INC-8836-4,INC-8836,2026-09-25T17:22:00Z,LATENCY_INCREASE,checkout-service,Telemetry signal: Latency Increase recorded on checkout-service,WARN
EVT-INC-8836-5,INC-8836,2026-09-25T17:41:00Z,TRAFFIC_SURGE,checkout-service,Telemetry signal: Traffic Surge recorded on checkout-service,WARN
EVT-INC-8837-1,INC-8837,2026-09-22T22:18:00Z,DEPLOYMENT,auth-service,Telemetry signal: Deployment recorded on auth-service,WARN
EVT-INC-8837-2,INC-8837,2026-09-22T22:08:00Z,MONITORING_ALERT,auth-service,Telemetry signal: Monitoring Alert recorded on auth-service,WARN
EVT-INC-8837-3,INC-8837,2026-09-22T22:14:00Z,ERROR_SPIKE,auth-service,Telemetry signal: Error Spike recorded on auth-service,WARN
EVT-INC-8837-4,INC-8837,2026-09-22T22:22:00Z,LATENCY_INCREASE,auth-service,Telemetry signal: Latency Increase recorded on auth-service,WARN
EVT-INC-8838-1,INC-8838,2026-09-14T04:46:00Z,DEPLOYMENT,inventory-api,Telemetry signal: Deployment recorded on inventory-api,CRITICAL
EVT-INC-8838-2,INC-8838,2026-09-14T04:24:00Z,MONITORING_ALERT,inventory-api,Telemetry signal: Monitoring Alert recorded on inventory-api,CRITICAL
EVT-INC-8838-3,INC-8838,2026-09-14T04:46:00Z,ERROR_SPIKE,inventory-api,Telemetry signal: Error Spike recorded on inventory-api,CRITICAL
EVT-INC-8838-4,INC-8838,2026-09-14T05:00:00Z,LATENCY_INCREASE,inventory-api,Telemetry signal: Latency Increase recorded on inventory-api,CRITICAL
EVT-INC-8838-5,INC-8838,2026-09-14T05:10:00Z,TRAFFIC_SURGE,inventory-api,Telemetry signal: Traffic Surge recorded on inventory-api,CRITICAL
EVT-INC-8839-1,INC-8839,2026-08-22T23:11:00Z,MONITORING_ALERT,user-profile,Telemetry signal: Monitoring Alert recorded on user-profile,WARN
EVT-INC-8839-2,INC-8839,2026-08-22T23:11:00Z,ERROR_SPIKE,user-profile,Telemetry signal: Error Spike recorded on user-profile,WARN
EVT-INC-8839-3,INC-8839,2026-08-22T23:02:00Z,LATENCY_INCREASE,user-profile,Telemetry signal: Latency Increase recorded on user-profile,WARN
EVT-INC-8840-1,INC-8840,2026-08-28T13:54:00Z,MONITORING_ALERT,search-indexer,Telemetry signal: Monitoring Alert recorded on search-indexer,WARN
EVT-INC-8840-2,INC-8840,2026-08-28T13:47:00Z,ERROR_SPIKE,search-indexer,Telemetry signal: Error Spike recorded on search-indexer,WARN
EVT-INC-8840-3,INC-8840,2026-08-28T13:56:00Z,LATENCY_INCREASE,search-indexer,Telemetry signal: Latency Increase recorded on search-indexer,WARN
EVT-INC-8841-1,INC-8841,2026-09-19T13:22:00Z,MONITORING_ALERT,checkout-service,Telemetry signal: Monitoring Alert recorded on checkout-service,WARN
EVT-INC-8841-2,INC-8841,2026-09-19T13:45:00Z,ERROR_SPIKE,checkout-service,Telemetry signal: Error Spike recorded on checkout-service,WARN
EVT-INC-8841-3,INC-8841,2026-09-19T13:59:00Z,LATENCY_INCREASE,checkout-service,Telemetry signal: Latency Increase recorded on checkout-service,WARN
EVT-INC-8842-1,INC-8842,2026-08-12T21:38:00Z,MONITORING_ALERT,auth-service,Telemetry signal: Monitoring Alert recorded on auth-service,WARN
EVT-INC-8842-2,INC-8842,2026-08-12T21:34:00Z,ERROR_SPIKE,auth-service,Telemetry signal: Error Spike recorded on auth-service,WARN
EVT-INC-8842-3,INC-8842,2026-08-12T21:45:00Z,LATENCY_INCREASE,auth-service,Telemetry signal: Latency Increase recorded on auth-service,WARN
EVT-INC-8843-1,INC-8843,2026-09-13T18:03:00Z,DEPLOYMENT,user-profile,Telemetry signal: Deployment recorded on user-profile,WARN
EVT-INC-8843-2,INC-8843,2026-09-13T18:35:00Z,MONITORING_ALERT,user-profile,Telemetry signal: Monitoring Alert recorded on user-profile,WARN
EVT-INC-8843-3,INC-8843,2026-09-13T19:00:00Z,ERROR_SPIKE,user-profile,Telemetry signal: Error Spike recorded on user-profile,WARN
EVT-INC-8843-4,INC-8843,2026-09-13T18:43:00Z,LATENCY_INCREASE,user-profile,Telemetry signal: Latency Increase recorded on user-profile,WARN
EVT-INC-8843-5,INC-8843,2026-09-13T18:58:00Z,TRAFFIC_SURGE,user-profile,Telemetry signal: Traffic Surge recorded on user-profile,WARN
EVT-INC-8844-1,INC-8844,2026-08-17T09:27:00Z,MONITORING_ALERT,inventory-api,Telemetry signal: Monitoring Alert recorded on inventory-api,WARN
EVT-INC-8844-2,INC-8844,2026-08-17T09:31:00Z,ERROR_SPIKE,inventory-api,Telemetry signal: Error Spike recorded on inventory-api,WARN
EVT-INC-8844-3,INC-8844,2026-08-17T09:33:00Z,LATENCY_INCREASE,inventory-api,Telemetry signal: Latency Increase recorded on inventory-api,WARN
EVT-INC-8845-1,INC-8845,2026-08-15T05:38:00Z,MONITORING_ALERT,search-indexer,Telemetry signal: Monitoring Alert recorded on search-indexer,WARN
EVT-INC-8845-2,INC-8845,2026-08-15T05:29:00Z,ERROR_SPIKE,search-indexer,Telemetry signal: Error Spike recorded on search-indexer,WARN
EVT-INC-8845-3,INC-8845,2026-08-15T05:35:00Z,LATENCY_INCREASE,search-indexer,Telemetry signal: Latency Increase recorded on search-indexer,WARN
EVT-INC-8846-1,INC-8846,2026-09-08T10:33:00Z,MONITORING_ALERT,auth-service,Telemetry signal: Monitoring Alert recorded on auth-service,WARN
EVT-INC-8846-2,INC-8846,2026-09-08T10:45:00Z,ERROR_SPIKE,auth-service,Telemetry signal: Error Spike recorded on auth-service,WARN
EVT-INC-8846-3,INC-8846,2026-09-08T10:41:00Z,LATENCY_INCREASE,auth-service,Telemetry signal: Latency Increase recorded on auth-service,WARN
EVT-INC-8847-1,INC-8847,2026-09-26T02:14:00Z,DEPLOYMENT,user-profile,Telemetry signal: Deployment recorded on user-profile,WARN
EVT-INC-8847-2,INC-8847,2026-09-26T02:25:00Z,MONITORING_ALERT,user-profile,Telemetry signal: Monitoring Alert recorded on user-profile,WARN
EVT-INC-8847-3,INC-8847,2026-09-26T02:20:00Z,ERROR_SPIKE,user-profile,Telemetry signal: Error Spike recorded on user-profile,WARN
EVT-INC-8847-4,INC-8847,2026-09-26T02:19:00Z,LATENCY_INCREASE,user-profile,Telemetry signal: Latency Increase recorded on user-profile,WARN
EVT-INC-8847-5,INC-8847,2026-09-26T02:15:00Z,TRAFFIC_SURGE,user-profile,Telemetry signal: Traffic Surge recorded on user-profile,WARN
EVT-INC-8848-1,INC-8848,2026-09-22T11:50:00Z,DEPLOYMENT,user-profile,Telemetry signal: Deployment recorded on user-profile,WARN
EVT-INC-8848-2,INC-8848,2026-09-22T11:40:00Z,MONITORING_ALERT,user-profile,Telemetry signal: Monitoring Alert recorded on user-profile,WARN
EVT-INC-8848-3,INC-8848,2026-09-22T12:00:00Z,ERROR_SPIKE,user-profile,Telemetry signal: Error Spike recorded on user-profile,WARN
EVT-INC-8848-4,INC-8848,2026-09-22T12:00:00Z,LATENCY_INCREASE,user-profile,Telemetry signal: Latency Increase recorded on user-profile,WARN
EVT-INC-8849-1,INC-8849,2026-08-28T04:03:00Z,MONITORING_ALERT,auth-service,Telemetry signal: Monitoring Alert recorded on auth-service,WARN
EVT-INC-8849-2,INC-8849,2026-08-28T04:31:00Z,ERROR_SPIKE,auth-service,Telemetry signal: Error Spike recorded on auth-service,WARN
EVT-INC-8849-3,INC-8849,2026-08-28T04:43:00Z,LATENCY_INCREASE,auth-service,Telemetry signal: Latency Increase recorded on auth-service,WARN
EVT-INC-8849-4,INC-8849,2026-08-28T04:46:00Z,TRAFFIC_SURGE,auth-service,Telemetry signal: Traffic Surge recorded on auth-service,WARN
