id,title,service,severity,risk,risk_score,anomaly_detected,anomaly_score,status,timestamp,summary,affected_users_count,root_cause_category
INC-8000,Race condition in concurrent token refresh logic on inventory-api,inventory-api,MEDIUM,HIGH,65,1,0.2802,RESOLVED,2026-09-24T03:38:00Z,Degradation on inventory-api (Tier 2): observed 8.1% error rate and P99 latency of 421ms impacting an estimated 26 active users. Primary symptom matches code_error pattern.,26,CODE_ERROR
INC-8001,Distributed crawler burst triggering endpoint 429 retries on checkout-service,checkout-service,LOW,LOW,11,1,0.4286,RESOLVED,2026-09-07T13:11:00Z,Degradation on checkout-service (Tier 1): observed 1.1% error rate and P99 latency of 253ms impacting an estimated 33 active users. Primary symptom matches traffic pattern.,33,TRAFFIC
INC-8002,DNS resolution timeouts between VPC private subnets on payment-gateway,payment-gateway,MEDIUM,LOW,35,0,0.1627,RESOLVED,2026-09-17T00:48:00Z,Degradation on payment-gateway (Tier 1): observed 3.6% error rate and P99 latency of 552ms impacting an estimated 403 active users. Primary symptom matches network pattern.,403,NETWORK
INC-8003,Deadlock cycle in distributed checkout table lock on notification-worker,notification-worker,LOW,LOW,30,0,0.0448,RESOLVED,2026-08-26T04:57:00Z,Degradation on notification-worker (Tier 3): observed 0.9% error rate and P99 latency of 403ms impacting an estimated 2 active users. Primary symptom matches database pattern.,2,DATABASE
INC-8004,High CPU throttling on Kubernetes node worker pool on order-processing,order-processing,MEDIUM,MEDIUM,46,1,-0.0403,RESOLVED,2026-08-23T09:42:00Z,Degradation on order-processing (Tier 1): observed 7.2% error rate and P99 latency of 273ms impacting an estimated 41 active users. Primary symptom matches infrastructure pattern.,41,INFRASTRUCTURE
INC-8005,Sudden traffic surge exceeding rate limiter bucket capacity on notification-worker,notification-worker,MEDIUM,MEDIUM,40,0,0.2335,MITIGATED,2026-09-25T07:30:00Z,Degradation on notification-worker (Tier 3): observed 1.8% error rate and P99 latency of 365ms impacting an estimated 68 active users. Primary symptom matches traffic pattern.,68,TRAFFIC
INC-8006,Unhandled arithmetic overflow in currency conversion on search-indexer,search-indexer,MEDIUM,LOW,35,1,-0.3089,RESOLVED,2026-09-07T21:44:00Z,Degradation on search-indexer (Tier 2): observed 9.8% error rate and P99 latency of 569ms impacting an estimated 180 active users. Primary symptom matches code_error pattern.,180,CODE_ERROR
INC-8007,Database migration lock timeout during schema rollout on search-indexer,search-indexer,HIGH,HIGH,71,1,0.0412,RESOLVED,2026-09-10T00:36:00Z,"Degradation on search-indexer (Tier 2): observed 21.3% error rate and P99 latency of 1057ms impacting an estimated 4,005 active users. Primary symptom matches deployment pattern.",4005,DEPLOYMENT
INC-8008,File descriptor limit reached on upstream reverse proxy on order-processing,order-processing,HIGH,CRITICAL,85,1,-0.4796,RESOLVED,2026-08-19T04:43:00Z,"Degradation on order-processing (Tier 1): observed 2.5% error rate and P99 latency of 796ms impacting an estimated 6,667 active users. Primary symptom matches infrastructure pattern.",6667,INFRASTRUCTURE
INC-8009,Recursive call in JSON parsing leading to stack exhaustion on notification-worker,notification-worker,MEDIUM,MEDIUM,40,0,-0.0483,RESOLVED,2026-09-03T08:37:00Z,"Degradation on notification-worker (Tier 3): observed 3.9% error rate and P99 latency of 613ms impacting an estimated 1,003 active users. Primary symptom matches code_error pattern.",1003,CODE_ERROR
INC-8010,Memory leak in unclosed HTTP response stream handler on notification-worker,notification-worker,HIGH,HIGH,68,1,-0.5506,RESOLVED,2026-09-11T08:39:00Z,"Degradation on notification-worker (Tier 3): observed 13.5% error rate and P99 latency of 767ms impacting an estimated 1,512 active users. Primary symptom matches code_error pattern.",1512,CODE_ERROR
INC-8011,TCP socket connection reset by peer on egress gateway on search-indexer,search-indexer,MEDIUM,LOW,26,1,0.042,MITIGATED,2026-09-24T19:19:00Z,"Degradation on search-indexer (Tier 2): observed 6.0% error rate and P99 latency of 1060ms impacting an estimated 1,476 active users. Primary symptom matches network pattern.",1476,NETWORK
INC-8012,File descriptor limit reached on upstream reverse proxy on search-indexer,search-indexer,MEDIUM,MEDIUM,60,1,0.2756,RESOLVED,2026-08-22T22:17:00Z,"Degradation on search-indexer (Tier 2): observed 6.7% error rate and P99 latency of 685ms impacting an estimated 1,909 active users. Primary symptom matches infrastructure pattern.",1909,INFRASTRUCTURE
INC-8013,Dependency version mismatch in gRPC protobuf schema on payment-gateway,payment-gateway,LOW,LOW,12,0,0.2084,RESOLVED,2026-09-02T07:35:00Z,Degradation on payment-gateway (Tier 1): observed 3.0% error rate and P99 latency of 277ms impacting an estimated 5 active users. Primary symptom matches deployment pattern.,5,DEPLOYMENT
INC-8014,Inter-region transit latency degradation exceeding SLA on checkout-service,checkout-service,LOW,LOW,14,0,0.2695,OPEN,2026-08-27T03:23:00Z,Degradation on checkout-service (Tier 1): observed 1.9% error rate and P99 latency of 198ms impacting an estimated 70 active users. Primary symptom matches network pattern.,70,NETWORK
INC-8015,Redis cluster shard memory limit eviction cascade on notification-worker,notification-worker,HIGH,HIGH,74,1,-0.1545,RESOLVED,2026-09-10T03:41:00Z,Degradation on notification-worker (Tier 3): observed 21.3% error rate and P99 latency of 1007ms impacting an estimated 273 active users. Primary symptom matches database pattern.,273,DATABASE
INC-8016,Slow query cascade triggering client connection timeout on user-profile,user-profile,LOW,LOW,24,0,0.1714,RESOLVED,2026-08-22T13:29:00Z,Degradation on user-profile (Tier 2): observed 0.1% error rate and P99 latency of 210ms impacting an estimated 61 active users. Primary symptom matches database pattern.,61,DATABASE
INC-8017,Recursive call in JSON parsing leading to stack exhaustion on inventory-api,inventory-api,LOW,LOW,31,0,0.4532,RESOLVED,2026-08-21T16:41:00Z,Degradation on inventory-api (Tier 2): observed 4.6% error rate and P99 latency of 159ms impacting an estimated 23 active users. Primary symptom matches code_error pattern.,23,CODE_ERROR
INC-8018,Unhandled arithmetic overflow in currency conversion on user-profile,user-profile,HIGH,HIGH,74,1,-0.1432,RESOLVED,2026-08-13T12:05:00Z,"Degradation on user-profile (Tier 2): observed 21.3% error rate and P99 latency of 305ms impacting an estimated 10,114 active users. Primary symptom matches code_error pattern.",10114,CODE_ERROR
INC-8019,Inter-region transit latency degradation exceeding SLA on inventory-api,inventory-api,MEDIUM,LOW,36,1,0.1947,RESOLVED,2026-09-15T20:22:00Z,Degradation on inventory-api (Tier 2): observed 6.5% error rate and P99 latency of 256ms impacting an estimated 148 active users. Primary symptom matches network pattern.,148,NETWORK
INC-8020,Null pointer exception in payload serialization post-release on inventory-api,inventory-api,CRITICAL,CRITICAL,90,1,-0.8742,RESOLVED,2026-09-05T20:16:00Z,"Degradation on inventory-api (Tier 2): observed 29.0% error rate and P99 latency of 878ms impacting an estimated 18,094 active users. Primary symptom matches deployment pattern.",18094,DEPLOYMENT
INC-8021,Recursive call in JSON parsing leading to stack exhaustion on user-profile,user-profile,LOW,LOW,32,0,0.6135,RESOLVED,2026-09-21T23:14:00Z,Degradation on user-profile (Tier 2): observed 2.1% error rate and P99 latency of 140ms impacting an estimated 125 active users. Primary symptom matches code_error pattern.,125,CODE_ERROR
INC-8022,High CPU throttling on Kubernetes node worker pool on payment-gateway,payment-gateway,LOW,LOW,31,0,0.5128,INVESTIGATING,2026-09-17T03:37:00Z,Degradation on payment-gateway (Tier 1): observed 0.1% error rate and P99 latency of 233ms impacting an estimated 96 active users. Primary symptom matches infrastructure pattern.,96,INFRASTRUCTURE
INC-8023,Config flag default inversion causing request rejections on checkout-service,checkout-service,LOW,LOW,28,1,-0.0532,RESOLVED,2026-09-15T15:52:00Z,Degradation on checkout-service (Tier 1): observed 1.3% error rate and P99 latency of 237ms impacting an estimated 37 active users. Primary symptom matches deployment pattern.,37,DEPLOYMENT
INC-8024,Corrupted response payload format failing client validation on auth-service,auth-service,HIGH,HIGH,72,1,-0.5129,RESOLVED,2026-09-03T03:10:00Z,"Degradation on auth-service (Tier 1): observed 12.9% error rate and P99 latency of 357ms impacting an estimated 2,730 active users. Primary symptom matches code_error pattern.",2730,CODE_ERROR
INC-8025,Unhandled arithmetic overflow in currency conversion on notification-worker,notification-worker,HIGH,HIGH,76,0,-0.1336,RESOLVED,2026-09-11T19:56:00Z,"Degradation on notification-worker (Tier 3): observed 29.9% error rate and P99 latency of 150ms impacting an estimated 1,618 active users. Primary symptom matches code_error pattern.",1618,CODE_ERROR
INC-8026,Database migration lock timeout during schema rollout on auth-service,auth-service,HIGH,CRITICAL,89,1,-0.0919,RESOLVED,2026-08-17T01:44:00Z,"Degradation on auth-service (Tier 1): observed 8.2% error rate and P99 latency of 184ms impacting an estimated 3,022 active users. Primary symptom matches deployment pattern.",3022,DEPLOYMENT
INC-8027,Null pointer exception in payload serialization post-release on auth-service,auth-service,LOW,LOW,5,0,0.0939,RESOLVED,2026-09-09T12:44:00Z,Degradation on auth-service (Tier 1): observed 0.1% error rate and P99 latency of 224ms impacting an estimated 38 active users. Primary symptom matches deployment pattern.,38,DEPLOYMENT
INC-8028,DNS resolution timeouts between VPC private subnets on search-indexer,search-indexer,HIGH,CRITICAL,82,0,-0.3474,RESOLVED,2026-08-30T03:57:00Z,"Degradation on search-indexer (Tier 2): observed 14.4% error rate and P99 latency of 1602ms impacting an estimated 1,314 active users. Primary symptom matches network pattern.",1314,NETWORK
INC-8029,Spike in unauthenticated request probe flood on order-processing,order-processing,HIGH,CRITICAL,86,1,-0.6595,RESOLVED,2026-08-15T04:57:00Z,"Degradation on order-processing (Tier 1): observed 9.6% error rate and P99 latency of 832ms impacting an estimated 7,888 active users. Primary symptom matches traffic pattern.",7888,TRAFFIC
INC-8030,Flash sale burst traffic causing ingress queue build-up on payment-gateway,payment-gateway,LOW,LOW,16,0,0.5624,RESOLVED,2026-09-12T07:22:00Z,Degradation on payment-gateway (Tier 1): observed 5.0% error rate and P99 latency of 199ms impacting an estimated 4 active users. Primary symptom matches traffic pattern.,4,TRAFFIC
INC-8031,Memory leak in unclosed HTTP response stream handler on notification-worker,notification-worker,MEDIUM,MEDIUM,56,1,0.2331,MITIGATED,2026-09-14T01:23:00Z,Degradation on notification-worker (Tier 3): observed 7.6% error rate and P99 latency of 610ms impacting an estimated 149 active users. Primary symptom matches code_error pattern.,149,CODE_ERROR
INC-8032,Unindexed query scan causing read replica CPU spike on order-processing,order-processing,LOW,LOW,30,0,0.5534,RESOLVED,2026-09-03T20:29:00Z,Degradation on order-processing (Tier 1): observed 1.8% error rate and P99 latency of 539ms impacting an estimated 117 active users. Primary symptom matches database pattern.,117,DATABASE
INC-8033,DNS resolution timeouts between VPC private subnets on user-profile,user-profile,LOW,LOW,13,0,0.75,RESOLVED,2026-09-05T13:35:00Z,Degradation on user-profile (Tier 2): observed 3.8% error rate and P99 latency of 218ms impacting an estimated 180 active users. Primary symptom matches network pattern.,180,NETWORK
INC-8034,Pod memory limit hit triggering repeated OOMKilled events on notification-worker,notification-worker,HIGH,HIGH,72,1,-0.5193,RESOLVED,2026-09-08T06:22:00Z,Degradation on notification-worker (Tier 3): observed 9.5% error rate and P99 latency of 1043ms impacting an estimated 267 active users. Primary symptom matches infrastructure pattern.,267,INFRASTRUCTURE
INC-8035,TCP socket connection reset by peer on egress gateway on user-profile,user-profile,LOW,LOW,24,0,0.2233,RESOLVED,2026-09-19T19:48:00Z,Degradation on user-profile (Tier 2): observed 3.3% error rate and P99 latency of 143ms impacting an estimated 57 active users. Primary symptom matches network pattern.,57,NETWORK
INC-8036,Spike in unauthenticated request probe flood on notification-worker,notification-worker,MEDIUM,MEDIUM,57,1,0.002,MITIGATED,2026-09-12T02:27:00Z,Degradation on notification-worker (Tier 3): observed 5.0% error rate and P99 latency of 187ms impacting an estimated 675 active users. Primary symptom matches traffic pattern.,675,TRAFFIC
INC-8037,Ephemeral disk volume full due to unrotated application logs on notification-worker,notification-worker,LOW,LOW,20,1,0.4504,MITIGATED,2026-08-18T13:33:00Z,Degradation on notification-worker (Tier 3): observed 1.8% error rate and P99 latency of 321ms impacting an estimated 82 active users. Primary symptom matches infrastructure pattern.,82,INFRASTRUCTURE
INC-8038,Unhandled arithmetic overflow in currency conversion on checkout-service,checkout-service,CRITICAL,CRITICAL,97,1,-0.4773,RESOLVED,2026-08-19T09:07:00Z,"Degradation on checkout-service (Tier 1): observed 37.2% error rate and P99 latency of 941ms impacting an estimated 33,093 active users. Primary symptom matches code_error pattern.",33093,CODE_ERROR
INC-8039,Garbage collection pause duration exceeding 1500ms on checkout-service,checkout-service,MEDIUM,LOW,26,1,-0.1077,RESOLVED,2026-08-21T13:43:00Z,Degradation on checkout-service (Tier 1): observed 13.4% error rate and P99 latency of 541ms impacting an estimated 146 active users. Primary symptom matches infrastructure pattern.,146,INFRASTRUCTURE
INC-8040,Garbage collection pause duration exceeding 1500ms on checkout-service,checkout-service,CRITICAL,HIGH,81,1,-0.3203,RESOLVED,2026-09-22T15:13:00Z,"Degradation on checkout-service (Tier 1): observed 24.2% error rate and P99 latency of 994ms impacting an estimated 10,966 active users. Primary symptom matches infrastructure pattern.",10966,INFRASTRUCTURE
INC-8041,Memory leak in unclosed HTTP response stream handler on auth-service,auth-service,MEDIUM,MEDIUM,48,1,0.0641,RESOLVED,2026-09-09T23:42:00Z,Degradation on auth-service (Tier 1): observed 10.3% error rate and P99 latency of 80ms impacting an estimated 241 active users. Primary symptom matches code_error pattern.,241,CODE_ERROR
INC-8042,Flash sale burst traffic causing ingress queue build-up on payment-gateway,payment-gateway,MEDIUM,LOW,31,1,0.4333,RESOLVED,2026-08-25T22:59:00Z,Degradation on payment-gateway (Tier 1): observed 5.1% error rate and P99 latency of 96ms impacting an estimated 116 active users. Primary symptom matches traffic pattern.,116,TRAFFIC
INC-8043,Deadlock cycle in distributed checkout table lock on notification-worker,notification-worker,LOW,LOW,19,0,0.5929,RESOLVED,2026-08-16T08:23:00Z,Degradation on notification-worker (Tier 3): observed 2.3% error rate and P99 latency of 400ms impacting an estimated 48 active users. Primary symptom matches database pattern.,48,DATABASE
INC-8044,Slow query cascade triggering client connection timeout on search-indexer,search-indexer,CRITICAL,CRITICAL,87,1,-0.5208,RESOLVED,2026-08-17T16:59:00Z,"Degradation on search-indexer (Tier 2): observed 36.8% error rate and P99 latency of 1662ms impacting an estimated 4,730 active users. Primary symptom matches database pattern.",4730,DATABASE
INC-8045,Redis cluster shard memory limit eviction cascade on search-indexer,search-indexer,LOW,LOW,5,0,0.3277,INVESTIGATING,2026-09-07T14:35:00Z,Degradation on search-indexer (Tier 2): observed 4.1% error rate and P99 latency of 599ms impacting an estimated 36 active users. Primary symptom matches database pattern.,36,DATABASE
INC-8046,Connection pool saturation under sustained transaction load on user-profile,user-profile,HIGH,MEDIUM,63,1,-0.224,RESOLVED,2026-08-25T19:28:00Z,"Degradation on user-profile (Tier 2): observed 7.5% error rate and P99 latency of 501ms impacting an estimated 6,358 active users. Primary symptom matches database pattern.",6358,DATABASE
INC-8047,Deadlock cycle in distributed checkout table lock on auth-service,auth-service,HIGH,HIGH,65,1,-0.2965,RESOLVED,2026-08-29T03:29:00Z,"Degradation on auth-service (Tier 1): observed 12.6% error rate and P99 latency of 439ms impacting an estimated 1,960 active users. Primary symptom matches database pattern.",1960,DATABASE
INC-8048,Database migration lock timeout during schema rollout on checkout-service,checkout-service,LOW,LOW,6,0,0.6917,RESOLVED,2026-08-27T06:05:00Z,Degradation on checkout-service (Tier 1): observed 1.6% error rate and P99 latency of 307ms impacting an estimated 27 active users. Primary symptom matches deployment pattern.,27,DEPLOYMENT
INC-8049,Pod memory limit hit triggering repeated OOMKilled events on search-indexer,search-indexer,CRITICAL,HIGH,79,1,-0.6134,RESOLVED,2026-08-27T14:02:00Z,"Degradation on search-indexer (Tier 2): observed 45.8% error rate and P99 latency of 1834ms impacting an estimated 1,076 active users. Primary symptom matches infrastructure pattern.",1076,INFRASTRUCTURE
INC-8050,Recursive call in JSON parsing leading to stack exhaustion on notification-worker,notification-worker,CRITICAL,CRITICAL,89,1,-0.805,RESOLVED,2026-09-23T14:50:00Z,"Degradation on notification-worker (Tier 3): observed 24.2% error rate and P99 latency of 689ms impacting an estimated 14,788 active users. Primary symptom matches code_error pattern.",14788,CODE_ERROR
INC-8051,TCP socket connection reset by peer on egress gateway on notification-worker,notification-worker,LOW,LOW,8,0,0.4907,RESOLVED,2026-08-18T06:04:00Z,Degradation on notification-worker (Tier 3): observed 4.1% error rate and P99 latency of 270ms impacting an estimated 62 active users. Primary symptom matches network pattern.,62,NETWORK
INC-8052,TLS certificate handshake timeout on third-party webhook on inventory-api,inventory-api,HIGH,HIGH,69,1,-0.5769,RESOLVED,2026-08-30T01:43:00Z,"Degradation on inventory-api (Tier 2): observed 11.8% error rate and P99 latency of 266ms impacting an estimated 1,479 active users. Primary symptom matches network pattern.",1479,NETWORK
INC-8053,Race condition in concurrent token refresh logic on search-indexer,search-indexer,LOW,LOW,15,0,0.4926,RESOLVED,2026-08-24T09:53:00Z,Degradation on search-indexer (Tier 2): observed 0.9% error rate and P99 latency of 543ms impacting an estimated 50 active users. Primary symptom matches code_error pattern.,50,CODE_ERROR
INC-8054,Slow query cascade triggering client connection timeout on checkout-service,checkout-service,CRITICAL,CRITICAL,88,1,-0.868,RESOLVED,2026-09-15T17:59:00Z,"Degradation on checkout-service (Tier 1): observed 24.1% error rate and P99 latency of 375ms impacting an estimated 3,235 active users. Primary symptom matches database pattern.",3235,DATABASE
INC-8055,Flash sale burst traffic causing ingress queue build-up on notification-worker,notification-worker,HIGH,HIGH,76,1,0.0104,RESOLVED,2026-09-15T03:07:00Z,Degradation on notification-worker (Tier 3): observed 11.8% error rate and P99 latency of 397ms impacting an estimated 822 active users. Primary symptom matches traffic pattern.,822,TRAFFIC
INC-8056,Recursive call in JSON parsing leading to stack exhaustion on inventory-api,inventory-api,MEDIUM,MEDIUM,48,1,0.0033,MITIGATED,2026-08-18T16:15:00Z,"Degradation on inventory-api (Tier 2): observed 0.5% error rate and P99 latency of 408ms impacting an estimated 1,253 active users. Primary symptom matches code_error pattern.",1253,CODE_ERROR
INC-8057,TCP socket connection reset by peer on egress gateway on checkout-service,checkout-service,HIGH,HIGH,74,1,0.1689,RESOLVED,2026-09-03T08:04:00Z,Degradation on checkout-service (Tier 1): observed 23.6% error rate and P99 latency of 684ms impacting an estimated 502 active users. Primary symptom matches network pattern.,502,NETWORK
INC-8058,Null pointer exception in payload serialization post-release on checkout-service,checkout-service,MEDIUM,MEDIUM,48,1,0.5,RESOLVED,2026-08-24T18:34:00Z,Degradation on checkout-service (Tier 1): observed 9.3% error rate and P99 latency of 600ms impacting an estimated 279 active users. Primary symptom matches deployment pattern.,279,DEPLOYMENT
INC-8059,Redis cluster shard memory limit eviction cascade on checkout-service,checkout-service,HIGH,MEDIUM,58,1,-0.0641,MITIGATED,2026-08-19T15:39:00Z,Degradation on checkout-service (Tier 1): observed 18.1% error rate and P99 latency of 841ms impacting an estimated 348 active users. Primary symptom matches database pattern.,348,DATABASE
INC-8060,Spike in unauthenticated request probe flood on checkout-service,checkout-service,MEDIUM,MEDIUM,57,1,-0.2068,MITIGATED,2026-08-31T01:32:00Z,Degradation on checkout-service (Tier 1): observed 7.6% error rate and P99 latency of 498ms impacting an estimated 74 active users. Primary symptom matches traffic pattern.,74,TRAFFIC
INC-8061,Stale cache invalidation logic deployed in Canary on search-indexer,search-indexer,MEDIUM,MEDIUM,45,0,-0.2436,RESOLVED,2026-09-04T12:15:00Z,Degradation on search-indexer (Tier 2): observed 6.7% error rate and P99 latency of 806ms impacting an estimated 52 active users. Primary symptom matches deployment pattern.,52,DEPLOYMENT
INC-8062,Garbage collection pause duration exceeding 1500ms on user-profile,user-profile,HIGH,HIGH,65,1,-0.6612,RESOLVED,2026-09-11T23:12:00Z,"Degradation on user-profile (Tier 2): observed 13.1% error rate and P99 latency of 626ms impacting an estimated 3,315 active users. Primary symptom matches infrastructure pattern.",3315,INFRASTRUCTURE
INC-8063,Distributed crawler burst triggering endpoint 429 retries on checkout-service,checkout-service,HIGH,HIGH,72,1,-0.1686,RESOLVED,2026-09-05T05:52:00Z,"Degradation on checkout-service (Tier 1): observed 4.4% error rate and P99 latency of 785ms impacting an estimated 1,973 active users. Primary symptom matches traffic pattern.",1973,TRAFFIC
INC-8064,TLS certificate handshake timeout on third-party webhook on notification-worker,notification-worker,MEDIUM,LOW,37,1,0.0123,RESOLVED,2026-09-26T02:50:00Z,Degradation on notification-worker (Tier 3): observed 8.0% error rate and P99 latency of 306ms impacting an estimated 248 active users. Primary symptom matches network pattern.,248,NETWORK
INC-8065,Batch data import job executed during peak consumer hours on inventory-api,inventory-api,LOW,LOW,11,0,-0.0637,RESOLVED,2026-08-26T12:35:00Z,Degradation on inventory-api (Tier 2): observed 1.9% error rate and P99 latency of 134ms impacting an estimated 97 active users. Primary symptom matches traffic pattern.,97,TRAFFIC
INC-8066,Batch data import job executed during peak consumer hours on user-profile,user-profile,HIGH,HIGH,69,1,-0.4182,RESOLVED,2026-09-20T03:05:00Z,Degradation on user-profile (Tier 2): observed 21.4% error rate and P99 latency of 150ms impacting an estimated 712 active users. Primary symptom matches traffic pattern.,712,TRAFFIC
INC-8067,Distributed crawler burst triggering endpoint 429 retries on auth-service,auth-service,CRITICAL,CRITICAL,87,1,-0.8492,RESOLVED,2026-09-25T06:39:00Z,Degradation on auth-service (Tier 1): observed 8.0% error rate and P99 latency of 386ms impacting an estimated 800 active users. Primary symptom matches traffic pattern.,800,TRAFFIC
INC-8068,TCP socket connection reset by peer on egress gateway on search-indexer,search-indexer,LOW,LOW,21,1,0.2141,RESOLVED,2026-08-14T08:04:00Z,Degradation on search-indexer (Tier 2): observed 5.7% error rate and P99 latency of 518ms impacting an estimated 13 active users. Primary symptom matches network pattern.,13,NETWORK
INC-8069,Batch data import job executed during peak consumer hours on search-indexer,search-indexer,MEDIUM,MEDIUM,44,0,-0.0614,RESOLVED,2026-09-20T04:56:00Z,Degradation on search-indexer (Tier 2): observed 4.2% error rate and P99 latency of 674ms impacting an estimated 230 active users. Primary symptom matches traffic pattern.,230,TRAFFIC
INC-8070,Deadlock cycle in distributed checkout table lock on notification-worker,notification-worker,LOW,LOW,29,0,0.0677,RESOLVED,2026-09-12T22:41:00Z,Degradation on notification-worker (Tier 3): observed 0.1% error rate and P99 latency of 423ms impacting an estimated 1 active users. Primary symptom matches database pattern.,1,DATABASE
INC-8071,Network packet loss on Kubernetes overlay CNI bridge on inventory-api,inventory-api,LOW,LOW,18,0,0.6398,RESOLVED,2026-08-12T21:10:00Z,Degradation on inventory-api (Tier 2): observed 1.0% error rate and P99 latency of 157ms impacting an estimated 76 active users. Primary symptom matches network pattern.,76,NETWORK
INC-8072,Distributed crawler burst triggering endpoint 429 retries on notification-worker,notification-worker,LOW,LOW,16,0,0.6123,RESOLVED,2026-08-29T11:16:00Z,Degradation on notification-worker (Tier 3): observed 0.2% error rate and P99 latency of 352ms impacting an estimated 32 active users. Primary symptom matches traffic pattern.,32,TRAFFIC
INC-8073,Garbage collection pause duration exceeding 1500ms on payment-gateway,payment-gateway,LOW,LOW,24,1,0.3258,RESOLVED,2026-09-26T06:06:00Z,Degradation on payment-gateway (Tier 1): observed 0.7% error rate and P99 latency of 129ms impacting an estimated 48 active users. Primary symptom matches infrastructure pattern.,48,INFRASTRUCTURE
INC-8074,DNS resolution timeouts between VPC private subnets on inventory-api,inventory-api,LOW,LOW,25,0,-0.0775,RESOLVED,2026-09-22T10:03:00Z,Degradation on inventory-api (Tier 2): observed 1.0% error rate and P99 latency of 217ms impacting an estimated 33 active users. Primary symptom matches network pattern.,33,NETWORK
INC-8075,Stale cache invalidation logic deployed in Canary on checkout-service,checkout-service,CRITICAL,CRITICAL,90,1,-0.8261,INVESTIGATING,2026-08-17T14:07:00Z,"Degradation on checkout-service (Tier 1): observed 18.9% error rate and P99 latency of 917ms impacting an estimated 1,789 active users. Primary symptom matches deployment pattern.",1789,DEPLOYMENT
INC-8076,Dependency version mismatch in gRPC protobuf schema on notification-worker,notification-worker,LOW,LOW,5,1,0.0301,MITIGATED,2026-08-24T18:51:00Z,Degradation on notification-worker (Tier 3): observed 2.4% error rate and P99 latency of 373ms impacting an estimated 55 active users. Primary symptom matches deployment pattern.,55,DEPLOYMENT
INC-8077,Dependency version mismatch in gRPC protobuf schema on user-profile,user-profile,CRITICAL,CRITICAL,83,1,-0.8933,RESOLVED,2026-08-14T01:42:00Z,"Degradation on user-profile (Tier 2): observed 25.4% error rate and P99 latency of 793ms impacting an estimated 2,674 active users. Primary symptom matches deployment pattern.",2674,DEPLOYMENT
INC-8078,Inter-region transit latency degradation exceeding SLA on inventory-api,inventory-api,MEDIUM,MEDIUM,41,1,0.0866,MITIGATED,2026-09-16T10:32:00Z,Degradation on inventory-api (Tier 2): observed 3.4% error rate and P99 latency of 133ms impacting an estimated 593 active users. Primary symptom matches network pattern.,593,NETWORK
INC-8079,Sudden traffic surge exceeding rate limiter bucket capacity on order-processing,order-processing,MEDIUM,MEDIUM,55,1,-0.1187,RESOLVED,2026-08-15T17:53:00Z,Degradation on order-processing (Tier 1): observed 14.7% error rate and P99 latency of 719ms impacting an estimated 524 active users. Primary symptom matches traffic pattern.,524,TRAFFIC
INC-8080,Slow query cascade triggering client connection timeout on notification-worker,notification-worker,LOW,LOW,21,0,0.5052,RESOLVED,2026-09-06T05:10:00Z,Degradation on notification-worker (Tier 3): observed 2.7% error rate and P99 latency of 353ms impacting an estimated 149 active users. Primary symptom matches database pattern.,149,DATABASE
INC-8081,Stale cache invalidation logic deployed in Canary on order-processing,order-processing,MEDIUM,MEDIUM,47,1,-0.4483,RESOLVED,2026-08-14T22:57:00Z,Degradation on order-processing (Tier 1): observed 7.1% error rate and P99 latency of 580ms impacting an estimated 530 active users. Primary symptom matches deployment pattern.,530,DEPLOYMENT
INC-8082,Network packet loss on Kubernetes overlay CNI bridge on auth-service,auth-service,MEDIUM,MEDIUM,47,1,0.2545,RESOLVED,2026-08-18T08:06:00Z,"Degradation on auth-service (Tier 1): observed 7.9% error rate and P99 latency of 273ms impacting an estimated 1,162 active users. Primary symptom matches network pattern.",1162,NETWORK
INC-8083,Redis cluster shard memory limit eviction cascade on search-indexer,search-indexer,HIGH,HIGH,73,1,-0.4697,RESOLVED,2026-08-24T11:50:00Z,Degradation on search-indexer (Tier 2): observed 16.2% error rate and P99 latency of 2174ms impacting an estimated 731 active users. Primary symptom matches database pattern.,731,DATABASE
INC-8084,DNS resolution timeouts between VPC private subnets on notification-worker,notification-worker,MEDIUM,MEDIUM,50,1,0.3169,RESOLVED,2026-09-24T11:26:00Z,Degradation on notification-worker (Tier 3): observed 10.5% error rate and P99 latency of 414ms impacting an estimated 172 active users. Primary symptom matches network pattern.,172,NETWORK
INC-8085,Inter-region transit latency degradation exceeding SLA on user-profile,user-profile,MEDIUM,MEDIUM,43,1,0.486,MITIGATED,2026-08-17T14:39:00Z,Degradation on user-profile (Tier 2): observed 6.8% error rate and P99 latency of 163ms impacting an estimated 931 active users. Primary symptom matches network pattern.,931,NETWORK
INC-8086,Garbage collection pause duration exceeding 1500ms on search-indexer,search-indexer,HIGH,HIGH,71,1,-0.2914,RESOLVED,2026-09-02T00:12:00Z,Degradation on search-indexer (Tier 2): observed 26.3% error rate and P99 latency of 946ms impacting an estimated 983 active users. Primary symptom matches infrastructure pattern.,983,INFRASTRUCTURE
INC-8087,Deadlock cycle in distributed checkout table lock on search-indexer,search-indexer,LOW,LOW,23,0,0.4731,RESOLVED,2026-08-18T22:28:00Z,Degradation on search-indexer (Tier 2): observed 4.1% error rate and P99 latency of 567ms impacting an estimated 57 active users. Primary symptom matches database pattern.,57,DATABASE
INC-8088,Ephemeral disk volume full due to unrotated application logs on order-processing,order-processing,MEDIUM,MEDIUM,63,0,-0.1212,RESOLVED,2026-08-13T16:55:00Z,Degradation on order-processing (Tier 1): observed 7.4% error rate and P99 latency of 397ms impacting an estimated 680 active users. Primary symptom matches infrastructure pattern.,680,INFRASTRUCTURE
INC-8089,File descriptor limit reached on upstream reverse proxy on user-profile,user-profile,LOW,LOW,15,0,0.2531,RESOLVED,2026-08-24T14:41:00Z,Degradation on user-profile (Tier 2): observed 0.6% error rate and P99 latency of 156ms impacting an estimated 53 active users. Primary symptom matches infrastructure pattern.,53,INFRASTRUCTURE
INC-8090,Deadlock cycle in distributed checkout table lock on search-indexer,search-indexer,LOW,LOW,21,0,0.75,RESOLVED,2026-09-01T10:19:00Z,Degradation on search-indexer (Tier 2): observed 2.2% error rate and P99 latency of 715ms impacting an estimated 27 active users. Primary symptom matches database pattern.,27,DATABASE
INC-8091,Network packet loss on Kubernetes overlay CNI bridge on user-profile,user-profile,LOW,LOW,28,0,0.75,RESOLVED,2026-08-15T18:16:00Z,Degradation on user-profile (Tier 2): observed 1.0% error rate and P99 latency of 183ms impacting an estimated 104 active users. Primary symptom matches network pattern.,104,NETWORK
INC-8092,Pod memory limit hit triggering repeated OOMKilled events on order-processing,order-processing,MEDIUM,MEDIUM,63,1,0.2446,RESOLVED,2026-09-04T11:58:00Z,Degradation on order-processing (Tier 1): observed 8.4% error rate and P99 latency of 618ms impacting an estimated 538 active users. Primary symptom matches infrastructure pattern.,538,INFRASTRUCTURE
INC-8093,TLS certificate handshake timeout on third-party webhook on payment-gateway,payment-gateway,MEDIUM,MEDIUM,50,0,0.0639,MITIGATED,2026-08-16T02:03:00Z,Degradation on payment-gateway (Tier 1): observed 6.0% error rate and P99 latency of 505ms impacting an estimated 803 active users. Primary symptom matches network pattern.,803,NETWORK
INC-8094,Deadlock cycle in distributed checkout table lock on order-processing,order-processing,CRITICAL,CRITICAL,88,1,-0.5998,RESOLVED,2026-08-27T17:42:00Z,"Degradation on order-processing (Tier 1): observed 18.8% error rate and P99 latency of 1410ms impacting an estimated 13,598 active users. Primary symptom matches database pattern.",13598,DATABASE
INC-8095,Inter-region transit latency degradation exceeding SLA on notification-worker,notification-worker,HIGH,CRITICAL,82,1,-0.7308,RESOLVED,2026-08-18T10:38:00Z,Degradation on notification-worker (Tier 3): observed 20.0% error rate and P99 latency of 529ms impacting an estimated 195 active users. Primary symptom matches network pattern.,195,NETWORK
INC-8096,Pod memory limit hit triggering repeated OOMKilled events on payment-gateway,payment-gateway,LOW,LOW,7,0,-0.1997,RESOLVED,2026-08-25T01:17:00Z,Degradation on payment-gateway (Tier 1): observed 1.0% error rate and P99 latency of 285ms impacting an estimated 19 active users. Primary symptom matches infrastructure pattern.,19,INFRASTRUCTURE
INC-8097,Distributed crawler burst triggering endpoint 429 retries on search-indexer,search-indexer,MEDIUM,MEDIUM,55,1,0.0202,RESOLVED,2026-08-26T02:51:00Z,Degradation on search-indexer (Tier 2): observed 7.9% error rate and P99 latency of 536ms impacting an estimated 478 active users. Primary symptom matches traffic pattern.,478,TRAFFIC
INC-8098,File descriptor limit reached on upstream reverse proxy on notification-worker,notification-worker,MEDIUM,LOW,34,0,0.4831,RESOLVED,2026-08-27T10:08:00Z,"Degradation on notification-worker (Tier 3): observed 12.4% error rate and P99 latency of 173ms impacting an estimated 1,010 active users. Primary symptom matches infrastructure pattern.",1010,INFRASTRUCTURE
INC-8099,Config flag default inversion causing request rejections on user-profile,user-profile,HIGH,HIGH,73,1,-0.1727,RESOLVED,2026-09-01T05:50:00Z,"Degradation on user-profile (Tier 2): observed 15.5% error rate and P99 latency of 494ms impacting an estimated 4,007 active users. Primary symptom matches deployment pattern.",4007,DEPLOYMENT
INC-8100,Database migration lock timeout during schema rollout on inventory-api,inventory-api,MEDIUM,MEDIUM,57,0,-0.1458,RESOLVED,2026-08-31T11:02:00Z,Degradation on inventory-api (Tier 2): observed 6.2% error rate and P99 latency of 182ms impacting an estimated 29 active users. Primary symptom matches deployment pattern.,29,DEPLOYMENT
INC-8101,Unhandled arithmetic overflow in currency conversion on inventory-api,inventory-api,MEDIUM,LOW,37,1,0.0357,RESOLVED,2026-08-14T12:25:00Z,Degradation on inventory-api (Tier 2): observed 5.1% error rate and P99 latency of 223ms impacting an estimated 534 active users. Primary symptom matches code_error pattern.,534,CODE_ERROR
INC-8102,Memory leak in unclosed HTTP response stream handler on user-profile,user-profile,MEDIUM,MEDIUM,45,1,-0.1546,RESOLVED,2026-09-11T21:30:00Z,Degradation on user-profile (Tier 2): observed 6.5% error rate and P99 latency of 527ms impacting an estimated 177 active users. Primary symptom matches code_error pattern.,177,CODE_ERROR
INC-8103,Flash sale burst traffic causing ingress queue build-up on search-indexer,search-indexer,MEDIUM,MEDIUM,63,1,0.3274,INVESTIGATING,2026-09-01T10:54:00Z,Degradation on search-indexer (Tier 2): observed 3.3% error rate and P99 latency of 1044ms impacting an estimated 82 active users. Primary symptom matches traffic pattern.,82,TRAFFIC
INC-8104,TLS certificate handshake timeout on third-party webhook on inventory-api,inventory-api,MEDIUM,MEDIUM,62,0,0.1093,RESOLVED,2026-09-23T02:58:00Z,Degradation on inventory-api (Tier 2): observed 6.7% error rate and P99 latency of 430ms impacting an estimated 186 active users. Primary symptom matches network pattern.,186,NETWORK
INC-8105,Deadlock cycle in distributed checkout table lock on auth-service,auth-service,LOW,LOW,27,1,0.2066,RESOLVED,2026-08-28T03:13:00Z,Degradation on auth-service (Tier 1): observed 4.9% error rate and P99 latency of 353ms impacting an estimated 123 active users. Primary symptom matches database pattern.,123,DATABASE
INC-8106,Corrupted response payload format failing client validation on order-processing,order-processing,MEDIUM,MEDIUM,45,0,-0.4506,RESOLVED,2026-08-30T16:52:00Z,Degradation on order-processing (Tier 1): observed 6.4% error rate and P99 latency of 823ms impacting an estimated 100 active users. Primary symptom matches code_error pattern.,100,CODE_ERROR
INC-8107,Slow query cascade triggering client connection timeout on user-profile,user-profile,MEDIUM,MEDIUM,50,1,0.3641,RESOLVED,2026-08-25T18:42:00Z,"Degradation on user-profile (Tier 2): observed 7.8% error rate and P99 latency of 232ms impacting an estimated 1,977 active users. Primary symptom matches database pattern.",1977,DATABASE
INC-8108,TCP socket connection reset by peer on egress gateway on checkout-service,checkout-service,CRITICAL,CRITICAL,97,1,-0.4016,MITIGATED,2026-09-01T08:56:00Z,"Degradation on checkout-service (Tier 1): observed 46.2% error rate and P99 latency of 1325ms impacting an estimated 3,079 active users. Primary symptom matches network pattern.",3079,NETWORK
INC-8109,Corrupted response payload format failing client validation on order-processing,order-processing,MEDIUM,MEDIUM,47,1,0.4018,MITIGATED,2026-09-16T17:09:00Z,"Degradation on order-processing (Tier 1): observed 4.5% error rate and P99 latency of 601ms impacting an estimated 1,599 active users. Primary symptom matches code_error pattern.",1599,CODE_ERROR
INC-8110,Batch data import job executed during peak consumer hours on user-profile,user-profile,MEDIUM,LOW,33,1,0.3982,MITIGATED,2026-08-29T09:26:00Z,Degradation on user-profile (Tier 2): observed 8.2% error rate and P99 latency of 395ms impacting an estimated 80 active users. Primary symptom matches traffic pattern.,80,TRAFFIC
INC-8111,Slow query cascade triggering client connection timeout on search-indexer,search-indexer,MEDIUM,LOW,30,1,-0.0784,RESOLVED,2026-08-25T22:21:00Z,Degradation on search-indexer (Tier 2): observed 5.0% error rate and P99 latency of 1035ms impacting an estimated 184 active users. Primary symptom matches database pattern.,184,DATABASE
INC-8112,Stale cache invalidation logic deployed in Canary on payment-gateway,payment-gateway,HIGH,HIGH,81,1,-0.2903,RESOLVED,2026-08-13T15:00:00Z,"Degradation on payment-gateway (Tier 1): observed 25.8% error rate and P99 latency of 320ms impacting an estimated 5,205 active users. Primary symptom matches deployment pattern.",5205,DEPLOYMENT
INC-8113,Distributed crawler burst triggering endpoint 429 retries on payment-gateway,payment-gateway,LOW,LOW,29,1,0.3298,RESOLVED,2026-08-22T15:10:00Z,Degradation on payment-gateway (Tier 1): observed 1.4% error rate and P99 latency of 203ms impacting an estimated 2 active users. Primary symptom matches traffic pattern.,2,TRAFFIC
INC-8114,Unhandled arithmetic overflow in currency conversion on notification-worker,notification-worker,MEDIUM,MEDIUM,60,0,-0.262,RESOLVED,2026-08-27T17:46:00Z,Degradation on notification-worker (Tier 3): observed 6.8% error rate and P99 latency of 613ms impacting an estimated 301 active users. Primary symptom matches code_error pattern.,301,CODE_ERROR
INC-8115,Unindexed query scan causing read replica CPU spike on search-indexer,search-indexer,LOW,LOW,23,0,0.4412,RESOLVED,2026-08-31T13:05:00Z,Degradation on search-indexer (Tier 2): observed 2.7% error rate and P99 latency of 486ms impacting an estimated 70 active users. Primary symptom matches database pattern.,70,DATABASE
INC-8116,High CPU throttling on Kubernetes node worker pool on search-indexer,search-indexer,CRITICAL,CRITICAL,98,1,-0.8563,RESOLVED,2026-09-11T19:57:00Z,"Degradation on search-indexer (Tier 2): observed 50.0% error rate and P99 latency of 1665ms impacting an estimated 2,307 active users. Primary symptom matches infrastructure pattern.",2307,INFRASTRUCTURE
INC-8117,Ephemeral disk volume full due to unrotated application logs on search-indexer,search-indexer,MEDIUM,MEDIUM,45,1,0.3392,RESOLVED,2026-08-17T22:41:00Z,Degradation on search-indexer (Tier 2): observed 7.5% error rate and P99 latency of 708ms impacting an estimated 376 active users. Primary symptom matches infrastructure pattern.,376,INFRASTRUCTURE
INC-8118,Race condition in concurrent token refresh logic on checkout-service,checkout-service,MEDIUM,MEDIUM,46,0,0.0547,INVESTIGATING,2026-08-22T19:10:00Z,Degradation on checkout-service (Tier 1): observed 10.3% error rate and P99 latency of 492ms impacting an estimated 766 active users. Primary symptom matches code_error pattern.,766,CODE_ERROR
INC-8119,High CPU throttling on Kubernetes node worker pool on checkout-service,checkout-service,HIGH,CRITICAL,86,1,-0.0975,RESOLVED,2026-09-22T05:48:00Z,Degradation on checkout-service (Tier 1): observed 8.9% error rate and P99 latency of 1086ms impacting an estimated 759 active users. Primary symptom matches infrastructure pattern.,759,INFRASTRUCTURE
INC-8120,Config flag default inversion causing request rejections on auth-service,auth-service,HIGH,MEDIUM,59,1,-0.7613,RESOLVED,2026-09-02T20:23:00Z,Degradation on auth-service (Tier 1): observed 11.5% error rate and P99 latency of 650ms impacting an estimated 100 active users. Primary symptom matches deployment pattern.,100,DEPLOYMENT
INC-8121,Ephemeral disk volume full due to unrotated application logs on auth-service,auth-service,LOW,LOW,29,1,0.4203,RESOLVED,2026-08-23T05:07:00Z,Degradation on auth-service (Tier 1): observed 3.3% error rate and P99 latency of 230ms impacting an estimated 186 active users. Primary symptom matches infrastructure pattern.,186,INFRASTRUCTURE
INC-8122,Batch data import job executed during peak consumer hours on checkout-service,checkout-service,CRITICAL,CRITICAL,90,1,-0.3994,MITIGATED,2026-08-23T05:53:00Z,"Degradation on checkout-service (Tier 1): observed 31.9% error rate and P99 latency of 501ms impacting an estimated 3,185 active users. Primary symptom matches traffic pattern.",3185,TRAFFIC
INC-8123,DNS resolution timeouts between VPC private subnets on inventory-api,inventory-api,HIGH,HIGH,72,1,-0.6835,RESOLVED,2026-08-27T12:36:00Z,Degradation on inventory-api (Tier 2): observed 22.0% error rate and P99 latency of 150ms impacting an estimated 559 active users. Primary symptom matches network pattern.,559,NETWORK
INC-8124,Database migration lock timeout during schema rollout on notification-worker,notification-worker,MEDIUM,MEDIUM,49,0,-0.0788,RESOLVED,2026-08-14T23:40:00Z,Degradation on notification-worker (Tier 3): observed 4.6% error rate and P99 latency of 161ms impacting an estimated 737 active users. Primary symptom matches deployment pattern.,737,DEPLOYMENT
INC-8125,Stale cache invalidation logic deployed in Canary on order-processing,order-processing,LOW,LOW,9,0,0.1768,RESOLVED,2026-08-22T13:52:00Z,Degradation on order-processing (Tier 1): observed 2.0% error rate and P99 latency of 370ms impacting an estimated 56 active users. Primary symptom matches deployment pattern.,56,DEPLOYMENT
INC-8126,Memory leak in unclosed HTTP response stream handler on checkout-service,checkout-service,MEDIUM,LOW,34,0,0.1429,RESOLVED,2026-08-19T12:14:00Z,Degradation on checkout-service (Tier 1): observed 4.2% error rate and P99 latency of 331ms impacting an estimated 440 active users. Primary symptom matches code_error pattern.,440,CODE_ERROR
INC-8127,TCP socket connection reset by peer on egress gateway on payment-gateway,payment-gateway,LOW,LOW,16,1,0.0075,MITIGATED,2026-08-25T06:33:00Z,Degradation on payment-gateway (Tier 1): observed 2.8% error rate and P99 latency of 198ms impacting an estimated 56 active users. Primary symptom matches network pattern.,56,NETWORK
INC-8128,Dependency version mismatch in gRPC protobuf schema on auth-service,auth-service,HIGH,HIGH,77,1,0.0571,RESOLVED,2026-09-14T12:33:00Z,"Degradation on auth-service (Tier 1): observed 15.4% error rate and P99 latency of 150ms impacting an estimated 3,301 active users. Primary symptom matches deployment pattern.",3301,DEPLOYMENT
INC-8129,Config flag default inversion causing request rejections on payment-gateway,payment-gateway,LOW,LOW,24,1,-0.039,RESOLVED,2026-09-18T08:17:00Z,Degradation on payment-gateway (Tier 1): observed 1.2% error rate and P99 latency of 178ms impacting an estimated 4 active users. Primary symptom matches deployment pattern.,4,DEPLOYMENT
INC-8130,Ephemeral disk volume full due to unrotated application logs on search-indexer,search-indexer,CRITICAL,CRITICAL,99,1,-0.5746,RESOLVED,2026-08-26T20:18:00Z,"Degradation on search-indexer (Tier 2): observed 34.0% error rate and P99 latency of 678ms impacting an estimated 48,000 active users. Primary symptom matches infrastructure pattern.",48000,INFRASTRUCTURE
INC-8131,File descriptor limit reached on upstream reverse proxy on payment-gateway,payment-gateway,MEDIUM,MEDIUM,46,0,-0.2212,RESOLVED,2026-09-15T10:48:00Z,Degradation on payment-gateway (Tier 1): observed 4.2% error rate and P99 latency of 388ms impacting an estimated 100 active users. Primary symptom matches infrastructure pattern.,100,INFRASTRUCTURE
INC-8132,Stale cache invalidation logic deployed in Canary on payment-gateway,payment-gateway,CRITICAL,CRITICAL,96,1,-0.6245,MITIGATED,2026-09-21T18:13:00Z,"Degradation on payment-gateway (Tier 1): observed 24.4% error rate and P99 latency of 1121ms impacting an estimated 46,461 active users. Primary symptom matches deployment pattern.",46461,DEPLOYMENT
INC-8133,Batch data import job executed during peak consumer hours on order-processing,order-processing,HIGH,MEDIUM,64,1,-0.6828,RESOLVED,2026-09-22T15:01:00Z,"Degradation on order-processing (Tier 1): observed 31.1% error rate and P99 latency of 829ms impacting an estimated 4,265 active users. Primary symptom matches traffic pattern.",4265,TRAFFIC
INC-8134,Inter-region transit latency degradation exceeding SLA on search-indexer,search-indexer,HIGH,HIGH,72,1,-0.3747,RESOLVED,2026-09-14T02:43:00Z,"Degradation on search-indexer (Tier 2): observed 4.1% error rate and P99 latency of 727ms impacting an estimated 7,050 active users. Primary symptom matches network pattern.",7050,NETWORK
INC-8135,Redis cluster shard memory limit eviction cascade on user-profile,user-profile,CRITICAL,CRITICAL,92,1,-0.8117,RESOLVED,2026-09-19T07:36:00Z,Degradation on user-profile (Tier 2): observed 39.3% error rate and P99 latency of 849ms impacting an estimated 801 active users. Primary symptom matches database pattern.,801,DATABASE
INC-8136,Connection pool saturation under sustained transaction load on inventory-api,inventory-api,LOW,LOW,22,0,0.022,RESOLVED,2026-09-01T04:31:00Z,Degradation on inventory-api (Tier 2): observed 1.8% error rate and P99 latency of 273ms impacting an estimated 55 active users. Primary symptom matches database pattern.,55,DATABASE
INC-8137,Race condition in concurrent token refresh logic on checkout-service,checkout-service,LOW,LOW,22,0,-0.1439,RESOLVED,2026-08-14T19:41:00Z,Degradation on checkout-service (Tier 1): observed 0.2% error rate and P99 latency of 246ms impacting an estimated 202 active users. Primary symptom matches code_error pattern.,202,CODE_ERROR
INC-8138,Corrupted response payload format failing client validation on checkout-service,checkout-service,CRITICAL,CRITICAL,87,1,-0.3817,RESOLVED,2026-09-09T01:43:00Z,"Degradation on checkout-service (Tier 1): observed 22.5% error rate and P99 latency of 300ms impacting an estimated 1,566 active users. Primary symptom matches code_error pattern.",1566,CODE_ERROR
INC-8139,Corrupted response payload format failing client validation on order-processing,order-processing,MEDIUM,MEDIUM,52,0,0.4072,INVESTIGATING,2026-09-04T16:32:00Z,Degradation on order-processing (Tier 1): observed 7.0% error rate and P99 latency of 402ms impacting an estimated 320 active users. Primary symptom matches code_error pattern.,320,CODE_ERROR
INC-8140,Race condition in concurrent token refresh logic on user-profile,user-profile,MEDIUM,MEDIUM,53,0,0.2777,RESOLVED,2026-09-03T15:01:00Z,Degradation on user-profile (Tier 2): observed 9.5% error rate and P99 latency of 80ms impacting an estimated 206 active users. Primary symptom matches code_error pattern.,206,CODE_ERROR
INC-8141,TCP socket connection reset by peer on egress gateway on checkout-service,checkout-service,LOW,LOW,21,0,0.4948,RESOLVED,2026-08-20T08:09:00Z,Degradation on checkout-service (Tier 1): observed 0.9% error rate and P99 latency of 249ms impacting an estimated 0 active users. Primary symptom matches network pattern.,0,NETWORK
INC-8142,Dependency version mismatch in gRPC protobuf schema on user-profile,user-profile,CRITICAL,CRITICAL,87,1,-0.3419,MITIGATED,2026-08-14T07:53:00Z,"Degradation on user-profile (Tier 2): observed 32.1% error rate and P99 latency of 1098ms impacting an estimated 1,544 active users. Primary symptom matches deployment pattern.",1544,DEPLOYMENT
INC-8143,Flash sale burst traffic causing ingress queue build-up on notification-worker,notification-worker,LOW,LOW,28,0,0.228,RESOLVED,2026-08-20T23:18:00Z,Degradation on notification-worker (Tier 3): observed 0.1% error rate and P99 latency of 396ms impacting an estimated 69 active users. Primary symptom matches traffic pattern.,69,TRAFFIC
INC-8144,Ephemeral disk volume full due to unrotated application logs on search-indexer,search-indexer,MEDIUM,MEDIUM,53,1,-0.1533,RESOLVED,2026-08-24T03:50:00Z,Degradation on search-indexer (Tier 2): observed 13.4% error rate and P99 latency of 854ms impacting an estimated 31 active users. Primary symptom matches infrastructure pattern.,31,INFRASTRUCTURE
INC-8145,Inter-region transit latency degradation exceeding SLA on checkout-service,checkout-service,MEDIUM,LOW,36,1,0.211,OPEN,2026-08-24T07:41:00Z,Degradation on checkout-service (Tier 1): observed 12.9% error rate and P99 latency of 318ms impacting an estimated 193 active users. Primary symptom matches network pattern.,193,NETWORK
INC-8146,High CPU throttling on Kubernetes node worker pool on order-processing,order-processing,LOW,LOW,35,0,0.4891,RESOLVED,2026-08-20T02:17:00Z,Degradation on order-processing (Tier 1): observed 3.6% error rate and P99 latency of 418ms impacting an estimated 13 active users. Primary symptom matches infrastructure pattern.,13,INFRASTRUCTURE
INC-8147,Corrupted response payload format failing client validation on payment-gateway,payment-gateway,LOW,LOW,27,0,0.6181,RESOLVED,2026-08-17T05:36:00Z,Degradation on payment-gateway (Tier 1): observed 2.5% error rate and P99 latency of 175ms impacting an estimated 52 active users. Primary symptom matches code_error pattern.,52,CODE_ERROR
INC-8148,Pod memory limit hit triggering repeated OOMKilled events on inventory-api,inventory-api,LOW,LOW,19,1,0.2808,MITIGATED,2026-08-24T04:14:00Z,Degradation on inventory-api (Tier 2): observed 1.3% error rate and P99 latency of 166ms impacting an estimated 171 active users. Primary symptom matches infrastructure pattern.,171,INFRASTRUCTURE
INC-8149,Memory leak in unclosed HTTP response stream handler on order-processing,order-processing,CRITICAL,CRITICAL,91,1,-0.5177,RESOLVED,2026-08-24T06:26:00Z,"Degradation on order-processing (Tier 1): observed 33.8% error rate and P99 latency of 1507ms impacting an estimated 13,363 active users. Primary symptom matches code_error pattern.",13363,CODE_ERROR
INC-8150,Dependency version mismatch in gRPC protobuf schema on user-profile,user-profile,LOW,LOW,34,0,0.3553,MITIGATED,2026-09-17T09:40:00Z,Degradation on user-profile (Tier 2): observed 2.8% error rate and P99 latency of 193ms impacting an estimated 102 active users. Primary symptom matches deployment pattern.,102,DEPLOYMENT
INC-8151,Recursive call in JSON parsing leading to stack exhaustion on auth-service,auth-service,MEDIUM,MEDIUM,62,1,0.252,RESOLVED,2026-09-09T03:07:00Z,Degradation on auth-service (Tier 1): observed 7.5% error rate and P99 latency of 267ms impacting an estimated 525 active users. Primary symptom matches code_error pattern.,525,CODE_ERROR
INC-8152,Memory leak in unclosed HTTP response stream handler on user-profile,user-profile,HIGH,MEDIUM,61,1,-0.2388,RESOLVED,2026-09-23T17:09:00Z,"Degradation on user-profile (Tier 2): observed 15.1% error rate and P99 latency of 317ms impacting an estimated 2,267 active users. Primary symptom matches code_error pattern.",2267,CODE_ERROR
INC-8153,Recursive call in JSON parsing leading to stack exhaustion on checkout-service,checkout-service,LOW,LOW,13,0,0.2406,RESOLVED,2026-09-18T21:10:00Z,Degradation on checkout-service (Tier 1): observed 3.6% error rate and P99 latency of 269ms impacting an estimated 190 active users. Primary symptom matches code_error pattern.,190,CODE_ERROR
INC-8154,Batch data import job executed during peak consumer hours on auth-service,auth-service,LOW,LOW,6,0,0.6656,RESOLVED,2026-09-02T20:07:00Z,Degradation on auth-service (Tier 1): observed 2.9% error rate and P99 latency of 247ms impacting an estimated 29 active users. Primary symptom matches traffic pattern.,29,TRAFFIC
INC-8155,Slow query cascade triggering client connection timeout on auth-service,auth-service,MEDIUM,MEDIUM,59,1,0.2278,MITIGATED,2026-08-14T17:25:00Z,Degradation on auth-service (Tier 1): observed 4.7% error rate and P99 latency of 122ms impacting an estimated 370 active users. Primary symptom matches database pattern.,370,DATABASE
INC-8156,Slow query cascade triggering client connection timeout on checkout-service,checkout-service,LOW,LOW,22,0,0.7194,RESOLVED,2026-08-17T00:06:00Z,Degradation on checkout-service (Tier 1): observed 3.0% error rate and P99 latency of 286ms impacting an estimated 92 active users. Primary symptom matches database pattern.,92,DATABASE
INC-8157,TLS certificate handshake timeout on third-party webhook on order-processing,order-processing,LOW,LOW,11,0,0.75,RESOLVED,2026-09-11T21:17:00Z,Degradation on order-processing (Tier 1): observed 0.1% error rate and P99 latency of 332ms impacting an estimated 54 active users. Primary symptom matches network pattern.,54,NETWORK
INC-8158,Network packet loss on Kubernetes overlay CNI bridge on checkout-service,checkout-service,LOW,LOW,17,0,0.0701,RESOLVED,2026-08-21T23:14:00Z,Degradation on checkout-service (Tier 1): observed 3.6% error rate and P99 latency of 265ms impacting an estimated 50 active users. Primary symptom matches network pattern.,50,NETWORK
INC-8159,Ephemeral disk volume full due to unrotated application logs on user-profile,user-profile,HIGH,HIGH,76,1,-0.4832,RESOLVED,2026-09-20T20:27:00Z,"Degradation on user-profile (Tier 2): observed 16.9% error rate and P99 latency of 487ms impacting an estimated 5,772 active users. Primary symptom matches infrastructure pattern.",5772,INFRASTRUCTURE
INC-8160,Pod memory limit hit triggering repeated OOMKilled events on checkout-service,checkout-service,HIGH,MEDIUM,63,1,-0.2746,RESOLVED,2026-08-31T10:42:00Z,"Degradation on checkout-service (Tier 1): observed 8.4% error rate and P99 latency of 567ms impacting an estimated 4,060 active users. Primary symptom matches infrastructure pattern.",4060,INFRASTRUCTURE
INC-8161,Unindexed query scan causing read replica CPU spike on payment-gateway,payment-gateway,MEDIUM,MEDIUM,58,1,-0.191,RESOLVED,2026-08-20T20:23:00Z,"Degradation on payment-gateway (Tier 1): observed 9.0% error rate and P99 latency of 351ms impacting an estimated 1,065 active users. Primary symptom matches database pattern.",1065,DATABASE
INC-8162,Database migration lock timeout during schema rollout on search-indexer,search-indexer,MEDIUM,MEDIUM,48,0,0.2048,RESOLVED,2026-08-19T06:56:00Z,Degradation on search-indexer (Tier 2): observed 11.3% error rate and P99 latency of 716ms impacting an estimated 192 active users. Primary symptom matches deployment pattern.,192,DEPLOYMENT
INC-8163,Flash sale burst traffic causing ingress queue build-up on inventory-api,inventory-api,LOW,LOW,5,0,0.6412,RESOLVED,2026-08-20T23:22:00Z,Degradation on inventory-api (Tier 2): observed 0.1% error rate and P99 latency of 258ms impacting an estimated 37 active users. Primary symptom matches traffic pattern.,37,TRAFFIC
INC-8164,Corrupted response payload format failing client validation on inventory-api,inventory-api,CRITICAL,CRITICAL,90,1,-0.7161,RESOLVED,2026-08-30T22:56:00Z,"Degradation on inventory-api (Tier 2): observed 24.4% error rate and P99 latency of 755ms impacting an estimated 18,687 active users. Primary symptom matches code_error pattern.",18687,CODE_ERROR
INC-8165,Recursive call in JSON parsing leading to stack exhaustion on checkout-service,checkout-service,LOW,LOW,28,0,0.75,RESOLVED,2026-08-24T11:40:00Z,Degradation on checkout-service (Tier 1): observed 0.6% error rate and P99 latency of 222ms impacting an estimated 37 active users. Primary symptom matches code_error pattern.,37,CODE_ERROR
INC-8166,Ephemeral disk volume full due to unrotated application logs on inventory-api,inventory-api,MEDIUM,MEDIUM,49,1,0.5,INVESTIGATING,2026-09-05T01:48:00Z,Degradation on inventory-api (Tier 2): observed 6.6% error rate and P99 latency of 271ms impacting an estimated 80 active users. Primary symptom matches infrastructure pattern.,80,INFRASTRUCTURE
INC-8167,TCP socket connection reset by peer on egress gateway on notification-worker,notification-worker,LOW,LOW,24,0,0.1621,RESOLVED,2026-09-04T07:11:00Z,Degradation on notification-worker (Tier 3): observed 2.3% error rate and P99 latency of 307ms impacting an estimated 46 active users. Primary symptom matches network pattern.,46,NETWORK
INC-8168,Redis cluster shard memory limit eviction cascade on checkout-service,checkout-service,MEDIUM,MEDIUM,43,0,0.4343,RESOLVED,2026-09-20T14:25:00Z,Degradation on checkout-service (Tier 1): observed 5.1% error rate and P99 latency of 404ms impacting an estimated 387 active users. Primary symptom matches database pattern.,387,DATABASE
INC-8169,Config flag default inversion causing request rejections on order-processing,order-processing,LOW,LOW,18,0,0.2491,MITIGATED,2026-09-12T06:52:00Z,Degradation on order-processing (Tier 1): observed 1.9% error rate and P99 latency of 392ms impacting an estimated 116 active users. Primary symptom matches deployment pattern.,116,DEPLOYMENT
INC-8170,Deadlock cycle in distributed checkout table lock on search-indexer,search-indexer,HIGH,MEDIUM,62,0,-0.2429,RESOLVED,2026-09-18T23:40:00Z,"Degradation on search-indexer (Tier 2): observed 9.8% error rate and P99 latency of 2610ms impacting an estimated 9,562 active users. Primary symptom matches database pattern.",9562,DATABASE
INC-8171,Sudden traffic surge exceeding rate limiter bucket capacity on inventory-api,inventory-api,HIGH,HIGH,75,1,-0.4239,OPEN,2026-08-19T10:30:00Z,Degradation on inventory-api (Tier 2): observed 14.8% error rate and P99 latency of 836ms impacting an estimated 231 active users. Primary symptom matches traffic pattern.,231,TRAFFIC
INC-8172,TCP socket connection reset by peer on egress gateway on inventory-api,inventory-api,MEDIUM,MEDIUM,62,1,0.0431,MITIGATED,2026-08-16T14:13:00Z,Degradation on inventory-api (Tier 2): observed 7.0% error rate and P99 latency of 123ms impacting an estimated 276 active users. Primary symptom matches network pattern.,276,NETWORK
INC-8173,TLS certificate handshake timeout on third-party webhook on notification-worker,notification-worker,CRITICAL,CRITICAL,98,1,-0.708,OPEN,2026-09-26T08:46:00Z,"Degradation on notification-worker (Tier 3): observed 22.0% error rate and P99 latency of 1358ms impacting an estimated 1,454 active users. Primary symptom matches network pattern.",1454,NETWORK
INC-8174,Race condition in concurrent token refresh logic on inventory-api,inventory-api,MEDIUM,LOW,35,1,0.4063,MITIGATED,2026-09-24T05:03:00Z,Degradation on inventory-api (Tier 2): observed 10.4% error rate and P99 latency of 484ms impacting an estimated 452 active users. Primary symptom matches code_error pattern.,452,CODE_ERROR
INC-8175,Unindexed query scan causing read replica CPU spike on payment-gateway,payment-gateway,LOW,LOW,23,0,0.75,RESOLVED,2026-08-14T00:33:00Z,Degradation on payment-gateway (Tier 1): observed 1.1% error rate and P99 latency of 221ms impacting an estimated 19 active users. Primary symptom matches database pattern.,19,DATABASE
INC-8176,Corrupted response payload format failing client validation on search-indexer,search-indexer,MEDIUM,MEDIUM,52,0,-0.0224,MITIGATED,2026-08-21T05:19:00Z,Degradation on search-indexer (Tier 2): observed 3.3% error rate and P99 latency of 813ms impacting an estimated 698 active users. Primary symptom matches code_error pattern.,698,CODE_ERROR
INC-8177,Race condition in concurrent token refresh logic on notification-worker,notification-worker,LOW,LOW,16,0,0.3274,RESOLVED,2026-08-18T05:36:00Z,Degradation on notification-worker (Tier 3): observed 2.8% error rate and P99 latency of 315ms impacting an estimated 47 active users. Primary symptom matches code_error pattern.,47,CODE_ERROR
INC-8178,Network packet loss on Kubernetes overlay CNI bridge on user-profile,user-profile,LOW,LOW,12,0,0.6215,RESOLVED,2026-08-31T05:54:00Z,Degradation on user-profile (Tier 2): observed 2.3% error rate and P99 latency of 219ms impacting an estimated 84 active users. Primary symptom matches network pattern.,84,NETWORK
INC-8179,Spike in unauthenticated request probe flood on search-indexer,search-indexer,LOW,LOW,29,1,-0.0541,RESOLVED,2026-08-18T20:36:00Z,Degradation on search-indexer (Tier 2): observed 1.0% error rate and P99 latency of 536ms impacting an estimated 0 active users. Primary symptom matches traffic pattern.,0,TRAFFIC
INC-8180,Corrupted response payload format failing client validation on order-processing,order-processing,MEDIUM,MEDIUM,48,0,0.3986,RESOLVED,2026-09-22T21:39:00Z,Degradation on order-processing (Tier 1): observed 3.1% error rate and P99 latency of 683ms impacting an estimated 712 active users. Primary symptom matches code_error pattern.,712,CODE_ERROR
INC-8181,Distributed crawler burst triggering endpoint 429 retries on auth-service,auth-service,HIGH,HIGH,66,0,-0.8077,RESOLVED,2026-09-05T17:27:00Z,"Degradation on auth-service (Tier 1): observed 10.0% error rate and P99 latency of 648ms impacting an estimated 2,040 active users. Primary symptom matches traffic pattern.",2040,TRAFFIC
INC-8182,TCP socket connection reset by peer on egress gateway on auth-service,auth-service,LOW,LOW,22,1,-0.0505,RESOLVED,2026-09-10T07:51:00Z,Degradation on auth-service (Tier 1): observed 2.6% error rate and P99 latency of 154ms impacting an estimated 53 active users. Primary symptom matches network pattern.,53,NETWORK
INC-8183,Flash sale burst traffic causing ingress queue build-up on search-indexer,search-indexer,LOW,LOW,15,0,0.3987,MITIGATED,2026-09-08T14:37:00Z,Degradation on search-indexer (Tier 2): observed 1.4% error rate and P99 latency of 626ms impacting an estimated 81 active users. Primary symptom matches traffic pattern.,81,TRAFFIC
INC-8184,Spike in unauthenticated request probe flood on notification-worker,notification-worker,MEDIUM,LOW,32,1,0.0251,RESOLVED,2026-09-24T06:42:00Z,"Degradation on notification-worker (Tier 3): observed 4.1% error rate and P99 latency of 338ms impacting an estimated 1,601 active users. Primary symptom matches traffic pattern.",1601,TRAFFIC
INC-8185,Corrupted response payload format failing client validation on user-profile,user-profile,MEDIUM,LOW,27,0,0.0845,RESOLVED,2026-08-15T19:20:00Z,Degradation on user-profile (Tier 2): observed 1.7% error rate and P99 latency of 271ms impacting an estimated 730 active users. Primary symptom matches code_error pattern.,730,CODE_ERROR
INC-8186,Distributed crawler burst triggering endpoint 429 retries on inventory-api,inventory-api,HIGH,CRITICAL,89,1,-0.3652,MITIGATED,2026-08-28T16:49:00Z,"Degradation on inventory-api (Tier 2): observed 15.0% error rate and P99 latency of 524ms impacting an estimated 1,982 active users. Primary symptom matches traffic pattern.",1982,TRAFFIC
INC-8187,File descriptor limit reached on upstream reverse proxy on user-profile,user-profile,HIGH,HIGH,67,1,-0.3133,RESOLVED,2026-09-07T11:46:00Z,"Degradation on user-profile (Tier 2): observed 11.4% error rate and P99 latency of 150ms impacting an estimated 2,621 active users. Primary symptom matches infrastructure pattern.",2621,INFRASTRUCTURE
INC-8188,Inter-region transit latency degradation exceeding SLA on checkout-service,checkout-service,CRITICAL,CRITICAL,88,1,-0.6362,RESOLVED,2026-09-23T16:00:00Z,"Degradation on checkout-service (Tier 1): observed 45.5% error rate and P99 latency of 719ms impacting an estimated 1,225 active users. Primary symptom matches network pattern.",1225,NETWORK
INC-8189,Batch data import job executed during peak consumer hours on order-processing,order-processing,HIGH,HIGH,78,1,-0.2917,RESOLVED,2026-08-21T03:14:00Z,"Degradation on order-processing (Tier 1): observed 14.5% error rate and P99 latency of 822ms impacting an estimated 2,521 active users. Primary symptom matches traffic pattern.",2521,TRAFFIC
INC-8190,Inter-region transit latency degradation exceeding SLA on notification-worker,notification-worker,HIGH,HIGH,70,1,-0.8205,RESOLVED,2026-09-01T14:43:00Z,Degradation on notification-worker (Tier 3): observed 22.2% error rate and P99 latency of 476ms impacting an estimated 100 active users. Primary symptom matches network pattern.,100,NETWORK
INC-8191,Distributed crawler burst triggering endpoint 429 retries on payment-gateway,payment-gateway,MEDIUM,MEDIUM,40,1,0.5,RESOLVED,2026-09-11T10:42:00Z,Degradation on payment-gateway (Tier 1): observed 4.7% error rate and P99 latency of 317ms impacting an estimated 475 active users. Primary symptom matches traffic pattern.,475,TRAFFIC
INC-8192,Inter-region transit latency degradation exceeding SLA on user-profile,user-profile,LOW,LOW,20,0,0.5527,MITIGATED,2026-08-13T22:28:00Z,Degradation on user-profile (Tier 2): observed 0.1% error rate and P99 latency of 234ms impacting an estimated 103 active users. Primary symptom matches network pattern.,103,NETWORK
INC-8193,Spike in unauthenticated request probe flood on user-profile,user-profile,LOW,LOW,10,0,0.2963,OPEN,2026-08-27T22:33:00Z,Degradation on user-profile (Tier 2): observed 3.0% error rate and P99 latency of 249ms impacting an estimated 28 active users. Primary symptom matches traffic pattern.,28,TRAFFIC
INC-8194,Distributed crawler burst triggering endpoint 429 retries on auth-service,auth-service,MEDIUM,MEDIUM,58,1,0.5,RESOLVED,2026-09-03T02:00:00Z,Degradation on auth-service (Tier 1): observed 5.5% error rate and P99 latency of 460ms impacting an estimated 237 active users. Primary symptom matches traffic pattern.,237,TRAFFIC
INC-8195,Unhandled arithmetic overflow in currency conversion on order-processing,order-processing,HIGH,HIGH,76,1,-0.3484,RESOLVED,2026-08-19T18:33:00Z,"Degradation on order-processing (Tier 1): observed 8.0% error rate and P99 latency of 760ms impacting an estimated 1,861 active users. Primary symptom matches code_error pattern.",1861,CODE_ERROR
INC-8196,Deadlock cycle in distributed checkout table lock on auth-service,auth-service,MEDIUM,MEDIUM,55,1,-0.0501,OPEN,2026-09-12T02:10:00Z,Degradation on auth-service (Tier 1): observed 5.1% error rate and P99 latency of 283ms impacting an estimated 153 active users. Primary symptom matches database pattern.,153,DATABASE
INC-8197,Corrupted response payload format failing client validation on auth-service,auth-service,LOW,LOW,39,0,0.75,INVESTIGATING,2026-08-27T10:04:00Z,Degradation on auth-service (Tier 1): observed 3.6% error rate and P99 latency of 156ms impacting an estimated 46 active users. Primary symptom matches code_error pattern.,46,CODE_ERROR
INC-8198,Deadlock cycle in distributed checkout table lock on inventory-api,inventory-api,CRITICAL,HIGH,77,1,-0.5154,RESOLVED,2026-08-21T07:23:00Z,Degradation on inventory-api (Tier 2): observed 36.7% error rate and P99 latency of 300ms impacting an estimated 800 active users. Primary symptom matches database pattern.,800,DATABASE
INC-8199,Inter-region transit latency degradation exceeding SLA on inventory-api,inventory-api,LOW,LOW,33,0,0.75,RESOLVED,2026-08-16T06:34:00Z,Degradation on inventory-api (Tier 2): observed 0.2% error rate and P99 latency of 322ms impacting an estimated 305 active users. Primary symptom matches network pattern.,305,NETWORK
INC-8200,Dependency version mismatch in gRPC protobuf schema on notification-worker,notification-worker,MEDIUM,MEDIUM,50,0,0.1903,RESOLVED,2026-08-24T11:13:00Z,Degradation on notification-worker (Tier 3): observed 2.6% error rate and P99 latency of 364ms impacting an estimated 116 active users. Primary symptom matches deployment pattern.,116,DEPLOYMENT
INC-8201,Slow query cascade triggering client connection timeout on inventory-api,inventory-api,MEDIUM,MEDIUM,52,1,0.0412,RESOLVED,2026-08-13T20:39:00Z,Degradation on inventory-api (Tier 2): observed 10.0% error rate and P99 latency of 359ms impacting an estimated 145 active users. Primary symptom matches database pattern.,145,DATABASE
INC-8202,Ephemeral disk volume full due to unrotated application logs on notification-worker,notification-worker,MEDIUM,LOW,26,1,0.5,RESOLVED,2026-09-22T18:13:00Z,Degradation on notification-worker (Tier 3): observed 10.1% error rate and P99 latency of 129ms impacting an estimated 645 active users. Primary symptom matches infrastructure pattern.,645,INFRASTRUCTURE
INC-8203,Connection pool saturation under sustained transaction load on search-indexer,search-indexer,HIGH,HIGH,70,1,-0.3878,RESOLVED,2026-09-05T00:06:00Z,"Degradation on search-indexer (Tier 2): observed 22.9% error rate and P99 latency of 1699ms impacting an estimated 2,386 active users. Primary symptom matches database pattern.",2386,DATABASE
INC-8204,Flash sale burst traffic causing ingress queue build-up on order-processing,order-processing,HIGH,CRITICAL,82,1,-0.1131,RESOLVED,2026-08-31T17:09:00Z,Degradation on order-processing (Tier 1): observed 14.7% error rate and P99 latency of 958ms impacting an estimated 100 active users. Primary symptom matches traffic pattern.,100,TRAFFIC
INC-8205,Unhandled arithmetic overflow in currency conversion on user-profile,user-profile,MEDIUM,MEDIUM,58,1,0.2039,RESOLVED,2026-08-27T23:24:00Z,Degradation on user-profile (Tier 2): observed 4.0% error rate and P99 latency of 81ms impacting an estimated 106 active users. Primary symptom matches code_error pattern.,106,CODE_ERROR
INC-8206,Recursive call in JSON parsing leading to stack exhaustion on auth-service,auth-service,MEDIUM,MEDIUM,51,1,0.371,RESOLVED,2026-09-10T10:18:00Z,Degradation on auth-service (Tier 1): observed 8.8% error rate and P99 latency of 109ms impacting an estimated 483 active users. Primary symptom matches code_error pattern.,483,CODE_ERROR
INC-8207,Unindexed query scan causing read replica CPU spike on inventory-api,inventory-api,LOW,LOW,5,0,0.4033,RESOLVED,2026-09-16T00:10:00Z,Degradation on inventory-api (Tier 2): observed 1.8% error rate and P99 latency of 262ms impacting an estimated 25 active users. Primary symptom matches database pattern.,25,DATABASE
INC-8208,Config flag default inversion causing request rejections on search-indexer,search-indexer,LOW,LOW,30,0,0.3015,RESOLVED,2026-09-24T16:57:00Z,Degradation on search-indexer (Tier 2): observed 1.8% error rate and P99 latency of 550ms impacting an estimated 15 active users. Primary symptom matches deployment pattern.,15,DEPLOYMENT
INC-8209,Inter-region transit latency degradation exceeding SLA on payment-gateway,payment-gateway,HIGH,MEDIUM,50,0,-0.304,RESOLVED,2026-09-16T15:11:00Z,"Degradation on payment-gateway (Tier 1): observed 14.3% error rate and P99 latency of 635ms impacting an estimated 1,240 active users. Primary symptom matches network pattern.",1240,NETWORK
INC-8210,Spike in unauthenticated request probe flood on user-profile,user-profile,CRITICAL,CRITICAL,95,1,-0.1533,INVESTIGATING,2026-09-25T17:40:00Z,"Degradation on user-profile (Tier 2): observed 47.2% error rate and P99 latency of 654ms impacting an estimated 16,425 active users. Primary symptom matches traffic pattern.",16425,TRAFFIC
INC-8211,TCP socket connection reset by peer on egress gateway on auth-service,auth-service,LOW,LOW,13,0,0.6303,RESOLVED,2026-09-01T22:43:00Z,Degradation on auth-service (Tier 1): observed 2.4% error rate and P99 latency of 160ms impacting an estimated 59 active users. Primary symptom matches network pattern.,59,NETWORK
INC-8212,Garbage collection pause duration exceeding 1500ms on auth-service,auth-service,MEDIUM,LOW,33,0,-0.1958,RESOLVED,2026-09-22T16:12:00Z,Degradation on auth-service (Tier 1): observed 6.5% error rate and P99 latency of 165ms impacting an estimated 171 active users. Primary symptom matches infrastructure pattern.,171,INFRASTRUCTURE
INC-8213,Redis cluster shard memory limit eviction cascade on search-indexer,search-indexer,MEDIUM,MEDIUM,50,0,-0.1248,RESOLVED,2026-09-07T05:07:00Z,Degradation on search-indexer (Tier 2): observed 5.0% error rate and P99 latency of 1183ms impacting an estimated 213 active users. Primary symptom matches database pattern.,213,DATABASE
INC-8214,Recursive call in JSON parsing leading to stack exhaustion on user-profile,user-profile,HIGH,HIGH,72,1,-0.3007,MITIGATED,2026-08-27T11:39:00Z,"Degradation on user-profile (Tier 2): observed 2.5% error rate and P99 latency of 839ms impacting an estimated 9,471 active users. Primary symptom matches code_error pattern.",9471,CODE_ERROR
INC-8215,DNS resolution timeouts between VPC private subnets on payment-gateway,payment-gateway,LOW,LOW,7,0,-0.224,MITIGATED,2026-08-20T00:33:00Z,Degradation on payment-gateway (Tier 1): observed 0.9% error rate and P99 latency of 238ms impacting an estimated 188 active users. Primary symptom matches network pattern.,188,NETWORK
INC-8216,Sudden traffic surge exceeding rate limiter bucket capacity on inventory-api,inventory-api,HIGH,HIGH,77,0,-0.6347,RESOLVED,2026-08-28T08:23:00Z,"Degradation on inventory-api (Tier 2): observed 12.4% error rate and P99 latency of 293ms impacting an estimated 4,835 active users. Primary symptom matches traffic pattern.",4835,TRAFFIC
INC-8217,High CPU throttling on Kubernetes node worker pool on checkout-service,checkout-service,MEDIUM,LOW,38,0,0.3876,RESOLVED,2026-09-22T12:54:00Z,Degradation on checkout-service (Tier 1): observed 9.8% error rate and P99 latency of 505ms impacting an estimated 66 active users. Primary symptom matches infrastructure pattern.,66,INFRASTRUCTURE
INC-8218,High CPU throttling on Kubernetes node worker pool on user-profile,user-profile,LOW,LOW,22,0,0.0995,OPEN,2026-08-31T07:48:00Z,Degradation on user-profile (Tier 2): observed 0.1% error rate and P99 latency of 139ms impacting an estimated 27 active users. Primary symptom matches infrastructure pattern.,27,INFRASTRUCTURE
INC-8219,File descriptor limit reached on upstream reverse proxy on auth-service,auth-service,HIGH,HIGH,71,1,-0.4157,RESOLVED,2026-08-13T12:34:00Z,"Degradation on auth-service (Tier 1): observed 20.8% error rate and P99 latency of 263ms impacting an estimated 2,119 active users. Primary symptom matches infrastructure pattern.",2119,INFRASTRUCTURE
INC-8220,Deadlock cycle in distributed checkout table lock on order-processing,order-processing,MEDIUM,MEDIUM,55,1,0.2275,RESOLVED,2026-08-25T14:17:00Z,Degradation on order-processing (Tier 1): observed 6.6% error rate and P99 latency of 424ms impacting an estimated 331 active users. Primary symptom matches database pattern.,331,DATABASE
INC-8221,TCP socket connection reset by peer on egress gateway on inventory-api,inventory-api,LOW,LOW,23,0,0.3627,RESOLVED,2026-09-17T09:40:00Z,Degradation on inventory-api (Tier 2): observed 1.3% error rate and P99 latency of 224ms impacting an estimated 0 active users. Primary symptom matches network pattern.,0,NETWORK
INC-8222,Null pointer exception in payload serialization post-release on user-profile,user-profile,LOW,LOW,20,0,-0.0608,OPEN,2026-08-29T13:18:00Z,Degradation on user-profile (Tier 2): observed 2.1% error rate and P99 latency of 173ms impacting an estimated 4 active users. Primary symptom matches deployment pattern.,4,DEPLOYMENT
INC-8223,Flash sale burst traffic causing ingress queue build-up on inventory-api,inventory-api,MEDIUM,MEDIUM,62,1,0.2173,RESOLVED,2026-09-04T17:18:00Z,Degradation on inventory-api (Tier 2): observed 5.9% error rate and P99 latency of 308ms impacting an estimated 98 active users. Primary symptom matches traffic pattern.,98,TRAFFIC
INC-8224,Redis cluster shard memory limit eviction cascade on payment-gateway,payment-gateway,LOW,LOW,19,0,0.4666,MITIGATED,2026-09-14T16:06:00Z,Degradation on payment-gateway (Tier 1): observed 0.1% error rate and P99 latency of 335ms impacting an estimated 18 active users. Primary symptom matches database pattern.,18,DATABASE
INC-8225,Ephemeral disk volume full due to unrotated application logs on order-processing,order-processing,MEDIUM,LOW,30,0,0.1054,RESOLVED,2026-09-20T12:31:00Z,Degradation on order-processing (Tier 1): observed 9.7% error rate and P99 latency of 454ms impacting an estimated 64 active users. Primary symptom matches infrastructure pattern.,64,INFRASTRUCTURE
INC-8226,Network packet loss on Kubernetes overlay CNI bridge on search-indexer,search-indexer,MEDIUM,LOW,32,1,-0.03,RESOLVED,2026-09-12T02:54:00Z,Degradation on search-indexer (Tier 2): observed 13.0% error rate and P99 latency of 686ms impacting an estimated 355 active users. Primary symptom matches network pattern.,355,NETWORK
INC-8227,Stale cache invalidation logic deployed in Canary on notification-worker,notification-worker,HIGH,HIGH,75,1,-0.3452,RESOLVED,2026-08-31T23:42:00Z,Degradation on notification-worker (Tier 3): observed 13.2% error rate and P99 latency of 161ms impacting an estimated 212 active users. Primary symptom matches deployment pattern.,212,DEPLOYMENT
INC-8228,Corrupted response payload format failing client validation on user-profile,user-profile,MEDIUM,MEDIUM,64,0,0.1567,RESOLVED,2026-09-09T03:32:00Z,Degradation on user-profile (Tier 2): observed 4.4% error rate and P99 latency of 581ms impacting an estimated 494 active users. Primary symptom matches code_error pattern.,494,CODE_ERROR
INC-8229,Ephemeral disk volume full due to unrotated application logs on checkout-service,checkout-service,LOW,LOW,17,0,0.3335,RESOLVED,2026-08-29T22:31:00Z,Degradation on checkout-service (Tier 1): observed 1.3% error rate and P99 latency of 213ms impacting an estimated 78 active users. Primary symptom matches infrastructure pattern.,78,INFRASTRUCTURE
INC-8230,Unhandled arithmetic overflow in currency conversion on auth-service,auth-service,LOW,LOW,15,1,0.6803,RESOLVED,2026-08-14T20:32:00Z,Degradation on auth-service (Tier 1): observed 4.9% error rate and P99 latency of 143ms impacting an estimated 299 active users. Primary symptom matches code_error pattern.,299,CODE_ERROR
INC-8231,Connection pool saturation under sustained transaction load on checkout-service,checkout-service,LOW,LOW,9,1,0.5327,RESOLVED,2026-08-18T03:47:00Z,Degradation on checkout-service (Tier 1): observed 3.9% error rate and P99 latency of 286ms impacting an estimated 49 active users. Primary symptom matches database pattern.,49,DATABASE
INC-8232,Network packet loss on Kubernetes overlay CNI bridge on search-indexer,search-indexer,MEDIUM,HIGH,65,1,0.0813,RESOLVED,2026-09-10T16:33:00Z,Degradation on search-indexer (Tier 2): observed 6.5% error rate and P99 latency of 647ms impacting an estimated 258 active users. Primary symptom matches network pattern.,258,NETWORK
INC-8233,Memory leak in unclosed HTTP response stream handler on checkout-service,checkout-service,LOW,LOW,9,1,0.4409,RESOLVED,2026-08-15T12:36:00Z,Degradation on checkout-service (Tier 1): observed 0.5% error rate and P99 latency of 267ms impacting an estimated 41 active users. Primary symptom matches code_error pattern.,41,CODE_ERROR
INC-8234,Batch data import job executed during peak consumer hours on user-profile,user-profile,LOW,LOW,28,0,0.6481,RESOLVED,2026-09-08T18:05:00Z,Degradation on user-profile (Tier 2): observed 3.1% error rate and P99 latency of 54ms impacting an estimated 24 active users. Primary symptom matches traffic pattern.,24,TRAFFIC
INC-8235,Network packet loss on Kubernetes overlay CNI bridge on inventory-api,inventory-api,LOW,LOW,15,0,0.3585,MITIGATED,2026-09-07T16:45:00Z,Degradation on inventory-api (Tier 2): observed 0.1% error rate and P99 latency of 193ms impacting an estimated 0 active users. Primary symptom matches network pattern.,0,NETWORK
INC-8236,Batch data import job executed during peak consumer hours on notification-worker,notification-worker,LOW,LOW,33,0,0.1047,INVESTIGATING,2026-09-02T03:26:00Z,Degradation on notification-worker (Tier 3): observed 0.2% error rate and P99 latency of 356ms impacting an estimated 32 active users. Primary symptom matches traffic pattern.,32,TRAFFIC
INC-8237,Recursive call in JSON parsing leading to stack exhaustion on auth-service,auth-service,LOW,LOW,22,0,0.1479,RESOLVED,2026-09-12T07:26:00Z,Degradation on auth-service (Tier 1): observed 1.1% error rate and P99 latency of 200ms impacting an estimated 53 active users. Primary symptom matches code_error pattern.,53,CODE_ERROR
INC-8238,Garbage collection pause duration exceeding 1500ms on notification-worker,notification-worker,LOW,LOW,18,0,0.4126,RESOLVED,2026-09-15T03:50:00Z,Degradation on notification-worker (Tier 3): observed 0.6% error rate and P99 latency of 343ms impacting an estimated 21 active users. Primary symptom matches infrastructure pattern.,21,INFRASTRUCTURE
INC-8239,Inter-region transit latency degradation exceeding SLA on order-processing,order-processing,MEDIUM,MEDIUM,50,0,0.1993,RESOLVED,2026-09-19T06:31:00Z,Degradation on order-processing (Tier 1): observed 12.9% error rate and P99 latency of 621ms impacting an estimated 563 active users. Primary symptom matches network pattern.,563,NETWORK
INC-8240,Redis cluster shard memory limit eviction cascade on order-processing,order-processing,CRITICAL,CRITICAL,91,1,-0.5098,RESOLVED,2026-09-21T01:04:00Z,"Degradation on order-processing (Tier 1): observed 37.0% error rate and P99 latency of 1962ms impacting an estimated 3,884 active users. Primary symptom matches database pattern.",3884,DATABASE
INC-8241,Network packet loss on Kubernetes overlay CNI bridge on checkout-service,checkout-service,MEDIUM,MEDIUM,44,1,0.0285,RESOLVED,2026-08-13T08:38:00Z,Degradation on checkout-service (Tier 1): observed 8.0% error rate and P99 latency of 383ms impacting an estimated 694 active users. Primary symptom matches network pattern.,694,NETWORK
INC-8242,Recursive call in JSON parsing leading to stack exhaustion on user-profile,user-profile,HIGH,HIGH,78,1,-0.2448,RESOLVED,2026-09-09T07:08:00Z,Degradation on user-profile (Tier 2): observed 6.1% error rate and P99 latency of 669ms impacting an estimated 148 active users. Primary symptom matches code_error pattern.,148,CODE_ERROR
INC-8243,Race condition in concurrent token refresh logic on user-profile,user-profile,LOW,LOW,32,0,0.5043,RESOLVED,2026-08-30T05:50:00Z,Degradation on user-profile (Tier 2): observed 2.5% error rate and P99 latency of 76ms impacting an estimated 20 active users. Primary symptom matches code_error pattern.,20,CODE_ERROR
INC-8244,Batch data import job executed during peak consumer hours on payment-gateway,payment-gateway,HIGH,MEDIUM,62,1,-0.6882,RESOLVED,2026-08-29T06:51:00Z,"Degradation on payment-gateway (Tier 1): observed 20.4% error rate and P99 latency of 820ms impacting an estimated 2,228 active users. Primary symptom matches traffic pattern.",2228,TRAFFIC
INC-8245,Inter-region transit latency degradation exceeding SLA on inventory-api,inventory-api,LOW,LOW,20,1,0.2129,RESOLVED,2026-09-02T16:17:00Z,Degradation on inventory-api (Tier 2): observed 0.1% error rate and P99 latency of 187ms impacting an estimated 69 active users. Primary symptom matches network pattern.,69,NETWORK
INC-8246,Spike in unauthenticated request probe flood on search-indexer,search-indexer,MEDIUM,LOW,37,0,-0.2371,RESOLVED,2026-08-29T21:54:00Z,Degradation on search-indexer (Tier 2): observed 7.0% error rate and P99 latency of 921ms impacting an estimated 625 active users. Primary symptom matches traffic pattern.,625,TRAFFIC
INC-8247,Database migration lock timeout during schema rollout on user-profile,user-profile,HIGH,MEDIUM,55,1,-0.5824,RESOLVED,2026-08-19T12:19:00Z,"Degradation on user-profile (Tier 2): observed 18.2% error rate and P99 latency of 394ms impacting an estimated 3,749 active users. Primary symptom matches deployment pattern.",3749,DEPLOYMENT
INC-8248,Slow query cascade triggering client connection timeout on order-processing,order-processing,MEDIUM,MEDIUM,40,0,0.103,RESOLVED,2026-08-28T10:13:00Z,Degradation on order-processing (Tier 1): observed 1.7% error rate and P99 latency of 617ms impacting an estimated 481 active users. Primary symptom matches database pattern.,481,DATABASE
INC-8249,Distributed crawler burst triggering endpoint 429 retries on user-profile,user-profile,CRITICAL,CRITICAL,93,1,-0.8567,RESOLVED,2026-08-19T21:23:00Z,Degradation on user-profile (Tier 2): observed 26.1% error rate and P99 latency of 1313ms impacting an estimated 800 active users. Primary symptom matches traffic pattern.,800,TRAFFIC
INC-8250,Sudden traffic surge exceeding rate limiter bucket capacity on payment-gateway,payment-gateway,CRITICAL,CRITICAL,92,1,-0.5887,OPEN,2026-09-12T18:04:00Z,"Degradation on payment-gateway (Tier 1): observed 38.4% error rate and P99 latency of 300ms impacting an estimated 27,858 active users. Primary symptom matches traffic pattern.",27858,TRAFFIC
INC-8251,Race condition in concurrent token refresh logic on checkout-service,checkout-service,LOW,LOW,27,1,0.3345,RESOLVED,2026-09-14T10:19:00Z,Degradation on checkout-service (Tier 1): observed 2.4% error rate and P99 latency of 328ms impacting an estimated 52 active users. Primary symptom matches code_error pattern.,52,CODE_ERROR
INC-8252,Network packet loss on Kubernetes overlay CNI bridge on checkout-service,checkout-service,MEDIUM,MEDIUM,46,0,0.2978,RESOLVED,2026-09-22T03:36:00Z,Degradation on checkout-service (Tier 1): observed 10.1% error rate and P99 latency of 486ms impacting an estimated 43 active users. Primary symptom matches network pattern.,43,NETWORK
INC-8253,Corrupted response payload format failing client validation on user-profile,user-profile,LOW,LOW,24,0,0.2914,RESOLVED,2026-09-21T00:06:00Z,Degradation on user-profile (Tier 2): observed 1.1% error rate and P99 latency of 271ms impacting an estimated 75 active users. Primary symptom matches code_error pattern.,75,CODE_ERROR
INC-8254,Flash sale burst traffic causing ingress queue build-up on payment-gateway,payment-gateway,LOW,LOW,16,0,0.4099,RESOLVED,2026-08-26T19:58:00Z,Degradation on payment-gateway (Tier 1): observed 0.6% error rate and P99 latency of 161ms impacting an estimated 79 active users. Primary symptom matches traffic pattern.,79,TRAFFIC
INC-8255,Pod memory limit hit triggering repeated OOMKilled events on payment-gateway,payment-gateway,MEDIUM,LOW,39,1,0.0614,MITIGATED,2026-08-22T19:25:00Z,Degradation on payment-gateway (Tier 1): observed 8.1% error rate and P99 latency of 302ms impacting an estimated 611 active users. Primary symptom matches infrastructure pattern.,611,INFRASTRUCTURE
INC-8256,Corrupted response payload format failing client validation on auth-service,auth-service,LOW,LOW,19,0,0.7133,RESOLVED,2026-09-17T19:42:00Z,Degradation on auth-service (Tier 1): observed 2.8% error rate and P99 latency of 215ms impacting an estimated 135 active users. Primary symptom matches code_error pattern.,135,CODE_ERROR
INC-8257,Config flag default inversion causing request rejections on auth-service,auth-service,LOW,LOW,16,0,0.5649,RESOLVED,2026-08-17T22:51:00Z,Degradation on auth-service (Tier 1): observed 0.1% error rate and P99 latency of 131ms impacting an estimated 165 active users. Primary symptom matches deployment pattern.,165,DEPLOYMENT
INC-8258,Flash sale burst traffic causing ingress queue build-up on inventory-api,inventory-api,MEDIUM,MEDIUM,42,0,0.4831,RESOLVED,2026-08-16T06:07:00Z,"Degradation on inventory-api (Tier 2): observed 5.3% error rate and P99 latency of 309ms impacting an estimated 1,178 active users. Primary symptom matches traffic pattern.",1178,TRAFFIC
INC-8259,Ephemeral disk volume full due to unrotated application logs on auth-service,auth-service,MEDIUM,MEDIUM,44,0,-0.1337,RESOLVED,2026-08-27T22:26:00Z,Degradation on auth-service (Tier 1): observed 2.5% error rate and P99 latency of 174ms impacting an estimated 757 active users. Primary symptom matches infrastructure pattern.,757,INFRASTRUCTURE
INC-8260,Distributed crawler burst triggering endpoint 429 retries on payment-gateway,payment-gateway,LOW,LOW,27,0,0.2863,RESOLVED,2026-09-10T16:59:00Z,Degradation on payment-gateway (Tier 1): observed 0.2% error rate and P99 latency of 354ms impacting an estimated 105 active users. Primary symptom matches traffic pattern.,105,TRAFFIC
INC-8261,Stale cache invalidation logic deployed in Canary on search-indexer,search-indexer,MEDIUM,MEDIUM,52,1,-0.0441,RESOLVED,2026-09-07T11:55:00Z,Degradation on search-indexer (Tier 2): observed 6.1% error rate and P99 latency of 735ms impacting an estimated 362 active users. Primary symptom matches deployment pattern.,362,DEPLOYMENT
INC-8262,File descriptor limit reached on upstream reverse proxy on order-processing,order-processing,HIGH,HIGH,76,0,-0.5797,MITIGATED,2026-08-22T10:40:00Z,Degradation on order-processing (Tier 1): observed 22.0% error rate and P99 latency of 902ms impacting an estimated 489 active users. Primary symptom matches infrastructure pattern.,489,INFRASTRUCTURE
INC-8263,Inter-region transit latency degradation exceeding SLA on inventory-api,inventory-api,MEDIUM,MEDIUM,40,1,-0.3276,MITIGATED,2026-09-17T22:29:00Z,Degradation on inventory-api (Tier 2): observed 5.2% error rate and P99 latency of 480ms impacting an estimated 39 active users. Primary symptom matches network pattern.,39,NETWORK
INC-8264,Dependency version mismatch in gRPC protobuf schema on order-processing,order-processing,LOW,LOW,32,1,0.75,RESOLVED,2026-09-20T09:18:00Z,Degradation on order-processing (Tier 1): observed 1.5% error rate and P99 latency of 489ms impacting an estimated 14 active users. Primary symptom matches deployment pattern.,14,DEPLOYMENT
INC-8265,Dependency version mismatch in gRPC protobuf schema on order-processing,order-processing,LOW,LOW,25,0,0.5811,MITIGATED,2026-08-23T00:04:00Z,Degradation on order-processing (Tier 1): observed 0.1% error rate and P99 latency of 462ms impacting an estimated 41 active users. Primary symptom matches deployment pattern.,41,DEPLOYMENT
INC-8266,Database migration lock timeout during schema rollout on order-processing,order-processing,MEDIUM,MEDIUM,57,0,-0.0204,RESOLVED,2026-09-08T13:14:00Z,Degradation on order-processing (Tier 1): observed 3.3% error rate and P99 latency of 345ms impacting an estimated 530 active users. Primary symptom matches deployment pattern.,530,DEPLOYMENT
INC-8267,DNS resolution timeouts between VPC private subnets on search-indexer,search-indexer,MEDIUM,MEDIUM,51,1,0.5,RESOLVED,2026-09-06T11:39:00Z,Degradation on search-indexer (Tier 2): observed 6.6% error rate and P99 latency of 666ms impacting an estimated 445 active users. Primary symptom matches network pattern.,445,NETWORK
INC-8268,Spike in unauthenticated request probe flood on auth-service,auth-service,LOW,LOW,13,1,0.3341,RESOLVED,2026-09-18T08:23:00Z,Degradation on auth-service (Tier 1): observed 2.4% error rate and P99 latency of 158ms impacting an estimated 36 active users. Primary symptom matches traffic pattern.,36,TRAFFIC
INC-8269,TLS certificate handshake timeout on third-party webhook on auth-service,auth-service,LOW,LOW,15,0,0.4028,RESOLVED,2026-09-22T14:35:00Z,Degradation on auth-service (Tier 1): observed 3.7% error rate and P99 latency of 159ms impacting an estimated 206 active users. Primary symptom matches network pattern.,206,NETWORK
INC-8270,Connection pool saturation under sustained transaction load on checkout-service,checkout-service,HIGH,HIGH,66,1,-0.85,RESOLVED,2026-09-06T04:20:00Z,"Degradation on checkout-service (Tier 1): observed 23.8% error rate and P99 latency of 226ms impacting an estimated 1,304 active users. Primary symptom matches database pattern.",1304,DATABASE
INC-8271,Batch data import job executed during peak consumer hours on notification-worker,notification-worker,LOW,LOW,14,0,0.3705,INVESTIGATING,2026-09-26T04:35:00Z,Degradation on notification-worker (Tier 3): observed 3.1% error rate and P99 latency of 355ms impacting an estimated 97 active users. Primary symptom matches traffic pattern.,97,TRAFFIC
INC-8272,Distributed crawler burst triggering endpoint 429 retries on payment-gateway,payment-gateway,MEDIUM,MEDIUM,63,1,0.2594,MITIGATED,2026-09-18T09:04:00Z,Degradation on payment-gateway (Tier 1): observed 8.0% error rate and P99 latency of 415ms impacting an estimated 68 active users. Primary symptom matches traffic pattern.,68,TRAFFIC
INC-8273,Stale cache invalidation logic deployed in Canary on user-profile,user-profile,HIGH,HIGH,73,1,-0.1147,MITIGATED,2026-09-20T08:48:00Z,"Degradation on user-profile (Tier 2): observed 13.1% error rate and P99 latency of 479ms impacting an estimated 2,545 active users. Primary symptom matches deployment pattern.",2545,DEPLOYMENT
INC-8274,Network packet loss on Kubernetes overlay CNI bridge on auth-service,auth-service,MEDIUM,MEDIUM,43,0,-0.3717,RESOLVED,2026-08-12T14:29:00Z,Degradation on auth-service (Tier 1): observed 3.2% error rate and P99 latency of 550ms impacting an estimated 169 active users. Primary symptom matches network pattern.,169,NETWORK
INC-8275,Flash sale burst traffic causing ingress queue build-up on notification-worker,notification-worker,HIGH,MEDIUM,62,1,-0.1274,OPEN,2026-09-26T10:02:00Z,"Degradation on notification-worker (Tier 3): observed 16.1% error rate and P99 latency of 382ms impacting an estimated 4,454 active users. Primary symptom matches traffic pattern.",4454,TRAFFIC
INC-8276,Pod memory limit hit triggering repeated OOMKilled events on order-processing,order-processing,MEDIUM,MEDIUM,57,1,-0.3198,INVESTIGATING,2026-09-26T05:04:00Z,Degradation on order-processing (Tier 1): observed 7.0% error rate and P99 latency of 300ms impacting an estimated 111 active users. Primary symptom matches infrastructure pattern.,111,INFRASTRUCTURE
INC-8277,Config flag default inversion causing request rejections on notification-worker,notification-worker,CRITICAL,CRITICAL,91,1,-0.9317,RESOLVED,2026-08-16T17:10:00Z,"Degradation on notification-worker (Tier 3): observed 36.0% error rate and P99 latency of 666ms impacting an estimated 4,364 active users. Primary symptom matches deployment pattern.",4364,DEPLOYMENT
INC-8278,Pod memory limit hit triggering repeated OOMKilled events on user-profile,user-profile,HIGH,HIGH,75,0,-0.271,RESOLVED,2026-08-12T17:23:00Z,"Degradation on user-profile (Tier 2): observed 16.6% error rate and P99 latency of 601ms impacting an estimated 6,474 active users. Primary symptom matches infrastructure pattern.",6474,INFRASTRUCTURE
INC-8279,High CPU throttling on Kubernetes node worker pool on order-processing,order-processing,MEDIUM,MEDIUM,51,1,0.4794,RESOLVED,2026-09-24T18:55:00Z,Degradation on order-processing (Tier 1): observed 8.0% error rate and P99 latency of 648ms impacting an estimated 10 active users. Primary symptom matches infrastructure pattern.,10,INFRASTRUCTURE
INC-8280,Network packet loss on Kubernetes overlay CNI bridge on user-profile,user-profile,CRITICAL,CRITICAL,90,1,-0.4619,MITIGATED,2026-09-11T14:13:00Z,"Degradation on user-profile (Tier 2): observed 40.7% error rate and P99 latency of 840ms impacting an estimated 7,872 active users. Primary symptom matches network pattern.",7872,NETWORK
INC-8281,Network packet loss on Kubernetes overlay CNI bridge on inventory-api,inventory-api,CRITICAL,CRITICAL,91,1,-0.95,RESOLVED,2026-09-11T07:43:00Z,"Degradation on inventory-api (Tier 2): observed 32.3% error rate and P99 latency of 507ms impacting an estimated 2,469 active users. Primary symptom matches network pattern.",2469,NETWORK
INC-8282,Garbage collection pause duration exceeding 1500ms on inventory-api,inventory-api,LOW,MEDIUM,41,0,0.3509,OPEN,2026-09-21T06:44:00Z,Degradation on inventory-api (Tier 2): observed 2.7% error rate and P99 latency of 189ms impacting an estimated 67 active users. Primary symptom matches infrastructure pattern.,67,INFRASTRUCTURE
INC-8283,File descriptor limit reached on upstream reverse proxy on inventory-api,inventory-api,MEDIUM,HIGH,69,1,-0.1093,INVESTIGATING,2026-08-26T17:56:00Z,Degradation on inventory-api (Tier 2): observed 9.7% error rate and P99 latency of 170ms impacting an estimated 88 active users. Primary symptom matches infrastructure pattern.,88,INFRASTRUCTURE
INC-8284,Network packet loss on Kubernetes overlay CNI bridge on order-processing,order-processing,HIGH,MEDIUM,50,1,-0.4242,RESOLVED,2026-08-15T11:50:00Z,"Degradation on order-processing (Tier 1): observed 13.8% error rate and P99 latency of 1265ms impacting an estimated 9,078 active users. Primary symptom matches network pattern.",9078,NETWORK
INC-8285,Distributed crawler burst triggering endpoint 429 retries on checkout-service,checkout-service,HIGH,HIGH,71,0,-0.4629,RESOLVED,2026-08-27T05:12:00Z,"Degradation on checkout-service (Tier 1): observed 17.6% error rate and P99 latency of 700ms impacting an estimated 1,227 active users. Primary symptom matches traffic pattern.",1227,TRAFFIC
INC-8286,DNS resolution timeouts between VPC private subnets on auth-service,auth-service,MEDIUM,MEDIUM,50,1,0.2961,MITIGATED,2026-08-27T22:23:00Z,Degradation on auth-service (Tier 1): observed 7.1% error rate and P99 latency of 80ms impacting an estimated 151 active users. Primary symptom matches network pattern.,151,NETWORK
INC-8287,Memory leak in unclosed HTTP response stream handler on search-indexer,search-indexer,HIGH,HIGH,70,1,-0.7372,RESOLVED,2026-09-01T16:59:00Z,Degradation on search-indexer (Tier 2): observed 15.8% error rate and P99 latency of 915ms impacting an estimated 206 active users. Primary symptom matches code_error pattern.,206,CODE_ERROR
INC-8288,Unhandled arithmetic overflow in currency conversion on notification-worker,notification-worker,LOW,LOW,9,0,0.0895,RESOLVED,2026-08-26T07:00:00Z,Degradation on notification-worker (Tier 3): observed 1.1% error rate and P99 latency of 309ms impacting an estimated 19 active users. Primary symptom matches code_error pattern.,19,CODE_ERROR
INC-8289,TCP socket connection reset by peer on egress gateway on payment-gateway,payment-gateway,HIGH,HIGH,68,1,-0.5817,RESOLVED,2026-09-13T05:22:00Z,Degradation on payment-gateway (Tier 1): observed 12.8% error rate and P99 latency of 186ms impacting an estimated 661 active users. Primary symptom matches network pattern.,661,NETWORK
INC-8290,Dependency version mismatch in gRPC protobuf schema on checkout-service,checkout-service,HIGH,HIGH,75,0,-0.601,INVESTIGATING,2026-09-26T10:50:00Z,"Degradation on checkout-service (Tier 1): observed 15.8% error rate and P99 latency of 759ms impacting an estimated 2,433 active users. Primary symptom matches deployment pattern.",2433,DEPLOYMENT
INC-8291,Slow query cascade triggering client connection timeout on checkout-service,checkout-service,MEDIUM,HIGH,67,1,-0.0464,RESOLVED,2026-08-19T06:18:00Z,Degradation on checkout-service (Tier 1): observed 6.2% error rate and P99 latency of 369ms impacting an estimated 26 active users. Primary symptom matches database pattern.,26,DATABASE
INC-8292,Connection pool saturation under sustained transaction load on notification-worker,notification-worker,MEDIUM,MEDIUM,44,1,0.3035,RESOLVED,2026-08-18T08:15:00Z,Degradation on notification-worker (Tier 3): observed 12.4% error rate and P99 latency of 535ms impacting an estimated 824 active users. Primary symptom matches database pattern.,824,DATABASE
INC-8293,Slow query cascade triggering client connection timeout on notification-worker,notification-worker,HIGH,MEDIUM,56,1,-0.5811,RESOLVED,2026-08-31T06:14:00Z,"Degradation on notification-worker (Tier 3): observed 15.7% error rate and P99 latency of 655ms impacting an estimated 1,255 active users. Primary symptom matches database pattern.",1255,DATABASE
INC-8294,Database migration lock timeout during schema rollout on inventory-api,inventory-api,MEDIUM,MEDIUM,51,0,-0.405,RESOLVED,2026-08-28T18:54:00Z,Degradation on inventory-api (Tier 2): observed 11.5% error rate and P99 latency of 260ms impacting an estimated 302 active users. Primary symptom matches deployment pattern.,302,DEPLOYMENT
INC-8295,Garbage collection pause duration exceeding 1500ms on notification-worker,notification-worker,MEDIUM,MEDIUM,41,1,0.3,RESOLVED,2026-09-13T01:57:00Z,Degradation on notification-worker (Tier 3): observed 11.2% error rate and P99 latency of 487ms impacting an estimated 111 active users. Primary symptom matches infrastructure pattern.,111,INFRASTRUCTURE
INC-8296,Sudden traffic surge exceeding rate limiter bucket capacity on inventory-api,inventory-api,HIGH,HIGH,67,1,-0.229,RESOLVED,2026-08-18T17:45:00Z,"Degradation on inventory-api (Tier 2): observed 8.8% error rate and P99 latency of 846ms impacting an estimated 2,278 active users. Primary symptom matches traffic pattern.",2278,TRAFFIC
INC-8297,High CPU throttling on Kubernetes node worker pool on checkout-service,checkout-service,MEDIUM,MEDIUM,53,1,0.4187,MITIGATED,2026-09-04T10:06:00Z,Degradation on checkout-service (Tier 1): observed 3.0% error rate and P99 latency of 458ms impacting an estimated 10 active users. Primary symptom matches infrastructure pattern.,10,INFRASTRUCTURE
INC-8298,Redis cluster shard memory limit eviction cascade on search-indexer,search-indexer,HIGH,MEDIUM,63,1,-0.5169,RESOLVED,2026-08-19T04:15:00Z,"Degradation on search-indexer (Tier 2): observed 11.9% error rate and P99 latency of 590ms impacting an estimated 7,098 active users. Primary symptom matches database pattern.",7098,DATABASE
INC-8299,Unhandled arithmetic overflow in currency conversion on inventory-api,inventory-api,LOW,LOW,16,0,0.6971,RESOLVED,2026-08-21T04:53:00Z,Degradation on inventory-api (Tier 2): observed 2.2% error rate and P99 latency of 107ms impacting an estimated 40 active users. Primary symptom matches code_error pattern.,40,CODE_ERROR
INC-8300,Pod memory limit hit triggering repeated OOMKilled events on inventory-api,inventory-api,LOW,LOW,5,0,0.75,RESOLVED,2026-08-26T18:10:00Z,Degradation on inventory-api (Tier 2): observed 1.2% error rate and P99 latency of 226ms impacting an estimated 42 active users. Primary symptom matches infrastructure pattern.,42,INFRASTRUCTURE
INC-8301,Null pointer exception in payload serialization post-release on payment-gateway,payment-gateway,MEDIUM,MEDIUM,43,1,-0.289,MITIGATED,2026-09-10T11:49:00Z,Degradation on payment-gateway (Tier 1): observed 5.6% error rate and P99 latency of 280ms impacting an estimated 421 active users. Primary symptom matches deployment pattern.,421,DEPLOYMENT
INC-8302,Null pointer exception in payload serialization post-release on auth-service,auth-service,HIGH,HIGH,70,1,-0.1828,RESOLVED,2026-08-20T22:27:00Z,"Degradation on auth-service (Tier 1): observed 13.1% error rate and P99 latency of 165ms impacting an estimated 3,167 active users. Primary symptom matches deployment pattern.",3167,DEPLOYMENT
INC-8303,Dependency version mismatch in gRPC protobuf schema on user-profile,user-profile,LOW,LOW,20,0,0.4037,RESOLVED,2026-09-23T18:09:00Z,Degradation on user-profile (Tier 2): observed 1.9% error rate and P99 latency of 148ms impacting an estimated 195 active users. Primary symptom matches deployment pattern.,195,DEPLOYMENT
INC-8304,Stale cache invalidation logic deployed in Canary on order-processing,order-processing,MEDIUM,MEDIUM,57,0,0.4918,RESOLVED,2026-09-23T06:51:00Z,Degradation on order-processing (Tier 1): observed 11.5% error rate and P99 latency of 668ms impacting an estimated 148 active users. Primary symptom matches deployment pattern.,148,DEPLOYMENT
INC-8305,Corrupted response payload format failing client validation on payment-gateway,payment-gateway,MEDIUM,MEDIUM,55,1,-0.0072,RESOLVED,2026-08-19T01:50:00Z,"Degradation on payment-gateway (Tier 1): observed 4.6% error rate and P99 latency of 80ms impacting an estimated 1,233 active users. Primary symptom matches code_error pattern.",1233,CODE_ERROR
INC-8306,Pod memory limit hit triggering repeated OOMKilled events on auth-service,auth-service,MEDIUM,MEDIUM,53,0,0.5,RESOLVED,2026-09-13T07:03:00Z,Degradation on auth-service (Tier 1): observed 7.5% error rate and P99 latency of 239ms impacting an estimated 488 active users. Primary symptom matches infrastructure pattern.,488,INFRASTRUCTURE
INC-8307,TLS certificate handshake timeout on third-party webhook on user-profile,user-profile,MEDIUM,MEDIUM,42,0,-0.267,INVESTIGATING,2026-09-20T02:54:00Z,Degradation on user-profile (Tier 2): observed 3.5% error rate and P99 latency of 424ms impacting an estimated 142 active users. Primary symptom matches network pattern.,142,NETWORK
INC-8308,Null pointer exception in payload serialization post-release on notification-worker,notification-worker,CRITICAL,HIGH,80,1,-0.2923,MITIGATED,2026-09-08T00:50:00Z,"Degradation on notification-worker (Tier 3): observed 42.0% error rate and P99 latency of 1139ms impacting an estimated 6,449 active users. Primary symptom matches deployment pattern.",6449,DEPLOYMENT
INC-8309,Sudden traffic surge exceeding rate limiter bucket capacity on notification-worker,notification-worker,CRITICAL,CRITICAL,93,1,-0.598,INVESTIGATING,2026-08-28T16:43:00Z,"Degradation on notification-worker (Tier 3): observed 39.2% error rate and P99 latency of 1549ms impacting an estimated 16,342 active users. Primary symptom matches traffic pattern.",16342,TRAFFIC
INC-8310,Redis cluster shard memory limit eviction cascade on order-processing,order-processing,LOW,LOW,37,0,0.5005,RESOLVED,2026-08-23T21:45:00Z,Degradation on order-processing (Tier 1): observed 0.1% error rate and P99 latency of 362ms impacting an estimated 7 active users. Primary symptom matches database pattern.,7,DATABASE
INC-8311,Pod memory limit hit triggering repeated OOMKilled events on payment-gateway,payment-gateway,MEDIUM,LOW,27,1,-0.2081,RESOLVED,2026-08-25T19:13:00Z,Degradation on payment-gateway (Tier 1): observed 6.7% error rate and P99 latency of 117ms impacting an estimated 158 active users. Primary symptom matches infrastructure pattern.,158,INFRASTRUCTURE
INC-8312,Unhandled arithmetic overflow in currency conversion on checkout-service,checkout-service,LOW,LOW,21,1,0.6814,RESOLVED,2026-09-18T07:47:00Z,Degradation on checkout-service (Tier 1): observed 1.2% error rate and P99 latency of 304ms impacting an estimated 26 active users. Primary symptom matches code_error pattern.,26,CODE_ERROR
INC-8313,Batch data import job executed during peak consumer hours on checkout-service,checkout-service,MEDIUM,MEDIUM,61,1,-0.0889,RESOLVED,2026-08-29T16:53:00Z,Degradation on checkout-service (Tier 1): observed 2.4% error rate and P99 latency of 279ms impacting an estimated 827 active users. Primary symptom matches traffic pattern.,827,TRAFFIC
INC-8314,Spike in unauthenticated request probe flood on user-profile,user-profile,HIGH,MEDIUM,50,1,-0.5146,MITIGATED,2026-08-27T11:36:00Z,"Degradation on user-profile (Tier 2): observed 13.3% error rate and P99 latency of 150ms impacting an estimated 2,123 active users. Primary symptom matches traffic pattern.",2123,TRAFFIC
INC-8315,Batch data import job executed during peak consumer hours on search-indexer,search-indexer,LOW,LOW,28,1,0.3892,MITIGATED,2026-09-18T11:39:00Z,Degradation on search-indexer (Tier 2): observed 2.5% error rate and P99 latency of 520ms impacting an estimated 32 active users. Primary symptom matches traffic pattern.,32,TRAFFIC
INC-8316,Inter-region transit latency degradation exceeding SLA on user-profile,user-profile,MEDIUM,LOW,32,1,-0.1628,RESOLVED,2026-09-21T11:28:00Z,Degradation on user-profile (Tier 2): observed 4.6% error rate and P99 latency of 385ms impacting an estimated 758 active users. Primary symptom matches network pattern.,758,NETWORK
INC-8317,Batch data import job executed during peak consumer hours on search-indexer,search-indexer,LOW,LOW,25,1,0.2668,RESOLVED,2026-09-17T15:41:00Z,Degradation on search-indexer (Tier 2): observed 1.4% error rate and P99 latency of 604ms impacting an estimated 30 active users. Primary symptom matches traffic pattern.,30,TRAFFIC
INC-8318,Deadlock cycle in distributed checkout table lock on notification-worker,notification-worker,MEDIUM,MEDIUM,50,1,0.2578,RESOLVED,2026-08-21T07:53:00Z,"Degradation on notification-worker (Tier 3): observed 6.2% error rate and P99 latency of 221ms impacting an estimated 1,427 active users. Primary symptom matches database pattern.",1427,DATABASE
INC-8319,Memory leak in unclosed HTTP response stream handler on order-processing,order-processing,LOW,LOW,24,0,0.2879,RESOLVED,2026-08-15T06:42:00Z,Degradation on order-processing (Tier 1): observed 0.1% error rate and P99 latency of 378ms impacting an estimated 78 active users. Primary symptom matches code_error pattern.,78,CODE_ERROR
INC-8320,DNS resolution timeouts between VPC private subnets on search-indexer,search-indexer,MEDIUM,LOW,26,1,0.0931,MITIGATED,2026-09-15T13:03:00Z,Degradation on search-indexer (Tier 2): observed 10.3% error rate and P99 latency of 366ms impacting an estimated 836 active users. Primary symptom matches network pattern.,836,NETWORK
INC-8321,Redis cluster shard memory limit eviction cascade on notification-worker,notification-worker,MEDIUM,MEDIUM,46,0,0.224,RESOLVED,2026-09-05T18:57:00Z,Degradation on notification-worker (Tier 3): observed 0.7% error rate and P99 latency of 521ms impacting an estimated 500 active users. Primary symptom matches database pattern.,500,DATABASE
INC-8322,File descriptor limit reached on upstream reverse proxy on search-indexer,search-indexer,HIGH,MEDIUM,60,1,-0.2069,RESOLVED,2026-08-14T10:22:00Z,"Degradation on search-indexer (Tier 2): observed 11.4% error rate and P99 latency of 1608ms impacting an estimated 7,809 active users. Primary symptom matches infrastructure pattern.",7809,INFRASTRUCTURE
INC-8323,Network packet loss on Kubernetes overlay CNI bridge on user-profile,user-profile,MEDIUM,MEDIUM,45,0,-0.1767,RESOLVED,2026-08-31T23:16:00Z,Degradation on user-profile (Tier 2): observed 7.9% error rate and P99 latency of 80ms impacting an estimated 637 active users. Primary symptom matches network pattern.,637,NETWORK
INC-8324,Deadlock cycle in distributed checkout table lock on order-processing,order-processing,HIGH,MEDIUM,54,1,-0.0204,INVESTIGATING,2026-09-13T21:03:00Z,"Degradation on order-processing (Tier 1): observed 22.8% error rate and P99 latency of 903ms impacting an estimated 7,307 active users. Primary symptom matches database pattern.",7307,DATABASE
INC-8325,DNS resolution timeouts between VPC private subnets on user-profile,user-profile,HIGH,HIGH,80,1,-0.6053,RESOLVED,2026-08-17T06:13:00Z,"Degradation on user-profile (Tier 2): observed 16.5% error rate and P99 latency of 355ms impacting an estimated 10,197 active users. Primary symptom matches network pattern.",10197,NETWORK
INC-8326,DNS resolution timeouts between VPC private subnets on order-processing,order-processing,MEDIUM,MEDIUM,40,1,-0.1637,RESOLVED,2026-08-13T08:43:00Z,Degradation on order-processing (Tier 1): observed 8.0% error rate and P99 latency of 664ms impacting an estimated 803 active users. Primary symptom matches network pattern.,803,NETWORK
INC-8327,Ephemeral disk volume full due to unrotated application logs on user-profile,user-profile,MEDIUM,LOW,34,1,0.0828,RESOLVED,2026-09-01T12:41:00Z,Degradation on user-profile (Tier 2): observed 6.1% error rate and P99 latency of 408ms impacting an estimated 183 active users. Primary symptom matches infrastructure pattern.,183,INFRASTRUCTURE
INC-8328,Recursive call in JSON parsing leading to stack exhaustion on checkout-service,checkout-service,LOW,LOW,18,0,0.3895,RESOLVED,2026-09-19T04:08:00Z,Degradation on checkout-service (Tier 1): observed 3.8% error rate and P99 latency of 246ms impacting an estimated 26 active users. Primary symptom matches code_error pattern.,26,CODE_ERROR
INC-8329,File descriptor limit reached on upstream reverse proxy on order-processing,order-processing,LOW,LOW,11,1,0.1619,RESOLVED,2026-08-31T21:22:00Z,Degradation on order-processing (Tier 1): observed 1.7% error rate and P99 latency of 321ms impacting an estimated 130 active users. Primary symptom matches infrastructure pattern.,130,INFRASTRUCTURE
INC-8330,Network packet loss on Kubernetes overlay CNI bridge on user-profile,user-profile,LOW,LOW,14,0,0.6826,RESOLVED,2026-09-11T09:55:00Z,Degradation on user-profile (Tier 2): observed 0.1% error rate and P99 latency of 233ms impacting an estimated 30 active users. Primary symptom matches network pattern.,30,NETWORK
INC-8331,Stale cache invalidation logic deployed in Canary on notification-worker,notification-worker,LOW,LOW,6,0,-0.12,RESOLVED,2026-09-21T04:06:00Z,Degradation on notification-worker (Tier 3): observed 0.1% error rate and P99 latency of 367ms impacting an estimated 37 active users. Primary symptom matches deployment pattern.,37,DEPLOYMENT
INC-8332,High CPU throttling on Kubernetes node worker pool on order-processing,order-processing,HIGH,MEDIUM,63,1,-0.5192,RESOLVED,2026-08-26T22:14:00Z,"Degradation on order-processing (Tier 1): observed 20.6% error rate and P99 latency of 649ms impacting an estimated 4,852 active users. Primary symptom matches infrastructure pattern.",4852,INFRASTRUCTURE
INC-8333,Memory leak in unclosed HTTP response stream handler on user-profile,user-profile,LOW,LOW,29,1,0.75,RESOLVED,2026-08-24T08:45:00Z,Degradation on user-profile (Tier 2): observed 0.6% error rate and P99 latency of 229ms impacting an estimated 54 active users. Primary symptom matches code_error pattern.,54,CODE_ERROR
INC-8334,Batch data import job executed during peak consumer hours on user-profile,user-profile,LOW,LOW,24,1,0.103,MITIGATED,2026-09-07T15:00:00Z,Degradation on user-profile (Tier 2): observed 0.1% error rate and P99 latency of 147ms impacting an estimated 58 active users. Primary symptom matches traffic pattern.,58,TRAFFIC
INC-8335,TLS certificate handshake timeout on third-party webhook on inventory-api,inventory-api,MEDIUM,LOW,36,1,0.5,OPEN,2026-08-21T11:32:00Z,Degradation on inventory-api (Tier 2): observed 3.8% error rate and P99 latency of 444ms impacting an estimated 10 active users. Primary symptom matches network pattern.,10,NETWORK
INC-8336,TCP socket connection reset by peer on egress gateway on search-indexer,search-indexer,LOW,LOW,5,1,0.6147,RESOLVED,2026-08-22T16:29:00Z,Degradation on search-indexer (Tier 2): observed 0.1% error rate and P99 latency of 568ms impacting an estimated 49 active users. Primary symptom matches network pattern.,49,NETWORK
INC-8337,Unhandled arithmetic overflow in currency conversion on inventory-api,inventory-api,MEDIUM,MEDIUM,55,1,0.3674,RESOLVED,2026-08-24T03:10:00Z,Degradation on inventory-api (Tier 2): observed 5.9% error rate and P99 latency of 383ms impacting an estimated 538 active users. Primary symptom matches code_error pattern.,538,CODE_ERROR
INC-8338,File descriptor limit reached on upstream reverse proxy on user-profile,user-profile,LOW,LOW,12,0,0.6432,MITIGATED,2026-08-28T21:47:00Z,Degradation on user-profile (Tier 2): observed 2.4% error rate and P99 latency of 140ms impacting an estimated 54 active users. Primary symptom matches infrastructure pattern.,54,INFRASTRUCTURE
INC-8339,Config flag default inversion causing request rejections on user-profile,user-profile,HIGH,HIGH,79,1,-0.1697,RESOLVED,2026-09-07T17:45:00Z,Degradation on user-profile (Tier 2): observed 20.3% error rate and P99 latency of 150ms impacting an estimated 305 active users. Primary symptom matches deployment pattern.,305,DEPLOYMENT
INC-8340,Null pointer exception in payload serialization post-release on auth-service,auth-service,MEDIUM,LOW,26,0,0.3129,RESOLVED,2026-09-04T16:00:00Z,Degradation on auth-service (Tier 1): observed 3.6% error rate and P99 latency of 435ms impacting an estimated 325 active users. Primary symptom matches deployment pattern.,325,DEPLOYMENT
INC-8341,TCP socket connection reset by peer on egress gateway on order-processing,order-processing,LOW,LOW,36,0,-0.272,MITIGATED,2026-09-12T11:58:00Z,Degradation on order-processing (Tier 1): observed 0.1% error rate and P99 latency of 351ms impacting an estimated 11 active users. Primary symptom matches network pattern.,11,NETWORK
INC-8342,Config flag default inversion causing request rejections on notification-worker,notification-worker,HIGH,HIGH,75,1,-0.5845,RESOLVED,2026-09-03T02:54:00Z,"Degradation on notification-worker (Tier 3): observed 24.3% error rate and P99 latency of 286ms impacting an estimated 3,209 active users. Primary symptom matches deployment pattern.",3209,DEPLOYMENT
INC-8343,Pod memory limit hit triggering repeated OOMKilled events on order-processing,order-processing,LOW,LOW,10,1,0.4624,RESOLVED,2026-08-14T15:01:00Z,Degradation on order-processing (Tier 1): observed 2.1% error rate and P99 latency of 423ms impacting an estimated 41 active users. Primary symptom matches infrastructure pattern.,41,INFRASTRUCTURE
INC-8344,Database migration lock timeout during schema rollout on auth-service,auth-service,HIGH,HIGH,73,1,-0.576,RESOLVED,2026-09-18T16:08:00Z,"Degradation on auth-service (Tier 1): observed 29.6% error rate and P99 latency of 220ms impacting an estimated 2,466 active users. Primary symptom matches deployment pattern.",2466,DEPLOYMENT
INC-8345,Unhandled arithmetic overflow in currency conversion on order-processing,order-processing,MEDIUM,MEDIUM,58,0,-0.4137,MITIGATED,2026-09-12T04:29:00Z,Degradation on order-processing (Tier 1): observed 1.5% error rate and P99 latency of 711ms impacting an estimated 526 active users. Primary symptom matches code_error pattern.,526,CODE_ERROR
INC-8346,Garbage collection pause duration exceeding 1500ms on notification-worker,notification-worker,MEDIUM,MEDIUM,55,1,-0.0228,MITIGATED,2026-09-07T00:19:00Z,Degradation on notification-worker (Tier 3): observed 11.6% error rate and P99 latency of 700ms impacting an estimated 544 active users. Primary symptom matches infrastructure pattern.,544,INFRASTRUCTURE
INC-8347,DNS resolution timeouts between VPC private subnets on search-indexer,search-indexer,MEDIUM,MEDIUM,42,1,-0.0523,RESOLVED,2026-09-08T12:31:00Z,Degradation on search-indexer (Tier 2): observed 3.2% error rate and P99 latency of 546ms impacting an estimated 239 active users. Primary symptom matches network pattern.,239,NETWORK
INC-8348,Network packet loss on Kubernetes overlay CNI bridge on notification-worker,notification-worker,LOW,LOW,10,0,-0.0718,RESOLVED,2026-08-23T01:40:00Z,Degradation on notification-worker (Tier 3): observed 2.4% error rate and P99 latency of 292ms impacting an estimated 10 active users. Primary symptom matches network pattern.,10,NETWORK
INC-8349,Garbage collection pause duration exceeding 1500ms on notification-worker,notification-worker,LOW,LOW,26,0,0.3828,RESOLVED,2026-09-21T22:58:00Z,Degradation on notification-worker (Tier 3): observed 0.1% error rate and P99 latency of 287ms impacting an estimated 100 active users. Primary symptom matches infrastructure pattern.,100,INFRASTRUCTURE
INC-8350,Network packet loss on Kubernetes overlay CNI bridge on auth-service,auth-service,HIGH,HIGH,76,1,-0.5321,RESOLVED,2026-08-21T09:53:00Z,Degradation on auth-service (Tier 1): observed 15.5% error rate and P99 latency of 800ms impacting an estimated 379 active users. Primary symptom matches network pattern.,379,NETWORK
INC-8351,Corrupted response payload format failing client validation on search-indexer,search-indexer,MEDIUM,MEDIUM,57,1,0.0917,MITIGATED,2026-09-24T23:52:00Z,Degradation on search-indexer (Tier 2): observed 13.4% error rate and P99 latency of 758ms impacting an estimated 349 active users. Primary symptom matches code_error pattern.,349,CODE_ERROR
INC-8352,Slow query cascade triggering client connection timeout on notification-worker,notification-worker,MEDIUM,MEDIUM,53,1,0.4967,RESOLVED,2026-09-09T07:06:00Z,Degradation on notification-worker (Tier 3): observed 1.5% error rate and P99 latency of 624ms impacting an estimated 37 active users. Primary symptom matches database pattern.,37,DATABASE
INC-8353,Network packet loss on Kubernetes overlay CNI bridge on user-profile,user-profile,LOW,LOW,26,1,-0.2831,RESOLVED,2026-08-16T22:10:00Z,Degradation on user-profile (Tier 2): observed 5.2% error rate and P99 latency of 209ms impacting an estimated 7 active users. Primary symptom matches network pattern.,7,NETWORK
INC-8354,File descriptor limit reached on upstream reverse proxy on order-processing,order-processing,LOW,LOW,16,1,0.3132,RESOLVED,2026-09-21T06:44:00Z,Degradation on order-processing (Tier 1): observed 2.8% error rate and P99 latency of 357ms impacting an estimated 34 active users. Primary symptom matches infrastructure pattern.,34,INFRASTRUCTURE
INC-8355,TLS certificate handshake timeout on third-party webhook on search-indexer,search-indexer,LOW,LOW,5,0,0.616,RESOLVED,2026-08-12T15:02:00Z,Degradation on search-indexer (Tier 2): observed 3.1% error rate and P99 latency of 453ms impacting an estimated 103 active users. Primary symptom matches network pattern.,103,NETWORK
INC-8356,Redis cluster shard memory limit eviction cascade on user-profile,user-profile,CRITICAL,CRITICAL,99,1,-0.49,RESOLVED,2026-09-23T01:29:00Z,"Degradation on user-profile (Tier 2): observed 33.3% error rate and P99 latency of 760ms impacting an estimated 5,079 active users. Primary symptom matches database pattern.",5079,DATABASE
INC-8357,Pod memory limit hit triggering repeated OOMKilled events on auth-service,auth-service,MEDIUM,MEDIUM,55,1,-0.2923,RESOLVED,2026-09-10T16:24:00Z,Degradation on auth-service (Tier 1): observed 8.3% error rate and P99 latency of 80ms impacting an estimated 649 active users. Primary symptom matches infrastructure pattern.,649,INFRASTRUCTURE
INC-8358,Flash sale burst traffic causing ingress queue build-up on notification-worker,notification-worker,MEDIUM,LOW,26,0,0.5,RESOLVED,2026-09-18T00:00:00Z,Degradation on notification-worker (Tier 3): observed 6.1% error rate and P99 latency of 378ms impacting an estimated 23 active users. Primary symptom matches traffic pattern.,23,TRAFFIC
INC-8359,DNS resolution timeouts between VPC private subnets on search-indexer,search-indexer,CRITICAL,CRITICAL,90,1,-0.8906,RESOLVED,2026-09-09T21:52:00Z,"Degradation on search-indexer (Tier 2): observed 40.8% error rate and P99 latency of 1583ms impacting an estimated 19,988 active users. Primary symptom matches network pattern.",19988,NETWORK
INC-8360,File descriptor limit reached on upstream reverse proxy on inventory-api,inventory-api,MEDIUM,MEDIUM,40,1,-0.3354,RESOLVED,2026-09-25T05:30:00Z,Degradation on inventory-api (Tier 2): observed 5.2% error rate and P99 latency of 222ms impacting an estimated 59 active users. Primary symptom matches infrastructure pattern.,59,INFRASTRUCTURE
INC-8361,File descriptor limit reached on upstream reverse proxy on inventory-api,inventory-api,HIGH,MEDIUM,62,1,-0.4788,RESOLVED,2026-08-13T15:03:00Z,"Degradation on inventory-api (Tier 2): observed 22.4% error rate and P99 latency of 825ms impacting an estimated 1,503 active users. Primary symptom matches infrastructure pattern.",1503,INFRASTRUCTURE
INC-8362,Spike in unauthenticated request probe flood on checkout-service,checkout-service,LOW,LOW,27,0,0.75,RESOLVED,2026-08-14T06:28:00Z,Degradation on checkout-service (Tier 1): observed 4.1% error rate and P99 latency of 230ms impacting an estimated 11 active users. Primary symptom matches traffic pattern.,11,TRAFFIC
INC-8363,TCP socket connection reset by peer on egress gateway on search-indexer,search-indexer,HIGH,HIGH,72,0,-0.3372,MITIGATED,2026-09-16T13:38:00Z,"Degradation on search-indexer (Tier 2): observed 21.3% error rate and P99 latency of 1021ms impacting an estimated 13,705 active users. Primary symptom matches network pattern.",13705,NETWORK
INC-8364,Deadlock cycle in distributed checkout table lock on search-indexer,search-indexer,MEDIUM,HIGH,66,0,-0.4743,RESOLVED,2026-09-09T23:16:00Z,Degradation on search-indexer (Tier 2): observed 4.9% error rate and P99 latency of 778ms impacting an estimated 183 active users. Primary symptom matches database pattern.,183,DATABASE
INC-8365,Race condition in concurrent token refresh logic on order-processing,order-processing,LOW,LOW,12,0,0.75,RESOLVED,2026-08-25T14:30:00Z,Degradation on order-processing (Tier 1): observed 2.5% error rate and P99 latency of 328ms impacting an estimated 30 active users. Primary symptom matches code_error pattern.,30,CODE_ERROR
INC-8366,Deadlock cycle in distributed checkout table lock on inventory-api,inventory-api,LOW,LOW,20,0,0.0402,RESOLVED,2026-08-15T19:22:00Z,Degradation on inventory-api (Tier 2): observed 0.9% error rate and P99 latency of 209ms impacting an estimated 54 active users. Primary symptom matches database pattern.,54,DATABASE
INC-8367,Inter-region transit latency degradation exceeding SLA on auth-service,auth-service,HIGH,HIGH,79,1,-0.6193,RESOLVED,2026-09-10T11:26:00Z,"Degradation on auth-service (Tier 1): observed 29.6% error rate and P99 latency of 553ms impacting an estimated 4,242 active users. Primary symptom matches network pattern.",4242,NETWORK
INC-8368,Config flag default inversion causing request rejections on user-profile,user-profile,MEDIUM,MEDIUM,51,1,0.5,RESOLVED,2026-08-18T22:39:00Z,Degradation on user-profile (Tier 2): observed 10.9% error rate and P99 latency of 380ms impacting an estimated 136 active users. Primary symptom matches deployment pattern.,136,DEPLOYMENT
INC-8369,Race condition in concurrent token refresh logic on inventory-api,inventory-api,LOW,LOW,5,0,0.6486,RESOLVED,2026-08-17T14:30:00Z,Degradation on inventory-api (Tier 2): observed 0.1% error rate and P99 latency of 251ms impacting an estimated 5 active users. Primary symptom matches code_error pattern.,5,CODE_ERROR
INC-8370,Connection pool saturation under sustained transaction load on order-processing,order-processing,LOW,LOW,25,0,0.3985,RESOLVED,2026-09-22T10:29:00Z,Degradation on order-processing (Tier 1): observed 3.2% error rate and P99 latency of 495ms impacting an estimated 99 active users. Primary symptom matches database pattern.,99,DATABASE
INC-8371,Corrupted response payload format failing client validation on inventory-api,inventory-api,LOW,MEDIUM,41,1,0.0443,MITIGATED,2026-08-18T12:25:00Z,Degradation on inventory-api (Tier 2): observed 0.1% error rate and P99 latency of 177ms impacting an estimated 48 active users. Primary symptom matches code_error pattern.,48,CODE_ERROR
INC-8372,Dependency version mismatch in gRPC protobuf schema on search-indexer,search-indexer,HIGH,HIGH,81,0,-0.199,RESOLVED,2026-08-16T04:43:00Z,Degradation on search-indexer (Tier 2): observed 16.5% error rate and P99 latency of 857ms impacting an estimated 100 active users. Primary symptom matches deployment pattern.,100,DEPLOYMENT
INC-8373,Null pointer exception in payload serialization post-release on auth-service,auth-service,LOW,LOW,25,0,0.2931,RESOLVED,2026-08-29T21:26:00Z,Degradation on auth-service (Tier 1): observed 5.3% error rate and P99 latency of 224ms impacting an estimated 127 active users. Primary symptom matches deployment pattern.,127,DEPLOYMENT
INC-8374,Batch data import job executed during peak consumer hours on checkout-service,checkout-service,LOW,LOW,8,0,0.2462,MITIGATED,2026-09-20T11:40:00Z,Degradation on checkout-service (Tier 1): observed 0.6% error rate and P99 latency of 378ms impacting an estimated 85 active users. Primary symptom matches traffic pattern.,85,TRAFFIC
INC-8375,File descriptor limit reached on upstream reverse proxy on inventory-api,inventory-api,MEDIUM,LOW,37,1,-0.0352,RESOLVED,2026-09-12T03:06:00Z,Degradation on inventory-api (Tier 2): observed 6.6% error rate and P99 latency of 272ms impacting an estimated 529 active users. Primary symptom matches infrastructure pattern.,529,INFRASTRUCTURE
INC-8376,TLS certificate handshake timeout on third-party webhook on notification-worker,notification-worker,LOW,LOW,13,0,0.541,RESOLVED,2026-08-16T17:59:00Z,Degradation on notification-worker (Tier 3): observed 3.6% error rate and P99 latency of 253ms impacting an estimated 33 active users. Primary symptom matches network pattern.,33,NETWORK
INC-8377,Connection pool saturation under sustained transaction load on auth-service,auth-service,HIGH,HIGH,68,1,-0.2575,MITIGATED,2026-08-19T11:46:00Z,"Degradation on auth-service (Tier 1): observed 6.0% error rate and P99 latency of 692ms impacting an estimated 3,895 active users. Primary symptom matches database pattern.",3895,DATABASE
INC-8378,DNS resolution timeouts between VPC private subnets on payment-gateway,payment-gateway,LOW,LOW,24,0,0.4032,RESOLVED,2026-08-30T14:57:00Z,Degradation on payment-gateway (Tier 1): observed 1.6% error rate and P99 latency of 182ms impacting an estimated 17 active users. Primary symptom matches network pattern.,17,NETWORK
INC-8379,File descriptor limit reached on upstream reverse proxy on notification-worker,notification-worker,MEDIUM,MEDIUM,48,0,-0.5759,RESOLVED,2026-08-29T03:58:00Z,"Degradation on notification-worker (Tier 3): observed 9.0% error rate and P99 latency of 521ms impacting an estimated 1,305 active users. Primary symptom matches infrastructure pattern.",1305,INFRASTRUCTURE
INC-8380,Batch data import job executed during peak consumer hours on auth-service,auth-service,MEDIUM,MEDIUM,61,1,-0.3274,RESOLVED,2026-08-22T09:45:00Z,Degradation on auth-service (Tier 1): observed 7.0% error rate and P99 latency of 159ms impacting an estimated 66 active users. Primary symptom matches traffic pattern.,66,TRAFFIC
INC-8381,File descriptor limit reached on upstream reverse proxy on search-indexer,search-indexer,HIGH,HIGH,71,1,-0.3318,MITIGATED,2026-09-03T03:48:00Z,"Degradation on search-indexer (Tier 2): observed 20.8% error rate and P99 latency of 1035ms impacting an estimated 3,170 active users. Primary symptom matches infrastructure pattern.",3170,INFRASTRUCTURE
INC-8382,Recursive call in JSON parsing leading to stack exhaustion on payment-gateway,payment-gateway,MEDIUM,MEDIUM,54,0,-0.2052,MITIGATED,2026-08-25T00:17:00Z,Degradation on payment-gateway (Tier 1): observed 6.7% error rate and P99 latency of 503ms impacting an estimated 814 active users. Primary symptom matches code_error pattern.,814,CODE_ERROR
INC-8383,Batch data import job executed during peak consumer hours on inventory-api,inventory-api,HIGH,CRITICAL,82,1,-0.0857,RESOLVED,2026-09-24T10:30:00Z,Degradation on inventory-api (Tier 2): observed 32.2% error rate and P99 latency of 864ms impacting an estimated 311 active users. Primary symptom matches traffic pattern.,311,TRAFFIC
INC-8384,Redis cluster shard memory limit eviction cascade on notification-worker,notification-worker,LOW,LOW,32,1,0.7132,RESOLVED,2026-09-12T04:51:00Z,Degradation on notification-worker (Tier 3): observed 3.1% error rate and P99 latency of 435ms impacting an estimated 2 active users. Primary symptom matches database pattern.,2,DATABASE
INC-8385,Database migration lock timeout during schema rollout on checkout-service,checkout-service,LOW,LOW,26,0,0.3599,OPEN,2026-09-02T04:05:00Z,Degradation on checkout-service (Tier 1): observed 0.4% error rate and P99 latency of 269ms impacting an estimated 8 active users. Primary symptom matches deployment pattern.,8,DEPLOYMENT
INC-8386,Distributed crawler burst triggering endpoint 429 retries on notification-worker,notification-worker,LOW,LOW,20,0,0.3234,RESOLVED,2026-08-26T18:22:00Z,Degradation on notification-worker (Tier 3): observed 0.1% error rate and P99 latency of 336ms impacting an estimated 42 active users. Primary symptom matches traffic pattern.,42,TRAFFIC
INC-8387,Redis cluster shard memory limit eviction cascade on order-processing,order-processing,HIGH,MEDIUM,61,1,-0.85,RESOLVED,2026-08-28T23:56:00Z,"Degradation on order-processing (Tier 1): observed 22.5% error rate and P99 latency of 335ms impacting an estimated 4,805 active users. Primary symptom matches database pattern.",4805,DATABASE
INC-8388,Memory leak in unclosed HTTP response stream handler on notification-worker,notification-worker,LOW,LOW,18,0,0.013,RESOLVED,2026-09-13T01:43:00Z,Degradation on notification-worker (Tier 3): observed 3.1% error rate and P99 latency of 221ms impacting an estimated 25 active users. Primary symptom matches code_error pattern.,25,CODE_ERROR
INC-8389,Corrupted response payload format failing client validation on inventory-api,inventory-api,LOW,LOW,36,0,-0.0185,RESOLVED,2026-08-24T12:17:00Z,Degradation on inventory-api (Tier 2): observed 0.7% error rate and P99 latency of 235ms impacting an estimated 43 active users. Primary symptom matches code_error pattern.,43,CODE_ERROR
INC-8390,TLS certificate handshake timeout on third-party webhook on auth-service,auth-service,LOW,LOW,24,0,0.3444,RESOLVED,2026-09-21T04:02:00Z,Degradation on auth-service (Tier 1): observed 0.9% error rate and P99 latency of 224ms impacting an estimated 67 active users. Primary symptom matches network pattern.,67,NETWORK
INC-8391,Inter-region transit latency degradation exceeding SLA on order-processing,order-processing,MEDIUM,LOW,37,0,0.4411,RESOLVED,2026-08-18T15:34:00Z,Degradation on order-processing (Tier 1): observed 7.5% error rate and P99 latency of 366ms impacting an estimated 876 active users. Primary symptom matches network pattern.,876,NETWORK
INC-8392,Unindexed query scan causing read replica CPU spike on auth-service,auth-service,MEDIUM,LOW,28,1,0.1915,RESOLVED,2026-09-07T13:24:00Z,Degradation on auth-service (Tier 1): observed 8.6% error rate and P99 latency of 502ms impacting an estimated 31 active users. Primary symptom matches database pattern.,31,DATABASE
INC-8393,Sudden traffic surge exceeding rate limiter bucket capacity on checkout-service,checkout-service,LOW,LOW,26,0,0.2124,MITIGATED,2026-09-16T04:09:00Z,Degradation on checkout-service (Tier 1): observed 0.1% error rate and P99 latency of 172ms impacting an estimated 21 active users. Primary symptom matches traffic pattern.,21,TRAFFIC
INC-8394,Network packet loss on Kubernetes overlay CNI bridge on inventory-api,inventory-api,HIGH,HIGH,72,1,-0.4314,RESOLVED,2026-09-21T18:00:00Z,Degradation on inventory-api (Tier 2): observed 18.1% error rate and P99 latency of 514ms impacting an estimated 517 active users. Primary symptom matches network pattern.,517,NETWORK
INC-8395,Deadlock cycle in distributed checkout table lock on order-processing,order-processing,CRITICAL,CRITICAL,83,1,-0.5575,RESOLVED,2026-09-03T19:23:00Z,"Degradation on order-processing (Tier 1): observed 29.5% error rate and P99 latency of 673ms impacting an estimated 7,471 active users. Primary symptom matches database pattern.",7471,DATABASE
INC-8396,Race condition in concurrent token refresh logic on payment-gateway,payment-gateway,LOW,LOW,9,0,-0.0983,MITIGATED,2026-09-18T16:42:00Z,Degradation on payment-gateway (Tier 1): observed 1.9% error rate and P99 latency of 240ms impacting an estimated 47 active users. Primary symptom matches code_error pattern.,47,CODE_ERROR
INC-8397,Redis cluster shard memory limit eviction cascade on search-indexer,search-indexer,HIGH,HIGH,65,1,-0.0571,RESOLVED,2026-08-18T16:43:00Z,"Degradation on search-indexer (Tier 2): observed 13.5% error rate and P99 latency of 1318ms impacting an estimated 11,135 active users. Primary symptom matches database pattern.",11135,DATABASE
INC-8398,Config flag default inversion causing request rejections on payment-gateway,payment-gateway,MEDIUM,LOW,37,0,-0.0693,RESOLVED,2026-08-13T05:21:00Z,Degradation on payment-gateway (Tier 1): observed 2.7% error rate and P99 latency of 501ms impacting an estimated 169 active users. Primary symptom matches deployment pattern.,169,DEPLOYMENT
INC-8399,Slow query cascade triggering client connection timeout on search-indexer,search-indexer,MEDIUM,HIGH,65,0,0.2985,RESOLVED,2026-09-10T18:39:00Z,Degradation on search-indexer (Tier 2): observed 10.5% error rate and P99 latency of 751ms impacting an estimated 160 active users. Primary symptom matches database pattern.,160,DATABASE
INC-8400,Distributed crawler burst triggering endpoint 429 retries on order-processing,order-processing,LOW,LOW,34,0,0.0732,INVESTIGATING,2026-09-19T04:58:00Z,Degradation on order-processing (Tier 1): observed 3.4% error rate and P99 latency of 361ms impacting an estimated 6 active users. Primary symptom matches traffic pattern.,6,TRAFFIC
INC-8401,Distributed crawler burst triggering endpoint 429 retries on user-profile,user-profile,LOW,LOW,21,1,0.2961,MITIGATED,2026-08-14T15:34:00Z,Degradation on user-profile (Tier 2): observed 1.3% error rate and P99 latency of 114ms impacting an estimated 9 active users. Primary symptom matches traffic pattern.,9,TRAFFIC
INC-8402,File descriptor limit reached on upstream reverse proxy on order-processing,order-processing,LOW,LOW,11,0,-0.0192,RESOLVED,2026-09-02T20:09:00Z,Degradation on order-processing (Tier 1): observed 1.2% error rate and P99 latency of 384ms impacting an estimated 45 active users. Primary symptom matches infrastructure pattern.,45,INFRASTRUCTURE
INC-8403,Corrupted response payload format failing client validation on auth-service,auth-service,LOW,LOW,5,1,0.1274,RESOLVED,2026-09-23T15:50:00Z,Degradation on auth-service (Tier 1): observed 0.7% error rate and P99 latency of 209ms impacting an estimated 81 active users. Primary symptom matches code_error pattern.,81,CODE_ERROR
INC-8404,Batch data import job executed during peak consumer hours on search-indexer,search-indexer,HIGH,MEDIUM,64,1,-0.827,RESOLVED,2026-08-26T03:10:00Z,"Degradation on search-indexer (Tier 2): observed 15.6% error rate and P99 latency of 377ms impacting an estimated 4,021 active users. Primary symptom matches traffic pattern.",4021,TRAFFIC
INC-8405,Corrupted response payload format failing client validation on auth-service,auth-service,MEDIUM,HIGH,66,1,-0.2328,RESOLVED,2026-09-19T08:27:00Z,Degradation on auth-service (Tier 1): observed 5.2% error rate and P99 latency of 475ms impacting an estimated 226 active users. Primary symptom matches code_error pattern.,226,CODE_ERROR
INC-8406,Unhandled arithmetic overflow in currency conversion on user-profile,user-profile,LOW,LOW,32,0,0.1388,RESOLVED,2026-09-20T00:30:00Z,Degradation on user-profile (Tier 2): observed 4.2% error rate and P99 latency of 250ms impacting an estimated 47 active users. Primary symptom matches code_error pattern.,47,CODE_ERROR
INC-8407,Null pointer exception in payload serialization post-release on auth-service,auth-service,MEDIUM,MEDIUM,44,1,-0.4335,RESOLVED,2026-09-05T21:39:00Z,Degradation on auth-service (Tier 1): observed 1.7% error rate and P99 latency of 208ms impacting an estimated 335 active users. Primary symptom matches deployment pattern.,335,DEPLOYMENT
INC-8408,Race condition in concurrent token refresh logic on search-indexer,search-indexer,MEDIUM,MEDIUM,57,1,0.2783,RESOLVED,2026-08-13T21:17:00Z,Degradation on search-indexer (Tier 2): observed 5.7% error rate and P99 latency of 893ms impacting an estimated 586 active users. Primary symptom matches code_error pattern.,586,CODE_ERROR
INC-8409,Spike in unauthenticated request probe flood on auth-service,auth-service,LOW,LOW,16,0,-0.2476,RESOLVED,2026-09-17T20:53:00Z,Degradation on auth-service (Tier 1): observed 1.9% error rate and P99 latency of 223ms impacting an estimated 101 active users. Primary symptom matches traffic pattern.,101,TRAFFIC
INC-8410,Distributed crawler burst triggering endpoint 429 retries on auth-service,auth-service,HIGH,CRITICAL,89,1,-0.2074,RESOLVED,2026-09-25T10:21:00Z,Degradation on auth-service (Tier 1): observed 13.3% error rate and P99 latency of 508ms impacting an estimated 506 active users. Primary symptom matches traffic pattern.,506,TRAFFIC
INC-8411,Config flag default inversion causing request rejections on checkout-service,checkout-service,LOW,LOW,22,0,0.5422,RESOLVED,2026-09-23T19:25:00Z,Degradation on checkout-service (Tier 1): observed 0.9% error rate and P99 latency of 271ms impacting an estimated 65 active users. Primary symptom matches deployment pattern.,65,DEPLOYMENT
INC-8412,Null pointer exception in payload serialization post-release on search-indexer,search-indexer,CRITICAL,CRITICAL,91,1,-0.6344,RESOLVED,2026-08-30T19:39:00Z,"Degradation on search-indexer (Tier 2): observed 25.5% error rate and P99 latency of 1715ms impacting an estimated 1,727 active users. Primary symptom matches deployment pattern.",1727,DEPLOYMENT
INC-8413,Dependency version mismatch in gRPC protobuf schema on order-processing,order-processing,CRITICAL,CRITICAL,99,1,-0.8522,RESOLVED,2026-09-15T06:43:00Z,"Degradation on order-processing (Tier 1): observed 34.2% error rate and P99 latency of 1348ms impacting an estimated 9,276 active users. Primary symptom matches deployment pattern.",9276,DEPLOYMENT
INC-8414,Batch data import job executed during peak consumer hours on checkout-service,checkout-service,HIGH,MEDIUM,54,0,-0.1622,RESOLVED,2026-08-20T12:08:00Z,"Degradation on checkout-service (Tier 1): observed 17.6% error rate and P99 latency of 753ms impacting an estimated 1,612 active users. Primary symptom matches traffic pattern.",1612,TRAFFIC
INC-8415,Spike in unauthenticated request probe flood on payment-gateway,payment-gateway,LOW,LOW,22,1,0.4682,MITIGATED,2026-08-19T16:38:00Z,Degradation on payment-gateway (Tier 1): observed 0.1% error rate and P99 latency of 103ms impacting an estimated 39 active users. Primary symptom matches traffic pattern.,39,TRAFFIC
INC-8416,Inter-region transit latency degradation exceeding SLA on notification-worker,notification-worker,LOW,LOW,12,0,0.3997,RESOLVED,2026-09-05T13:32:00Z,Degradation on notification-worker (Tier 3): observed 0.1% error rate and P99 latency of 187ms impacting an estimated 13 active users. Primary symptom matches network pattern.,13,NETWORK
INC-8417,TLS certificate handshake timeout on third-party webhook on checkout-service,checkout-service,MEDIUM,LOW,27,0,0.2851,MITIGATED,2026-09-01T23:59:00Z,Degradation on checkout-service (Tier 1): observed 6.2% error rate and P99 latency of 297ms impacting an estimated 268 active users. Primary symptom matches network pattern.,268,NETWORK
INC-8418,DNS resolution timeouts between VPC private subnets on search-indexer,search-indexer,LOW,LOW,10,1,-0.3,RESOLVED,2026-09-09T15:06:00Z,Degradation on search-indexer (Tier 2): observed 0.8% error rate and P99 latency of 478ms impacting an estimated 20 active users. Primary symptom matches network pattern.,20,NETWORK
INC-8419,Distributed crawler burst triggering endpoint 429 retries on order-processing,order-processing,LOW,LOW,5,0,0.4249,RESOLVED,2026-08-13T11:13:00Z,Degradation on order-processing (Tier 1): observed 0.6% error rate and P99 latency of 394ms impacting an estimated 146 active users. Primary symptom matches traffic pattern.,146,TRAFFIC
INC-8420,Slow query cascade triggering client connection timeout on notification-worker,notification-worker,LOW,LOW,26,0,0.3987,MITIGATED,2026-08-30T17:20:00Z,Degradation on notification-worker (Tier 3): observed 3.2% error rate and P99 latency of 454ms impacting an estimated 55 active users. Primary symptom matches database pattern.,55,DATABASE
INC-8421,Unhandled arithmetic overflow in currency conversion on notification-worker,notification-worker,LOW,LOW,12,0,0.4296,RESOLVED,2026-09-11T18:57:00Z,Degradation on notification-worker (Tier 3): observed 0.3% error rate and P99 latency of 395ms impacting an estimated 62 active users. Primary symptom matches code_error pattern.,62,CODE_ERROR
INC-8422,Pod memory limit hit triggering repeated OOMKilled events on search-indexer,search-indexer,MEDIUM,LOW,31,1,0.0065,INVESTIGATING,2026-08-20T17:34:00Z,Degradation on search-indexer (Tier 2): observed 3.3% error rate and P99 latency of 754ms impacting an estimated 91 active users. Primary symptom matches infrastructure pattern.,91,INFRASTRUCTURE
INC-8423,Inter-region transit latency degradation exceeding SLA on payment-gateway,payment-gateway,MEDIUM,HIGH,66,0,-0.5235,MITIGATED,2026-09-15T05:48:00Z,Degradation on payment-gateway (Tier 1): observed 5.1% error rate and P99 latency of 223ms impacting an estimated 102 active users. Primary symptom matches network pattern.,102,NETWORK
INC-8424,Null pointer exception in payload serialization post-release on auth-service,auth-service,LOW,LOW,11,0,0.7051,INVESTIGATING,2026-08-25T22:25:00Z,Degradation on auth-service (Tier 1): observed 3.8% error rate and P99 latency of 204ms impacting an estimated 8 active users. Primary symptom matches deployment pattern.,8,DEPLOYMENT
INC-8425,Database migration lock timeout during schema rollout on auth-service,auth-service,LOW,LOW,6,1,0.1553,MITIGATED,2026-09-08T05:01:00Z,Degradation on auth-service (Tier 1): observed 1.6% error rate and P99 latency of 223ms impacting an estimated 80 active users. Primary symptom matches deployment pattern.,80,DEPLOYMENT
INC-8426,File descriptor limit reached on upstream reverse proxy on payment-gateway,payment-gateway,MEDIUM,MEDIUM,60,1,-0.1832,RESOLVED,2026-09-23T09:59:00Z,Degradation on payment-gateway (Tier 1): observed 10.8% error rate and P99 latency of 277ms impacting an estimated 916 active users. Primary symptom matches infrastructure pattern.,916,INFRASTRUCTURE
INC-8427,File descriptor limit reached on upstream reverse proxy on payment-gateway,payment-gateway,LOW,LOW,15,0,0.3157,RESOLVED,2026-08-23T03:47:00Z,Degradation on payment-gateway (Tier 1): observed 4.1% error rate and P99 latency of 288ms impacting an estimated 11 active users. Primary symptom matches infrastructure pattern.,11,INFRASTRUCTURE
INC-8428,TCP socket connection reset by peer on egress gateway on payment-gateway,payment-gateway,MEDIUM,MEDIUM,45,1,0.0507,RESOLVED,2026-09-03T09:52:00Z,Degradation on payment-gateway (Tier 1): observed 9.6% error rate and P99 latency of 343ms impacting an estimated 543 active users. Primary symptom matches network pattern.,543,NETWORK
INC-8429,File descriptor limit reached on upstream reverse proxy on notification-worker,notification-worker,MEDIUM,MEDIUM,54,1,0.5,MITIGATED,2026-09-11T12:49:00Z,Degradation on notification-worker (Tier 3): observed 9.9% error rate and P99 latency of 428ms impacting an estimated 313 active users. Primary symptom matches infrastructure pattern.,313,INFRASTRUCTURE
INC-8430,Garbage collection pause duration exceeding 1500ms on notification-worker,notification-worker,HIGH,HIGH,71,1,-0.0681,OPEN,2026-09-09T23:28:00Z,"Degradation on notification-worker (Tier 3): observed 18.5% error rate and P99 latency of 186ms impacting an estimated 3,344 active users. Primary symptom matches infrastructure pattern.",3344,INFRASTRUCTURE
INC-8431,High CPU throttling on Kubernetes node worker pool on payment-gateway,payment-gateway,LOW,LOW,22,0,0.47,RESOLVED,2026-08-18T22:01:00Z,Degradation on payment-gateway (Tier 1): observed 1.9% error rate and P99 latency of 257ms impacting an estimated 48 active users. Primary symptom matches infrastructure pattern.,48,INFRASTRUCTURE
INC-8432,Dependency version mismatch in gRPC protobuf schema on checkout-service,checkout-service,MEDIUM,LOW,31,0,0.0018,RESOLVED,2026-09-09T16:01:00Z,Degradation on checkout-service (Tier 1): observed 5.6% error rate and P99 latency of 306ms impacting an estimated 159 active users. Primary symptom matches deployment pattern.,159,DEPLOYMENT
INC-8433,Race condition in concurrent token refresh logic on order-processing,order-processing,LOW,MEDIUM,40,0,0.2643,RESOLVED,2026-09-06T22:35:00Z,Degradation on order-processing (Tier 1): observed 1.1% error rate and P99 latency of 359ms impacting an estimated 11 active users. Primary symptom matches code_error pattern.,11,CODE_ERROR
INC-8434,Dependency version mismatch in gRPC protobuf schema on checkout-service,checkout-service,LOW,LOW,17,0,0.3342,RESOLVED,2026-08-13T10:01:00Z,Degradation on checkout-service (Tier 1): observed 2.2% error rate and P99 latency of 234ms impacting an estimated 37 active users. Primary symptom matches deployment pattern.,37,DEPLOYMENT
INC-8435,Network packet loss on Kubernetes overlay CNI bridge on search-indexer,search-indexer,HIGH,HIGH,81,1,-0.7414,RESOLVED,2026-09-02T20:59:00Z,"Degradation on search-indexer (Tier 2): observed 18.6% error rate and P99 latency of 1491ms impacting an estimated 6,115 active users. Primary symptom matches network pattern.",6115,NETWORK
INC-8436,Redis cluster shard memory limit eviction cascade on payment-gateway,payment-gateway,LOW,LOW,23,0,0.1934,RESOLVED,2026-08-17T01:03:00Z,Degradation on payment-gateway (Tier 1): observed 0.1% error rate and P99 latency of 290ms impacting an estimated 31 active users. Primary symptom matches database pattern.,31,DATABASE
INC-8437,Distributed crawler burst triggering endpoint 429 retries on auth-service,auth-service,LOW,LOW,29,0,-0.1148,RESOLVED,2026-09-11T04:21:00Z,Degradation on auth-service (Tier 1): observed 2.5% error rate and P99 latency of 118ms impacting an estimated 203 active users. Primary symptom matches traffic pattern.,203,TRAFFIC
INC-8438,Spike in unauthenticated request probe flood on auth-service,auth-service,LOW,LOW,21,0,0.6446,MITIGATED,2026-09-16T03:00:00Z,Degradation on auth-service (Tier 1): observed 1.9% error rate and P99 latency of 254ms impacting an estimated 45 active users. Primary symptom matches traffic pattern.,45,TRAFFIC
INC-8439,Inter-region transit latency degradation exceeding SLA on inventory-api,inventory-api,LOW,LOW,15,0,0.4761,RESOLVED,2026-08-30T00:00:00Z,Degradation on inventory-api (Tier 2): observed 0.1% error rate and P99 latency of 312ms impacting an estimated 56 active users. Primary symptom matches network pattern.,56,NETWORK
INC-8440,Unindexed query scan causing read replica CPU spike on checkout-service,checkout-service,HIGH,HIGH,66,1,-0.1753,RESOLVED,2026-08-30T18:36:00Z,"Degradation on checkout-service (Tier 1): observed 5.8% error rate and P99 latency of 1339ms impacting an estimated 2,405 active users. Primary symptom matches database pattern.",2405,DATABASE
INC-8441,Deadlock cycle in distributed checkout table lock on checkout-service,checkout-service,MEDIUM,MEDIUM,50,0,-0.2775,RESOLVED,2026-08-19T12:29:00Z,Degradation on checkout-service (Tier 1): observed 6.6% error rate and P99 latency of 630ms impacting an estimated 381 active users. Primary symptom matches database pattern.,381,DATABASE
INC-8442,File descriptor limit reached on upstream reverse proxy on checkout-service,checkout-service,LOW,LOW,29,0,0.2771,RESOLVED,2026-08-18T00:49:00Z,Degradation on checkout-service (Tier 1): observed 2.2% error rate and P99 latency of 234ms impacting an estimated 30 active users. Primary symptom matches infrastructure pattern.,30,INFRASTRUCTURE
INC-8443,Pod memory limit hit triggering repeated OOMKilled events on notification-worker,notification-worker,MEDIUM,MEDIUM,46,1,-0.1071,RESOLVED,2026-08-19T21:02:00Z,Degradation on notification-worker (Tier 3): observed 6.3% error rate and P99 latency of 500ms impacting an estimated 600 active users. Primary symptom matches infrastructure pattern.,600,INFRASTRUCTURE
INC-8444,Deadlock cycle in distributed checkout table lock on user-profile,user-profile,MEDIUM,HIGH,71,0,-0.4036,MITIGATED,2026-09-21T10:48:00Z,"Degradation on user-profile (Tier 2): observed 2.2% error rate and P99 latency of 101ms impacting an estimated 1,658 active users. Primary symptom matches database pattern.",1658,DATABASE
INC-8445,Distributed crawler burst triggering endpoint 429 retries on notification-worker,notification-worker,LOW,LOW,27,0,0.2424,MITIGATED,2026-09-13T22:54:00Z,Degradation on notification-worker (Tier 3): observed 3.5% error rate and P99 latency of 283ms impacting an estimated 54 active users. Primary symptom matches traffic pattern.,54,TRAFFIC
INC-8446,Race condition in concurrent token refresh logic on auth-service,auth-service,LOW,LOW,17,0,0.0086,RESOLVED,2026-08-25T02:27:00Z,Degradation on auth-service (Tier 1): observed 0.1% error rate and P99 latency of 221ms impacting an estimated 20 active users. Primary symptom matches code_error pattern.,20,CODE_ERROR
INC-8447,Stale cache invalidation logic deployed in Canary on checkout-service,checkout-service,MEDIUM,MEDIUM,48,0,-0.4737,RESOLVED,2026-09-14T00:43:00Z,Degradation on checkout-service (Tier 1): observed 3.4% error rate and P99 latency of 149ms impacting an estimated 31 active users. Primary symptom matches deployment pattern.,31,DEPLOYMENT
INC-8448,Null pointer exception in payload serialization post-release on auth-service,auth-service,CRITICAL,CRITICAL,88,1,-0.6693,RESOLVED,2026-09-07T19:49:00Z,Degradation on auth-service (Tier 1): observed 35.5% error rate and P99 latency of 306ms impacting an estimated 800 active users. Primary symptom matches deployment pattern.,800,DEPLOYMENT
INC-8449,Unhandled arithmetic overflow in currency conversion on search-indexer,search-indexer,HIGH,HIGH,78,1,-0.6384,RESOLVED,2026-09-21T06:30:00Z,"Degradation on search-indexer (Tier 2): observed 23.9% error rate and P99 latency of 836ms impacting an estimated 1,655 active users. Primary symptom matches code_error pattern.",1655,CODE_ERROR
INC-8450,High CPU throttling on Kubernetes node worker pool on checkout-service,checkout-service,MEDIUM,MEDIUM,58,1,0.1076,MITIGATED,2026-09-13T02:28:00Z,Degradation on checkout-service (Tier 1): observed 8.9% error rate and P99 latency of 469ms impacting an estimated 289 active users. Primary symptom matches infrastructure pattern.,289,INFRASTRUCTURE
INC-8451,Database migration lock timeout during schema rollout on order-processing,order-processing,MEDIUM,LOW,26,0,0.0642,RESOLVED,2026-09-08T17:06:00Z,Degradation on order-processing (Tier 1): observed 12.7% error rate and P99 latency of 394ms impacting an estimated 167 active users. Primary symptom matches deployment pattern.,167,DEPLOYMENT
INC-8452,Dependency version mismatch in gRPC protobuf schema on payment-gateway,payment-gateway,MEDIUM,MEDIUM,51,0,-0.1974,RESOLVED,2026-09-16T10:50:00Z,Degradation on payment-gateway (Tier 1): observed 5.7% error rate and P99 latency of 361ms impacting an estimated 742 active users. Primary symptom matches deployment pattern.,742,DEPLOYMENT
INC-8453,Slow query cascade triggering client connection timeout on user-profile,user-profile,MEDIUM,LOW,28,1,-0.1138,RESOLVED,2026-09-20T23:48:00Z,Degradation on user-profile (Tier 2): observed 7.4% error rate and P99 latency of 234ms impacting an estimated 458 active users. Primary symptom matches database pattern.,458,DATABASE
INC-8454,Pod memory limit hit triggering repeated OOMKilled events on inventory-api,inventory-api,MEDIUM,MEDIUM,49,1,0.1029,RESOLVED,2026-08-30T05:38:00Z,Degradation on inventory-api (Tier 2): observed 3.0% error rate and P99 latency of 483ms impacting an estimated 50 active users. Primary symptom matches infrastructure pattern.,50,INFRASTRUCTURE
INC-8455,TLS certificate handshake timeout on third-party webhook on user-profile,user-profile,CRITICAL,CRITICAL,92,1,-0.5024,RESOLVED,2026-08-13T05:40:00Z,"Degradation on user-profile (Tier 2): observed 25.0% error rate and P99 latency of 300ms impacting an estimated 27,211 active users. Primary symptom matches network pattern.",27211,NETWORK
INC-8456,TCP socket connection reset by peer on egress gateway on notification-worker,notification-worker,MEDIUM,MEDIUM,59,1,0.3328,RESOLVED,2026-08-25T10:07:00Z,"Degradation on notification-worker (Tier 3): observed 7.5% error rate and P99 latency of 599ms impacting an estimated 1,201 active users. Primary symptom matches network pattern.",1201,NETWORK
INC-8457,Unindexed query scan causing read replica CPU spike on user-profile,user-profile,MEDIUM,MEDIUM,53,1,0.3129,RESOLVED,2026-08-24T11:32:00Z,Degradation on user-profile (Tier 2): observed 8.1% error rate and P99 latency of 127ms impacting an estimated 18 active users. Primary symptom matches database pattern.,18,DATABASE
INC-8458,Pod memory limit hit triggering repeated OOMKilled events on search-indexer,search-indexer,MEDIUM,MEDIUM,44,1,-0.6,RESOLVED,2026-09-10T21:24:00Z,Degradation on search-indexer (Tier 2): observed 4.4% error rate and P99 latency of 529ms impacting an estimated 168 active users. Primary symptom matches infrastructure pattern.,168,INFRASTRUCTURE
INC-8459,Connection pool saturation under sustained transaction load on notification-worker,notification-worker,LOW,LOW,23,0,0.2293,MITIGATED,2026-09-22T07:32:00Z,Degradation on notification-worker (Tier 3): observed 3.9% error rate and P99 latency of 493ms impacting an estimated 8 active users. Primary symptom matches database pattern.,8,DATABASE
INC-8460,Slow query cascade triggering client connection timeout on order-processing,order-processing,LOW,LOW,18,0,0.475,MITIGATED,2026-08-28T13:31:00Z,Degradation on order-processing (Tier 1): observed 0.1% error rate and P99 latency of 523ms impacting an estimated 32 active users. Primary symptom matches database pattern.,32,DATABASE
INC-8461,Unhandled arithmetic overflow in currency conversion on search-indexer,search-indexer,HIGH,HIGH,76,1,0.0242,RESOLVED,2026-09-07T00:56:00Z,"Degradation on search-indexer (Tier 2): observed 7.2% error rate and P99 latency of 1257ms impacting an estimated 2,213 active users. Primary symptom matches code_error pattern.",2213,CODE_ERROR
INC-8462,Redis cluster shard memory limit eviction cascade on notification-worker,notification-worker,LOW,LOW,6,0,0.5155,OPEN,2026-09-26T07:12:00Z,Degradation on notification-worker (Tier 3): observed 1.1% error rate and P99 latency of 379ms impacting an estimated 23 active users. Primary symptom matches database pattern.,23,DATABASE
INC-8463,Sudden traffic surge exceeding rate limiter bucket capacity on inventory-api,inventory-api,MEDIUM,MEDIUM,57,1,0.1753,RESOLVED,2026-09-08T23:26:00Z,Degradation on inventory-api (Tier 2): observed 10.3% error rate and P99 latency of 456ms impacting an estimated 60 active users. Primary symptom matches traffic pattern.,60,TRAFFIC
INC-8464,TCP socket connection reset by peer on egress gateway on search-indexer,search-indexer,CRITICAL,CRITICAL,86,1,-0.5138,RESOLVED,2026-09-24T22:04:00Z,"Degradation on search-indexer (Tier 2): observed 32.0% error rate and P99 latency of 1720ms impacting an estimated 11,542 active users. Primary symptom matches network pattern.",11542,NETWORK
INC-8465,Deadlock cycle in distributed checkout table lock on notification-worker,notification-worker,CRITICAL,CRITICAL,91,1,-0.754,OPEN,2026-09-19T03:26:00Z,"Degradation on notification-worker (Tier 3): observed 18.4% error rate and P99 latency of 648ms impacting an estimated 2,549 active users. Primary symptom matches database pattern.",2549,DATABASE
INC-8466,Ephemeral disk volume full due to unrotated application logs on checkout-service,checkout-service,HIGH,MEDIUM,64,1,-0.0808,RESOLVED,2026-08-30T19:36:00Z,"Degradation on checkout-service (Tier 1): observed 21.7% error rate and P99 latency of 703ms impacting an estimated 3,220 active users. Primary symptom matches infrastructure pattern.",3220,INFRASTRUCTURE
INC-8467,Unhandled arithmetic overflow in currency conversion on payment-gateway,payment-gateway,CRITICAL,CRITICAL,93,1,-0.6022,RESOLVED,2026-08-22T06:37:00Z,"Degradation on payment-gateway (Tier 1): observed 11.5% error rate and P99 latency of 300ms impacting an estimated 23,450 active users. Primary symptom matches code_error pattern.",23450,CODE_ERROR
INC-8468,Unindexed query scan causing read replica CPU spike on auth-service,auth-service,MEDIUM,MEDIUM,46,1,-0.2238,RESOLVED,2026-09-17T18:10:00Z,Degradation on auth-service (Tier 1): observed 8.6% error rate and P99 latency of 122ms impacting an estimated 43 active users. Primary symptom matches database pattern.,43,DATABASE
INC-8469,Dependency version mismatch in gRPC protobuf schema on search-indexer,search-indexer,LOW,LOW,33,1,0.6361,RESOLVED,2026-08-26T20:53:00Z,Degradation on search-indexer (Tier 2): observed 1.2% error rate and P99 latency of 535ms impacting an estimated 63 active users. Primary symptom matches deployment pattern.,63,DEPLOYMENT
INC-8470,File descriptor limit reached on upstream reverse proxy on notification-worker,notification-worker,MEDIUM,MEDIUM,53,1,-0.2135,RESOLVED,2026-09-12T03:27:00Z,Degradation on notification-worker (Tier 3): observed 2.1% error rate and P99 latency of 438ms impacting an estimated 803 active users. Primary symptom matches infrastructure pattern.,803,INFRASTRUCTURE
INC-8471,Database migration lock timeout during schema rollout on checkout-service,checkout-service,LOW,LOW,5,0,0.2006,RESOLVED,2026-09-09T17:20:00Z,Degradation on checkout-service (Tier 1): observed 2.9% error rate and P99 latency of 287ms impacting an estimated 59 active users. Primary symptom matches deployment pattern.,59,DEPLOYMENT
INC-8472,Corrupted response payload format failing client validation on notification-worker,notification-worker,LOW,LOW,30,0,0.1085,MITIGATED,2026-08-21T08:33:00Z,Degradation on notification-worker (Tier 3): observed 2.4% error rate and P99 latency of 317ms impacting an estimated 60 active users. Primary symptom matches code_error pattern.,60,CODE_ERROR
INC-8473,Dependency version mismatch in gRPC protobuf schema on payment-gateway,payment-gateway,LOW,LOW,13,0,0.4048,RESOLVED,2026-08-12T13:27:00Z,Degradation on payment-gateway (Tier 1): observed 1.7% error rate and P99 latency of 157ms impacting an estimated 63 active users. Primary symptom matches deployment pattern.,63,DEPLOYMENT
INC-8474,Config flag default inversion causing request rejections on search-indexer,search-indexer,CRITICAL,CRITICAL,85,1,-0.7039,RESOLVED,2026-08-22T14:45:00Z,"Degradation on search-indexer (Tier 2): observed 38.1% error rate and P99 latency of 1959ms impacting an estimated 1,385 active users. Primary symptom matches deployment pattern.",1385,DEPLOYMENT
INC-8475,Sudden traffic surge exceeding rate limiter bucket capacity on order-processing,order-processing,CRITICAL,CRITICAL,85,1,-0.5003,RESOLVED,2026-08-23T23:51:00Z,"Degradation on order-processing (Tier 1): observed 38.3% error rate and P99 latency of 783ms impacting an estimated 1,730 active users. Primary symptom matches traffic pattern.",1730,TRAFFIC
INC-8476,Connection pool saturation under sustained transaction load on user-profile,user-profile,HIGH,HIGH,67,1,-0.62,RESOLVED,2026-09-09T04:29:00Z,"Degradation on user-profile (Tier 2): observed 17.4% error rate and P99 latency of 506ms impacting an estimated 3,452 active users. Primary symptom matches database pattern.",3452,DATABASE
INC-8477,Spike in unauthenticated request probe flood on checkout-service,checkout-service,MEDIUM,MEDIUM,52,1,0.4431,RESOLVED,2026-09-05T12:39:00Z,Degradation on checkout-service (Tier 1): observed 4.5% error rate and P99 latency of 482ms impacting an estimated 761 active users. Primary symptom matches traffic pattern.,761,TRAFFIC
INC-8478,Network packet loss on Kubernetes overlay CNI bridge on auth-service,auth-service,LOW,LOW,18,0,0.4723,MITIGATED,2026-08-19T18:37:00Z,Degradation on auth-service (Tier 1): observed 1.5% error rate and P99 latency of 243ms impacting an estimated 5 active users. Primary symptom matches network pattern.,5,NETWORK
INC-8479,Config flag default inversion causing request rejections on order-processing,order-processing,HIGH,HIGH,72,1,-0.4274,RESOLVED,2026-09-12T21:04:00Z,Degradation on order-processing (Tier 1): observed 20.5% error rate and P99 latency of 790ms impacting an estimated 434 active users. Primary symptom matches deployment pattern.,434,DEPLOYMENT
INC-8480,Batch data import job executed during peak consumer hours on order-processing,order-processing,HIGH,HIGH,75,1,-0.0346,RESOLVED,2026-08-18T02:01:00Z,"Degradation on order-processing (Tier 1): observed 23.4% error rate and P99 latency of 763ms impacting an estimated 3,689 active users. Primary symptom matches traffic pattern.",3689,TRAFFIC
INC-8481,Sudden traffic surge exceeding rate limiter bucket capacity on payment-gateway,payment-gateway,MEDIUM,MEDIUM,40,0,-0.6,RESOLVED,2026-09-19T18:32:00Z,Degradation on payment-gateway (Tier 1): observed 4.4% error rate and P99 latency of 485ms impacting an estimated 907 active users. Primary symptom matches traffic pattern.,907,TRAFFIC
INC-8482,TLS certificate handshake timeout on third-party webhook on search-indexer,search-indexer,CRITICAL,CRITICAL,92,1,-0.3591,RESOLVED,2026-09-21T02:00:00Z,"Degradation on search-indexer (Tier 2): observed 35.7% error rate and P99 latency of 667ms impacting an estimated 15,328 active users. Primary symptom matches network pattern.",15328,NETWORK
INC-8483,TLS certificate handshake timeout on third-party webhook on auth-service,auth-service,HIGH,HIGH,78,1,0.1887,RESOLVED,2026-08-27T18:18:00Z,"Degradation on auth-service (Tier 1): observed 6.9% error rate and P99 latency of 150ms impacting an estimated 8,517 active users. Primary symptom matches network pattern.",8517,NETWORK
INC-8484,Database migration lock timeout during schema rollout on inventory-api,inventory-api,MEDIUM,MEDIUM,55,1,0.0027,RESOLVED,2026-09-12T21:52:00Z,Degradation on inventory-api (Tier 2): observed 5.5% error rate and P99 latency of 348ms impacting an estimated 112 active users. Primary symptom matches deployment pattern.,112,DEPLOYMENT
INC-8485,Spike in unauthenticated request probe flood on notification-worker,notification-worker,LOW,LOW,26,0,0.0862,RESOLVED,2026-09-20T20:13:00Z,Degradation on notification-worker (Tier 3): observed 0.8% error rate and P99 latency of 279ms impacting an estimated 6 active users. Primary symptom matches traffic pattern.,6,TRAFFIC
INC-8486,Null pointer exception in payload serialization post-release on notification-worker,notification-worker,HIGH,CRITICAL,85,1,-0.5249,RESOLVED,2026-09-22T11:50:00Z,Degradation on notification-worker (Tier 3): observed 21.3% error rate and P99 latency of 894ms impacting an estimated 229 active users. Primary symptom matches deployment pattern.,229,DEPLOYMENT
INC-8487,Recursive call in JSON parsing leading to stack exhaustion on inventory-api,inventory-api,MEDIUM,MEDIUM,47,1,0.1229,RESOLVED,2026-08-25T20:31:00Z,Degradation on inventory-api (Tier 2): observed 3.2% error rate and P99 latency of 161ms impacting an estimated 10 active users. Primary symptom matches code_error pattern.,10,CODE_ERROR
INC-8488,Deadlock cycle in distributed checkout table lock on order-processing,order-processing,LOW,LOW,12,0,-0.0113,MITIGATED,2026-09-01T08:45:00Z,Degradation on order-processing (Tier 1): observed 3.2% error rate and P99 latency of 449ms impacting an estimated 2 active users. Primary symptom matches database pattern.,2,DATABASE
INC-8489,Redis cluster shard memory limit eviction cascade on search-indexer,search-indexer,MEDIUM,MEDIUM,41,1,0.2278,RESOLVED,2026-08-26T16:49:00Z,Degradation on search-indexer (Tier 2): observed 8.6% error rate and P99 latency of 824ms impacting an estimated 297 active users. Primary symptom matches database pattern.,297,DATABASE
INC-8490,Deadlock cycle in distributed checkout table lock on checkout-service,checkout-service,MEDIUM,MEDIUM,55,0,0.0835,RESOLVED,2026-08-30T00:27:00Z,Degradation on checkout-service (Tier 1): observed 7.8% error rate and P99 latency of 482ms impacting an estimated 466 active users. Primary symptom matches database pattern.,466,DATABASE
INC-8491,Deadlock cycle in distributed checkout table lock on inventory-api,inventory-api,LOW,LOW,37,1,0.3548,RESOLVED,2026-09-09T06:11:00Z,Degradation on inventory-api (Tier 2): observed 3.3% error rate and P99 latency of 349ms impacting an estimated 4 active users. Primary symptom matches database pattern.,4,DATABASE
INC-8492,File descriptor limit reached on upstream reverse proxy on notification-worker,notification-worker,LOW,LOW,14,0,0.3585,INVESTIGATING,2026-08-16T16:28:00Z,Degradation on notification-worker (Tier 3): observed 0.1% error rate and P99 latency of 270ms impacting an estimated 10 active users. Primary symptom matches infrastructure pattern.,10,INFRASTRUCTURE
INC-8493,Deadlock cycle in distributed checkout table lock on search-indexer,search-indexer,MEDIUM,MEDIUM,49,1,-0.2758,MITIGATED,2026-09-20T17:44:00Z,Degradation on search-indexer (Tier 2): observed 2.1% error rate and P99 latency of 1027ms impacting an estimated 273 active users. Primary symptom matches database pattern.,273,DATABASE
INC-8494,Memory leak in unclosed HTTP response stream handler on inventory-api,inventory-api,LOW,LOW,16,0,0.4237,RESOLVED,2026-08-17T09:03:00Z,Degradation on inventory-api (Tier 2): observed 0.5% error rate and P99 latency of 274ms impacting an estimated 124 active users. Primary symptom matches code_error pattern.,124,CODE_ERROR
INC-8495,Null pointer exception in payload serialization post-release on auth-service,auth-service,LOW,LOW,12,0,0.4124,RESOLVED,2026-08-20T16:50:00Z,Degradation on auth-service (Tier 1): observed 0.1% error rate and P99 latency of 128ms impacting an estimated 75 active users. Primary symptom matches deployment pattern.,75,DEPLOYMENT
INC-8496,Network packet loss on Kubernetes overlay CNI bridge on payment-gateway,payment-gateway,HIGH,HIGH,77,1,-0.3452,RESOLVED,2026-09-15T09:00:00Z,"Degradation on payment-gateway (Tier 1): observed 8.3% error rate and P99 latency of 761ms impacting an estimated 4,719 active users. Primary symptom matches network pattern.",4719,NETWORK
INC-8497,Deadlock cycle in distributed checkout table lock on search-indexer,search-indexer,MEDIUM,LOW,29,0,-0.2435,RESOLVED,2026-08-19T15:17:00Z,Degradation on search-indexer (Tier 2): observed 0.5% error rate and P99 latency of 1053ms impacting an estimated 844 active users. Primary symptom matches database pattern.,844,DATABASE
INC-8498,Network packet loss on Kubernetes overlay CNI bridge on inventory-api,inventory-api,CRITICAL,CRITICAL,88,1,-0.6024,RESOLVED,2026-09-24T21:04:00Z,"Degradation on inventory-api (Tier 2): observed 50.0% error rate and P99 latency of 994ms impacting an estimated 1,073 active users. Primary symptom matches network pattern.",1073,NETWORK
INC-8499,Redis cluster shard memory limit eviction cascade on user-profile,user-profile,HIGH,MEDIUM,59,1,-0.527,RESOLVED,2026-09-22T15:12:00Z,"Degradation on user-profile (Tier 2): observed 15.0% error rate and P99 latency of 754ms impacting an estimated 1,660 active users. Primary symptom matches database pattern.",1660,DATABASE
INC-8500,Slow query cascade triggering client connection timeout on inventory-api,inventory-api,MEDIUM,MEDIUM,55,0,-0.1912,RESOLVED,2026-08-19T06:57:00Z,Degradation on inventory-api (Tier 2): observed 5.7% error rate and P99 latency of 235ms impacting an estimated 186 active users. Primary symptom matches database pattern.,186,DATABASE
INC-8501,Pod memory limit hit triggering repeated OOMKilled events on search-indexer,search-indexer,MEDIUM,LOW,38,1,0.0458,RESOLVED,2026-08-27T05:08:00Z,Degradation on search-indexer (Tier 2): observed 7.5% error rate and P99 latency of 958ms impacting an estimated 60 active users. Primary symptom matches infrastructure pattern.,60,INFRASTRUCTURE
INC-8502,Null pointer exception in payload serialization post-release on search-indexer,search-indexer,LOW,LOW,30,1,0.0534,RESOLVED,2026-08-22T13:34:00Z,Degradation on search-indexer (Tier 2): observed 1.7% error rate and P99 latency of 522ms impacting an estimated 64 active users. Primary symptom matches deployment pattern.,64,DEPLOYMENT
INC-8503,Unindexed query scan causing read replica CPU spike on checkout-service,checkout-service,HIGH,MEDIUM,64,1,-0.3311,RESOLVED,2026-08-25T14:08:00Z,"Degradation on checkout-service (Tier 1): observed 19.8% error rate and P99 latency of 196ms impacting an estimated 1,320 active users. Primary symptom matches database pattern.",1320,DATABASE
INC-8504,High CPU throttling on Kubernetes node worker pool on checkout-service,checkout-service,MEDIUM,MEDIUM,41,0,0.1938,RESOLVED,2026-09-22T08:26:00Z,Degradation on checkout-service (Tier 1): observed 8.7% error rate and P99 latency of 594ms impacting an estimated 51 active users. Primary symptom matches infrastructure pattern.,51,INFRASTRUCTURE
INC-8505,Pod memory limit hit triggering repeated OOMKilled events on search-indexer,search-indexer,MEDIUM,MEDIUM,57,1,0.3346,RESOLVED,2026-09-07T11:07:00Z,Degradation on search-indexer (Tier 2): observed 0.5% error rate and P99 latency of 816ms impacting an estimated 23 active users. Primary symptom matches infrastructure pattern.,23,INFRASTRUCTURE
INC-8506,Sudden traffic surge exceeding rate limiter bucket capacity on notification-worker,notification-worker,LOW,LOW,23,0,0.3409,RESOLVED,2026-09-11T06:38:00Z,Degradation on notification-worker (Tier 3): observed 2.0% error rate and P99 latency of 298ms impacting an estimated 17 active users. Primary symptom matches traffic pattern.,17,TRAFFIC
INC-8507,File descriptor limit reached on upstream reverse proxy on user-profile,user-profile,MEDIUM,LOW,33,1,0.1797,RESOLVED,2026-09-16T22:21:00Z,Degradation on user-profile (Tier 2): observed 7.0% error rate and P99 latency of 810ms impacting an estimated 99 active users. Primary symptom matches infrastructure pattern.,99,INFRASTRUCTURE
INC-8508,Spike in unauthenticated request probe flood on auth-service,auth-service,LOW,LOW,14,0,0.75,RESOLVED,2026-09-17T07:07:00Z,Degradation on auth-service (Tier 1): observed 0.8% error rate and P99 latency of 211ms impacting an estimated 16 active users. Primary symptom matches traffic pattern.,16,TRAFFIC
INC-8509,Unhandled arithmetic overflow in currency conversion on user-profile,user-profile,HIGH,MEDIUM,56,0,-0.63,RESOLVED,2026-09-23T09:48:00Z,"Degradation on user-profile (Tier 2): observed 17.5% error rate and P99 latency of 150ms impacting an estimated 1,921 active users. Primary symptom matches code_error pattern.",1921,CODE_ERROR
INC-8510,Spike in unauthenticated request probe flood on search-indexer,search-indexer,MEDIUM,MEDIUM,42,0,-0.296,RESOLVED,2026-09-09T00:10:00Z,Degradation on search-indexer (Tier 2): observed 8.6% error rate and P99 latency of 649ms impacting an estimated 720 active users. Primary symptom matches traffic pattern.,720,TRAFFIC
INC-8511,Network packet loss on Kubernetes overlay CNI bridge on notification-worker,notification-worker,MEDIUM,MEDIUM,59,1,-0.0627,RESOLVED,2026-08-18T16:38:00Z,Degradation on notification-worker (Tier 3): observed 7.4% error rate and P99 latency of 355ms impacting an estimated 363 active users. Primary symptom matches network pattern.,363,NETWORK
INC-8512,Unindexed query scan causing read replica CPU spike on payment-gateway,payment-gateway,MEDIUM,MEDIUM,43,1,0.1216,RESOLVED,2026-08-29T22:46:00Z,Degradation on payment-gateway (Tier 1): observed 10.8% error rate and P99 latency of 787ms impacting an estimated 82 active users. Primary symptom matches database pattern.,82,DATABASE
INC-8513,Deadlock cycle in distributed checkout table lock on payment-gateway,payment-gateway,HIGH,HIGH,72,1,-0.0425,RESOLVED,2026-09-02T00:47:00Z,"Degradation on payment-gateway (Tier 1): observed 7.6% error rate and P99 latency of 783ms impacting an estimated 5,067 active users. Primary symptom matches database pattern.",5067,DATABASE
INC-8514,Redis cluster shard memory limit eviction cascade on search-indexer,search-indexer,LOW,LOW,14,0,0.0163,RESOLVED,2026-09-22T05:25:00Z,Degradation on search-indexer (Tier 2): observed 3.3% error rate and P99 latency of 547ms impacting an estimated 53 active users. Primary symptom matches database pattern.,53,DATABASE
INC-8515,Network packet loss on Kubernetes overlay CNI bridge on checkout-service,checkout-service,HIGH,HIGH,70,1,-0.085,MITIGATED,2026-09-19T23:00:00Z,Degradation on checkout-service (Tier 1): observed 13.5% error rate and P99 latency of 653ms impacting an estimated 651 active users. Primary symptom matches network pattern.,651,NETWORK
INC-8516,DNS resolution timeouts between VPC private subnets on payment-gateway,payment-gateway,HIGH,HIGH,66,1,-0.4089,MITIGATED,2026-08-22T10:35:00Z,"Degradation on payment-gateway (Tier 1): observed 15.7% error rate and P99 latency of 330ms impacting an estimated 5,671 active users. Primary symptom matches network pattern.",5671,NETWORK
INC-8517,Memory leak in unclosed HTTP response stream handler on auth-service,auth-service,LOW,LOW,7,0,0.0065,MITIGATED,2026-08-20T09:03:00Z,Degradation on auth-service (Tier 1): observed 0.4% error rate and P99 latency of 146ms impacting an estimated 28 active users. Primary symptom matches code_error pattern.,28,CODE_ERROR
INC-8518,Null pointer exception in payload serialization post-release on auth-service,auth-service,LOW,LOW,27,0,0.75,OPEN,2026-09-20T00:50:00Z,Degradation on auth-service (Tier 1): observed 3.9% error rate and P99 latency of 180ms impacting an estimated 19 active users. Primary symptom matches deployment pattern.,19,DEPLOYMENT
INC-8519,TLS certificate handshake timeout on third-party webhook on order-processing,order-processing,CRITICAL,CRITICAL,88,1,-0.548,RESOLVED,2026-08-24T22:57:00Z,Degradation on order-processing (Tier 1): observed 29.0% error rate and P99 latency of 1207ms impacting an estimated 807 active users. Primary symptom matches network pattern.,807,NETWORK
INC-8520,Null pointer exception in payload serialization post-release on auth-service,auth-service,MEDIUM,LOW,28,1,-0.049,RESOLVED,2026-09-11T06:01:00Z,Degradation on auth-service (Tier 1): observed 4.4% error rate and P99 latency of 352ms impacting an estimated 82 active users. Primary symptom matches deployment pattern.,82,DEPLOYMENT
INC-8521,Unindexed query scan causing read replica CPU spike on auth-service,auth-service,HIGH,CRITICAL,86,1,-0.1666,RESOLVED,2026-08-21T17:44:00Z,Degradation on auth-service (Tier 1): observed 20.8% error rate and P99 latency of 1000ms impacting an estimated 895 active users. Primary symptom matches database pattern.,895,DATABASE
INC-8522,Corrupted response payload format failing client validation on user-profile,user-profile,MEDIUM,MEDIUM,47,1,-0.1705,RESOLVED,2026-08-28T12:25:00Z,"Degradation on user-profile (Tier 2): observed 6.5% error rate and P99 latency of 270ms impacting an estimated 1,305 active users. Primary symptom matches code_error pattern.",1305,CODE_ERROR
INC-8523,Deadlock cycle in distributed checkout table lock on order-processing,order-processing,HIGH,MEDIUM,60,1,-0.0364,INVESTIGATING,2026-09-25T17:01:00Z,"Degradation on order-processing (Tier 1): observed 14.8% error rate and P99 latency of 1497ms impacting an estimated 1,961 active users. Primary symptom matches database pattern.",1961,DATABASE
INC-8524,Connection pool saturation under sustained transaction load on order-processing,order-processing,LOW,LOW,26,0,-0.0731,RESOLVED,2026-09-25T06:59:00Z,Degradation on order-processing (Tier 1): observed 2.9% error rate and P99 latency of 546ms impacting an estimated 48 active users. Primary symptom matches database pattern.,48,DATABASE
INC-8525,High CPU throttling on Kubernetes node worker pool on checkout-service,checkout-service,LOW,LOW,29,1,0.4378,RESOLVED,2026-08-20T10:58:00Z,Degradation on checkout-service (Tier 1): observed 1.5% error rate and P99 latency of 317ms impacting an estimated 34 active users. Primary symptom matches infrastructure pattern.,34,INFRASTRUCTURE
INC-8526,Garbage collection pause duration exceeding 1500ms on notification-worker,notification-worker,MEDIUM,MEDIUM,44,0,0.3641,INVESTIGATING,2026-09-19T09:29:00Z,Degradation on notification-worker (Tier 3): observed 7.6% error rate and P99 latency of 229ms impacting an estimated 22 active users. Primary symptom matches infrastructure pattern.,22,INFRASTRUCTURE
INC-8527,File descriptor limit reached on upstream reverse proxy on notification-worker,notification-worker,MEDIUM,LOW,35,1,-0.0159,RESOLVED,2026-09-07T05:00:00Z,"Degradation on notification-worker (Tier 3): observed 5.4% error rate and P99 latency of 582ms impacting an estimated 2,004 active users. Primary symptom matches infrastructure pattern.",2004,INFRASTRUCTURE
INC-8528,Corrupted response payload format failing client validation on auth-service,auth-service,HIGH,MEDIUM,63,1,-0.316,RESOLVED,2026-08-28T06:39:00Z,"Degradation on auth-service (Tier 1): observed 20.0% error rate and P99 latency of 400ms impacting an estimated 4,172 active users. Primary symptom matches code_error pattern.",4172,CODE_ERROR
INC-8529,High CPU throttling on Kubernetes node worker pool on user-profile,user-profile,LOW,LOW,5,0,0.1736,RESOLVED,2026-08-23T01:26:00Z,Degradation on user-profile (Tier 2): observed 1.9% error rate and P99 latency of 232ms impacting an estimated 3 active users. Primary symptom matches infrastructure pattern.,3,INFRASTRUCTURE
INC-8530,Unhandled arithmetic overflow in currency conversion on payment-gateway,payment-gateway,MEDIUM,LOW,39,1,0.0704,RESOLVED,2026-09-22T05:57:00Z,"Degradation on payment-gateway (Tier 1): observed 2.0% error rate and P99 latency of 267ms impacting an estimated 1,337 active users. Primary symptom matches code_error pattern.",1337,CODE_ERROR
INC-8531,Network packet loss on Kubernetes overlay CNI bridge on auth-service,auth-service,LOW,LOW,11,1,0.3703,RESOLVED,2026-08-20T17:46:00Z,Degradation on auth-service (Tier 1): observed 3.3% error rate and P99 latency of 173ms impacting an estimated 43 active users. Primary symptom matches network pattern.,43,NETWORK
INC-8532,Unhandled arithmetic overflow in currency conversion on checkout-service,checkout-service,LOW,LOW,6,0,0.5542,RESOLVED,2026-09-22T05:52:00Z,Degradation on checkout-service (Tier 1): observed 1.1% error rate and P99 latency of 274ms impacting an estimated 33 active users. Primary symptom matches code_error pattern.,33,CODE_ERROR
INC-8533,Spike in unauthenticated request probe flood on checkout-service,checkout-service,CRITICAL,CRITICAL,87,0,-0.6526,RESOLVED,2026-08-22T12:12:00Z,"Degradation on checkout-service (Tier 1): observed 18.6% error rate and P99 latency of 724ms impacting an estimated 2,133 active users. Primary symptom matches traffic pattern.",2133,TRAFFIC
INC-8534,Batch data import job executed during peak consumer hours on auth-service,auth-service,CRITICAL,CRITICAL,91,1,-0.5188,RESOLVED,2026-09-12T09:39:00Z,"Degradation on auth-service (Tier 1): observed 32.3% error rate and P99 latency of 686ms impacting an estimated 6,747 active users. Primary symptom matches traffic pattern.",6747,TRAFFIC
INC-8535,TLS certificate handshake timeout on third-party webhook on auth-service,auth-service,LOW,LOW,20,0,0.2972,RESOLVED,2026-09-04T22:50:00Z,Degradation on auth-service (Tier 1): observed 0.8% error rate and P99 latency of 132ms impacting an estimated 48 active users. Primary symptom matches network pattern.,48,NETWORK
INC-8536,Flash sale burst traffic causing ingress queue build-up on search-indexer,search-indexer,MEDIUM,LOW,38,1,0.0467,RESOLVED,2026-09-12T05:10:00Z,"Degradation on search-indexer (Tier 2): observed 8.9% error rate and P99 latency of 1130ms impacting an estimated 1,539 active users. Primary symptom matches traffic pattern.",1539,TRAFFIC
INC-8537,Config flag default inversion causing request rejections on checkout-service,checkout-service,MEDIUM,MEDIUM,56,1,0.3421,RESOLVED,2026-09-10T14:38:00Z,Degradation on checkout-service (Tier 1): observed 6.9% error rate and P99 latency of 351ms impacting an estimated 396 active users. Primary symptom matches deployment pattern.,396,DEPLOYMENT
INC-8538,Unhandled arithmetic overflow in currency conversion on order-processing,order-processing,HIGH,HIGH,76,1,0.1004,RESOLVED,2026-09-24T17:57:00Z,Degradation on order-processing (Tier 1): observed 12.7% error rate and P99 latency of 523ms impacting an estimated 471 active users. Primary symptom matches code_error pattern.,471,CODE_ERROR
INC-8539,TCP socket connection reset by peer on egress gateway on search-indexer,search-indexer,LOW,LOW,32,1,-0.1388,RESOLVED,2026-09-23T08:07:00Z,Degradation on search-indexer (Tier 2): observed 0.1% error rate and P99 latency of 511ms impacting an estimated 151 active users. Primary symptom matches network pattern.,151,NETWORK
INC-8540,Garbage collection pause duration exceeding 1500ms on inventory-api,inventory-api,LOW,LOW,5,0,0.2428,RESOLVED,2026-08-13T13:05:00Z,Degradation on inventory-api (Tier 2): observed 1.2% error rate and P99 latency of 173ms impacting an estimated 12 active users. Primary symptom matches infrastructure pattern.,12,INFRASTRUCTURE
INC-8541,Inter-region transit latency degradation exceeding SLA on checkout-service,checkout-service,LOW,MEDIUM,45,1,0.5568,RESOLVED,2026-08-16T16:32:00Z,Degradation on checkout-service (Tier 1): observed 3.3% error rate and P99 latency of 234ms impacting an estimated 152 active users. Primary symptom matches network pattern.,152,NETWORK
INC-8542,Network packet loss on Kubernetes overlay CNI bridge on checkout-service,checkout-service,MEDIUM,MEDIUM,51,1,0.2013,RESOLVED,2026-09-16T12:58:00Z,"Degradation on checkout-service (Tier 1): observed 10.2% error rate and P99 latency of 199ms impacting an estimated 1,241 active users. Primary symptom matches network pattern.",1241,NETWORK
INC-8543,File descriptor limit reached on upstream reverse proxy on user-profile,user-profile,LOW,MEDIUM,45,0,0.0817,RESOLVED,2026-09-05T17:41:00Z,Degradation on user-profile (Tier 2): observed 2.2% error rate and P99 latency of 158ms impacting an estimated 7 active users. Primary symptom matches infrastructure pattern.,7,INFRASTRUCTURE
INC-8544,Slow query cascade triggering client connection timeout on notification-worker,notification-worker,MEDIUM,MEDIUM,51,1,0.5,RESOLVED,2026-08-19T00:42:00Z,Degradation on notification-worker (Tier 3): observed 5.1% error rate and P99 latency of 752ms impacting an estimated 238 active users. Primary symptom matches database pattern.,238,DATABASE
INC-8545,Spike in unauthenticated request probe flood on auth-service,auth-service,MEDIUM,MEDIUM,58,0,0.046,RESOLVED,2026-09-16T20:20:00Z,Degradation on auth-service (Tier 1): observed 2.0% error rate and P99 latency of 256ms impacting an estimated 635 active users. Primary symptom matches traffic pattern.,635,TRAFFIC
INC-8546,High CPU throttling on Kubernetes node worker pool on search-indexer,search-indexer,LOW,LOW,13,0,0.0665,RESOLVED,2026-09-12T12:00:00Z,Degradation on search-indexer (Tier 2): observed 0.9% error rate and P99 latency of 558ms impacting an estimated 16 active users. Primary symptom matches infrastructure pattern.,16,INFRASTRUCTURE
INC-8547,Spike in unauthenticated request probe flood on user-profile,user-profile,HIGH,CRITICAL,82,1,-0.5547,RESOLVED,2026-09-06T22:04:00Z,"Degradation on user-profile (Tier 2): observed 13.3% error rate and P99 latency of 150ms impacting an estimated 6,271 active users. Primary symptom matches traffic pattern.",6271,TRAFFIC
INC-8548,Config flag default inversion causing request rejections on checkout-service,checkout-service,MEDIUM,MEDIUM,43,1,0.285,RESOLVED,2026-08-19T02:57:00Z,Degradation on checkout-service (Tier 1): observed 10.0% error rate and P99 latency of 144ms impacting an estimated 479 active users. Primary symptom matches deployment pattern.,479,DEPLOYMENT
INC-8549,Sudden traffic surge exceeding rate limiter bucket capacity on payment-gateway,payment-gateway,MEDIUM,HIGH,65,1,0.1747,RESOLVED,2026-08-12T17:36:00Z,Degradation on payment-gateway (Tier 1): observed 1.8% error rate and P99 latency of 148ms impacting an estimated 508 active users. Primary symptom matches traffic pattern.,508,TRAFFIC
INC-8550,Sudden traffic surge exceeding rate limiter bucket capacity on payment-gateway,payment-gateway,MEDIUM,MEDIUM,62,1,-0.0007,MITIGATED,2026-09-20T21:45:00Z,Degradation on payment-gateway (Tier 1): observed 2.6% error rate and P99 latency of 179ms impacting an estimated 214 active users. Primary symptom matches traffic pattern.,214,TRAFFIC
INC-8551,DNS resolution timeouts between VPC private subnets on auth-service,auth-service,MEDIUM,MEDIUM,45,1,0.3746,RESOLVED,2026-09-07T09:06:00Z,Degradation on auth-service (Tier 1): observed 6.8% error rate and P99 latency of 349ms impacting an estimated 555 active users. Primary symptom matches network pattern.,555,NETWORK
INC-8552,Ephemeral disk volume full due to unrotated application logs on payment-gateway,payment-gateway,LOW,LOW,15,0,0.2849,RESOLVED,2026-09-19T06:45:00Z,Degradation on payment-gateway (Tier 1): observed 1.6% error rate and P99 latency of 169ms impacting an estimated 54 active users. Primary symptom matches infrastructure pattern.,54,INFRASTRUCTURE
INC-8553,Deadlock cycle in distributed checkout table lock on auth-service,auth-service,HIGH,HIGH,81,1,-0.2974,RESOLVED,2026-08-25T06:21:00Z,"Degradation on auth-service (Tier 1): observed 6.2% error rate and P99 latency of 339ms impacting an estimated 8,059 active users. Primary symptom matches database pattern.",8059,DATABASE
INC-8554,Database migration lock timeout during schema rollout on inventory-api,inventory-api,CRITICAL,CRITICAL,90,1,-0.4352,MITIGATED,2026-08-21T08:23:00Z,"Degradation on inventory-api (Tier 2): observed 32.8% error rate and P99 latency of 432ms impacting an estimated 3,447 active users. Primary symptom matches deployment pattern.",3447,DEPLOYMENT
INC-8555,Ephemeral disk volume full due to unrotated application logs on search-indexer,search-indexer,LOW,LOW,11,0,0.457,MITIGATED,2026-09-06T00:53:00Z,Degradation on search-indexer (Tier 2): observed 0.6% error rate and P99 latency of 492ms impacting an estimated 7 active users. Primary symptom matches infrastructure pattern.,7,INFRASTRUCTURE
INC-8556,Config flag default inversion causing request rejections on user-profile,user-profile,MEDIUM,MEDIUM,54,0,0.1626,RESOLVED,2026-09-10T05:00:00Z,Degradation on user-profile (Tier 2): observed 1.1% error rate and P99 latency of 197ms impacting an estimated 314 active users. Primary symptom matches deployment pattern.,314,DEPLOYMENT
INC-8557,High CPU throttling on Kubernetes node worker pool on notification-worker,notification-worker,MEDIUM,MEDIUM,47,1,0.0842,MITIGATED,2026-09-02T11:51:00Z,Degradation on notification-worker (Tier 3): observed 7.0% error rate and P99 latency of 351ms impacting an estimated 283 active users. Primary symptom matches infrastructure pattern.,283,INFRASTRUCTURE
INC-8558,Garbage collection pause duration exceeding 1500ms on notification-worker,notification-worker,MEDIUM,LOW,34,1,-0.2877,RESOLVED,2026-08-30T14:03:00Z,Degradation on notification-worker (Tier 3): observed 6.7% error rate and P99 latency of 414ms impacting an estimated 605 active users. Primary symptom matches infrastructure pattern.,605,INFRASTRUCTURE
INC-8559,Stale cache invalidation logic deployed in Canary on user-profile,user-profile,MEDIUM,MEDIUM,54,1,-0.1171,RESOLVED,2026-08-24T13:46:00Z,"Degradation on user-profile (Tier 2): observed 3.0% error rate and P99 latency of 334ms impacting an estimated 1,664 active users. Primary symptom matches deployment pattern.",1664,DEPLOYMENT
INC-8560,Sudden traffic surge exceeding rate limiter bucket capacity on auth-service,auth-service,HIGH,CRITICAL,84,1,-0.7281,RESOLVED,2026-09-21T16:55:00Z,"Degradation on auth-service (Tier 1): observed 12.2% error rate and P99 latency of 150ms impacting an estimated 6,564 active users. Primary symptom matches traffic pattern.",6564,TRAFFIC
INC-8561,Unindexed query scan causing read replica CPU spike on search-indexer,search-indexer,LOW,LOW,7,0,0.5508,RESOLVED,2026-09-19T18:06:00Z,Degradation on search-indexer (Tier 2): observed 0.1% error rate and P99 latency of 641ms impacting an estimated 1 active users. Primary symptom matches database pattern.,1,DATABASE
INC-8562,Garbage collection pause duration exceeding 1500ms on notification-worker,notification-worker,CRITICAL,CRITICAL,83,1,-0.6489,RESOLVED,2026-09-22T17:19:00Z,"Degradation on notification-worker (Tier 3): observed 33.2% error rate and P99 latency of 300ms impacting an estimated 8,197 active users. Primary symptom matches infrastructure pattern.",8197,INFRASTRUCTURE
INC-8563,Recursive call in JSON parsing leading to stack exhaustion on order-processing,order-processing,MEDIUM,MEDIUM,40,1,0.2434,MITIGATED,2026-09-10T23:54:00Z,Degradation on order-processing (Tier 1): observed 1.6% error rate and P99 latency of 475ms impacting an estimated 658 active users. Primary symptom matches code_error pattern.,658,CODE_ERROR
INC-8564,Connection pool saturation under sustained transaction load on order-processing,order-processing,HIGH,HIGH,70,1,-0.186,RESOLVED,2026-08-17T21:40:00Z,"Degradation on order-processing (Tier 1): observed 13.5% error rate and P99 latency of 775ms impacting an estimated 1,728 active users. Primary symptom matches database pattern.",1728,DATABASE
INC-8565,Database migration lock timeout during schema rollout on notification-worker,notification-worker,LOW,LOW,28,1,0.1968,RESOLVED,2026-09-08T10:12:00Z,Degradation on notification-worker (Tier 3): observed 3.2% error rate and P99 latency of 283ms impacting an estimated 2 active users. Primary symptom matches deployment pattern.,2,DEPLOYMENT
INC-8566,Recursive call in JSON parsing leading to stack exhaustion on order-processing,order-processing,LOW,LOW,29,0,0.2945,RESOLVED,2026-09-02T09:20:00Z,Degradation on order-processing (Tier 1): observed 1.7% error rate and P99 latency of 385ms impacting an estimated 20 active users. Primary symptom matches code_error pattern.,20,CODE_ERROR
INC-8567,Sudden traffic surge exceeding rate limiter bucket capacity on inventory-api,inventory-api,LOW,LOW,31,0,0.6999,RESOLVED,2026-08-25T15:42:00Z,Degradation on inventory-api (Tier 2): observed 0.1% error rate and P99 latency of 234ms impacting an estimated 30 active users. Primary symptom matches traffic pattern.,30,TRAFFIC
INC-8568,Ephemeral disk volume full due to unrotated application logs on checkout-service,checkout-service,HIGH,MEDIUM,54,1,-0.3553,RESOLVED,2026-09-18T01:36:00Z,"Degradation on checkout-service (Tier 1): observed 11.9% error rate and P99 latency of 244ms impacting an estimated 1,068 active users. Primary symptom matches infrastructure pattern.",1068,INFRASTRUCTURE
INC-8569,Race condition in concurrent token refresh logic on payment-gateway,payment-gateway,MEDIUM,MEDIUM,46,1,0.5,RESOLVED,2026-08-13T03:29:00Z,Degradation on payment-gateway (Tier 1): observed 7.4% error rate and P99 latency of 229ms impacting an estimated 66 active users. Primary symptom matches code_error pattern.,66,CODE_ERROR
INC-8570,High CPU throttling on Kubernetes node worker pool on payment-gateway,payment-gateway,MEDIUM,LOW,26,1,0.2735,MITIGATED,2026-09-22T05:11:00Z,Degradation on payment-gateway (Tier 1): observed 5.9% error rate and P99 latency of 201ms impacting an estimated 545 active users. Primary symptom matches infrastructure pattern.,545,INFRASTRUCTURE
INC-8571,Network packet loss on Kubernetes overlay CNI bridge on user-profile,user-profile,HIGH,HIGH,75,1,-0.6689,RESOLVED,2026-09-14T04:55:00Z,"Degradation on user-profile (Tier 2): observed 16.9% error rate and P99 latency of 156ms impacting an estimated 3,024 active users. Primary symptom matches network pattern.",3024,NETWORK
INC-8572,Unhandled arithmetic overflow in currency conversion on auth-service,auth-service,LOW,LOW,23,0,0.0045,RESOLVED,2026-08-17T13:41:00Z,Degradation on auth-service (Tier 1): observed 1.6% error rate and P99 latency of 51ms impacting an estimated 88 active users. Primary symptom matches code_error pattern.,88,CODE_ERROR
INC-8573,Stale cache invalidation logic deployed in Canary on user-profile,user-profile,HIGH,HIGH,77,1,-0.2853,MITIGATED,2026-09-13T08:44:00Z,"Degradation on user-profile (Tier 2): observed 12.9% error rate and P99 latency of 150ms impacting an estimated 7,386 active users. Primary symptom matches deployment pattern.",7386,DEPLOYMENT
INC-8574,Stale cache invalidation logic deployed in Canary on auth-service,auth-service,HIGH,HIGH,65,1,-0.5154,INVESTIGATING,2026-09-20T20:56:00Z,"Degradation on auth-service (Tier 1): observed 23.8% error rate and P99 latency of 497ms impacting an estimated 2,135 active users. Primary symptom matches deployment pattern.",2135,DEPLOYMENT
INC-8575,Inter-region transit latency degradation exceeding SLA on checkout-service,checkout-service,CRITICAL,CRITICAL,96,1,-0.7849,MITIGATED,2026-08-24T03:04:00Z,"Degradation on checkout-service (Tier 1): observed 37.8% error rate and P99 latency of 455ms impacting an estimated 2,624 active users. Primary symptom matches network pattern.",2624,NETWORK
INC-8576,Distributed crawler burst triggering endpoint 429 retries on inventory-api,inventory-api,CRITICAL,CRITICAL,99,1,-0.3494,RESOLVED,2026-08-20T21:10:00Z,"Degradation on inventory-api (Tier 2): observed 42.8% error rate and P99 latency of 593ms impacting an estimated 10,438 active users. Primary symptom matches traffic pattern.",10438,TRAFFIC
INC-8577,Corrupted response payload format failing client validation on notification-worker,notification-worker,MEDIUM,LOW,37,1,0.172,RESOLVED,2026-09-02T12:36:00Z,Degradation on notification-worker (Tier 3): observed 10.4% error rate and P99 latency of 382ms impacting an estimated 689 active users. Primary symptom matches code_error pattern.,689,CODE_ERROR
INC-8578,Slow query cascade triggering client connection timeout on search-indexer,search-indexer,LOW,LOW,11,0,0.3434,RESOLVED,2026-08-31T01:53:00Z,Degradation on search-indexer (Tier 2): observed 1.5% error rate and P99 latency of 514ms impacting an estimated 159 active users. Primary symptom matches database pattern.,159,DATABASE
INC-8579,Null pointer exception in payload serialization post-release on notification-worker,notification-worker,HIGH,HIGH,71,1,-0.4833,RESOLVED,2026-09-21T14:50:00Z,Degradation on notification-worker (Tier 3): observed 11.9% error rate and P99 latency of 682ms impacting an estimated 393 active users. Primary symptom matches deployment pattern.,393,DEPLOYMENT
INC-8580,Batch data import job executed during peak consumer hours on order-processing,order-processing,MEDIUM,HIGH,68,1,0.3569,RESOLVED,2026-08-28T09:04:00Z,Degradation on order-processing (Tier 1): observed 5.4% error rate and P99 latency of 336ms impacting an estimated 315 active users. Primary symptom matches traffic pattern.,315,TRAFFIC
INC-8581,Stale cache invalidation logic deployed in Canary on auth-service,auth-service,LOW,LOW,33,1,0.7351,RESOLVED,2026-09-23T22:58:00Z,Degradation on auth-service (Tier 1): observed 4.3% error rate and P99 latency of 219ms impacting an estimated 62 active users. Primary symptom matches deployment pattern.,62,DEPLOYMENT
INC-8582,TCP socket connection reset by peer on egress gateway on payment-gateway,payment-gateway,LOW,LOW,26,1,0.2808,RESOLVED,2026-08-23T17:40:00Z,Degradation on payment-gateway (Tier 1): observed 1.0% error rate and P99 latency of 169ms impacting an estimated 108 active users. Primary symptom matches network pattern.,108,NETWORK
INC-8583,Recursive call in JSON parsing leading to stack exhaustion on auth-service,auth-service,MEDIUM,LOW,34,1,-0.0636,MITIGATED,2026-09-05T16:30:00Z,Degradation on auth-service (Tier 1): observed 6.9% error rate and P99 latency of 190ms impacting an estimated 573 active users. Primary symptom matches code_error pattern.,573,CODE_ERROR
INC-8584,Deadlock cycle in distributed checkout table lock on inventory-api,inventory-api,LOW,LOW,20,0,0.2685,RESOLVED,2026-09-16T21:32:00Z,Degradation on inventory-api (Tier 2): observed 3.1% error rate and P99 latency of 251ms impacting an estimated 31 active users. Primary symptom matches database pattern.,31,DATABASE
INC-8585,Deadlock cycle in distributed checkout table lock on user-profile,user-profile,MEDIUM,MEDIUM,51,0,0.3357,RESOLVED,2026-09-23T09:15:00Z,Degradation on user-profile (Tier 2): observed 7.7% error rate and P99 latency of 311ms impacting an estimated 299 active users. Primary symptom matches database pattern.,299,DATABASE
INC-8586,Config flag default inversion causing request rejections on search-indexer,search-indexer,LOW,MEDIUM,42,0,0.098,RESOLVED,2026-08-14T23:20:00Z,Degradation on search-indexer (Tier 2): observed 0.6% error rate and P99 latency of 480ms impacting an estimated 84 active users. Primary symptom matches deployment pattern.,84,DEPLOYMENT
INC-8587,Pod memory limit hit triggering repeated OOMKilled events on auth-service,auth-service,LOW,LOW,15,1,0.742,RESOLVED,2026-09-06T09:29:00Z,Degradation on auth-service (Tier 1): observed 1.3% error rate and P99 latency of 200ms impacting an estimated 22 active users. Primary symptom matches infrastructure pattern.,22,INFRASTRUCTURE
INC-8588,Corrupted response payload format failing client validation on order-processing,order-processing,LOW,LOW,32,0,0.3389,MITIGATED,2026-09-16T05:27:00Z,Degradation on order-processing (Tier 1): observed 4.0% error rate and P99 latency of 359ms impacting an estimated 18 active users. Primary symptom matches code_error pattern.,18,CODE_ERROR
INC-8589,Connection pool saturation under sustained transaction load on auth-service,auth-service,LOW,LOW,28,0,0.5291,RESOLVED,2026-09-23T05:09:00Z,Degradation on auth-service (Tier 1): observed 3.9% error rate and P99 latency of 225ms impacting an estimated 15 active users. Primary symptom matches database pattern.,15,DATABASE
INC-8590,Flash sale burst traffic causing ingress queue build-up on user-profile,user-profile,LOW,LOW,23,0,0.6863,MITIGATED,2026-08-17T17:09:00Z,Degradation on user-profile (Tier 2): observed 0.1% error rate and P99 latency of 309ms impacting an estimated 42 active users. Primary symptom matches traffic pattern.,42,TRAFFIC
INC-8591,Ephemeral disk volume full due to unrotated application logs on user-profile,user-profile,LOW,LOW,16,0,-0.0235,RESOLVED,2026-09-19T07:20:00Z,Degradation on user-profile (Tier 2): observed 2.3% error rate and P99 latency of 136ms impacting an estimated 163 active users. Primary symptom matches infrastructure pattern.,163,INFRASTRUCTURE
INC-8592,Pod memory limit hit triggering repeated OOMKilled events on notification-worker,notification-worker,CRITICAL,CRITICAL,99,1,-0.5557,RESOLVED,2026-08-17T01:48:00Z,"Degradation on notification-worker (Tier 3): observed 42.3% error rate and P99 latency of 409ms impacting an estimated 1,515 active users. Primary symptom matches infrastructure pattern.",1515,INFRASTRUCTURE
INC-8593,Stale cache invalidation logic deployed in Canary on payment-gateway,payment-gateway,LOW,LOW,18,0,-0.1714,RESOLVED,2026-08-17T02:21:00Z,Degradation on payment-gateway (Tier 1): observed 1.2% error rate and P99 latency of 202ms impacting an estimated 2 active users. Primary symptom matches deployment pattern.,2,DEPLOYMENT
INC-8594,High CPU throttling on Kubernetes node worker pool on user-profile,user-profile,MEDIUM,MEDIUM,57,1,0.1694,MITIGATED,2026-08-20T13:32:00Z,Degradation on user-profile (Tier 2): observed 9.6% error rate and P99 latency of 117ms impacting an estimated 150 active users. Primary symptom matches infrastructure pattern.,150,INFRASTRUCTURE
INC-8595,Stale cache invalidation logic deployed in Canary on search-indexer,search-indexer,MEDIUM,MEDIUM,43,1,0.5,MITIGATED,2026-09-10T11:31:00Z,Degradation on search-indexer (Tier 2): observed 7.8% error rate and P99 latency of 801ms impacting an estimated 23 active users. Primary symptom matches deployment pattern.,23,DEPLOYMENT
INC-8596,Config flag default inversion causing request rejections on payment-gateway,payment-gateway,CRITICAL,CRITICAL,88,1,-0.6423,MITIGATED,2026-09-06T12:44:00Z,"Degradation on payment-gateway (Tier 1): observed 24.1% error rate and P99 latency of 428ms impacting an estimated 3,673 active users. Primary symptom matches deployment pattern.",3673,DEPLOYMENT
INC-8597,Flash sale burst traffic causing ingress queue build-up on auth-service,auth-service,LOW,LOW,25,0,0.1019,RESOLVED,2026-08-15T20:13:00Z,Degradation on auth-service (Tier 1): observed 3.3% error rate and P99 latency of 132ms impacting an estimated 50 active users. Primary symptom matches traffic pattern.,50,TRAFFIC
INC-8598,Memory leak in unclosed HTTP response stream handler on auth-service,auth-service,LOW,LOW,21,0,0.0417,MITIGATED,2026-09-22T22:04:00Z,Degradation on auth-service (Tier 1): observed 1.8% error rate and P99 latency of 73ms impacting an estimated 6 active users. Primary symptom matches code_error pattern.,6,CODE_ERROR
INC-8599,Connection pool saturation under sustained transaction load on auth-service,auth-service,MEDIUM,MEDIUM,42,0,0.306,RESOLVED,2026-09-05T20:08:00Z,Degradation on auth-service (Tier 1): observed 11.0% error rate and P99 latency of 276ms impacting an estimated 18 active users. Primary symptom matches database pattern.,18,DATABASE
INC-8600,Batch data import job executed during peak consumer hours on auth-service,auth-service,LOW,LOW,24,0,-0.0558,RESOLVED,2026-09-08T23:36:00Z,Degradation on auth-service (Tier 1): observed 1.8% error rate and P99 latency of 112ms impacting an estimated 35 active users. Primary symptom matches traffic pattern.,35,TRAFFIC
INC-8601,Pod memory limit hit triggering repeated OOMKilled events on inventory-api,inventory-api,LOW,LOW,22,0,0.5245,RESOLVED,2026-09-11T04:31:00Z,Degradation on inventory-api (Tier 2): observed 4.6% error rate and P99 latency of 253ms impacting an estimated 14 active users. Primary symptom matches infrastructure pattern.,14,INFRASTRUCTURE
INC-8602,DNS resolution timeouts between VPC private subnets on search-indexer,search-indexer,HIGH,MEDIUM,56,1,-0.3263,RESOLVED,2026-09-01T07:25:00Z,"Degradation on search-indexer (Tier 2): observed 8.0% error rate and P99 latency of 1226ms impacting an estimated 3,314 active users. Primary symptom matches network pattern.",3314,NETWORK
INC-8603,Pod memory limit hit triggering repeated OOMKilled events on inventory-api,inventory-api,HIGH,HIGH,76,0,-0.5123,RESOLVED,2026-09-13T00:38:00Z,"Degradation on inventory-api (Tier 2): observed 5.4% error rate and P99 latency of 551ms impacting an estimated 1,920 active users. Primary symptom matches infrastructure pattern.",1920,INFRASTRUCTURE
INC-8604,Corrupted response payload format failing client validation on inventory-api,inventory-api,HIGH,CRITICAL,89,1,-0.4077,MITIGATED,2026-09-26T02:04:00Z,"Degradation on inventory-api (Tier 2): observed 17.9% error rate and P99 latency of 325ms impacting an estimated 1,831 active users. Primary symptom matches code_error pattern.",1831,CODE_ERROR
INC-8605,Ephemeral disk volume full due to unrotated application logs on auth-service,auth-service,MEDIUM,LOW,34,1,-0.0296,MITIGATED,2026-09-18T13:10:00Z,Degradation on auth-service (Tier 1): observed 10.0% error rate and P99 latency of 263ms impacting an estimated 399 active users. Primary symptom matches infrastructure pattern.,399,INFRASTRUCTURE
INC-8606,File descriptor limit reached on upstream reverse proxy on inventory-api,inventory-api,LOW,LOW,23,0,0.6905,RESOLVED,2026-09-22T23:08:00Z,Degradation on inventory-api (Tier 2): observed 1.9% error rate and P99 latency of 163ms impacting an estimated 62 active users. Primary symptom matches infrastructure pattern.,62,INFRASTRUCTURE
INC-8607,File descriptor limit reached on upstream reverse proxy on inventory-api,inventory-api,LOW,LOW,9,0,0.2022,RESOLVED,2026-08-27T19:37:00Z,Degradation on inventory-api (Tier 2): observed 1.4% error rate and P99 latency of 163ms impacting an estimated 50 active users. Primary symptom matches infrastructure pattern.,50,INFRASTRUCTURE
INC-8608,Deadlock cycle in distributed checkout table lock on payment-gateway,payment-gateway,LOW,LOW,12,0,0.2087,RESOLVED,2026-09-03T08:41:00Z,Degradation on payment-gateway (Tier 1): observed 2.3% error rate and P99 latency of 132ms impacting an estimated 39 active users. Primary symptom matches database pattern.,39,DATABASE
INC-8609,Slow query cascade triggering client connection timeout on auth-service,auth-service,CRITICAL,CRITICAL,87,1,-0.7637,RESOLVED,2026-09-07T11:06:00Z,"Degradation on auth-service (Tier 1): observed 33.2% error rate and P99 latency of 1087ms impacting an estimated 6,016 active users. Primary symptom matches database pattern.",6016,DATABASE
INC-8610,High CPU throttling on Kubernetes node worker pool on inventory-api,inventory-api,CRITICAL,CRITICAL,85,1,-0.7756,RESOLVED,2026-09-15T23:34:00Z,Degradation on inventory-api (Tier 2): observed 42.2% error rate and P99 latency of 514ms impacting an estimated 800 active users. Primary symptom matches infrastructure pattern.,800,INFRASTRUCTURE
INC-8611,Corrupted response payload format failing client validation on notification-worker,notification-worker,MEDIUM,LOW,30,1,0.1642,RESOLVED,2026-08-19T19:33:00Z,Degradation on notification-worker (Tier 3): observed 4.4% error rate and P99 latency of 334ms impacting an estimated 186 active users. Primary symptom matches code_error pattern.,186,CODE_ERROR
INC-8612,Flash sale burst traffic causing ingress queue build-up on auth-service,auth-service,MEDIUM,LOW,31,1,0.5,MITIGATED,2026-08-16T12:51:00Z,Degradation on auth-service (Tier 1): observed 3.9% error rate and P99 latency of 80ms impacting an estimated 922 active users. Primary symptom matches traffic pattern.,922,TRAFFIC
INC-8613,Batch data import job executed during peak consumer hours on checkout-service,checkout-service,MEDIUM,MEDIUM,52,0,0.352,RESOLVED,2026-09-01T03:26:00Z,Degradation on checkout-service (Tier 1): observed 4.1% error rate and P99 latency of 80ms impacting an estimated 210 active users. Primary symptom matches traffic pattern.,210,TRAFFIC
INC-8614,Recursive call in JSON parsing leading to stack exhaustion on search-indexer,search-indexer,LOW,LOW,20,0,0.615,RESOLVED,2026-08-24T13:17:00Z,Degradation on search-indexer (Tier 2): observed 0.1% error rate and P99 latency of 519ms impacting an estimated 66 active users. Primary symptom matches code_error pattern.,66,CODE_ERROR
INC-8615,Race condition in concurrent token refresh logic on auth-service,auth-service,LOW,LOW,34,1,0.4515,RESOLVED,2026-09-02T22:19:00Z,Degradation on auth-service (Tier 1): observed 0.5% error rate and P99 latency of 152ms impacting an estimated 32 active users. Primary symptom matches code_error pattern.,32,CODE_ERROR
INC-8616,File descriptor limit reached on upstream reverse proxy on order-processing,order-processing,MEDIUM,MEDIUM,55,0,0.0746,MITIGATED,2026-09-18T22:53:00Z,Degradation on order-processing (Tier 1): observed 5.7% error rate and P99 latency of 656ms impacting an estimated 352 active users. Primary symptom matches infrastructure pattern.,352,INFRASTRUCTURE
INC-8617,Database migration lock timeout during schema rollout on checkout-service,checkout-service,LOW,LOW,23,0,-0.2285,RESOLVED,2026-08-19T14:26:00Z,Degradation on checkout-service (Tier 1): observed 0.1% error rate and P99 latency of 310ms impacting an estimated 20 active users. Primary symptom matches deployment pattern.,20,DEPLOYMENT
INC-8618,DNS resolution timeouts between VPC private subnets on inventory-api,inventory-api,CRITICAL,CRITICAL,89,1,-0.928,RESOLVED,2026-09-06T19:37:00Z,"Degradation on inventory-api (Tier 2): observed 46.1% error rate and P99 latency of 1217ms impacting an estimated 9,718 active users. Primary symptom matches network pattern.",9718,NETWORK
INC-8619,Distributed crawler burst triggering endpoint 429 retries on auth-service,auth-service,LOW,LOW,23,0,0.3563,MITIGATED,2026-08-22T03:01:00Z,Degradation on auth-service (Tier 1): observed 2.5% error rate and P99 latency of 131ms impacting an estimated 12 active users. Primary symptom matches traffic pattern.,12,TRAFFIC
INC-8620,DNS resolution timeouts between VPC private subnets on payment-gateway,payment-gateway,CRITICAL,CRITICAL,84,1,-0.271,RESOLVED,2026-08-30T19:19:00Z,"Degradation on payment-gateway (Tier 1): observed 24.6% error rate and P99 latency of 869ms impacting an estimated 10,303 active users. Primary symptom matches network pattern.",10303,NETWORK
INC-8621,TCP socket connection reset by peer on egress gateway on auth-service,auth-service,CRITICAL,CRITICAL,94,1,-0.6499,RESOLVED,2026-09-23T10:17:00Z,"Degradation on auth-service (Tier 1): observed 31.3% error rate and P99 latency of 1106ms impacting an estimated 1,143 active users. Primary symptom matches network pattern.",1143,NETWORK
INC-8622,Deadlock cycle in distributed checkout table lock on notification-worker,notification-worker,MEDIUM,LOW,37,0,0.5,RESOLVED,2026-08-27T02:09:00Z,"Degradation on notification-worker (Tier 3): observed 8.7% error rate and P99 latency of 528ms impacting an estimated 1,118 active users. Primary symptom matches database pattern.",1118,DATABASE
INC-8623,Race condition in concurrent token refresh logic on search-indexer,search-indexer,LOW,LOW,27,0,0.4266,RESOLVED,2026-09-10T16:07:00Z,Degradation on search-indexer (Tier 2): observed 4.8% error rate and P99 latency of 597ms impacting an estimated 12 active users. Primary symptom matches code_error pattern.,12,CODE_ERROR
INC-8624,Unhandled arithmetic overflow in currency conversion on order-processing,order-processing,HIGH,MEDIUM,61,1,-0.5077,RESOLVED,2026-09-11T18:45:00Z,Degradation on order-processing (Tier 1): observed 9.5% error rate and P99 latency of 1044ms impacting an estimated 582 active users. Primary symptom matches code_error pattern.,582,CODE_ERROR
INC-8625,Recursive call in JSON parsing leading to stack exhaustion on payment-gateway,payment-gateway,LOW,LOW,21,0,0.4616,RESOLVED,2026-09-18T21:51:00Z,Degradation on payment-gateway (Tier 1): observed 0.4% error rate and P99 latency of 196ms impacting an estimated 23 active users. Primary symptom matches code_error pattern.,23,CODE_ERROR
INC-8626,Inter-region transit latency degradation exceeding SLA on search-indexer,search-indexer,LOW,LOW,24,0,0.4498,RESOLVED,2026-08-22T14:10:00Z,Degradation on search-indexer (Tier 2): observed 2.1% error rate and P99 latency of 541ms impacting an estimated 132 active users. Primary symptom matches network pattern.,132,NETWORK
INC-8627,Deadlock cycle in distributed checkout table lock on order-processing,order-processing,LOW,LOW,5,0,0.2032,OPEN,2026-08-14T17:01:00Z,Degradation on order-processing (Tier 1): observed 5.5% error rate and P99 latency of 526ms impacting an estimated 3 active users. Primary symptom matches database pattern.,3,DATABASE
INC-8628,Config flag default inversion causing request rejections on checkout-service,checkout-service,LOW,LOW,30,0,0.5543,RESOLVED,2026-09-14T02:10:00Z,Degradation on checkout-service (Tier 1): observed 0.1% error rate and P99 latency of 301ms impacting an estimated 23 active users. Primary symptom matches deployment pattern.,23,DEPLOYMENT
INC-8629,Network packet loss on Kubernetes overlay CNI bridge on search-indexer,search-indexer,LOW,LOW,8,0,0.1347,MITIGATED,2026-09-19T13:54:00Z,Degradation on search-indexer (Tier 2): observed 3.2% error rate and P99 latency of 628ms impacting an estimated 90 active users. Primary symptom matches network pattern.,90,NETWORK
INC-8630,Network packet loss on Kubernetes overlay CNI bridge on auth-service,auth-service,LOW,MEDIUM,45,0,0.4995,RESOLVED,2026-09-13T05:39:00Z,Degradation on auth-service (Tier 1): observed 3.9% error rate and P99 latency of 143ms impacting an estimated 128 active users. Primary symptom matches network pattern.,128,NETWORK
INC-8631,Sudden traffic surge exceeding rate limiter bucket capacity on search-indexer,search-indexer,CRITICAL,CRITICAL,94,1,-0.7395,RESOLVED,2026-08-22T09:24:00Z,"Degradation on search-indexer (Tier 2): observed 31.4% error rate and P99 latency of 1411ms impacting an estimated 13,064 active users. Primary symptom matches traffic pattern.",13064,TRAFFIC
INC-8632,Memory leak in unclosed HTTP response stream handler on order-processing,order-processing,LOW,LOW,8,0,0.6842,RESOLVED,2026-09-02T16:04:00Z,Degradation on order-processing (Tier 1): observed 2.7% error rate and P99 latency of 377ms impacting an estimated 25 active users. Primary symptom matches code_error pattern.,25,CODE_ERROR
INC-8633,Batch data import job executed during peak consumer hours on user-profile,user-profile,MEDIUM,MEDIUM,50,0,0.0379,RESOLVED,2026-08-31T21:27:00Z,Degradation on user-profile (Tier 2): observed 11.5% error rate and P99 latency of 476ms impacting an estimated 121 active users. Primary symptom matches traffic pattern.,121,TRAFFIC
INC-8634,DNS resolution timeouts between VPC private subnets on payment-gateway,payment-gateway,LOW,LOW,24,1,0.1705,RESOLVED,2026-09-06T13:47:00Z,Degradation on payment-gateway (Tier 1): observed 2.9% error rate and P99 latency of 199ms impacting an estimated 44 active users. Primary symptom matches network pattern.,44,NETWORK
INC-8635,Batch data import job executed during peak consumer hours on checkout-service,checkout-service,HIGH,HIGH,76,1,-0.5317,RESOLVED,2026-09-13T02:23:00Z,"Degradation on checkout-service (Tier 1): observed 12.2% error rate and P99 latency of 213ms impacting an estimated 1,742 active users. Primary symptom matches traffic pattern.",1742,TRAFFIC
INC-8636,Garbage collection pause duration exceeding 1500ms on user-profile,user-profile,MEDIUM,MEDIUM,54,1,-0.0532,RESOLVED,2026-08-15T07:08:00Z,Degradation on user-profile (Tier 2): observed 9.8% error rate and P99 latency of 343ms impacting an estimated 127 active users. Primary symptom matches infrastructure pattern.,127,INFRASTRUCTURE
INC-8637,Dependency version mismatch in gRPC protobuf schema on auth-service,auth-service,CRITICAL,CRITICAL,84,1,-0.9119,RESOLVED,2026-09-02T00:25:00Z,"Degradation on auth-service (Tier 1): observed 30.0% error rate and P99 latency of 300ms impacting an estimated 10,232 active users. Primary symptom matches deployment pattern.",10232,DEPLOYMENT
INC-8638,Ephemeral disk volume full due to unrotated application logs on payment-gateway,payment-gateway,CRITICAL,CRITICAL,95,1,-0.7528,RESOLVED,2026-08-30T21:22:00Z,"Degradation on payment-gateway (Tier 1): observed 33.7% error rate and P99 latency of 1471ms impacting an estimated 3,864 active users. Primary symptom matches infrastructure pattern.",3864,INFRASTRUCTURE
INC-8639,High CPU throttling on Kubernetes node worker pool on auth-service,auth-service,HIGH,HIGH,72,1,-0.4429,RESOLVED,2026-08-30T18:15:00Z,"Degradation on auth-service (Tier 1): observed 16.3% error rate and P99 latency of 181ms impacting an estimated 1,171 active users. Primary symptom matches infrastructure pattern.",1171,INFRASTRUCTURE
INC-8640,Unhandled arithmetic overflow in currency conversion on checkout-service,checkout-service,LOW,LOW,29,0,0.4621,RESOLVED,2026-08-16T17:08:00Z,Degradation on checkout-service (Tier 1): observed 0.1% error rate and P99 latency of 371ms impacting an estimated 2 active users. Primary symptom matches code_error pattern.,2,CODE_ERROR
INC-8641,Corrupted response payload format failing client validation on auth-service,auth-service,LOW,LOW,37,0,0.1971,RESOLVED,2026-08-25T08:21:00Z,Degradation on auth-service (Tier 1): observed 1.6% error rate and P99 latency of 166ms impacting an estimated 26 active users. Primary symptom matches code_error pattern.,26,CODE_ERROR
INC-8642,Memory leak in unclosed HTTP response stream handler on inventory-api,inventory-api,HIGH,HIGH,75,1,-0.4158,RESOLVED,2026-08-25T20:31:00Z,Degradation on inventory-api (Tier 2): observed 23.4% error rate and P99 latency of 404ms impacting an estimated 626 active users. Primary symptom matches code_error pattern.,626,CODE_ERROR
INC-8643,Connection pool saturation under sustained transaction load on order-processing,order-processing,MEDIUM,MEDIUM,47,1,-0.1746,RESOLVED,2026-08-30T19:29:00Z,Degradation on order-processing (Tier 1): observed 6.0% error rate and P99 latency of 1020ms impacting an estimated 378 active users. Primary symptom matches database pattern.,378,DATABASE
INC-8644,Database migration lock timeout during schema rollout on inventory-api,inventory-api,LOW,LOW,5,0,0.3126,RESOLVED,2026-08-15T06:36:00Z,Degradation on inventory-api (Tier 2): observed 2.4% error rate and P99 latency of 217ms impacting an estimated 93 active users. Primary symptom matches deployment pattern.,93,DEPLOYMENT
INC-8645,Connection pool saturation under sustained transaction load on checkout-service,checkout-service,HIGH,CRITICAL,89,1,0.1169,RESOLVED,2026-09-23T22:32:00Z,"Degradation on checkout-service (Tier 1): observed 6.7% error rate and P99 latency of 480ms impacting an estimated 1,240 active users. Primary symptom matches database pattern.",1240,DATABASE
INC-8646,Corrupted response payload format failing client validation on payment-gateway,payment-gateway,CRITICAL,CRITICAL,86,1,-0.8848,INVESTIGATING,2026-08-27T00:20:00Z,"Degradation on payment-gateway (Tier 1): observed 20.5% error rate and P99 latency of 450ms impacting an estimated 7,577 active users. Primary symptom matches code_error pattern.",7577,CODE_ERROR
INC-8647,Recursive call in JSON parsing leading to stack exhaustion on order-processing,order-processing,MEDIUM,MEDIUM,47,0,0.5,RESOLVED,2026-08-19T03:56:00Z,Degradation on order-processing (Tier 1): observed 3.6% error rate and P99 latency of 514ms impacting an estimated 303 active users. Primary symptom matches code_error pattern.,303,CODE_ERROR
INC-8648,Config flag default inversion causing request rejections on notification-worker,notification-worker,LOW,LOW,24,0,0.2591,RESOLVED,2026-08-28T23:19:00Z,Degradation on notification-worker (Tier 3): observed 2.6% error rate and P99 latency of 251ms impacting an estimated 2 active users. Primary symptom matches deployment pattern.,2,DEPLOYMENT
INC-8649,TCP socket connection reset by peer on egress gateway on order-processing,order-processing,LOW,LOW,14,0,0.4401,MITIGATED,2026-08-23T21:33:00Z,Degradation on order-processing (Tier 1): observed 1.5% error rate and P99 latency of 357ms impacting an estimated 0 active users. Primary symptom matches network pattern.,0,NETWORK
INC-8650,Deadlock cycle in distributed checkout table lock on search-indexer,search-indexer,LOW,LOW,5,0,0.6017,RESOLVED,2026-08-25T17:50:00Z,Degradation on search-indexer (Tier 2): observed 1.5% error rate and P99 latency of 770ms impacting an estimated 103 active users. Primary symptom matches database pattern.,103,DATABASE
INC-8651,Batch data import job executed during peak consumer hours on payment-gateway,payment-gateway,CRITICAL,CRITICAL,82,1,-0.7096,RESOLVED,2026-09-06T17:52:00Z,"Degradation on payment-gateway (Tier 1): observed 25.9% error rate and P99 latency of 1817ms impacting an estimated 4,292 active users. Primary symptom matches traffic pattern.",4292,TRAFFIC
INC-8652,Database migration lock timeout during schema rollout on inventory-api,inventory-api,LOW,LOW,31,0,0.4735,RESOLVED,2026-09-05T05:24:00Z,Degradation on inventory-api (Tier 2): observed 3.9% error rate and P99 latency of 211ms impacting an estimated 134 active users. Primary symptom matches deployment pattern.,134,DEPLOYMENT
INC-8653,Pod memory limit hit triggering repeated OOMKilled events on search-indexer,search-indexer,MEDIUM,MEDIUM,58,1,-0.0051,MITIGATED,2026-09-01T14:32:00Z,Degradation on search-indexer (Tier 2): observed 5.3% error rate and P99 latency of 703ms impacting an estimated 144 active users. Primary symptom matches infrastructure pattern.,144,INFRASTRUCTURE
INC-8654,Race condition in concurrent token refresh logic on user-profile,user-profile,MEDIUM,LOW,36,1,0.2596,RESOLVED,2026-08-15T05:03:00Z,Degradation on user-profile (Tier 2): observed 2.6% error rate and P99 latency of 276ms impacting an estimated 100 active users. Primary symptom matches code_error pattern.,100,CODE_ERROR
INC-8655,Flash sale burst traffic causing ingress queue build-up on order-processing,order-processing,CRITICAL,CRITICAL,83,1,-0.8541,MITIGATED,2026-08-13T07:54:00Z,"Degradation on order-processing (Tier 1): observed 44.0% error rate and P99 latency of 1011ms impacting an estimated 10,103 active users. Primary symptom matches traffic pattern.",10103,TRAFFIC
INC-8656,Unindexed query scan causing read replica CPU spike on inventory-api,inventory-api,LOW,LOW,5,0,0.5946,RESOLVED,2026-09-19T11:24:00Z,Degradation on inventory-api (Tier 2): observed 1.3% error rate and P99 latency of 309ms impacting an estimated 6 active users. Primary symptom matches database pattern.,6,DATABASE
INC-8657,TLS certificate handshake timeout on third-party webhook on order-processing,order-processing,CRITICAL,CRITICAL,95,1,-0.5211,RESOLVED,2026-08-25T08:22:00Z,"Degradation on order-processing (Tier 1): observed 23.7% error rate and P99 latency of 1089ms impacting an estimated 9,618 active users. Primary symptom matches network pattern.",9618,NETWORK
INC-8658,Garbage collection pause duration exceeding 1500ms on search-indexer,search-indexer,MEDIUM,MEDIUM,42,0,-0.3738,RESOLVED,2026-09-25T06:23:00Z,Degradation on search-indexer (Tier 2): observed 13.9% error rate and P99 latency of 892ms impacting an estimated 727 active users. Primary symptom matches infrastructure pattern.,727,INFRASTRUCTURE
INC-8659,Dependency version mismatch in gRPC protobuf schema on order-processing,order-processing,LOW,LOW,20,0,0.371,RESOLVED,2026-09-13T12:30:00Z,Degradation on order-processing (Tier 1): observed 1.0% error rate and P99 latency of 438ms impacting an estimated 16 active users. Primary symptom matches deployment pattern.,16,DEPLOYMENT
INC-8660,Pod memory limit hit triggering repeated OOMKilled events on notification-worker,notification-worker,HIGH,HIGH,70,1,-0.3913,RESOLVED,2026-09-19T04:02:00Z,"Degradation on notification-worker (Tier 3): observed 20.5% error rate and P99 latency of 716ms impacting an estimated 3,442 active users. Primary symptom matches infrastructure pattern.",3442,INFRASTRUCTURE
INC-8661,Race condition in concurrent token refresh logic on notification-worker,notification-worker,MEDIUM,LOW,33,0,0.2703,RESOLVED,2026-08-13T06:20:00Z,Degradation on notification-worker (Tier 3): observed 6.6% error rate and P99 latency of 370ms impacting an estimated 294 active users. Primary symptom matches code_error pattern.,294,CODE_ERROR
INC-8662,Race condition in concurrent token refresh logic on notification-worker,notification-worker,MEDIUM,MEDIUM,42,1,0.255,RESOLVED,2026-08-17T23:47:00Z,Degradation on notification-worker (Tier 3): observed 0.5% error rate and P99 latency of 834ms impacting an estimated 593 active users. Primary symptom matches code_error pattern.,593,CODE_ERROR
INC-8663,Race condition in concurrent token refresh logic on user-profile,user-profile,MEDIUM,MEDIUM,60,1,0.4323,RESOLVED,2026-09-24T20:51:00Z,Degradation on user-profile (Tier 2): observed 10.9% error rate and P99 latency of 212ms impacting an estimated 108 active users. Primary symptom matches code_error pattern.,108,CODE_ERROR
INC-8664,Ephemeral disk volume full due to unrotated application logs on notification-worker,notification-worker,MEDIUM,HIGH,70,0,-0.3815,RESOLVED,2026-08-19T22:01:00Z,Degradation on notification-worker (Tier 3): observed 6.0% error rate and P99 latency of 512ms impacting an estimated 39 active users. Primary symptom matches infrastructure pattern.,39,INFRASTRUCTURE
INC-8665,DNS resolution timeouts between VPC private subnets on auth-service,auth-service,MEDIUM,LOW,26,1,0.0489,RESOLVED,2026-08-28T12:16:00Z,Degradation on auth-service (Tier 1): observed 4.9% error rate and P99 latency of 303ms impacting an estimated 610 active users. Primary symptom matches network pattern.,610,NETWORK
INC-8666,Dependency version mismatch in gRPC protobuf schema on order-processing,order-processing,MEDIUM,MEDIUM,51,1,-0.1942,RESOLVED,2026-09-13T23:37:00Z,Degradation on order-processing (Tier 1): observed 1.4% error rate and P99 latency of 349ms impacting an estimated 154 active users. Primary symptom matches deployment pattern.,154,DEPLOYMENT
INC-8667,Ephemeral disk volume full due to unrotated application logs on search-indexer,search-indexer,MEDIUM,MEDIUM,52,1,0.0205,RESOLVED,2026-08-28T14:20:00Z,Degradation on search-indexer (Tier 2): observed 5.3% error rate and P99 latency of 814ms impacting an estimated 514 active users. Primary symptom matches infrastructure pattern.,514,INFRASTRUCTURE
INC-8668,Network packet loss on Kubernetes overlay CNI bridge on notification-worker,notification-worker,MEDIUM,MEDIUM,53,1,-0.0187,RESOLVED,2026-09-08T18:49:00Z,"Degradation on notification-worker (Tier 3): observed 0.7% error rate and P99 latency of 514ms impacting an estimated 1,356 active users. Primary symptom matches network pattern.",1356,NETWORK
INC-8669,Distributed crawler burst triggering endpoint 429 retries on auth-service,auth-service,MEDIUM,MEDIUM,62,1,-0.09,RESOLVED,2026-09-12T15:40:00Z,Degradation on auth-service (Tier 1): observed 2.9% error rate and P99 latency of 458ms impacting an estimated 560 active users. Primary symptom matches traffic pattern.,560,TRAFFIC
INC-8670,Memory leak in unclosed HTTP response stream handler on notification-worker,notification-worker,CRITICAL,CRITICAL,92,1,-0.555,RESOLVED,2026-08-29T20:37:00Z,"Degradation on notification-worker (Tier 3): observed 25.3% error rate and P99 latency of 313ms impacting an estimated 5,444 active users. Primary symptom matches code_error pattern.",5444,CODE_ERROR
INC-8671,TLS certificate handshake timeout on third-party webhook on checkout-service,checkout-service,HIGH,HIGH,65,1,-0.4653,RESOLVED,2026-09-10T11:15:00Z,Degradation on checkout-service (Tier 1): observed 3.7% error rate and P99 latency of 150ms impacting an estimated 115 active users. Primary symptom matches network pattern.,115,NETWORK
INC-8672,Corrupted response payload format failing client validation on order-processing,order-processing,HIGH,MEDIUM,61,1,-0.101,RESOLVED,2026-08-15T09:54:00Z,"Degradation on order-processing (Tier 1): observed 2.5% error rate and P99 latency of 681ms impacting an estimated 1,328 active users. Primary symptom matches code_error pattern.",1328,CODE_ERROR
INC-8673,Recursive call in JSON parsing leading to stack exhaustion on search-indexer,search-indexer,CRITICAL,CRITICAL,83,1,-0.7369,RESOLVED,2026-08-29T07:47:00Z,"Degradation on search-indexer (Tier 2): observed 24.7% error rate and P99 latency of 1404ms impacting an estimated 10,363 active users. Primary symptom matches code_error pattern.",10363,CODE_ERROR
INC-8674,Database migration lock timeout during schema rollout on auth-service,auth-service,CRITICAL,CRITICAL,95,1,-0.8139,RESOLVED,2026-09-03T05:15:00Z,"Degradation on auth-service (Tier 1): observed 35.8% error rate and P99 latency of 507ms impacting an estimated 7,860 active users. Primary symptom matches deployment pattern.",7860,DEPLOYMENT
INC-8675,Corrupted response payload format failing client validation on payment-gateway,payment-gateway,LOW,LOW,19,0,-0.0017,RESOLVED,2026-08-30T00:51:00Z,Degradation on payment-gateway (Tier 1): observed 1.4% error rate and P99 latency of 242ms impacting an estimated 53 active users. Primary symptom matches code_error pattern.,53,CODE_ERROR
INC-8676,Memory leak in unclosed HTTP response stream handler on payment-gateway,payment-gateway,MEDIUM,MEDIUM,58,0,0.4046,RESOLVED,2026-08-18T06:02:00Z,Degradation on payment-gateway (Tier 1): observed 7.8% error rate and P99 latency of 307ms impacting an estimated 446 active users. Primary symptom matches code_error pattern.,446,CODE_ERROR
INC-8677,Network packet loss on Kubernetes overlay CNI bridge on payment-gateway,payment-gateway,MEDIUM,MEDIUM,59,0,-0.0274,RESOLVED,2026-09-06T11:07:00Z,"Degradation on payment-gateway (Tier 1): observed 6.3% error rate and P99 latency of 509ms impacting an estimated 1,099 active users. Primary symptom matches network pattern.",1099,NETWORK
INC-8678,Deadlock cycle in distributed checkout table lock on order-processing,order-processing,HIGH,HIGH,73,1,-0.5259,RESOLVED,2026-08-16T13:36:00Z,"Degradation on order-processing (Tier 1): observed 24.2% error rate and P99 latency of 463ms impacting an estimated 1,173 active users. Primary symptom matches database pattern.",1173,DATABASE
INC-8679,Config flag default inversion causing request rejections on checkout-service,checkout-service,MEDIUM,MEDIUM,43,0,0.2921,RESOLVED,2026-09-12T12:48:00Z,Degradation on checkout-service (Tier 1): observed 11.9% error rate and P99 latency of 80ms impacting an estimated 183 active users. Primary symptom matches deployment pattern.,183,DEPLOYMENT
INC-8680,Connection pool saturation under sustained transaction load on search-indexer,search-indexer,LOW,LOW,27,0,0.465,INVESTIGATING,2026-09-25T22:35:00Z,Degradation on search-indexer (Tier 2): observed 3.5% error rate and P99 latency of 630ms impacting an estimated 209 active users. Primary symptom matches database pattern.,209,DATABASE
INC-8681,Recursive call in JSON parsing leading to stack exhaustion on search-indexer,search-indexer,HIGH,HIGH,67,1,-0.6058,MITIGATED,2026-09-04T13:14:00Z,Degradation on search-indexer (Tier 2): observed 26.0% error rate and P99 latency of 861ms impacting an estimated 115 active users. Primary symptom matches code_error pattern.,115,CODE_ERROR
INC-8682,Garbage collection pause duration exceeding 1500ms on auth-service,auth-service,MEDIUM,MEDIUM,52,1,0.2245,OPEN,2026-08-16T05:50:00Z,Degradation on auth-service (Tier 1): observed 7.4% error rate and P99 latency of 80ms impacting an estimated 226 active users. Primary symptom matches infrastructure pattern.,226,INFRASTRUCTURE
INC-8683,Spike in unauthenticated request probe flood on inventory-api,inventory-api,MEDIUM,MEDIUM,46,0,0.3836,RESOLVED,2026-09-23T22:37:00Z,Degradation on inventory-api (Tier 2): observed 6.4% error rate and P99 latency of 376ms impacting an estimated 30 active users. Primary symptom matches traffic pattern.,30,TRAFFIC
INC-8684,Distributed crawler burst triggering endpoint 429 retries on notification-worker,notification-worker,LOW,LOW,36,0,0.3016,RESOLVED,2026-08-19T16:25:00Z,Degradation on notification-worker (Tier 3): observed 2.8% error rate and P99 latency of 307ms impacting an estimated 169 active users. Primary symptom matches traffic pattern.,169,TRAFFIC
INC-8685,Dependency version mismatch in gRPC protobuf schema on auth-service,auth-service,MEDIUM,MEDIUM,49,0,0.3968,RESOLVED,2026-09-21T04:37:00Z,Degradation on auth-service (Tier 1): observed 7.2% error rate and P99 latency of 200ms impacting an estimated 797 active users. Primary symptom matches deployment pattern.,797,DEPLOYMENT
INC-8686,Slow query cascade triggering client connection timeout on notification-worker,notification-worker,HIGH,CRITICAL,86,1,-0.3241,OPEN,2026-09-26T11:13:00Z,Degradation on notification-worker (Tier 3): observed 12.0% error rate and P99 latency of 1041ms impacting an estimated 744 active users. Primary symptom matches database pattern.,744,DATABASE
INC-8687,Config flag default inversion causing request rejections on inventory-api,inventory-api,MEDIUM,LOW,27,1,0.4484,RESOLVED,2026-09-05T01:50:00Z,Degradation on inventory-api (Tier 2): observed 11.1% error rate and P99 latency of 146ms impacting an estimated 227 active users. Primary symptom matches deployment pattern.,227,DEPLOYMENT
INC-8688,Config flag default inversion causing request rejections on checkout-service,checkout-service,LOW,LOW,21,0,-0.0754,RESOLVED,2026-08-22T14:37:00Z,Degradation on checkout-service (Tier 1): observed 1.0% error rate and P99 latency of 188ms impacting an estimated 65 active users. Primary symptom matches deployment pattern.,65,DEPLOYMENT
INC-8689,Batch data import job executed during peak consumer hours on checkout-service,checkout-service,LOW,LOW,29,0,0.3496,RESOLVED,2026-08-22T00:03:00Z,Degradation on checkout-service (Tier 1): observed 0.6% error rate and P99 latency of 237ms impacting an estimated 53 active users. Primary symptom matches traffic pattern.,53,TRAFFIC
INC-8690,Memory leak in unclosed HTTP response stream handler on user-profile,user-profile,MEDIUM,MEDIUM,40,1,-0.5649,OPEN,2026-09-07T12:09:00Z,Degradation on user-profile (Tier 2): observed 10.0% error rate and P99 latency of 80ms impacting an estimated 267 active users. Primary symptom matches code_error pattern.,267,CODE_ERROR
INC-8691,Pod memory limit hit triggering repeated OOMKilled events on inventory-api,inventory-api,LOW,LOW,18,0,0.1594,RESOLVED,2026-09-11T16:01:00Z,Degradation on inventory-api (Tier 2): observed 2.4% error rate and P99 latency of 189ms impacting an estimated 15 active users. Primary symptom matches infrastructure pattern.,15,INFRASTRUCTURE
INC-8692,Batch data import job executed during peak consumer hours on notification-worker,notification-worker,CRITICAL,CRITICAL,83,1,-0.7705,RESOLVED,2026-08-21T22:27:00Z,"Degradation on notification-worker (Tier 3): observed 24.2% error rate and P99 latency of 1152ms impacting an estimated 9,724 active users. Primary symptom matches traffic pattern.",9724,TRAFFIC
INC-8693,Connection pool saturation under sustained transaction load on inventory-api,inventory-api,LOW,LOW,14,0,0.4344,RESOLVED,2026-09-07T15:48:00Z,Degradation on inventory-api (Tier 2): observed 0.3% error rate and P99 latency of 246ms impacting an estimated 7 active users. Primary symptom matches database pattern.,7,DATABASE
INC-8694,Distributed crawler burst triggering endpoint 429 retries on order-processing,order-processing,LOW,LOW,30,0,0.1924,INVESTIGATING,2026-08-26T02:34:00Z,Degradation on order-processing (Tier 1): observed 1.0% error rate and P99 latency of 305ms impacting an estimated 196 active users. Primary symptom matches traffic pattern.,196,TRAFFIC
INC-8695,High CPU throttling on Kubernetes node worker pool on order-processing,order-processing,MEDIUM,MEDIUM,50,0,-0.1497,RESOLVED,2026-09-14T20:50:00Z,Degradation on order-processing (Tier 1): observed 9.3% error rate and P99 latency of 382ms impacting an estimated 929 active users. Primary symptom matches infrastructure pattern.,929,INFRASTRUCTURE
INC-8696,Unhandled arithmetic overflow in currency conversion on user-profile,user-profile,LOW,LOW,18,0,0.417,RESOLVED,2026-08-17T18:07:00Z,Degradation on user-profile (Tier 2): observed 2.4% error rate and P99 latency of 231ms impacting an estimated 15 active users. Primary symptom matches code_error pattern.,15,CODE_ERROR
INC-8697,Sudden traffic surge exceeding rate limiter bucket capacity on auth-service,auth-service,MEDIUM,MEDIUM,53,1,-0.1609,RESOLVED,2026-09-17T19:15:00Z,Degradation on auth-service (Tier 1): observed 8.8% error rate and P99 latency of 227ms impacting an estimated 248 active users. Primary symptom matches traffic pattern.,248,TRAFFIC
INC-8698,Memory leak in unclosed HTTP response stream handler on search-indexer,search-indexer,HIGH,CRITICAL,82,1,-0.3867,RESOLVED,2026-08-29T02:31:00Z,"Degradation on search-indexer (Tier 2): observed 14.5% error rate and P99 latency of 1247ms impacting an estimated 1,077 active users. Primary symptom matches code_error pattern.",1077,CODE_ERROR
INC-8699,Slow query cascade triggering client connection timeout on notification-worker,notification-worker,MEDIUM,MEDIUM,59,0,0.4786,RESOLVED,2026-08-24T22:54:00Z,Degradation on notification-worker (Tier 3): observed 0.5% error rate and P99 latency of 403ms impacting an estimated 264 active users. Primary symptom matches database pattern.,264,DATABASE
INC-8700,Distributed crawler burst triggering endpoint 429 retries on payment-gateway,payment-gateway,HIGH,HIGH,77,0,-0.0784,RESOLVED,2026-09-16T00:25:00Z,"Degradation on payment-gateway (Tier 1): observed 25.3% error rate and P99 latency of 150ms impacting an estimated 2,468 active users. Primary symptom matches traffic pattern.",2468,TRAFFIC
INC-8701,Unhandled arithmetic overflow in currency conversion on notification-worker,notification-worker,LOW,LOW,11,0,0.75,RESOLVED,2026-08-23T15:10:00Z,Degradation on notification-worker (Tier 3): observed 2.3% error rate and P99 latency of 297ms impacting an estimated 147 active users. Primary symptom matches code_error pattern.,147,CODE_ERROR
INC-8702,Connection pool saturation under sustained transaction load on auth-service,auth-service,LOW,LOW,30,0,0.433,RESOLVED,2026-09-12T01:38:00Z,Degradation on auth-service (Tier 1): observed 4.3% error rate and P99 latency of 226ms impacting an estimated 11 active users. Primary symptom matches database pattern.,11,DATABASE
INC-8703,Corrupted response payload format failing client validation on notification-worker,notification-worker,LOW,LOW,12,0,0.4796,MITIGATED,2026-08-18T11:09:00Z,Degradation on notification-worker (Tier 3): observed 6.2% error rate and P99 latency of 236ms impacting an estimated 20 active users. Primary symptom matches code_error pattern.,20,CODE_ERROR
INC-8704,Dependency version mismatch in gRPC protobuf schema on search-indexer,search-indexer,HIGH,HIGH,75,1,-0.227,MITIGATED,2026-09-24T10:12:00Z,"Degradation on search-indexer (Tier 2): observed 12.7% error rate and P99 latency of 1366ms impacting an estimated 1,743 active users. Primary symptom matches deployment pattern.",1743,DEPLOYMENT
INC-8705,Recursive call in JSON parsing leading to stack exhaustion on inventory-api,inventory-api,MEDIUM,HIGH,71,1,0.1346,RESOLVED,2026-09-18T13:00:00Z,Degradation on inventory-api (Tier 2): observed 13.1% error rate and P99 latency of 452ms impacting an estimated 339 active users. Primary symptom matches code_error pattern.,339,CODE_ERROR
INC-8706,File descriptor limit reached on upstream reverse proxy on user-profile,user-profile,CRITICAL,CRITICAL,94,1,-0.5917,INVESTIGATING,2026-09-11T09:35:00Z,"Degradation on user-profile (Tier 2): observed 45.9% error rate and P99 latency of 546ms impacting an estimated 11,048 active users. Primary symptom matches infrastructure pattern.",11048,INFRASTRUCTURE
INC-8707,Dependency version mismatch in gRPC protobuf schema on checkout-service,checkout-service,LOW,LOW,31,0,0.067,RESOLVED,2026-09-21T08:59:00Z,Degradation on checkout-service (Tier 1): observed 3.0% error rate and P99 latency of 336ms impacting an estimated 19 active users. Primary symptom matches deployment pattern.,19,DEPLOYMENT
INC-8708,High CPU throttling on Kubernetes node worker pool on notification-worker,notification-worker,MEDIUM,MEDIUM,64,1,0.5,RESOLVED,2026-08-27T01:39:00Z,Degradation on notification-worker (Tier 3): observed 3.0% error rate and P99 latency of 432ms impacting an estimated 725 active users. Primary symptom matches infrastructure pattern.,725,INFRASTRUCTURE
INC-8709,TLS certificate handshake timeout on third-party webhook on auth-service,auth-service,HIGH,MEDIUM,63,1,-0.1762,MITIGATED,2026-08-29T12:00:00Z,"Degradation on auth-service (Tier 1): observed 14.2% error rate and P99 latency of 150ms impacting an estimated 1,624 active users. Primary symptom matches network pattern.",1624,NETWORK
INC-8710,Deadlock cycle in distributed checkout table lock on inventory-api,inventory-api,HIGH,MEDIUM,54,1,-0.7203,RESOLVED,2026-08-14T22:54:00Z,"Degradation on inventory-api (Tier 2): observed 13.6% error rate and P99 latency of 855ms impacting an estimated 2,157 active users. Primary symptom matches database pattern.",2157,DATABASE
INC-8711,Batch data import job executed during peak consumer hours on search-indexer,search-indexer,LOW,LOW,7,0,0.3469,RESOLVED,2026-08-20T07:23:00Z,Degradation on search-indexer (Tier 2): observed 1.8% error rate and P99 latency of 617ms impacting an estimated 17 active users. Primary symptom matches traffic pattern.,17,TRAFFIC
INC-8712,Deadlock cycle in distributed checkout table lock on user-profile,user-profile,LOW,LOW,25,0,0.0558,RESOLVED,2026-08-22T08:31:00Z,Degradation on user-profile (Tier 2): observed 1.5% error rate and P99 latency of 206ms impacting an estimated 0 active users. Primary symptom matches database pattern.,0,DATABASE
INC-8713,Connection pool saturation under sustained transaction load on payment-gateway,payment-gateway,CRITICAL,CRITICAL,99,1,-0.5713,RESOLVED,2026-09-01T10:30:00Z,"Degradation on payment-gateway (Tier 1): observed 39.4% error rate and P99 latency of 460ms impacting an estimated 5,307 active users. Primary symptom matches database pattern.",5307,DATABASE
INC-8714,TCP socket connection reset by peer on egress gateway on order-processing,order-processing,LOW,LOW,22,0,0.75,RESOLVED,2026-09-17T10:45:00Z,Degradation on order-processing (Tier 1): observed 1.9% error rate and P99 latency of 494ms impacting an estimated 18 active users. Primary symptom matches network pattern.,18,NETWORK
INC-8715,Network packet loss on Kubernetes overlay CNI bridge on user-profile,user-profile,MEDIUM,HIGH,69,1,0.127,MITIGATED,2026-09-19T06:22:00Z,Degradation on user-profile (Tier 2): observed 7.0% error rate and P99 latency of 145ms impacting an estimated 989 active users. Primary symptom matches network pattern.,989,NETWORK
INC-8716,Race condition in concurrent token refresh logic on order-processing,order-processing,LOW,LOW,8,0,0.2362,RESOLVED,2026-09-02T17:52:00Z,Degradation on order-processing (Tier 1): observed 1.8% error rate and P99 latency of 423ms impacting an estimated 120 active users. Primary symptom matches code_error pattern.,120,CODE_ERROR
INC-8717,Spike in unauthenticated request probe flood on order-processing,order-processing,CRITICAL,CRITICAL,84,1,-0.684,RESOLVED,2026-09-19T22:42:00Z,"Degradation on order-processing (Tier 1): observed 18.9% error rate and P99 latency of 1368ms impacting an estimated 4,631 active users. Primary symptom matches traffic pattern.",4631,TRAFFIC
INC-8718,Pod memory limit hit triggering repeated OOMKilled events on order-processing,order-processing,LOW,LOW,9,0,0.4625,RESOLVED,2026-09-20T02:22:00Z,Degradation on order-processing (Tier 1): observed 2.1% error rate and P99 latency of 294ms impacting an estimated 43 active users. Primary symptom matches infrastructure pattern.,43,INFRASTRUCTURE
INC-8719,Pod memory limit hit triggering repeated OOMKilled events on checkout-service,checkout-service,MEDIUM,MEDIUM,58,0,0.0665,RESOLVED,2026-08-22T08:54:00Z,Degradation on checkout-service (Tier 1): observed 4.2% error rate and P99 latency of 254ms impacting an estimated 10 active users. Primary symptom matches infrastructure pattern.,10,INFRASTRUCTURE
INC-8720,Inter-region transit latency degradation exceeding SLA on notification-worker,notification-worker,LOW,LOW,5,0,0.6848,RESOLVED,2026-08-14T06:40:00Z,Degradation on notification-worker (Tier 3): observed 2.4% error rate and P99 latency of 304ms impacting an estimated 17 active users. Primary symptom matches network pattern.,17,NETWORK
INC-8721,Slow query cascade triggering client connection timeout on notification-worker,notification-worker,HIGH,HIGH,74,1,-0.5077,RESOLVED,2026-08-30T00:47:00Z,"Degradation on notification-worker (Tier 3): observed 11.5% error rate and P99 latency of 1014ms impacting an estimated 1,917 active users. Primary symptom matches database pattern.",1917,DATABASE
INC-8722,Network packet loss on Kubernetes overlay CNI bridge on inventory-api,inventory-api,CRITICAL,CRITICAL,84,1,-0.4964,RESOLVED,2026-08-27T03:14:00Z,"Degradation on inventory-api (Tier 2): observed 34.9% error rate and P99 latency of 300ms impacting an estimated 1,285 active users. Primary symptom matches network pattern.",1285,NETWORK
INC-8723,Batch data import job executed during peak consumer hours on notification-worker,notification-worker,MEDIUM,MEDIUM,43,1,-0.3403,RESOLVED,2026-08-27T02:36:00Z,Degradation on notification-worker (Tier 3): observed 7.3% error rate and P99 latency of 606ms impacting an estimated 18 active users. Primary symptom matches traffic pattern.,18,TRAFFIC
INC-8724,DNS resolution timeouts between VPC private subnets on search-indexer,search-indexer,HIGH,HIGH,68,1,-0.1744,RESOLVED,2026-08-21T14:54:00Z,"Degradation on search-indexer (Tier 2): observed 13.2% error rate and P99 latency of 1496ms impacting an estimated 2,409 active users. Primary symptom matches network pattern.",2409,NETWORK
INC-8725,TLS certificate handshake timeout on third-party webhook on search-indexer,search-indexer,HIGH,CRITICAL,89,1,-0.3257,RESOLVED,2026-09-14T22:51:00Z,"Degradation on search-indexer (Tier 2): observed 7.3% error rate and P99 latency of 611ms impacting an estimated 3,568 active users. Primary symptom matches network pattern.",3568,NETWORK
INC-8726,Redis cluster shard memory limit eviction cascade on user-profile,user-profile,HIGH,HIGH,71,1,-0.1434,RESOLVED,2026-08-23T19:38:00Z,"Degradation on user-profile (Tier 2): observed 23.3% error rate and P99 latency of 786ms impacting an estimated 1,618 active users. Primary symptom matches database pattern.",1618,DATABASE
INC-8727,TLS certificate handshake timeout on third-party webhook on search-indexer,search-indexer,LOW,LOW,37,0,-0.1379,RESOLVED,2026-08-20T19:30:00Z,Degradation on search-indexer (Tier 2): observed 0.2% error rate and P99 latency of 613ms impacting an estimated 118 active users. Primary symptom matches network pattern.,118,NETWORK
INC-8728,Flash sale burst traffic causing ingress queue build-up on inventory-api,inventory-api,HIGH,HIGH,71,1,-0.3645,RESOLVED,2026-09-22T08:52:00Z,"Degradation on inventory-api (Tier 2): observed 7.4% error rate and P99 latency of 367ms impacting an estimated 2,463 active users. Primary symptom matches traffic pattern.",2463,TRAFFIC
INC-8729,Dependency version mismatch in gRPC protobuf schema on inventory-api,inventory-api,MEDIUM,MEDIUM,47,0,0.1696,RESOLVED,2026-09-15T07:10:00Z,Degradation on inventory-api (Tier 2): observed 8.4% error rate and P99 latency of 474ms impacting an estimated 143 active users. Primary symptom matches deployment pattern.,143,DEPLOYMENT
INC-8730,Database migration lock timeout during schema rollout on inventory-api,inventory-api,LOW,LOW,35,0,0.7109,RESOLVED,2026-09-01T09:40:00Z,Degradation on inventory-api (Tier 2): observed 3.0% error rate and P99 latency of 254ms impacting an estimated 55 active users. Primary symptom matches deployment pattern.,55,DEPLOYMENT
INC-8731,High CPU throttling on Kubernetes node worker pool on inventory-api,inventory-api,MEDIUM,MEDIUM,62,1,0.0666,RESOLVED,2026-09-20T08:51:00Z,Degradation on inventory-api (Tier 2): observed 7.4% error rate and P99 latency of 461ms impacting an estimated 39 active users. Primary symptom matches infrastructure pattern.,39,INFRASTRUCTURE
INC-8732,Network packet loss on Kubernetes overlay CNI bridge on order-processing,order-processing,HIGH,MEDIUM,61,1,-0.2694,RESOLVED,2026-09-16T07:08:00Z,Degradation on order-processing (Tier 1): observed 29.3% error rate and P99 latency of 590ms impacting an estimated 479 active users. Primary symptom matches network pattern.,479,NETWORK
INC-8733,Recursive call in JSON parsing leading to stack exhaustion on payment-gateway,payment-gateway,HIGH,MEDIUM,57,1,-0.5831,INVESTIGATING,2026-09-10T08:39:00Z,Degradation on payment-gateway (Tier 1): observed 7.1% error rate and P99 latency of 592ms impacting an estimated 257 active users. Primary symptom matches code_error pattern.,257,CODE_ERROR
INC-8734,Spike in unauthenticated request probe flood on inventory-api,inventory-api,LOW,LOW,22,0,0.3268,RESOLVED,2026-08-26T11:34:00Z,Degradation on inventory-api (Tier 2): observed 0.1% error rate and P99 latency of 257ms impacting an estimated 19 active users. Primary symptom matches traffic pattern.,19,TRAFFIC
INC-8735,Batch data import job executed during peak consumer hours on auth-service,auth-service,MEDIUM,MEDIUM,45,0,0.0418,RESOLVED,2026-08-30T02:44:00Z,Degradation on auth-service (Tier 1): observed 2.4% error rate and P99 latency of 398ms impacting an estimated 138 active users. Primary symptom matches traffic pattern.,138,TRAFFIC
INC-8736,Corrupted response payload format failing client validation on search-indexer,search-indexer,HIGH,HIGH,68,1,-0.4014,MITIGATED,2026-09-10T20:47:00Z,Degradation on search-indexer (Tier 2): observed 28.7% error rate and P99 latency of 1572ms impacting an estimated 346 active users. Primary symptom matches code_error pattern.,346,CODE_ERROR
INC-8737,Database migration lock timeout during schema rollout on auth-service,auth-service,LOW,LOW,30,0,0.75,RESOLVED,2026-09-23T17:14:00Z,Degradation on auth-service (Tier 1): observed 4.2% error rate and P99 latency of 221ms impacting an estimated 84 active users. Primary symptom matches deployment pattern.,84,DEPLOYMENT
INC-8738,Spike in unauthenticated request probe flood on inventory-api,inventory-api,LOW,LOW,23,0,-0.1215,RESOLVED,2026-08-28T12:33:00Z,Degradation on inventory-api (Tier 2): observed 2.6% error rate and P99 latency of 236ms impacting an estimated 24 active users. Primary symptom matches traffic pattern.,24,TRAFFIC
INC-8739,Flash sale burst traffic causing ingress queue build-up on checkout-service,checkout-service,MEDIUM,HIGH,72,0,0.0309,RESOLVED,2026-09-18T09:53:00Z,Degradation on checkout-service (Tier 1): observed 6.7% error rate and P99 latency of 298ms impacting an estimated 161 active users. Primary symptom matches traffic pattern.,161,TRAFFIC
INC-8740,Flash sale burst traffic causing ingress queue build-up on auth-service,auth-service,MEDIUM,LOW,26,0,0.0052,RESOLVED,2026-08-14T19:25:00Z,Degradation on auth-service (Tier 1): observed 3.7% error rate and P99 latency of 184ms impacting an estimated 143 active users. Primary symptom matches traffic pattern.,143,TRAFFIC
INC-8741,Stale cache invalidation logic deployed in Canary on search-indexer,search-indexer,LOW,LOW,39,0,0.2587,RESOLVED,2026-08-25T06:50:00Z,Degradation on search-indexer (Tier 2): observed 0.1% error rate and P99 latency of 469ms impacting an estimated 27 active users. Primary symptom matches deployment pattern.,27,DEPLOYMENT
INC-8742,TCP socket connection reset by peer on egress gateway on search-indexer,search-indexer,HIGH,HIGH,72,1,-0.1938,RESOLVED,2026-09-20T07:47:00Z,"Degradation on search-indexer (Tier 2): observed 10.5% error rate and P99 latency of 941ms impacting an estimated 1,417 active users. Primary symptom matches network pattern.",1417,NETWORK
INC-8743,Pod memory limit hit triggering repeated OOMKilled events on search-indexer,search-indexer,LOW,LOW,15,0,0.1972,RESOLVED,2026-09-12T12:18:00Z,Degradation on search-indexer (Tier 2): observed 2.1% error rate and P99 latency of 514ms impacting an estimated 117 active users. Primary symptom matches infrastructure pattern.,117,INFRASTRUCTURE
INC-8744,Flash sale burst traffic causing ingress queue build-up on search-indexer,search-indexer,HIGH,HIGH,74,1,-0.2311,MITIGATED,2026-09-16T17:28:00Z,Degradation on search-indexer (Tier 2): observed 12.6% error rate and P99 latency of 150ms impacting an estimated 100 active users. Primary symptom matches traffic pattern.,100,TRAFFIC
INC-8745,Recursive call in JSON parsing leading to stack exhaustion on payment-gateway,payment-gateway,LOW,LOW,18,0,-0.1678,RESOLVED,2026-09-21T04:42:00Z,Degradation on payment-gateway (Tier 1): observed 2.7% error rate and P99 latency of 275ms impacting an estimated 76 active users. Primary symptom matches code_error pattern.,76,CODE_ERROR
INC-8746,Flash sale burst traffic causing ingress queue build-up on payment-gateway,payment-gateway,LOW,LOW,14,0,0.321,RESOLVED,2026-08-26T12:35:00Z,Degradation on payment-gateway (Tier 1): observed 3.6% error rate and P99 latency of 164ms impacting an estimated 15 active users. Primary symptom matches traffic pattern.,15,TRAFFIC
INC-8747,Redis cluster shard memory limit eviction cascade on search-indexer,search-indexer,LOW,LOW,35,0,0.4399,RESOLVED,2026-09-24T14:06:00Z,Degradation on search-indexer (Tier 2): observed 4.6% error rate and P99 latency of 844ms impacting an estimated 165 active users. Primary symptom matches database pattern.,165,DATABASE
INC-8748,High CPU throttling on Kubernetes node worker pool on auth-service,auth-service,LOW,LOW,22,0,0.5217,RESOLVED,2026-08-15T03:16:00Z,Degradation on auth-service (Tier 1): observed 3.6% error rate and P99 latency of 140ms impacting an estimated 15 active users. Primary symptom matches infrastructure pattern.,15,INFRASTRUCTURE
INC-8749,Batch data import job executed during peak consumer hours on order-processing,order-processing,CRITICAL,CRITICAL,88,1,-0.4716,MITIGATED,2026-09-04T16:46:00Z,"Degradation on order-processing (Tier 1): observed 12.4% error rate and P99 latency of 993ms impacting an estimated 26,379 active users. Primary symptom matches traffic pattern.",26379,TRAFFIC
INC-8750,Memory leak in unclosed HTTP response stream handler on notification-worker,notification-worker,HIGH,HIGH,79,1,-0.561,RESOLVED,2026-08-27T07:43:00Z,"Degradation on notification-worker (Tier 3): observed 20.9% error rate and P99 latency of 816ms impacting an estimated 3,464 active users. Primary symptom matches code_error pattern.",3464,CODE_ERROR
INC-8751,Garbage collection pause duration exceeding 1500ms on inventory-api,inventory-api,CRITICAL,HIGH,81,1,-0.7233,RESOLVED,2026-09-19T12:32:00Z,"Degradation on inventory-api (Tier 2): observed 15.3% error rate and P99 latency of 792ms impacting an estimated 6,235 active users. Primary symptom matches infrastructure pattern.",6235,INFRASTRUCTURE
INC-8752,Spike in unauthenticated request probe flood on auth-service,auth-service,HIGH,HIGH,70,1,0.2,INVESTIGATING,2026-09-12T00:54:00Z,"Degradation on auth-service (Tier 1): observed 16.1% error rate and P99 latency of 150ms impacting an estimated 1,473 active users. Primary symptom matches traffic pattern.",1473,TRAFFIC
INC-8753,Sudden traffic surge exceeding rate limiter bucket capacity on payment-gateway,payment-gateway,HIGH,HIGH,74,1,-0.1683,RESOLVED,2026-09-24T21:19:00Z,"Degradation on payment-gateway (Tier 1): observed 15.9% error rate and P99 latency of 414ms impacting an estimated 3,016 active users. Primary symptom matches traffic pattern.",3016,TRAFFIC
INC-8754,Garbage collection pause duration exceeding 1500ms on notification-worker,notification-worker,MEDIUM,LOW,38,1,-0.143,RESOLVED,2026-09-05T19:38:00Z,Degradation on notification-worker (Tier 3): observed 4.5% error rate and P99 latency of 402ms impacting an estimated 142 active users. Primary symptom matches infrastructure pattern.,142,INFRASTRUCTURE
INC-8755,Corrupted response payload format failing client validation on inventory-api,inventory-api,LOW,LOW,32,0,0.5917,RESOLVED,2026-09-01T20:18:00Z,Degradation on inventory-api (Tier 2): observed 2.8% error rate and P99 latency of 213ms impacting an estimated 7 active users. Primary symptom matches code_error pattern.,7,CODE_ERROR
INC-8756,Corrupted response payload format failing client validation on notification-worker,notification-worker,MEDIUM,HIGH,69,1,0.0536,RESOLVED,2026-09-11T15:40:00Z,"Degradation on notification-worker (Tier 3): observed 8.8% error rate and P99 latency of 433ms impacting an estimated 1,215 active users. Primary symptom matches code_error pattern.",1215,CODE_ERROR
INC-8757,Batch data import job executed during peak consumer hours on user-profile,user-profile,CRITICAL,CRITICAL,90,1,-0.8002,MITIGATED,2026-09-05T02:08:00Z,"Degradation on user-profile (Tier 2): observed 34.5% error rate and P99 latency of 494ms impacting an estimated 17,806 active users. Primary symptom matches traffic pattern.",17806,TRAFFIC
INC-8758,Unhandled arithmetic overflow in currency conversion on search-indexer,search-indexer,LOW,LOW,21,0,0.5425,RESOLVED,2026-09-08T22:11:00Z,Degradation on search-indexer (Tier 2): observed 0.1% error rate and P99 latency of 563ms impacting an estimated 38 active users. Primary symptom matches code_error pattern.,38,CODE_ERROR
INC-8759,Garbage collection pause duration exceeding 1500ms on order-processing,order-processing,LOW,LOW,30,0,0.3461,RESOLVED,2026-08-22T18:46:00Z,Degradation on order-processing (Tier 1): observed 0.6% error rate and P99 latency of 466ms impacting an estimated 71 active users. Primary symptom matches infrastructure pattern.,71,INFRASTRUCTURE
INC-8760,High CPU throttling on Kubernetes node worker pool on user-profile,user-profile,CRITICAL,CRITICAL,84,1,-0.4481,RESOLVED,2026-09-12T11:49:00Z,"Degradation on user-profile (Tier 2): observed 8.0% error rate and P99 latency of 300ms impacting an estimated 2,714 active users. Primary symptom matches infrastructure pattern.",2714,INFRASTRUCTURE
INC-8761,Unindexed query scan causing read replica CPU spike on checkout-service,checkout-service,CRITICAL,CRITICAL,82,1,-0.825,RESOLVED,2026-09-19T06:52:00Z,"Degradation on checkout-service (Tier 1): observed 25.1% error rate and P99 latency of 918ms impacting an estimated 11,046 active users. Primary symptom matches database pattern.",11046,DATABASE
INC-8762,Corrupted response payload format failing client validation on payment-gateway,payment-gateway,LOW,LOW,25,0,-0.1023,RESOLVED,2026-09-18T17:34:00Z,Degradation on payment-gateway (Tier 1): observed 1.1% error rate and P99 latency of 218ms impacting an estimated 76 active users. Primary symptom matches code_error pattern.,76,CODE_ERROR
INC-8763,Distributed crawler burst triggering endpoint 429 retries on auth-service,auth-service,LOW,LOW,8,0,0.2316,RESOLVED,2026-09-21T10:33:00Z,Degradation on auth-service (Tier 1): observed 2.8% error rate and P99 latency of 138ms impacting an estimated 56 active users. Primary symptom matches traffic pattern.,56,TRAFFIC
INC-8764,File descriptor limit reached on upstream reverse proxy on inventory-api,inventory-api,LOW,LOW,21,0,-0.0845,INVESTIGATING,2026-09-18T21:29:00Z,Degradation on inventory-api (Tier 2): observed 6.2% error rate and P99 latency of 337ms impacting an estimated 172 active users. Primary symptom matches infrastructure pattern.,172,INFRASTRUCTURE
INC-8765,Config flag default inversion causing request rejections on auth-service,auth-service,LOW,LOW,13,0,0.0281,MITIGATED,2026-09-26T00:06:00Z,Degradation on auth-service (Tier 1): observed 1.8% error rate and P99 latency of 131ms impacting an estimated 10 active users. Primary symptom matches deployment pattern.,10,DEPLOYMENT
INC-8766,Ephemeral disk volume full due to unrotated application logs on inventory-api,inventory-api,MEDIUM,MEDIUM,51,0,-0.0193,RESOLVED,2026-08-21T19:17:00Z,Degradation on inventory-api (Tier 2): observed 3.6% error rate and P99 latency of 139ms impacting an estimated 470 active users. Primary symptom matches infrastructure pattern.,470,INFRASTRUCTURE
INC-8767,Null pointer exception in payload serialization post-release on user-profile,user-profile,HIGH,CRITICAL,87,1,-0.4673,RESOLVED,2026-09-21T14:50:00Z,"Degradation on user-profile (Tier 2): observed 8.3% error rate and P99 latency of 150ms impacting an estimated 3,331 active users. Primary symptom matches deployment pattern.",3331,DEPLOYMENT
INC-8768,Sudden traffic surge exceeding rate limiter bucket capacity on user-profile,user-profile,HIGH,HIGH,76,1,-0.1977,RESOLVED,2026-09-05T12:29:00Z,"Degradation on user-profile (Tier 2): observed 7.6% error rate and P99 latency of 451ms impacting an estimated 3,138 active users. Primary symptom matches traffic pattern.",3138,TRAFFIC
INC-8769,DNS resolution timeouts between VPC private subnets on order-processing,order-processing,LOW,LOW,18,0,0.4286,RESOLVED,2026-08-29T00:36:00Z,Degradation on order-processing (Tier 1): observed 2.7% error rate and P99 latency of 415ms impacting an estimated 125 active users. Primary symptom matches network pattern.,125,NETWORK
INC-8770,Sudden traffic surge exceeding rate limiter bucket capacity on payment-gateway,payment-gateway,MEDIUM,MEDIUM,63,1,0.0927,MITIGATED,2026-09-14T12:12:00Z,Degradation on payment-gateway (Tier 1): observed 7.9% error rate and P99 latency of 519ms impacting an estimated 150 active users. Primary symptom matches traffic pattern.,150,TRAFFIC
INC-8771,High CPU throttling on Kubernetes node worker pool on search-indexer,search-indexer,MEDIUM,MEDIUM,43,1,0.2598,RESOLVED,2026-08-24T00:27:00Z,Degradation on search-indexer (Tier 2): observed 7.7% error rate and P99 latency of 607ms impacting an estimated 534 active users. Primary symptom matches infrastructure pattern.,534,INFRASTRUCTURE
INC-8772,Unhandled arithmetic overflow in currency conversion on payment-gateway,payment-gateway,MEDIUM,MEDIUM,56,0,-0.2235,RESOLVED,2026-08-16T14:12:00Z,Degradation on payment-gateway (Tier 1): observed 0.5% error rate and P99 latency of 477ms impacting an estimated 279 active users. Primary symptom matches code_error pattern.,279,CODE_ERROR
INC-8773,TLS certificate handshake timeout on third-party webhook on user-profile,user-profile,MEDIUM,MEDIUM,44,1,-0.3013,RESOLVED,2026-09-12T19:49:00Z,Degradation on user-profile (Tier 2): observed 6.4% error rate and P99 latency of 179ms impacting an estimated 369 active users. Primary symptom matches network pattern.,369,NETWORK
INC-8774,Corrupted response payload format failing client validation on search-indexer,search-indexer,MEDIUM,LOW,39,1,0.0326,RESOLVED,2026-08-23T21:49:00Z,Degradation on search-indexer (Tier 2): observed 7.1% error rate and P99 latency of 727ms impacting an estimated 630 active users. Primary symptom matches code_error pattern.,630,CODE_ERROR
INC-8775,Unindexed query scan causing read replica CPU spike on checkout-service,checkout-service,LOW,LOW,29,1,0.229,MITIGATED,2026-09-11T03:19:00Z,Degradation on checkout-service (Tier 1): observed 0.1% error rate and P99 latency of 459ms impacting an estimated 52 active users. Primary symptom matches database pattern.,52,DATABASE
INC-8776,Redis cluster shard memory limit eviction cascade on search-indexer,search-indexer,CRITICAL,CRITICAL,83,0,-0.5133,RESOLVED,2026-09-23T10:41:00Z,"Degradation on search-indexer (Tier 2): observed 42.1% error rate and P99 latency of 2169ms impacting an estimated 3,354 active users. Primary symptom matches database pattern.",3354,DATABASE
INC-8777,Ephemeral disk volume full due to unrotated application logs on inventory-api,inventory-api,MEDIUM,MEDIUM,44,0,-0.0602,RESOLVED,2026-09-20T14:23:00Z,Degradation on inventory-api (Tier 2): observed 4.5% error rate and P99 latency of 195ms impacting an estimated 267 active users. Primary symptom matches infrastructure pattern.,267,INFRASTRUCTURE
INC-8778,High CPU throttling on Kubernetes node worker pool on order-processing,order-processing,LOW,LOW,21,0,0.75,RESOLVED,2026-08-28T15:24:00Z,Degradation on order-processing (Tier 1): observed 1.2% error rate and P99 latency of 415ms impacting an estimated 69 active users. Primary symptom matches infrastructure pattern.,69,INFRASTRUCTURE
INC-8779,Unhandled arithmetic overflow in currency conversion on order-processing,order-processing,MEDIUM,MEDIUM,41,1,-0.0436,MITIGATED,2026-08-17T09:46:00Z,"Degradation on order-processing (Tier 1): observed 0.5% error rate and P99 latency of 857ms impacting an estimated 1,126 active users. Primary symptom matches code_error pattern.",1126,CODE_ERROR
INC-8780,High CPU throttling on Kubernetes node worker pool on order-processing,order-processing,HIGH,HIGH,69,1,-0.5436,RESOLVED,2026-09-04T22:18:00Z,Degradation on order-processing (Tier 1): observed 13.8% error rate and P99 latency of 1161ms impacting an estimated 100 active users. Primary symptom matches infrastructure pattern.,100,INFRASTRUCTURE
INC-8781,Config flag default inversion causing request rejections on auth-service,auth-service,LOW,LOW,39,0,0.3805,RESOLVED,2026-08-21T12:06:00Z,Degradation on auth-service (Tier 1): observed 0.9% error rate and P99 latency of 108ms impacting an estimated 41 active users. Primary symptom matches deployment pattern.,41,DEPLOYMENT
INC-8782,Recursive call in JSON parsing leading to stack exhaustion on search-indexer,search-indexer,LOW,LOW,39,0,0.75,RESOLVED,2026-09-09T02:29:00Z,Degradation on search-indexer (Tier 2): observed 2.9% error rate and P99 latency of 484ms impacting an estimated 20 active users. Primary symptom matches code_error pattern.,20,CODE_ERROR
INC-8783,Null pointer exception in payload serialization post-release on checkout-service,checkout-service,LOW,LOW,31,1,-0.0465,MITIGATED,2026-09-09T16:54:00Z,Degradation on checkout-service (Tier 1): observed 2.1% error rate and P99 latency of 217ms impacting an estimated 45 active users. Primary symptom matches deployment pattern.,45,DEPLOYMENT
INC-8784,File descriptor limit reached on upstream reverse proxy on payment-gateway,payment-gateway,MEDIUM,MEDIUM,61,0,0.235,RESOLVED,2026-08-24T14:18:00Z,Degradation on payment-gateway (Tier 1): observed 7.1% error rate and P99 latency of 275ms impacting an estimated 243 active users. Primary symptom matches infrastructure pattern.,243,INFRASTRUCTURE
INC-8785,Ephemeral disk volume full due to unrotated application logs on auth-service,auth-service,HIGH,HIGH,77,1,-0.36,RESOLVED,2026-09-08T06:14:00Z,"Degradation on auth-service (Tier 1): observed 16.6% error rate and P99 latency of 167ms impacting an estimated 1,138 active users. Primary symptom matches infrastructure pattern.",1138,INFRASTRUCTURE
INC-8786,Database migration lock timeout during schema rollout on inventory-api,inventory-api,LOW,LOW,25,1,0.75,INVESTIGATING,2026-09-04T16:54:00Z,Degradation on inventory-api (Tier 2): observed 3.0% error rate and P99 latency of 271ms impacting an estimated 71 active users. Primary symptom matches deployment pattern.,71,DEPLOYMENT
INC-8787,TLS certificate handshake timeout on third-party webhook on notification-worker,notification-worker,LOW,LOW,6,0,0.0679,MITIGATED,2026-09-24T15:56:00Z,Degradation on notification-worker (Tier 3): observed 0.1% error rate and P99 latency of 365ms impacting an estimated 30 active users. Primary symptom matches network pattern.,30,NETWORK
INC-8788,Redis cluster shard memory limit eviction cascade on user-profile,user-profile,MEDIUM,LOW,36,1,0.0589,RESOLVED,2026-08-23T14:50:00Z,Degradation on user-profile (Tier 2): observed 9.6% error rate and P99 latency of 503ms impacting an estimated 197 active users. Primary symptom matches database pattern.,197,DATABASE
INC-8789,Spike in unauthenticated request probe flood on notification-worker,notification-worker,LOW,LOW,33,0,0.5168,RESOLVED,2026-09-08T20:33:00Z,Degradation on notification-worker (Tier 3): observed 0.8% error rate and P99 latency of 285ms impacting an estimated 16 active users. Primary symptom matches traffic pattern.,16,TRAFFIC
INC-8790,Config flag default inversion causing request rejections on inventory-api,inventory-api,MEDIUM,MEDIUM,52,1,0.1009,MITIGATED,2026-09-15T00:09:00Z,"Degradation on inventory-api (Tier 2): observed 6.4% error rate and P99 latency of 423ms impacting an estimated 1,051 active users. Primary symptom matches deployment pattern.",1051,DEPLOYMENT
INC-8791,Memory leak in unclosed HTTP response stream handler on checkout-service,checkout-service,CRITICAL,CRITICAL,94,1,-0.6041,RESOLVED,2026-08-21T07:24:00Z,"Degradation on checkout-service (Tier 1): observed 23.4% error rate and P99 latency of 500ms impacting an estimated 4,640 active users. Primary symptom matches code_error pattern.",4640,CODE_ERROR
INC-8792,Garbage collection pause duration exceeding 1500ms on inventory-api,inventory-api,CRITICAL,CRITICAL,86,1,-0.6588,RESOLVED,2026-09-24T01:17:00Z,"Degradation on inventory-api (Tier 2): observed 29.8% error rate and P99 latency of 883ms impacting an estimated 3,202 active users. Primary symptom matches infrastructure pattern.",3202,INFRASTRUCTURE
INC-8793,Garbage collection pause duration exceeding 1500ms on auth-service,auth-service,LOW,LOW,8,0,0.4485,RESOLVED,2026-08-21T01:20:00Z,Degradation on auth-service (Tier 1): observed 2.2% error rate and P99 latency of 121ms impacting an estimated 91 active users. Primary symptom matches infrastructure pattern.,91,INFRASTRUCTURE
INC-8794,Network packet loss on Kubernetes overlay CNI bridge on inventory-api,inventory-api,LOW,LOW,33,0,0.473,RESOLVED,2026-08-24T04:50:00Z,Degradation on inventory-api (Tier 2): observed 0.6% error rate and P99 latency of 178ms impacting an estimated 173 active users. Primary symptom matches network pattern.,173,NETWORK
INC-8795,Sudden traffic surge exceeding rate limiter bucket capacity on checkout-service,checkout-service,CRITICAL,CRITICAL,82,1,-0.7151,RESOLVED,2026-08-17T14:31:00Z,"Degradation on checkout-service (Tier 1): observed 16.5% error rate and P99 latency of 1323ms impacting an estimated 5,771 active users. Primary symptom matches traffic pattern.",5771,TRAFFIC
INC-8796,Memory leak in unclosed HTTP response stream handler on payment-gateway,payment-gateway,HIGH,MEDIUM,55,0,0.1611,RESOLVED,2026-09-04T06:09:00Z,"Degradation on payment-gateway (Tier 1): observed 25.3% error rate and P99 latency of 150ms impacting an estimated 1,051 active users. Primary symptom matches code_error pattern.",1051,CODE_ERROR
INC-8797,Inter-region transit latency degradation exceeding SLA on checkout-service,checkout-service,LOW,LOW,37,0,-0.1839,RESOLVED,2026-08-31T02:01:00Z,Degradation on checkout-service (Tier 1): observed 0.3% error rate and P99 latency of 331ms impacting an estimated 29 active users. Primary symptom matches network pattern.,29,NETWORK
INC-8798,Database migration lock timeout during schema rollout on user-profile,user-profile,CRITICAL,CRITICAL,82,1,-0.7371,RESOLVED,2026-08-28T02:44:00Z,"Degradation on user-profile (Tier 2): observed 37.8% error rate and P99 latency of 1178ms impacting an estimated 11,946 active users. Primary symptom matches deployment pattern.",11946,DEPLOYMENT
INC-8799,TCP socket connection reset by peer on egress gateway on user-profile,user-profile,MEDIUM,MEDIUM,45,0,-0.6,MITIGATED,2026-08-31T09:08:00Z,Degradation on user-profile (Tier 2): observed 6.5% error rate and P99 latency of 391ms impacting an estimated 134 active users. Primary symptom matches network pattern.,134,NETWORK
INC-8800,TCP socket connection reset by peer on egress gateway on inventory-api,inventory-api,CRITICAL,CRITICAL,86,1,-0.5523,RESOLVED,2026-08-26T08:38:00Z,"Degradation on inventory-api (Tier 2): observed 24.7% error rate and P99 latency of 905ms impacting an estimated 11,894 active users. Primary symptom matches network pattern.",11894,NETWORK
INC-8801,TLS certificate handshake timeout on third-party webhook on auth-service,auth-service,LOW,LOW,32,1,-0.0022,RESOLVED,2026-08-25T21:47:00Z,Degradation on auth-service (Tier 1): observed 1.4% error rate and P99 latency of 181ms impacting an estimated 82 active users. Primary symptom matches network pattern.,82,NETWORK
INC-8802,Race condition in concurrent token refresh logic on inventory-api,inventory-api,LOW,LOW,14,0,0.2751,RESOLVED,2026-09-01T19:47:00Z,Degradation on inventory-api (Tier 2): observed 2.5% error rate and P99 latency of 263ms impacting an estimated 2 active users. Primary symptom matches code_error pattern.,2,CODE_ERROR
INC-8803,Unhandled arithmetic overflow in currency conversion on auth-service,auth-service,LOW,LOW,19,0,0.4333,RESOLVED,2026-09-10T05:15:00Z,Degradation on auth-service (Tier 1): observed 4.2% error rate and P99 latency of 125ms impacting an estimated 155 active users. Primary symptom matches code_error pattern.,155,CODE_ERROR
INC-8804,Stale cache invalidation logic deployed in Canary on payment-gateway,payment-gateway,MEDIUM,MEDIUM,49,1,0.0538,RESOLVED,2026-08-18T07:08:00Z,Degradation on payment-gateway (Tier 1): observed 10.7% error rate and P99 latency of 159ms impacting an estimated 710 active users. Primary symptom matches deployment pattern.,710,DEPLOYMENT
INC-8805,DNS resolution timeouts between VPC private subnets on auth-service,auth-service,LOW,LOW,17,0,0.3504,RESOLVED,2026-08-23T09:36:00Z,Degradation on auth-service (Tier 1): observed 4.3% error rate and P99 latency of 97ms impacting an estimated 46 active users. Primary symptom matches network pattern.,46,NETWORK
INC-8806,Slow query cascade triggering client connection timeout on auth-service,auth-service,LOW,LOW,15,0,0.4999,RESOLVED,2026-08-14T21:54:00Z,Degradation on auth-service (Tier 1): observed 2.0% error rate and P99 latency of 297ms impacting an estimated 32 active users. Primary symptom matches database pattern.,32,DATABASE
INC-8807,Database migration lock timeout during schema rollout on payment-gateway,payment-gateway,LOW,LOW,30,0,0.1688,RESOLVED,2026-09-13T03:18:00Z,Degradation on payment-gateway (Tier 1): observed 2.4% error rate and P99 latency of 278ms impacting an estimated 257 active users. Primary symptom matches deployment pattern.,257,DEPLOYMENT
INC-8808,Stale cache invalidation logic deployed in Canary on notification-worker,notification-worker,MEDIUM,LOW,36,0,0.2322,MITIGATED,2026-08-16T06:49:00Z,Degradation on notification-worker (Tier 3): observed 6.7% error rate and P99 latency of 276ms impacting an estimated 455 active users. Primary symptom matches deployment pattern.,455,DEPLOYMENT
INC-8809,Spike in unauthenticated request probe flood on checkout-service,checkout-service,HIGH,HIGH,69,1,-0.239,INVESTIGATING,2026-09-06T22:07:00Z,"Degradation on checkout-service (Tier 1): observed 25.5% error rate and P99 latency of 1408ms impacting an estimated 1,474 active users. Primary symptom matches traffic pattern.",1474,TRAFFIC
INC-8810,Inter-region transit latency degradation exceeding SLA on auth-service,auth-service,LOW,LOW,23,0,0.75,RESOLVED,2026-09-03T09:51:00Z,Degradation on auth-service (Tier 1): observed 3.0% error rate and P99 latency of 213ms impacting an estimated 113 active users. Primary symptom matches network pattern.,113,NETWORK
INC-8811,TCP socket connection reset by peer on egress gateway on notification-worker,notification-worker,LOW,LOW,12,0,0.2374,RESOLVED,2026-09-21T05:13:00Z,Degradation on notification-worker (Tier 3): observed 2.1% error rate and P99 latency of 327ms impacting an estimated 4 active users. Primary symptom matches network pattern.,4,NETWORK
INC-8812,Null pointer exception in payload serialization post-release on user-profile,user-profile,LOW,LOW,14,0,0.398,INVESTIGATING,2026-09-26T02:05:00Z,Degradation on user-profile (Tier 2): observed 1.9% error rate and P99 latency of 117ms impacting an estimated 18 active users. Primary symptom matches deployment pattern.,18,DEPLOYMENT
INC-8813,Connection pool saturation under sustained transaction load on notification-worker,notification-worker,MEDIUM,MEDIUM,49,1,-0.0695,RESOLVED,2026-08-18T09:50:00Z,Degradation on notification-worker (Tier 3): observed 6.0% error rate and P99 latency of 762ms impacting an estimated 204 active users. Primary symptom matches database pattern.,204,DATABASE
INC-8814,Race condition in concurrent token refresh logic on checkout-service,checkout-service,LOW,LOW,17,0,0.421,RESOLVED,2026-08-19T19:23:00Z,Degradation on checkout-service (Tier 1): observed 2.0% error rate and P99 latency of 247ms impacting an estimated 100 active users. Primary symptom matches code_error pattern.,100,CODE_ERROR
INC-8815,Unindexed query scan causing read replica CPU spike on notification-worker,notification-worker,MEDIUM,MEDIUM,55,1,-0.0311,RESOLVED,2026-09-03T07:12:00Z,"Degradation on notification-worker (Tier 3): observed 9.6% error rate and P99 latency of 437ms impacting an estimated 1,121 active users. Primary symptom matches database pattern.",1121,DATABASE
INC-8816,Connection pool saturation under sustained transaction load on auth-service,auth-service,HIGH,HIGH,77,1,-0.4488,RESOLVED,2026-08-20T18:30:00Z,Degradation on auth-service (Tier 1): observed 17.4% error rate and P99 latency of 778ms impacting an estimated 100 active users. Primary symptom matches database pattern.,100,DATABASE
INC-8817,Stale cache invalidation logic deployed in Canary on checkout-service,checkout-service,MEDIUM,MEDIUM,51,0,0.2124,RESOLVED,2026-09-15T00:57:00Z,Degradation on checkout-service (Tier 1): observed 11.6% error rate and P99 latency of 224ms impacting an estimated 288 active users. Primary symptom matches deployment pattern.,288,DEPLOYMENT
INC-8818,Batch data import job executed during peak consumer hours on search-indexer,search-indexer,LOW,LOW,7,0,0.1893,MITIGATED,2026-08-21T16:16:00Z,Degradation on search-indexer (Tier 2): observed 0.3% error rate and P99 latency of 457ms impacting an estimated 43 active users. Primary symptom matches traffic pattern.,43,TRAFFIC
INC-8819,Inter-region transit latency degradation exceeding SLA on checkout-service,checkout-service,LOW,MEDIUM,45,0,0.1245,RESOLVED,2026-09-17T03:03:00Z,Degradation on checkout-service (Tier 1): observed 1.1% error rate and P99 latency of 319ms impacting an estimated 53 active users. Primary symptom matches network pattern.,53,NETWORK
INC-8820,Dependency version mismatch in gRPC protobuf schema on checkout-service,checkout-service,LOW,LOW,8,1,0.2903,RESOLVED,2026-08-12T17:07:00Z,Degradation on checkout-service (Tier 1): observed 6.0% error rate and P99 latency of 246ms impacting an estimated 4 active users. Primary symptom matches deployment pattern.,4,DEPLOYMENT
INC-8821,Recursive call in JSON parsing leading to stack exhaustion on inventory-api,inventory-api,MEDIUM,MEDIUM,49,1,0.368,RESOLVED,2026-08-12T19:37:00Z,Degradation on inventory-api (Tier 2): observed 10.6% error rate and P99 latency of 329ms impacting an estimated 168 active users. Primary symptom matches code_error pattern.,168,CODE_ERROR
INC-8822,Dependency version mismatch in gRPC protobuf schema on payment-gateway,payment-gateway,LOW,LOW,8,1,0.2286,MITIGATED,2026-08-21T19:34:00Z,Degradation on payment-gateway (Tier 1): observed 0.1% error rate and P99 latency of 110ms impacting an estimated 7 active users. Primary symptom matches deployment pattern.,7,DEPLOYMENT
INC-8823,Unindexed query scan causing read replica CPU spike on inventory-api,inventory-api,LOW,LOW,29,0,0.5458,RESOLVED,2026-08-15T06:18:00Z,Degradation on inventory-api (Tier 2): observed 0.1% error rate and P99 latency of 357ms impacting an estimated 1 active users. Primary symptom matches database pattern.,1,DATABASE
INC-8824,Recursive call in JSON parsing leading to stack exhaustion on checkout-service,checkout-service,HIGH,HIGH,69,1,-0.4643,RESOLVED,2026-09-25T16:43:00Z,Degradation on checkout-service (Tier 1): observed 18.2% error rate and P99 latency of 508ms impacting an estimated 100 active users. Primary symptom matches code_error pattern.,100,CODE_ERROR
INC-8825,Pod memory limit hit triggering repeated OOMKilled events on checkout-service,checkout-service,CRITICAL,CRITICAL,83,1,-0.6244,RESOLVED,2026-08-18T07:26:00Z,"Degradation on checkout-service (Tier 1): observed 24.8% error rate and P99 latency of 1430ms impacting an estimated 21,289 active users. Primary symptom matches infrastructure pattern.",21289,INFRASTRUCTURE
INC-8826,Unhandled arithmetic overflow in currency conversion on search-indexer,search-indexer,HIGH,MEDIUM,52,1,0.2,MITIGATED,2026-09-14T02:58:00Z,"Degradation on search-indexer (Tier 2): observed 18.0% error rate and P99 latency of 1275ms impacting an estimated 6,554 active users. Primary symptom matches code_error pattern.",6554,CODE_ERROR
INC-8827,Recursive call in JSON parsing leading to stack exhaustion on search-indexer,search-indexer,LOW,LOW,33,0,0.5514,RESOLVED,2026-09-10T09:54:00Z,Degradation on search-indexer (Tier 2): observed 4.0% error rate and P99 latency of 419ms impacting an estimated 9 active users. Primary symptom matches code_error pattern.,9,CODE_ERROR
INC-8828,Network packet loss on Kubernetes overlay CNI bridge on notification-worker,notification-worker,CRITICAL,CRITICAL,97,1,-0.2721,INVESTIGATING,2026-08-25T17:49:00Z,Degradation on notification-worker (Tier 3): observed 39.8% error rate and P99 latency of 343ms impacting an estimated 800 active users. Primary symptom matches network pattern.,800,NETWORK
INC-8829,Ephemeral disk volume full due to unrotated application logs on search-indexer,search-indexer,LOW,LOW,16,0,0.2349,MITIGATED,2026-09-04T17:05:00Z,Degradation on search-indexer (Tier 2): observed 1.7% error rate and P99 latency of 522ms impacting an estimated 84 active users. Primary symptom matches infrastructure pattern.,84,INFRASTRUCTURE
INC-8830,Network packet loss on Kubernetes overlay CNI bridge on checkout-service,checkout-service,LOW,LOW,22,1,0.4302,RESOLVED,2026-09-22T21:11:00Z,Degradation on checkout-service (Tier 1): observed 3.3% error rate and P99 latency of 256ms impacting an estimated 16 active users. Primary symptom matches network pattern.,16,NETWORK
INC-8831,Slow query cascade triggering client connection timeout on order-processing,order-processing,MEDIUM,MEDIUM,47,1,0.5,INVESTIGATING,2026-08-29T05:31:00Z,Degradation on order-processing (Tier 1): observed 3.3% error rate and P99 latency of 527ms impacting an estimated 137 active users. Primary symptom matches database pattern.,137,DATABASE
INC-8832,Slow query cascade triggering client connection timeout on auth-service,auth-service,LOW,LOW,34,1,0.3439,MITIGATED,2026-08-24T13:49:00Z,Degradation on auth-service (Tier 1): observed 2.2% error rate and P99 latency of 259ms impacting an estimated 4 active users. Primary symptom matches database pattern.,4,DATABASE
INC-8833,Connection pool saturation under sustained transaction load on payment-gateway,payment-gateway,MEDIUM,MEDIUM,47,1,-0.1011,RESOLVED,2026-09-15T11:31:00Z,Degradation on payment-gateway (Tier 1): observed 11.7% error rate and P99 latency of 161ms impacting an estimated 376 active users. Primary symptom matches database pattern.,376,DATABASE
INC-8834,Garbage collection pause duration exceeding 1500ms on search-indexer,search-indexer,LOW,LOW,19,0,0.4578,RESOLVED,2026-09-01T10:40:00Z,Degradation on search-indexer (Tier 2): observed 1.5% error rate and P99 latency of 581ms impacting an estimated 117 active users. Primary symptom matches infrastructure pattern.,117,INFRASTRUCTURE
INC-8835,Config flag default inversion causing request rejections on notification-worker,notification-worker,LOW,MEDIUM,43,1,0.5945,RESOLVED,2026-08-19T04:08:00Z,Degradation on notification-worker (Tier 3): observed 1.6% error rate and P99 latency of 303ms impacting an estimated 139 active users. Primary symptom matches deployment pattern.,139,DEPLOYMENT
INC-8836,Flash sale burst traffic causing ingress queue build-up on checkout-service,checkout-service,MEDIUM,LOW,30,0,0.0749,RESOLVED,2026-09-25T17:52:00Z,Degradation on checkout-service (Tier 1): observed 0.5% error rate and P99 latency of 80ms impacting an estimated 329 active users. Primary symptom matches traffic pattern.,329,TRAFFIC
INC-8837,Dependency version mismatch in gRPC protobuf schema on auth-service,auth-service,LOW,LOW,21,0,0.75,RESOLVED,2026-09-22T22:26:00Z,Degradation on auth-service (Tier 1): observed 1.2% error rate and P99 latency of 232ms impacting an estimated 29 active users. Primary symptom matches deployment pattern.,29,DEPLOYMENT
INC-8838,Connection pool saturation under sustained transaction load on inventory-api,inventory-api,CRITICAL,HIGH,81,0,-0.6349,INVESTIGATING,2026-09-14T05:16:00Z,"Degradation on inventory-api (Tier 2): observed 29.2% error rate and P99 latency of 445ms impacting an estimated 2,137 active users. Primary symptom matches database pattern.",2137,DATABASE
INC-8839,Database migration lock timeout during schema rollout on user-profile,user-profile,LOW,LOW,23,0,0.1021,RESOLVED,2026-08-22T23:17:00Z,Degradation on user-profile (Tier 2): observed 0.2% error rate and P99 latency of 163ms impacting an estimated 1 active users. Primary symptom matches deployment pattern.,1,DEPLOYMENT
INC-8840,TLS certificate handshake timeout on third-party webhook on search-indexer,search-indexer,LOW,LOW,22,0,0.2594,RESOLVED,2026-08-28T13:57:00Z,Degradation on search-indexer (Tier 2): observed 2.0% error rate and P99 latency of 442ms impacting an estimated 68 active users. Primary symptom matches network pattern.,68,NETWORK
INC-8841,Flash sale burst traffic causing ingress queue build-up on checkout-service,checkout-service,LOW,LOW,25,0,0.6836,RESOLVED,2026-09-19T14:07:00Z,Degradation on checkout-service (Tier 1): observed 3.2% error rate and P99 latency of 245ms impacting an estimated 118 active users. Primary symptom matches traffic pattern.,118,TRAFFIC
INC-8842,Race condition in concurrent token refresh logic on auth-service,auth-service,LOW,LOW,26,0,0.2198,RESOLVED,2026-08-12T21:56:00Z,Degradation on auth-service (Tier 1): observed 0.8% error rate and P99 latency of 135ms impacting an estimated 38 active users. Primary symptom matches code_error pattern.,38,CODE_ERROR
INC-8843,Network packet loss on Kubernetes overlay CNI bridge on user-profile,user-profile,MEDIUM,MEDIUM,60,1,0.3988,RESOLVED,2026-09-13T19:03:00Z,Degradation on user-profile (Tier 2): observed 3.1% error rate and P99 latency of 237ms impacting an estimated 929 active users. Primary symptom matches network pattern.,929,NETWORK
INC-8844,Slow query cascade triggering client connection timeout on inventory-api,inventory-api,LOW,LOW,21,0,0.5547,RESOLVED,2026-08-17T09:45:00Z,Degradation on inventory-api (Tier 2): observed 2.5% error rate and P99 latency of 99ms impacting an estimated 29 active users. Primary symptom matches database pattern.,29,DATABASE
INC-8845,Ephemeral disk volume full due to unrotated application logs on search-indexer,search-indexer,MEDIUM,LOW,38,1,0.0021,RESOLVED,2026-08-15T05:41:00Z,"Degradation on search-indexer (Tier 2): observed 10.0% error rate and P99 latency of 547ms impacting an estimated 1,168 active users. Primary symptom matches infrastructure pattern.",1168,INFRASTRUCTURE
INC-8846,Corrupted response payload format failing client validation on auth-service,auth-service,LOW,LOW,18,0,0.5713,RESOLVED,2026-09-08T10:51:00Z,Degradation on auth-service (Tier 1): observed 0.3% error rate and P99 latency of 149ms impacting an estimated 39 active users. Primary symptom matches code_error pattern.,39,CODE_ERROR
INC-8847,Null pointer exception in payload serialization post-release on user-profile,user-profile,MEDIUM,MEDIUM,51,1,0.5,INVESTIGATING,2026-09-26T02:29:00Z,"Degradation on user-profile (Tier 2): observed 9.3% error rate and P99 latency of 223ms impacting an estimated 1,686 active users. Primary symptom matches deployment pattern.",1686,DEPLOYMENT
INC-8848,Inter-region transit latency degradation exceeding SLA on user-profile,user-profile,MEDIUM,MEDIUM,41,0,-0.1702,INVESTIGATING,2026-09-22T12:10:00Z,"Degradation on user-profile (Tier 2): observed 1.6% error rate and P99 latency of 92ms impacting an estimated 1,401 active users. Primary symptom matches network pattern.",1401,NETWORK
INC-8849,High CPU throttling on Kubernetes node worker pool on auth-service,auth-service,HIGH,HIGH,76,1,-0.4861,RESOLVED,2026-08-28T04:55:00Z,Degradation on auth-service (Tier 1): observed 6.6% error rate and P99 latency of 683ms impacting an estimated 261 active users. Primary symptom matches infrastructure pattern.,261,INFRASTRUCTURE
