id,incident_id,timestamp,log_level,message,stack_trace
LOG-INC-8000-1,INC-8000,2026-09-24T03:38:19Z,ERROR,[inventory-api] Execution exception during request dispatch: Race condition in concurrent token refresh logic,"Traceback (most recent call last):
  File ""app/handlers/dispatch.py"", line 142, in process
  ServiceError: Race condition in concurrent token refresh logic"
LOG-INC-8000-2,INC-8000,2026-09-24T03:38:56Z,WARN,[inventory-api] Execution exception during request dispatch: Race condition in concurrent token refresh logic,"Traceback (most recent call last):
  File ""app/handlers/dispatch.py"", line 142, in process
  ServiceError: Race condition in concurrent token refresh logic"
LOG-INC-8000-3,INC-8000,2026-09-24T03:38:14Z,INFO,[inventory-api] Execution exception during request dispatch: Race condition in concurrent token refresh logic,"Traceback (most recent call last):
  File ""app/handlers/dispatch.py"", line 142, in process
  ServiceError: Race condition in concurrent token refresh logic"
LOG-INC-8001-1,INC-8001,2026-09-07T13:11:33Z,INFO,[checkout-service] Execution exception during request dispatch: Distributed crawler burst triggering endpoint 429 retries,"Traceback (most recent call last):
  File ""app/handlers/dispatch.py"", line 142, in process
  ServiceError: Distributed crawler burst triggering endpoint 429 retries"
LOG-INC-8001-2,INC-8001,2026-09-07T13:11:53Z,WARN,[checkout-service] Execution exception during request dispatch: Distributed crawler burst triggering endpoint 429 retries,"Traceback (most recent call last):
  File ""app/handlers/dispatch.py"", line 142, in process
  ServiceError: Distributed crawler burst triggering endpoint 429 retries"
LOG-INC-8001-3,INC-8001,2026-09-07T13:12:01Z,WARN,[checkout-service] Execution exception during request dispatch: Distributed crawler burst triggering endpoint 429 retries,"Traceback (most recent call last):
  File ""app/handlers/dispatch.py"", line 142, in process
  ServiceError: Distributed crawler burst triggering endpoint 429 retries"
LOG-INC-8001-4,INC-8001,2026-09-07T13:12:55Z,INFO,[checkout-service] Execution exception during request dispatch: Distributed crawler burst triggering endpoint 429 retries,"Traceback (most recent call last):
  File ""app/handlers/dispatch.py"", line 142, in process
  ServiceError: Distributed crawler burst triggering endpoint 429 retries"
LOG-INC-8002-1,INC-8002,2026-09-17T00:49:29Z,ERROR,[payment-gateway] Execution exception during request dispatch: DNS resolution timeouts between VPC private subnets,"Traceback (most recent call last):
  File ""app/handlers/dispatch.py"", line 142, in process
  ServiceError: DNS resolution timeouts between VPC private subnets"
LOG-INC-8002-2,INC-8002,2026-09-17T00:48:25Z,ERROR,[payment-gateway] Execution exception during request dispatch: DNS resolution timeouts between VPC private subnets,"Traceback (most recent call last):
  File ""app/handlers/dispatch.py"", line 142, in process
  ServiceError: DNS resolution timeouts between VPC private subnets"
LOG-INC-8002-3,INC-8002,2026-09-17T00:48:27Z,INFO,[payment-gateway] Execution exception during request dispatch: DNS resolution timeouts between VPC private subnets,"Traceback (most recent call last):
  File ""app/handlers/dispatch.py"", line 142, in process
  ServiceError: DNS resolution timeouts between VPC private subnets"
LOG-INC-8003-1,INC-8003,2026-08-26T04:58:45Z,INFO,[notification-worker] Execution exception during request dispatch: Deadlock cycle in distributed checkout table lock,"Traceback (most recent call last):
  File ""app/handlers/dispatch.py"", line 142, in process
  ServiceError: Deadlock cycle in distributed checkout table lock"
LOG-INC-8003-2,INC-8003,2026-08-26T04:58:20Z,INFO,[notification-worker] Execution exception during request dispatch: Deadlock cycle in distributed checkout table lock,"Traceback (most recent call last):
  File ""app/handlers/dispatch.py"", line 142, in process
  ServiceError: Deadlock cycle in distributed checkout table lock"
LOG-INC-8003-3,INC-8003,2026-08-26T04:58:47Z,ERROR,[notification-worker] Execution exception during request dispatch: Deadlock cycle in distributed checkout table lock,"Traceback (most recent call last):
  File ""app/handlers/dispatch.py"", line 142, in process
  ServiceError: Deadlock cycle in distributed checkout table lock"
LOG-INC-8004-1,INC-8004,2026-08-23T09:43:01Z,ERROR,[order-processing] Execution exception during request dispatch: High CPU throttling on Kubernetes node worker pool,"Traceback (most recent call last):
  File ""app/handlers/dispatch.py"", line 142, in process
  ServiceError: High CPU throttling on Kubernetes node worker pool"
LOG-INC-8004-2,INC-8004,2026-08-23T09:43:04Z,INFO,[order-processing] Execution exception during request dispatch: High CPU throttling on Kubernetes node worker pool,"Traceback (most recent call last):
  File ""app/handlers/dispatch.py"", line 142, in process
  ServiceError: High CPU throttling on Kubernetes node worker pool"
LOG-INC-8004-3,INC-8004,2026-08-23T09:42:43Z,INFO,[order-processing] Execution exception during request dispatch: High CPU throttling on Kubernetes node worker pool,"Traceback (most recent call last):
  File ""app/handlers/dispatch.py"", line 142, in process
  ServiceError: High CPU throttling on Kubernetes node worker pool"
LOG-INC-8005-1,INC-8005,2026-09-25T07:31:52Z,INFO,[notification-worker] Execution exception during request dispatch: Sudden traffic surge exceeding rate limiter bucket capacity,"Traceback (most recent call last):
  File ""app/handlers/dispatch.py"", line 142, in process
  ServiceError: Sudden traffic surge exceeding rate limiter bucket capacity"
LOG-INC-8005-2,INC-8005,2026-09-25T07:31:20Z,ERROR,[notification-worker] Execution exception during request dispatch: Sudden traffic surge exceeding rate limiter bucket capacity,"Traceback (most recent call last):
  File ""app/handlers/dispatch.py"", line 142, in process
  ServiceError: Sudden traffic surge exceeding rate limiter bucket capacity"
LOG-INC-8005-3,INC-8005,2026-09-25T07:31:42Z,INFO,[notification-worker] Execution exception during request dispatch: Sudden traffic surge exceeding rate limiter bucket capacity,"Traceback (most recent call last):
  File ""app/handlers/dispatch.py"", line 142, in process
  ServiceError: Sudden traffic surge exceeding rate limiter bucket capacity"
LOG-INC-8005-4,INC-8005,2026-09-25T07:31:50Z,WARN,[notification-worker] Execution exception during request dispatch: Sudden traffic surge exceeding rate limiter bucket capacity,"Traceback (most recent call last):
  File ""app/handlers/dispatch.py"", line 142, in process
  ServiceError: Sudden traffic surge exceeding rate limiter bucket capacity"
LOG-INC-8006-1,INC-8006,2026-09-07T21:44:18Z,ERROR,[search-indexer] Execution exception during request dispatch: Unhandled arithmetic overflow in currency conversion,"Traceback (most recent call last):
  File ""app/handlers/dispatch.py"", line 142, in process
  ServiceError: Unhandled arithmetic overflow in currency conversion"
LOG-INC-8006-2,INC-8006,2026-09-07T21:44:47Z,WARN,[search-indexer] Execution exception during request dispatch: Unhandled arithmetic overflow in currency conversion,"Traceback (most recent call last):
  File ""app/handlers/dispatch.py"", line 142, in process
  ServiceError: Unhandled arithmetic overflow in currency conversion"
LOG-INC-8006-3,INC-8006,2026-09-07T21:45:33Z,WARN,[search-indexer] Execution exception during request dispatch: Unhandled arithmetic overflow in currency conversion,"Traceback (most recent call last):
  File ""app/handlers/dispatch.py"", line 142, in process
  ServiceError: Unhandled arithmetic overflow in currency conversion"
LOG-INC-8006-4,INC-8006,2026-09-07T21:44:41Z,INFO,[search-indexer] Execution exception during request dispatch: Unhandled arithmetic overflow in currency conversion,"Traceback (most recent call last):
  File ""app/handlers/dispatch.py"", line 142, in process
  ServiceError: Unhandled arithmetic overflow in currency conversion"
LOG-INC-8007-1,INC-8007,2026-09-10T00:37:25Z,WARN,[search-indexer] Execution exception during request dispatch: Database migration lock timeout during schema rollout,"Traceback (most recent call last):
  File ""app/handlers/dispatch.py"", line 142, in process
  ServiceError: Database migration lock timeout during schema rollout"
LOG-INC-8007-2,INC-8007,2026-09-10T00:37:42Z,ERROR,[search-indexer] Execution exception during request dispatch: Database migration lock timeout during schema rollout,"Traceback (most recent call last):
  File ""app/handlers/dispatch.py"", line 142, in process
  ServiceError: Database migration lock timeout during schema rollout"
LOG-INC-8007-3,INC-8007,2026-09-10T00:36:31Z,WARN,[search-indexer] Execution exception during request dispatch: Database migration lock timeout during schema rollout,"Traceback (most recent call last):
  File ""app/handlers/dispatch.py"", line 142, in process
  ServiceError: Database migration lock timeout during schema rollout"
LOG-INC-8008-1,INC-8008,2026-08-19T04:43:20Z,INFO,[order-processing] Execution exception during request dispatch: File descriptor limit reached on upstream reverse proxy,"Traceback (most recent call last):
  File ""app/handlers/dispatch.py"", line 142, in process
  ServiceError: File descriptor limit reached on upstream reverse proxy"
LOG-INC-8008-2,INC-8008,2026-08-19T04:44:51Z,ERROR,[order-processing] Execution exception during request dispatch: File descriptor limit reached on upstream reverse proxy,"Traceback (most recent call last):
  File ""app/handlers/dispatch.py"", line 142, in process
  ServiceError: File descriptor limit reached on upstream reverse proxy"
LOG-INC-8008-3,INC-8008,2026-08-19T04:44:08Z,INFO,[order-processing] Execution exception during request dispatch: File descriptor limit reached on upstream reverse proxy,"Traceback (most recent call last):
  File ""app/handlers/dispatch.py"", line 142, in process
  ServiceError: File descriptor limit reached on upstream reverse proxy"
LOG-INC-8009-1,INC-8009,2026-09-03T08:38:55Z,ERROR,[notification-worker] Execution exception during request dispatch: Recursive call in JSON parsing leading to stack exhaustion,"Traceback (most recent call last):
  File ""app/handlers/dispatch.py"", line 142, in process
  ServiceError: Recursive call in JSON parsing leading to stack exhaustion"
LOG-INC-8009-2,INC-8009,2026-09-03T08:37:40Z,WARN,[notification-worker] Execution exception during request dispatch: Recursive call in JSON parsing leading to stack exhaustion,"Traceback (most recent call last):
  File ""app/handlers/dispatch.py"", line 142, in process
  ServiceError: Recursive call in JSON parsing leading to stack exhaustion"
LOG-INC-8010-1,INC-8010,2026-09-11T08:39:53Z,WARN,[notification-worker] Execution exception during request dispatch: Memory leak in unclosed HTTP response stream handler,"Traceback (most recent call last):
  File ""app/handlers/dispatch.py"", line 142, in process
  ServiceError: Memory leak in unclosed HTTP response stream handler"
LOG-INC-8010-2,INC-8010,2026-09-11T08:39:46Z,ERROR,[notification-worker] Execution exception during request dispatch: Memory leak in unclosed HTTP response stream handler,"Traceback (most recent call last):
  File ""app/handlers/dispatch.py"", line 142, in process
  ServiceError: Memory leak in unclosed HTTP response stream handler"
LOG-INC-8010-3,INC-8010,2026-09-11T08:40:34Z,ERROR,[notification-worker] Execution exception during request dispatch: Memory leak in unclosed HTTP response stream handler,"Traceback (most recent call last):
  File ""app/handlers/dispatch.py"", line 142, in process
  ServiceError: Memory leak in unclosed HTTP response stream handler"
LOG-INC-8010-4,INC-8010,2026-09-11T08:40:18Z,WARN,[notification-worker] Execution exception during request dispatch: Memory leak in unclosed HTTP response stream handler,"Traceback (most recent call last):
  File ""app/handlers/dispatch.py"", line 142, in process
  ServiceError: Memory leak in unclosed HTTP response stream handler"
LOG-INC-8011-1,INC-8011,2026-09-24T19:19:47Z,ERROR,[search-indexer] Execution exception during request dispatch: TCP socket connection reset by peer on egress gateway,"Traceback (most recent call last):
  File ""app/handlers/dispatch.py"", line 142, in process
  ServiceError: TCP socket connection reset by peer on egress gateway"
LOG-INC-8011-2,INC-8011,2026-09-24T19:20:56Z,WARN,[search-indexer] Execution exception during request dispatch: TCP socket connection reset by peer on egress gateway,"Traceback (most recent call last):
  File ""app/handlers/dispatch.py"", line 142, in process
  ServiceError: TCP socket connection reset by peer on egress gateway"
LOG-INC-8011-3,INC-8011,2026-09-24T19:19:17Z,INFO,[search-indexer] Execution exception during request dispatch: TCP socket connection reset by peer on egress gateway,"Traceback (most recent call last):
  File ""app/handlers/dispatch.py"", line 142, in process
  ServiceError: TCP socket connection reset by peer on egress gateway"
LOG-INC-8011-4,INC-8011,2026-09-24T19:20:03Z,ERROR,[search-indexer] Execution exception during request dispatch: TCP socket connection reset by peer on egress gateway,"Traceback (most recent call last):
  File ""app/handlers/dispatch.py"", line 142, in process
  ServiceError: TCP socket connection reset by peer on egress gateway"
LOG-INC-8012-1,INC-8012,2026-08-22T22:17:09Z,INFO,[search-indexer] Execution exception during request dispatch: File descriptor limit reached on upstream reverse proxy,"Traceback (most recent call last):
  File ""app/handlers/dispatch.py"", line 142, in process
  ServiceError: File descriptor limit reached on upstream reverse proxy"
LOG-INC-8012-2,INC-8012,2026-08-22T22:17:13Z,ERROR,[search-indexer] Execution exception during request dispatch: File descriptor limit reached on upstream reverse proxy,"Traceback (most recent call last):
  File ""app/handlers/dispatch.py"", line 142, in process
  ServiceError: File descriptor limit reached on upstream reverse proxy"
LOG-INC-8012-3,INC-8012,2026-08-22T22:18:25Z,INFO,[search-indexer] Execution exception during request dispatch: File descriptor limit reached on upstream reverse proxy,"Traceback (most recent call last):
  File ""app/handlers/dispatch.py"", line 142, in process
  ServiceError: File descriptor limit reached on upstream reverse proxy"
LOG-INC-8012-4,INC-8012,2026-08-22T22:17:41Z,ERROR,[search-indexer] Execution exception during request dispatch: File descriptor limit reached on upstream reverse proxy,"Traceback (most recent call last):
  File ""app/handlers/dispatch.py"", line 142, in process
  ServiceError: File descriptor limit reached on upstream reverse proxy"
LOG-INC-8013-1,INC-8013,2026-09-02T07:36:46Z,ERROR,[payment-gateway] Execution exception during request dispatch: Dependency version mismatch in gRPC protobuf schema,"Traceback (most recent call last):
  File ""app/handlers/dispatch.py"", line 142, in process
  ServiceError: Dependency version mismatch in gRPC protobuf schema"
LOG-INC-8013-2,INC-8013,2026-09-02T07:35:26Z,ERROR,[payment-gateway] Execution exception during request dispatch: Dependency version mismatch in gRPC protobuf schema,"Traceback (most recent call last):
  File ""app/handlers/dispatch.py"", line 142, in process
  ServiceError: Dependency version mismatch in gRPC protobuf schema"
LOG-INC-8013-3,INC-8013,2026-09-02T07:35:15Z,INFO,[payment-gateway] Execution exception during request dispatch: Dependency version mismatch in gRPC protobuf schema,"Traceback (most recent call last):
  File ""app/handlers/dispatch.py"", line 142, in process
  ServiceError: Dependency version mismatch in gRPC protobuf schema"
LOG-INC-8013-4,INC-8013,2026-09-02T07:36:56Z,WARN,[payment-gateway] Execution exception during request dispatch: Dependency version mismatch in gRPC protobuf schema,"Traceback (most recent call last):
  File ""app/handlers/dispatch.py"", line 142, in process
  ServiceError: Dependency version mismatch in gRPC protobuf schema"
LOG-INC-8014-1,INC-8014,2026-08-27T03:25:00Z,WARN,[checkout-service] Execution exception during request dispatch: Inter-region transit latency degradation exceeding SLA,"Traceback (most recent call last):
  File ""app/handlers/dispatch.py"", line 142, in process
  ServiceError: Inter-region transit latency degradation exceeding SLA"
LOG-INC-8014-2,INC-8014,2026-08-27T03:24:31Z,INFO,[checkout-service] Execution exception during request dispatch: Inter-region transit latency degradation exceeding SLA,"Traceback (most recent call last):
  File ""app/handlers/dispatch.py"", line 142, in process
  ServiceError: Inter-region transit latency degradation exceeding SLA"
LOG-INC-8014-3,INC-8014,2026-08-27T03:23:25Z,ERROR,[checkout-service] Execution exception during request dispatch: Inter-region transit latency degradation exceeding SLA,"Traceback (most recent call last):
  File ""app/handlers/dispatch.py"", line 142, in process
  ServiceError: Inter-region transit latency degradation exceeding SLA"
LOG-INC-8015-1,INC-8015,2026-09-10T03:41:42Z,ERROR,[notification-worker] Execution exception during request dispatch: Redis cluster shard memory limit eviction cascade,"Traceback (most recent call last):
  File ""app/handlers/dispatch.py"", line 142, in process
  ServiceError: Redis cluster shard memory limit eviction cascade"
LOG-INC-8015-2,INC-8015,2026-09-10T03:42:51Z,INFO,[notification-worker] Execution exception during request dispatch: Redis cluster shard memory limit eviction cascade,"Traceback (most recent call last):
  File ""app/handlers/dispatch.py"", line 142, in process
  ServiceError: Redis cluster shard memory limit eviction cascade"
LOG-INC-8015-3,INC-8015,2026-09-10T03:41:55Z,WARN,[notification-worker] Execution exception during request dispatch: Redis cluster shard memory limit eviction cascade,"Traceback (most recent call last):
  File ""app/handlers/dispatch.py"", line 142, in process
  ServiceError: Redis cluster shard memory limit eviction cascade"
LOG-INC-8015-4,INC-8015,2026-09-10T03:41:06Z,INFO,[notification-worker] Execution exception during request dispatch: Redis cluster shard memory limit eviction cascade,"Traceback (most recent call last):
  File ""app/handlers/dispatch.py"", line 142, in process
  ServiceError: Redis cluster shard memory limit eviction cascade"
LOG-INC-8016-1,INC-8016,2026-08-22T13:30:25Z,ERROR,[user-profile] Execution exception during request dispatch: Slow query cascade triggering client connection timeout,"Traceback (most recent call last):
  File ""app/handlers/dispatch.py"", line 142, in process
  ServiceError: Slow query cascade triggering client connection timeout"
LOG-INC-8016-2,INC-8016,2026-08-22T13:31:00Z,INFO,[user-profile] Execution exception during request dispatch: Slow query cascade triggering client connection timeout,"Traceback (most recent call last):
  File ""app/handlers/dispatch.py"", line 142, in process
  ServiceError: Slow query cascade triggering client connection timeout"
LOG-INC-8017-1,INC-8017,2026-08-21T16:42:12Z,INFO,[inventory-api] Execution exception during request dispatch: Recursive call in JSON parsing leading to stack exhaustion,"Traceback (most recent call last):
  File ""app/handlers/dispatch.py"", line 142, in process
  ServiceError: Recursive call in JSON parsing leading to stack exhaustion"
LOG-INC-8017-2,INC-8017,2026-08-21T16:41:39Z,ERROR,[inventory-api] Execution exception during request dispatch: Recursive call in JSON parsing leading to stack exhaustion,"Traceback (most recent call last):
  File ""app/handlers/dispatch.py"", line 142, in process
  ServiceError: Recursive call in JSON parsing leading to stack exhaustion"
LOG-INC-8017-3,INC-8017,2026-08-21T16:41:37Z,WARN,[inventory-api] Execution exception during request dispatch: Recursive call in JSON parsing leading to stack exhaustion,"Traceback (most recent call last):
  File ""app/handlers/dispatch.py"", line 142, in process
  ServiceError: Recursive call in JSON parsing leading to stack exhaustion"
LOG-INC-8018-1,INC-8018,2026-08-13T12:06:37Z,INFO,[user-profile] Execution exception during request dispatch: Unhandled arithmetic overflow in currency conversion,"Traceback (most recent call last):
  File ""app/handlers/dispatch.py"", line 142, in process
  ServiceError: Unhandled arithmetic overflow in currency conversion"
LOG-INC-8018-2,INC-8018,2026-08-13T12:05:55Z,INFO,[user-profile] Execution exception during request dispatch: Unhandled arithmetic overflow in currency conversion,"Traceback (most recent call last):
  File ""app/handlers/dispatch.py"", line 142, in process
  ServiceError: Unhandled arithmetic overflow in currency conversion"
LOG-INC-8018-3,INC-8018,2026-08-13T12:05:51Z,ERROR,[user-profile] Execution exception during request dispatch: Unhandled arithmetic overflow in currency conversion,"Traceback (most recent call last):
  File ""app/handlers/dispatch.py"", line 142, in process
  ServiceError: Unhandled arithmetic overflow in currency conversion"
LOG-INC-8018-4,INC-8018,2026-08-13T12:06:46Z,WARN,[user-profile] Execution exception during request dispatch: Unhandled arithmetic overflow in currency conversion,"Traceback (most recent call last):
  File ""app/handlers/dispatch.py"", line 142, in process
  ServiceError: Unhandled arithmetic overflow in currency conversion"
LOG-INC-8019-1,INC-8019,2026-09-15T20:23:58Z,INFO,[inventory-api] Execution exception during request dispatch: Inter-region transit latency degradation exceeding SLA,"Traceback (most recent call last):
  File ""app/handlers/dispatch.py"", line 142, in process
  ServiceError: Inter-region transit latency degradation exceeding SLA"
LOG-INC-8019-2,INC-8019,2026-09-15T20:22:46Z,INFO,[inventory-api] Execution exception during request dispatch: Inter-region transit latency degradation exceeding SLA,"Traceback (most recent call last):
  File ""app/handlers/dispatch.py"", line 142, in process
  ServiceError: Inter-region transit latency degradation exceeding SLA"
LOG-INC-8019-3,INC-8019,2026-09-15T20:22:33Z,INFO,[inventory-api] Execution exception during request dispatch: Inter-region transit latency degradation exceeding SLA,"Traceback (most recent call last):
  File ""app/handlers/dispatch.py"", line 142, in process
  ServiceError: Inter-region transit latency degradation exceeding SLA"
LOG-INC-8019-4,INC-8019,2026-09-15T20:22:13Z,INFO,[inventory-api] Execution exception during request dispatch: Inter-region transit latency degradation exceeding SLA,"Traceback (most recent call last):
  File ""app/handlers/dispatch.py"", line 142, in process
  ServiceError: Inter-region transit latency degradation exceeding SLA"
LOG-INC-8020-1,INC-8020,2026-09-05T20:17:34Z,ERROR,[inventory-api] Execution exception during request dispatch: Null pointer exception in payload serialization post-release,"Traceback (most recent call last):
  File ""app/handlers/dispatch.py"", line 142, in process
  ServiceError: Null pointer exception in payload serialization post-release"
LOG-INC-8020-2,INC-8020,2026-09-05T20:17:14Z,ERROR,[inventory-api] Execution exception during request dispatch: Null pointer exception in payload serialization post-release,"Traceback (most recent call last):
  File ""app/handlers/dispatch.py"", line 142, in process
  ServiceError: Null pointer exception in payload serialization post-release"
LOG-INC-8020-3,INC-8020,2026-09-05T20:16:58Z,ERROR,[inventory-api] Execution exception during request dispatch: Null pointer exception in payload serialization post-release,"Traceback (most recent call last):
  File ""app/handlers/dispatch.py"", line 142, in process
  ServiceError: Null pointer exception in payload serialization post-release"
LOG-INC-8020-4,INC-8020,2026-09-05T20:17:20Z,ERROR,[inventory-api] Execution exception during request dispatch: Null pointer exception in payload serialization post-release,"Traceback (most recent call last):
  File ""app/handlers/dispatch.py"", line 142, in process
  ServiceError: Null pointer exception in payload serialization post-release"
LOG-INC-8021-1,INC-8021,2026-09-21T23:15:14Z,INFO,[user-profile] Execution exception during request dispatch: Recursive call in JSON parsing leading to stack exhaustion,"Traceback (most recent call last):
  File ""app/handlers/dispatch.py"", line 142, in process
  ServiceError: Recursive call in JSON parsing leading to stack exhaustion"
LOG-INC-8021-2,INC-8021,2026-09-21T23:14:50Z,ERROR,[user-profile] Execution exception during request dispatch: Recursive call in JSON parsing leading to stack exhaustion,"Traceback (most recent call last):
  File ""app/handlers/dispatch.py"", line 142, in process
  ServiceError: Recursive call in JSON parsing leading to stack exhaustion"
LOG-INC-8021-3,INC-8021,2026-09-21T23:14:55Z,WARN,[user-profile] Execution exception during request dispatch: Recursive call in JSON parsing leading to stack exhaustion,"Traceback (most recent call last):
  File ""app/handlers/dispatch.py"", line 142, in process
  ServiceError: Recursive call in JSON parsing leading to stack exhaustion"
LOG-INC-8022-1,INC-8022,2026-09-17T03:37:31Z,INFO,[payment-gateway] Execution exception during request dispatch: High CPU throttling on Kubernetes node worker pool,"Traceback (most recent call last):
  File ""app/handlers/dispatch.py"", line 142, in process
  ServiceError: High CPU throttling on Kubernetes node worker pool"
LOG-INC-8022-2,INC-8022,2026-09-17T03:37:32Z,ERROR,[payment-gateway] Execution exception during request dispatch: High CPU throttling on Kubernetes node worker pool,"Traceback (most recent call last):
  File ""app/handlers/dispatch.py"", line 142, in process
  ServiceError: High CPU throttling on Kubernetes node worker pool"
LOG-INC-8022-3,INC-8022,2026-09-17T03:37:47Z,ERROR,[payment-gateway] Execution exception during request dispatch: High CPU throttling on Kubernetes node worker pool,"Traceback (most recent call last):
  File ""app/handlers/dispatch.py"", line 142, in process
  ServiceError: High CPU throttling on Kubernetes node worker pool"
LOG-INC-8022-4,INC-8022,2026-09-17T03:38:45Z,INFO,[payment-gateway] Execution exception during request dispatch: High CPU throttling on Kubernetes node worker pool,"Traceback (most recent call last):
  File ""app/handlers/dispatch.py"", line 142, in process
  ServiceError: High CPU throttling on Kubernetes node worker pool"
LOG-INC-8023-1,INC-8023,2026-09-15T15:52:27Z,WARN,[checkout-service] Execution exception during request dispatch: Config flag default inversion causing request rejections,"Traceback (most recent call last):
  File ""app/handlers/dispatch.py"", line 142, in process
  ServiceError: Config flag default inversion causing request rejections"
LOG-INC-8023-2,INC-8023,2026-09-15T15:52:11Z,ERROR,[checkout-service] Execution exception during request dispatch: Config flag default inversion causing request rejections,"Traceback (most recent call last):
  File ""app/handlers/dispatch.py"", line 142, in process
  ServiceError: Config flag default inversion causing request rejections"
LOG-INC-8024-1,INC-8024,2026-09-03T03:11:09Z,ERROR,[auth-service] Execution exception during request dispatch: Corrupted response payload format failing client validation,"Traceback (most recent call last):
  File ""app/handlers/dispatch.py"", line 142, in process
  ServiceError: Corrupted response payload format failing client validation"
LOG-INC-8024-2,INC-8024,2026-09-03T03:11:23Z,ERROR,[auth-service] Execution exception during request dispatch: Corrupted response payload format failing client validation,"Traceback (most recent call last):
  File ""app/handlers/dispatch.py"", line 142, in process
  ServiceError: Corrupted response payload format failing client validation"
LOG-INC-8024-3,INC-8024,2026-09-03T03:11:38Z,INFO,[auth-service] Execution exception during request dispatch: Corrupted response payload format failing client validation,"Traceback (most recent call last):
  File ""app/handlers/dispatch.py"", line 142, in process
  ServiceError: Corrupted response payload format failing client validation"
LOG-INC-8025-1,INC-8025,2026-09-11T19:56:21Z,WARN,[notification-worker] Execution exception during request dispatch: Unhandled arithmetic overflow in currency conversion,"Traceback (most recent call last):
  File ""app/handlers/dispatch.py"", line 142, in process
  ServiceError: Unhandled arithmetic overflow in currency conversion"
LOG-INC-8025-2,INC-8025,2026-09-11T19:57:24Z,INFO,[notification-worker] Execution exception during request dispatch: Unhandled arithmetic overflow in currency conversion,"Traceback (most recent call last):
  File ""app/handlers/dispatch.py"", line 142, in process
  ServiceError: Unhandled arithmetic overflow in currency conversion"
LOG-INC-8026-1,INC-8026,2026-08-17T01:45:50Z,WARN,[auth-service] Execution exception during request dispatch: Database migration lock timeout during schema rollout,"Traceback (most recent call last):
  File ""app/handlers/dispatch.py"", line 142, in process
  ServiceError: Database migration lock timeout during schema rollout"
LOG-INC-8026-2,INC-8026,2026-08-17T01:44:56Z,WARN,[auth-service] Execution exception during request dispatch: Database migration lock timeout during schema rollout,"Traceback (most recent call last):
  File ""app/handlers/dispatch.py"", line 142, in process
  ServiceError: Database migration lock timeout during schema rollout"
LOG-INC-8026-3,INC-8026,2026-08-17T01:45:38Z,ERROR,[auth-service] Execution exception during request dispatch: Database migration lock timeout during schema rollout,"Traceback (most recent call last):
  File ""app/handlers/dispatch.py"", line 142, in process
  ServiceError: Database migration lock timeout during schema rollout"
LOG-INC-8027-1,INC-8027,2026-09-09T12:44:12Z,INFO,[auth-service] Execution exception during request dispatch: Null pointer exception in payload serialization post-release,"Traceback (most recent call last):
  File ""app/handlers/dispatch.py"", line 142, in process
  ServiceError: Null pointer exception in payload serialization post-release"
LOG-INC-8027-2,INC-8027,2026-09-09T12:45:16Z,INFO,[auth-service] Execution exception during request dispatch: Null pointer exception in payload serialization post-release,"Traceback (most recent call last):
  File ""app/handlers/dispatch.py"", line 142, in process
  ServiceError: Null pointer exception in payload serialization post-release"
LOG-INC-8027-3,INC-8027,2026-09-09T12:44:47Z,INFO,[auth-service] Execution exception during request dispatch: Null pointer exception in payload serialization post-release,"Traceback (most recent call last):
  File ""app/handlers/dispatch.py"", line 142, in process
  ServiceError: Null pointer exception in payload serialization post-release"
LOG-INC-8027-4,INC-8027,2026-09-09T12:44:20Z,WARN,[auth-service] Execution exception during request dispatch: Null pointer exception in payload serialization post-release,"Traceback (most recent call last):
  File ""app/handlers/dispatch.py"", line 142, in process
  ServiceError: Null pointer exception in payload serialization post-release"
LOG-INC-8028-1,INC-8028,2026-08-30T03:58:18Z,INFO,[search-indexer] Execution exception during request dispatch: DNS resolution timeouts between VPC private subnets,"Traceback (most recent call last):
  File ""app/handlers/dispatch.py"", line 142, in process
  ServiceError: DNS resolution timeouts between VPC private subnets"
LOG-INC-8028-2,INC-8028,2026-08-30T03:57:32Z,ERROR,[search-indexer] Execution exception during request dispatch: DNS resolution timeouts between VPC private subnets,"Traceback (most recent call last):
  File ""app/handlers/dispatch.py"", line 142, in process
  ServiceError: DNS resolution timeouts between VPC private subnets"
LOG-INC-8029-1,INC-8029,2026-08-15T04:57:39Z,ERROR,[order-processing] Execution exception during request dispatch: Spike in unauthenticated request probe flood,"Traceback (most recent call last):
  File ""app/handlers/dispatch.py"", line 142, in process
  ServiceError: Spike in unauthenticated request probe flood"
LOG-INC-8029-2,INC-8029,2026-08-15T04:57:28Z,WARN,[order-processing] Execution exception during request dispatch: Spike in unauthenticated request probe flood,"Traceback (most recent call last):
  File ""app/handlers/dispatch.py"", line 142, in process
  ServiceError: Spike in unauthenticated request probe flood"
LOG-INC-8029-3,INC-8029,2026-08-15T04:58:34Z,WARN,[order-processing] Execution exception during request dispatch: Spike in unauthenticated request probe flood,"Traceback (most recent call last):
  File ""app/handlers/dispatch.py"", line 142, in process
  ServiceError: Spike in unauthenticated request probe flood"
LOG-INC-8029-4,INC-8029,2026-08-15T04:57:48Z,WARN,[order-processing] Execution exception during request dispatch: Spike in unauthenticated request probe flood,"Traceback (most recent call last):
  File ""app/handlers/dispatch.py"", line 142, in process
  ServiceError: Spike in unauthenticated request probe flood"
LOG-INC-8030-1,INC-8030,2026-09-12T07:23:21Z,ERROR,[payment-gateway] Execution exception during request dispatch: Flash sale burst traffic causing ingress queue build-up,"Traceback (most recent call last):
  File ""app/handlers/dispatch.py"", line 142, in process
  ServiceError: Flash sale burst traffic causing ingress queue build-up"
LOG-INC-8030-2,INC-8030,2026-09-12T07:23:58Z,ERROR,[payment-gateway] Execution exception during request dispatch: Flash sale burst traffic causing ingress queue build-up,"Traceback (most recent call last):
  File ""app/handlers/dispatch.py"", line 142, in process
  ServiceError: Flash sale burst traffic causing ingress queue build-up"
LOG-INC-8030-3,INC-8030,2026-09-12T07:22:24Z,ERROR,[payment-gateway] Execution exception during request dispatch: Flash sale burst traffic causing ingress queue build-up,"Traceback (most recent call last):
  File ""app/handlers/dispatch.py"", line 142, in process
  ServiceError: Flash sale burst traffic causing ingress queue build-up"
LOG-INC-8030-4,INC-8030,2026-09-12T07:23:41Z,INFO,[payment-gateway] Execution exception during request dispatch: Flash sale burst traffic causing ingress queue build-up,"Traceback (most recent call last):
  File ""app/handlers/dispatch.py"", line 142, in process
  ServiceError: Flash sale burst traffic causing ingress queue build-up"
LOG-INC-8031-1,INC-8031,2026-09-14T01:23:19Z,WARN,[notification-worker] Execution exception during request dispatch: Memory leak in unclosed HTTP response stream handler,"Traceback (most recent call last):
  File ""app/handlers/dispatch.py"", line 142, in process
  ServiceError: Memory leak in unclosed HTTP response stream handler"
LOG-INC-8031-2,INC-8031,2026-09-14T01:24:00Z,ERROR,[notification-worker] Execution exception during request dispatch: Memory leak in unclosed HTTP response stream handler,"Traceback (most recent call last):
  File ""app/handlers/dispatch.py"", line 142, in process
  ServiceError: Memory leak in unclosed HTTP response stream handler"
LOG-INC-8031-3,INC-8031,2026-09-14T01:23:41Z,INFO,[notification-worker] Execution exception during request dispatch: Memory leak in unclosed HTTP response stream handler,"Traceback (most recent call last):
  File ""app/handlers/dispatch.py"", line 142, in process
  ServiceError: Memory leak in unclosed HTTP response stream handler"
LOG-INC-8031-4,INC-8031,2026-09-14T01:24:31Z,INFO,[notification-worker] Execution exception during request dispatch: Memory leak in unclosed HTTP response stream handler,"Traceback (most recent call last):
  File ""app/handlers/dispatch.py"", line 142, in process
  ServiceError: Memory leak in unclosed HTTP response stream handler"
LOG-INC-8032-1,INC-8032,2026-09-03T20:29:21Z,WARN,[order-processing] Execution exception during request dispatch: Unindexed query scan causing read replica CPU spike,"Traceback (most recent call last):
  File ""app/handlers/dispatch.py"", line 142, in process
  ServiceError: Unindexed query scan causing read replica CPU spike"
LOG-INC-8032-2,INC-8032,2026-09-03T20:30:13Z,INFO,[order-processing] Execution exception during request dispatch: Unindexed query scan causing read replica CPU spike,"Traceback (most recent call last):
  File ""app/handlers/dispatch.py"", line 142, in process
  ServiceError: Unindexed query scan causing read replica CPU spike"
LOG-INC-8033-1,INC-8033,2026-09-05T13:36:18Z,WARN,[user-profile] Execution exception during request dispatch: DNS resolution timeouts between VPC private subnets,"Traceback (most recent call last):
  File ""app/handlers/dispatch.py"", line 142, in process
  ServiceError: DNS resolution timeouts between VPC private subnets"
LOG-INC-8033-2,INC-8033,2026-09-05T13:36:18Z,WARN,[user-profile] Execution exception during request dispatch: DNS resolution timeouts between VPC private subnets,"Traceback (most recent call last):
  File ""app/handlers/dispatch.py"", line 142, in process
  ServiceError: DNS resolution timeouts between VPC private subnets"
LOG-INC-8033-3,INC-8033,2026-09-05T13:36:35Z,INFO,[user-profile] Execution exception during request dispatch: DNS resolution timeouts between VPC private subnets,"Traceback (most recent call last):
  File ""app/handlers/dispatch.py"", line 142, in process
  ServiceError: DNS resolution timeouts between VPC private subnets"
LOG-INC-8034-1,INC-8034,2026-09-08T06:23:56Z,WARN,[notification-worker] Execution exception during request dispatch: Pod memory limit hit triggering repeated OOMKilled events,"Traceback (most recent call last):
  File ""app/handlers/dispatch.py"", line 142, in process
  ServiceError: Pod memory limit hit triggering repeated OOMKilled events"
LOG-INC-8034-2,INC-8034,2026-09-08T06:23:40Z,WARN,[notification-worker] Execution exception during request dispatch: Pod memory limit hit triggering repeated OOMKilled events,"Traceback (most recent call last):
  File ""app/handlers/dispatch.py"", line 142, in process
  ServiceError: Pod memory limit hit triggering repeated OOMKilled events"
LOG-INC-8034-3,INC-8034,2026-09-08T06:22:33Z,WARN,[notification-worker] Execution exception during request dispatch: Pod memory limit hit triggering repeated OOMKilled events,"Traceback (most recent call last):
  File ""app/handlers/dispatch.py"", line 142, in process
  ServiceError: Pod memory limit hit triggering repeated OOMKilled events"
LOG-INC-8035-1,INC-8035,2026-09-19T19:49:22Z,ERROR,[user-profile] Execution exception during request dispatch: TCP socket connection reset by peer on egress gateway,"Traceback (most recent call last):
  File ""app/handlers/dispatch.py"", line 142, in process
  ServiceError: TCP socket connection reset by peer on egress gateway"
LOG-INC-8035-2,INC-8035,2026-09-19T19:49:42Z,INFO,[user-profile] Execution exception during request dispatch: TCP socket connection reset by peer on egress gateway,"Traceback (most recent call last):
  File ""app/handlers/dispatch.py"", line 142, in process
  ServiceError: TCP socket connection reset by peer on egress gateway"
LOG-INC-8036-1,INC-8036,2026-09-12T02:28:05Z,WARN,[notification-worker] Execution exception during request dispatch: Spike in unauthenticated request probe flood,"Traceback (most recent call last):
  File ""app/handlers/dispatch.py"", line 142, in process
  ServiceError: Spike in unauthenticated request probe flood"
LOG-INC-8036-2,INC-8036,2026-09-12T02:28:25Z,WARN,[notification-worker] Execution exception during request dispatch: Spike in unauthenticated request probe flood,"Traceback (most recent call last):
  File ""app/handlers/dispatch.py"", line 142, in process
  ServiceError: Spike in unauthenticated request probe flood"
LOG-INC-8037-1,INC-8037,2026-08-18T13:34:09Z,WARN,[notification-worker] Execution exception during request dispatch: Ephemeral disk volume full due to unrotated application logs,"Traceback (most recent call last):
  File ""app/handlers/dispatch.py"", line 142, in process
  ServiceError: Ephemeral disk volume full due to unrotated application logs"
LOG-INC-8037-2,INC-8037,2026-08-18T13:34:04Z,INFO,[notification-worker] Execution exception during request dispatch: Ephemeral disk volume full due to unrotated application logs,"Traceback (most recent call last):
  File ""app/handlers/dispatch.py"", line 142, in process
  ServiceError: Ephemeral disk volume full due to unrotated application logs"
LOG-INC-8037-3,INC-8037,2026-08-18T13:34:15Z,INFO,[notification-worker] Execution exception during request dispatch: Ephemeral disk volume full due to unrotated application logs,"Traceback (most recent call last):
  File ""app/handlers/dispatch.py"", line 142, in process
  ServiceError: Ephemeral disk volume full due to unrotated application logs"
LOG-INC-8037-4,INC-8037,2026-08-18T13:34:59Z,ERROR,[notification-worker] Execution exception during request dispatch: Ephemeral disk volume full due to unrotated application logs,"Traceback (most recent call last):
  File ""app/handlers/dispatch.py"", line 142, in process
  ServiceError: Ephemeral disk volume full due to unrotated application logs"
LOG-INC-8038-1,INC-8038,2026-08-19T09:07:15Z,ERROR,[checkout-service] Execution exception during request dispatch: Unhandled arithmetic overflow in currency conversion,"Traceback (most recent call last):
  File ""app/handlers/dispatch.py"", line 142, in process
  ServiceError: Unhandled arithmetic overflow in currency conversion"
LOG-INC-8038-2,INC-8038,2026-08-19T09:08:09Z,ERROR,[checkout-service] Execution exception during request dispatch: Unhandled arithmetic overflow in currency conversion,"Traceback (most recent call last):
  File ""app/handlers/dispatch.py"", line 142, in process
  ServiceError: Unhandled arithmetic overflow in currency conversion"
LOG-INC-8038-3,INC-8038,2026-08-19T09:08:27Z,ERROR,[checkout-service] Execution exception during request dispatch: Unhandled arithmetic overflow in currency conversion,"Traceback (most recent call last):
  File ""app/handlers/dispatch.py"", line 142, in process
  ServiceError: Unhandled arithmetic overflow in currency conversion"
LOG-INC-8038-4,INC-8038,2026-08-19T09:07:27Z,ERROR,[checkout-service] Execution exception during request dispatch: Unhandled arithmetic overflow in currency conversion,"Traceback (most recent call last):
  File ""app/handlers/dispatch.py"", line 142, in process
  ServiceError: Unhandled arithmetic overflow in currency conversion"
LOG-INC-8039-1,INC-8039,2026-08-21T13:43:13Z,WARN,[checkout-service] Execution exception during request dispatch: Garbage collection pause duration exceeding 1500ms,"Traceback (most recent call last):
  File ""app/handlers/dispatch.py"", line 142, in process
  ServiceError: Garbage collection pause duration exceeding 1500ms"
LOG-INC-8039-2,INC-8039,2026-08-21T13:43:17Z,INFO,[checkout-service] Execution exception during request dispatch: Garbage collection pause duration exceeding 1500ms,"Traceback (most recent call last):
  File ""app/handlers/dispatch.py"", line 142, in process
  ServiceError: Garbage collection pause duration exceeding 1500ms"
LOG-INC-8039-3,INC-8039,2026-08-21T13:44:31Z,WARN,[checkout-service] Execution exception during request dispatch: Garbage collection pause duration exceeding 1500ms,"Traceback (most recent call last):
  File ""app/handlers/dispatch.py"", line 142, in process
  ServiceError: Garbage collection pause duration exceeding 1500ms"
LOG-INC-8040-1,INC-8040,2026-09-22T15:14:27Z,ERROR,[checkout-service] Execution exception during request dispatch: Garbage collection pause duration exceeding 1500ms,"Traceback (most recent call last):
  File ""app/handlers/dispatch.py"", line 142, in process
  ServiceError: Garbage collection pause duration exceeding 1500ms"
LOG-INC-8040-2,INC-8040,2026-09-22T15:14:46Z,ERROR,[checkout-service] Execution exception during request dispatch: Garbage collection pause duration exceeding 1500ms,"Traceback (most recent call last):
  File ""app/handlers/dispatch.py"", line 142, in process
  ServiceError: Garbage collection pause duration exceeding 1500ms"
LOG-INC-8040-3,INC-8040,2026-09-22T15:13:47Z,ERROR,[checkout-service] Execution exception during request dispatch: Garbage collection pause duration exceeding 1500ms,"Traceback (most recent call last):
  File ""app/handlers/dispatch.py"", line 142, in process
  ServiceError: Garbage collection pause duration exceeding 1500ms"
LOG-INC-8041-1,INC-8041,2026-09-09T23:42:48Z,WARN,[auth-service] Execution exception during request dispatch: Memory leak in unclosed HTTP response stream handler,"Traceback (most recent call last):
  File ""app/handlers/dispatch.py"", line 142, in process
  ServiceError: Memory leak in unclosed HTTP response stream handler"
LOG-INC-8041-2,INC-8041,2026-09-09T23:42:29Z,ERROR,[auth-service] Execution exception during request dispatch: Memory leak in unclosed HTTP response stream handler,"Traceback (most recent call last):
  File ""app/handlers/dispatch.py"", line 142, in process
  ServiceError: Memory leak in unclosed HTTP response stream handler"
LOG-INC-8042-1,INC-8042,2026-08-25T23:00:37Z,WARN,[payment-gateway] Execution exception during request dispatch: Flash sale burst traffic causing ingress queue build-up,"Traceback (most recent call last):
  File ""app/handlers/dispatch.py"", line 142, in process
  ServiceError: Flash sale burst traffic causing ingress queue build-up"
LOG-INC-8042-2,INC-8042,2026-08-25T22:59:10Z,WARN,[payment-gateway] Execution exception during request dispatch: Flash sale burst traffic causing ingress queue build-up,"Traceback (most recent call last):
  File ""app/handlers/dispatch.py"", line 142, in process
  ServiceError: Flash sale burst traffic causing ingress queue build-up"
LOG-INC-8043-1,INC-8043,2026-08-16T08:24:31Z,INFO,[notification-worker] Execution exception during request dispatch: Deadlock cycle in distributed checkout table lock,"Traceback (most recent call last):
  File ""app/handlers/dispatch.py"", line 142, in process
  ServiceError: Deadlock cycle in distributed checkout table lock"
LOG-INC-8043-2,INC-8043,2026-08-16T08:24:01Z,WARN,[notification-worker] Execution exception during request dispatch: Deadlock cycle in distributed checkout table lock,"Traceback (most recent call last):
  File ""app/handlers/dispatch.py"", line 142, in process
  ServiceError: Deadlock cycle in distributed checkout table lock"
LOG-INC-8043-3,INC-8043,2026-08-16T08:24:43Z,WARN,[notification-worker] Execution exception during request dispatch: Deadlock cycle in distributed checkout table lock,"Traceback (most recent call last):
  File ""app/handlers/dispatch.py"", line 142, in process
  ServiceError: Deadlock cycle in distributed checkout table lock"
LOG-INC-8044-1,INC-8044,2026-08-17T17:00:36Z,ERROR,[search-indexer] Execution exception during request dispatch: Slow query cascade triggering client connection timeout,"Traceback (most recent call last):
  File ""app/handlers/dispatch.py"", line 142, in process
  ServiceError: Slow query cascade triggering client connection timeout"
LOG-INC-8044-2,INC-8044,2026-08-17T17:00:53Z,ERROR,[search-indexer] Execution exception during request dispatch: Slow query cascade triggering client connection timeout,"Traceback (most recent call last):
  File ""app/handlers/dispatch.py"", line 142, in process
  ServiceError: Slow query cascade triggering client connection timeout"
LOG-INC-8045-1,INC-8045,2026-09-07T14:35:52Z,ERROR,[search-indexer] Execution exception during request dispatch: Redis cluster shard memory limit eviction cascade,"Traceback (most recent call last):
  File ""app/handlers/dispatch.py"", line 142, in process
  ServiceError: Redis cluster shard memory limit eviction cascade"
LOG-INC-8045-2,INC-8045,2026-09-07T14:35:54Z,ERROR,[search-indexer] Execution exception during request dispatch: Redis cluster shard memory limit eviction cascade,"Traceback (most recent call last):
  File ""app/handlers/dispatch.py"", line 142, in process
  ServiceError: Redis cluster shard memory limit eviction cascade"
LOG-INC-8045-3,INC-8045,2026-09-07T14:35:52Z,ERROR,[search-indexer] Execution exception during request dispatch: Redis cluster shard memory limit eviction cascade,"Traceback (most recent call last):
  File ""app/handlers/dispatch.py"", line 142, in process
  ServiceError: Redis cluster shard memory limit eviction cascade"
LOG-INC-8045-4,INC-8045,2026-09-07T14:35:08Z,WARN,[search-indexer] Execution exception during request dispatch: Redis cluster shard memory limit eviction cascade,"Traceback (most recent call last):
  File ""app/handlers/dispatch.py"", line 142, in process
  ServiceError: Redis cluster shard memory limit eviction cascade"
LOG-INC-8046-1,INC-8046,2026-08-25T19:29:05Z,WARN,[user-profile] Execution exception during request dispatch: Connection pool saturation under sustained transaction load,"Traceback (most recent call last):
  File ""app/handlers/dispatch.py"", line 142, in process
  ServiceError: Connection pool saturation under sustained transaction load"
LOG-INC-8046-2,INC-8046,2026-08-25T19:29:23Z,ERROR,[user-profile] Execution exception during request dispatch: Connection pool saturation under sustained transaction load,"Traceback (most recent call last):
  File ""app/handlers/dispatch.py"", line 142, in process
  ServiceError: Connection pool saturation under sustained transaction load"
LOG-INC-8046-3,INC-8046,2026-08-25T19:30:00Z,ERROR,[user-profile] Execution exception during request dispatch: Connection pool saturation under sustained transaction load,"Traceback (most recent call last):
  File ""app/handlers/dispatch.py"", line 142, in process
  ServiceError: Connection pool saturation under sustained transaction load"
LOG-INC-8046-4,INC-8046,2026-08-25T19:28:07Z,WARN,[user-profile] Execution exception during request dispatch: Connection pool saturation under sustained transaction load,"Traceback (most recent call last):
  File ""app/handlers/dispatch.py"", line 142, in process
  ServiceError: Connection pool saturation under sustained transaction load"
LOG-INC-8047-1,INC-8047,2026-08-29T03:30:52Z,WARN,[auth-service] Execution exception during request dispatch: Deadlock cycle in distributed checkout table lock,"Traceback (most recent call last):
  File ""app/handlers/dispatch.py"", line 142, in process
  ServiceError: Deadlock cycle in distributed checkout table lock"
LOG-INC-8047-2,INC-8047,2026-08-29T03:30:21Z,INFO,[auth-service] Execution exception during request dispatch: Deadlock cycle in distributed checkout table lock,"Traceback (most recent call last):
  File ""app/handlers/dispatch.py"", line 142, in process
  ServiceError: Deadlock cycle in distributed checkout table lock"
LOG-INC-8048-1,INC-8048,2026-08-27T06:05:51Z,ERROR,[checkout-service] Execution exception during request dispatch: Database migration lock timeout during schema rollout,"Traceback (most recent call last):
  File ""app/handlers/dispatch.py"", line 142, in process
  ServiceError: Database migration lock timeout during schema rollout"
LOG-INC-8048-2,INC-8048,2026-08-27T06:06:12Z,INFO,[checkout-service] Execution exception during request dispatch: Database migration lock timeout during schema rollout,"Traceback (most recent call last):
  File ""app/handlers/dispatch.py"", line 142, in process
  ServiceError: Database migration lock timeout during schema rollout"
LOG-INC-8048-3,INC-8048,2026-08-27T06:06:09Z,INFO,[checkout-service] Execution exception during request dispatch: Database migration lock timeout during schema rollout,"Traceback (most recent call last):
  File ""app/handlers/dispatch.py"", line 142, in process
  ServiceError: Database migration lock timeout during schema rollout"
LOG-INC-8048-4,INC-8048,2026-08-27T06:06:15Z,ERROR,[checkout-service] Execution exception during request dispatch: Database migration lock timeout during schema rollout,"Traceback (most recent call last):
  File ""app/handlers/dispatch.py"", line 142, in process
  ServiceError: Database migration lock timeout during schema rollout"
LOG-INC-8049-1,INC-8049,2026-08-27T14:03:39Z,ERROR,[search-indexer] Execution exception during request dispatch: Pod memory limit hit triggering repeated OOMKilled events,"Traceback (most recent call last):
  File ""app/handlers/dispatch.py"", line 142, in process
  ServiceError: Pod memory limit hit triggering repeated OOMKilled events"
LOG-INC-8049-2,INC-8049,2026-08-27T14:03:41Z,ERROR,[search-indexer] Execution exception during request dispatch: Pod memory limit hit triggering repeated OOMKilled events,"Traceback (most recent call last):
  File ""app/handlers/dispatch.py"", line 142, in process
  ServiceError: Pod memory limit hit triggering repeated OOMKilled events"
LOG-INC-8049-3,INC-8049,2026-08-27T14:02:47Z,ERROR,[search-indexer] Execution exception during request dispatch: Pod memory limit hit triggering repeated OOMKilled events,"Traceback (most recent call last):
  File ""app/handlers/dispatch.py"", line 142, in process
  ServiceError: Pod memory limit hit triggering repeated OOMKilled events"
LOG-INC-8049-4,INC-8049,2026-08-27T14:02:22Z,ERROR,[search-indexer] Execution exception during request dispatch: Pod memory limit hit triggering repeated OOMKilled events,"Traceback (most recent call last):
  File ""app/handlers/dispatch.py"", line 142, in process
  ServiceError: Pod memory limit hit triggering repeated OOMKilled events"
LOG-INC-8050-1,INC-8050,2026-09-23T14:50:09Z,ERROR,[notification-worker] Execution exception during request dispatch: Recursive call in JSON parsing leading to stack exhaustion,"Traceback (most recent call last):
  File ""app/handlers/dispatch.py"", line 142, in process
  ServiceError: Recursive call in JSON parsing leading to stack exhaustion"
LOG-INC-8050-2,INC-8050,2026-09-23T14:50:42Z,ERROR,[notification-worker] Execution exception during request dispatch: Recursive call in JSON parsing leading to stack exhaustion,"Traceback (most recent call last):
  File ""app/handlers/dispatch.py"", line 142, in process
  ServiceError: Recursive call in JSON parsing leading to stack exhaustion"
LOG-INC-8050-3,INC-8050,2026-09-23T14:50:30Z,ERROR,[notification-worker] Execution exception during request dispatch: Recursive call in JSON parsing leading to stack exhaustion,"Traceback (most recent call last):
  File ""app/handlers/dispatch.py"", line 142, in process
  ServiceError: Recursive call in JSON parsing leading to stack exhaustion"
LOG-INC-8051-1,INC-8051,2026-08-18T06:04:47Z,WARN,[notification-worker] Execution exception during request dispatch: TCP socket connection reset by peer on egress gateway,"Traceback (most recent call last):
  File ""app/handlers/dispatch.py"", line 142, in process
  ServiceError: TCP socket connection reset by peer on egress gateway"
LOG-INC-8051-2,INC-8051,2026-08-18T06:04:20Z,WARN,[notification-worker] Execution exception during request dispatch: TCP socket connection reset by peer on egress gateway,"Traceback (most recent call last):
  File ""app/handlers/dispatch.py"", line 142, in process
  ServiceError: TCP socket connection reset by peer on egress gateway"
LOG-INC-8051-3,INC-8051,2026-08-18T06:05:00Z,WARN,[notification-worker] Execution exception during request dispatch: TCP socket connection reset by peer on egress gateway,"Traceback (most recent call last):
  File ""app/handlers/dispatch.py"", line 142, in process
  ServiceError: TCP socket connection reset by peer on egress gateway"
LOG-INC-8051-4,INC-8051,2026-08-18T06:05:40Z,WARN,[notification-worker] Execution exception during request dispatch: TCP socket connection reset by peer on egress gateway,"Traceback (most recent call last):
  File ""app/handlers/dispatch.py"", line 142, in process
  ServiceError: TCP socket connection reset by peer on egress gateway"
LOG-INC-8052-1,INC-8052,2026-08-30T01:44:14Z,WARN,[inventory-api] Execution exception during request dispatch: TLS certificate handshake timeout on third-party webhook,"Traceback (most recent call last):
  File ""app/handlers/dispatch.py"", line 142, in process
  ServiceError: TLS certificate handshake timeout on third-party webhook"
LOG-INC-8052-2,INC-8052,2026-08-30T01:43:46Z,ERROR,[inventory-api] Execution exception during request dispatch: TLS certificate handshake timeout on third-party webhook,"Traceback (most recent call last):
  File ""app/handlers/dispatch.py"", line 142, in process
  ServiceError: TLS certificate handshake timeout on third-party webhook"
LOG-INC-8053-1,INC-8053,2026-08-24T09:54:23Z,WARN,[search-indexer] Execution exception during request dispatch: Race condition in concurrent token refresh logic,"Traceback (most recent call last):
  File ""app/handlers/dispatch.py"", line 142, in process
  ServiceError: Race condition in concurrent token refresh logic"
LOG-INC-8053-2,INC-8053,2026-08-24T09:53:40Z,INFO,[search-indexer] Execution exception during request dispatch: Race condition in concurrent token refresh logic,"Traceback (most recent call last):
  File ""app/handlers/dispatch.py"", line 142, in process
  ServiceError: Race condition in concurrent token refresh logic"
LOG-INC-8053-3,INC-8053,2026-08-24T09:54:46Z,ERROR,[search-indexer] Execution exception during request dispatch: Race condition in concurrent token refresh logic,"Traceback (most recent call last):
  File ""app/handlers/dispatch.py"", line 142, in process
  ServiceError: Race condition in concurrent token refresh logic"
LOG-INC-8054-1,INC-8054,2026-09-15T17:59:51Z,ERROR,[checkout-service] Execution exception during request dispatch: Slow query cascade triggering client connection timeout,"Traceback (most recent call last):
  File ""app/handlers/dispatch.py"", line 142, in process
  ServiceError: Slow query cascade triggering client connection timeout"
LOG-INC-8054-2,INC-8054,2026-09-15T17:59:54Z,ERROR,[checkout-service] Execution exception during request dispatch: Slow query cascade triggering client connection timeout,"Traceback (most recent call last):
  File ""app/handlers/dispatch.py"", line 142, in process
  ServiceError: Slow query cascade triggering client connection timeout"
LOG-INC-8054-3,INC-8054,2026-09-15T18:00:17Z,ERROR,[checkout-service] Execution exception during request dispatch: Slow query cascade triggering client connection timeout,"Traceback (most recent call last):
  File ""app/handlers/dispatch.py"", line 142, in process
  ServiceError: Slow query cascade triggering client connection timeout"
LOG-INC-8055-1,INC-8055,2026-09-15T03:08:39Z,ERROR,[notification-worker] Execution exception during request dispatch: Flash sale burst traffic causing ingress queue build-up,"Traceback (most recent call last):
  File ""app/handlers/dispatch.py"", line 142, in process
  ServiceError: Flash sale burst traffic causing ingress queue build-up"
LOG-INC-8055-2,INC-8055,2026-09-15T03:08:08Z,INFO,[notification-worker] Execution exception during request dispatch: Flash sale burst traffic causing ingress queue build-up,"Traceback (most recent call last):
  File ""app/handlers/dispatch.py"", line 142, in process
  ServiceError: Flash sale burst traffic causing ingress queue build-up"
LOG-INC-8056-1,INC-8056,2026-08-18T16:17:00Z,INFO,[inventory-api] Execution exception during request dispatch: Recursive call in JSON parsing leading to stack exhaustion,"Traceback (most recent call last):
  File ""app/handlers/dispatch.py"", line 142, in process
  ServiceError: Recursive call in JSON parsing leading to stack exhaustion"
LOG-INC-8056-2,INC-8056,2026-08-18T16:16:01Z,ERROR,[inventory-api] Execution exception during request dispatch: Recursive call in JSON parsing leading to stack exhaustion,"Traceback (most recent call last):
  File ""app/handlers/dispatch.py"", line 142, in process
  ServiceError: Recursive call in JSON parsing leading to stack exhaustion"
LOG-INC-8057-1,INC-8057,2026-09-03T08:05:46Z,ERROR,[checkout-service] Execution exception during request dispatch: TCP socket connection reset by peer on egress gateway,"Traceback (most recent call last):
  File ""app/handlers/dispatch.py"", line 142, in process
  ServiceError: TCP socket connection reset by peer on egress gateway"
LOG-INC-8057-2,INC-8057,2026-09-03T08:04:35Z,WARN,[checkout-service] Execution exception during request dispatch: TCP socket connection reset by peer on egress gateway,"Traceback (most recent call last):
  File ""app/handlers/dispatch.py"", line 142, in process
  ServiceError: TCP socket connection reset by peer on egress gateway"
LOG-INC-8058-1,INC-8058,2026-08-24T18:35:43Z,WARN,[checkout-service] Execution exception during request dispatch: Null pointer exception in payload serialization post-release,"Traceback (most recent call last):
  File ""app/handlers/dispatch.py"", line 142, in process
  ServiceError: Null pointer exception in payload serialization post-release"
LOG-INC-8058-2,INC-8058,2026-08-24T18:35:50Z,INFO,[checkout-service] Execution exception during request dispatch: Null pointer exception in payload serialization post-release,"Traceback (most recent call last):
  File ""app/handlers/dispatch.py"", line 142, in process
  ServiceError: Null pointer exception in payload serialization post-release"
LOG-INC-8058-3,INC-8058,2026-08-24T18:34:14Z,ERROR,[checkout-service] Execution exception during request dispatch: Null pointer exception in payload serialization post-release,"Traceback (most recent call last):
  File ""app/handlers/dispatch.py"", line 142, in process
  ServiceError: Null pointer exception in payload serialization post-release"
LOG-INC-8059-1,INC-8059,2026-08-19T15:39:43Z,ERROR,[checkout-service] Execution exception during request dispatch: Redis cluster shard memory limit eviction cascade,"Traceback (most recent call last):
  File ""app/handlers/dispatch.py"", line 142, in process
  ServiceError: Redis cluster shard memory limit eviction cascade"
LOG-INC-8059-2,INC-8059,2026-08-19T15:39:25Z,WARN,[checkout-service] Execution exception during request dispatch: Redis cluster shard memory limit eviction cascade,"Traceback (most recent call last):
  File ""app/handlers/dispatch.py"", line 142, in process
  ServiceError: Redis cluster shard memory limit eviction cascade"
LOG-INC-8060-1,INC-8060,2026-08-31T01:33:24Z,INFO,[checkout-service] Execution exception during request dispatch: Spike in unauthenticated request probe flood,"Traceback (most recent call last):
  File ""app/handlers/dispatch.py"", line 142, in process
  ServiceError: Spike in unauthenticated request probe flood"
LOG-INC-8060-2,INC-8060,2026-08-31T01:34:00Z,INFO,[checkout-service] Execution exception during request dispatch: Spike in unauthenticated request probe flood,"Traceback (most recent call last):
  File ""app/handlers/dispatch.py"", line 142, in process
  ServiceError: Spike in unauthenticated request probe flood"
LOG-INC-8060-3,INC-8060,2026-08-31T01:32:48Z,INFO,[checkout-service] Execution exception during request dispatch: Spike in unauthenticated request probe flood,"Traceback (most recent call last):
  File ""app/handlers/dispatch.py"", line 142, in process
  ServiceError: Spike in unauthenticated request probe flood"
LOG-INC-8060-4,INC-8060,2026-08-31T01:32:10Z,ERROR,[checkout-service] Execution exception during request dispatch: Spike in unauthenticated request probe flood,"Traceback (most recent call last):
  File ""app/handlers/dispatch.py"", line 142, in process
  ServiceError: Spike in unauthenticated request probe flood"
LOG-INC-8061-1,INC-8061,2026-09-04T12:15:56Z,WARN,[search-indexer] Execution exception during request dispatch: Stale cache invalidation logic deployed in Canary,"Traceback (most recent call last):
  File ""app/handlers/dispatch.py"", line 142, in process
  ServiceError: Stale cache invalidation logic deployed in Canary"
LOG-INC-8061-2,INC-8061,2026-09-04T12:16:03Z,ERROR,[search-indexer] Execution exception during request dispatch: Stale cache invalidation logic deployed in Canary,"Traceback (most recent call last):
  File ""app/handlers/dispatch.py"", line 142, in process
  ServiceError: Stale cache invalidation logic deployed in Canary"
LOG-INC-8061-3,INC-8061,2026-09-04T12:16:33Z,ERROR,[search-indexer] Execution exception during request dispatch: Stale cache invalidation logic deployed in Canary,"Traceback (most recent call last):
  File ""app/handlers/dispatch.py"", line 142, in process
  ServiceError: Stale cache invalidation logic deployed in Canary"
LOG-INC-8061-4,INC-8061,2026-09-04T12:15:25Z,WARN,[search-indexer] Execution exception during request dispatch: Stale cache invalidation logic deployed in Canary,"Traceback (most recent call last):
  File ""app/handlers/dispatch.py"", line 142, in process
  ServiceError: Stale cache invalidation logic deployed in Canary"
LOG-INC-8062-1,INC-8062,2026-09-11T23:12:39Z,WARN,[user-profile] Execution exception during request dispatch: Garbage collection pause duration exceeding 1500ms,"Traceback (most recent call last):
  File ""app/handlers/dispatch.py"", line 142, in process
  ServiceError: Garbage collection pause duration exceeding 1500ms"
LOG-INC-8062-2,INC-8062,2026-09-11T23:12:36Z,ERROR,[user-profile] Execution exception during request dispatch: Garbage collection pause duration exceeding 1500ms,"Traceback (most recent call last):
  File ""app/handlers/dispatch.py"", line 142, in process
  ServiceError: Garbage collection pause duration exceeding 1500ms"
LOG-INC-8063-1,INC-8063,2026-09-05T05:53:08Z,ERROR,[checkout-service] Execution exception during request dispatch: Distributed crawler burst triggering endpoint 429 retries,"Traceback (most recent call last):
  File ""app/handlers/dispatch.py"", line 142, in process
  ServiceError: Distributed crawler burst triggering endpoint 429 retries"
LOG-INC-8063-2,INC-8063,2026-09-05T05:52:16Z,WARN,[checkout-service] Execution exception during request dispatch: Distributed crawler burst triggering endpoint 429 retries,"Traceback (most recent call last):
  File ""app/handlers/dispatch.py"", line 142, in process
  ServiceError: Distributed crawler burst triggering endpoint 429 retries"
LOG-INC-8063-3,INC-8063,2026-09-05T05:53:09Z,WARN,[checkout-service] Execution exception during request dispatch: Distributed crawler burst triggering endpoint 429 retries,"Traceback (most recent call last):
  File ""app/handlers/dispatch.py"", line 142, in process
  ServiceError: Distributed crawler burst triggering endpoint 429 retries"
LOG-INC-8064-1,INC-8064,2026-09-26T02:50:22Z,WARN,[notification-worker] Execution exception during request dispatch: TLS certificate handshake timeout on third-party webhook,"Traceback (most recent call last):
  File ""app/handlers/dispatch.py"", line 142, in process
  ServiceError: TLS certificate handshake timeout on third-party webhook"
LOG-INC-8064-2,INC-8064,2026-09-26T02:51:38Z,WARN,[notification-worker] Execution exception during request dispatch: TLS certificate handshake timeout on third-party webhook,"Traceback (most recent call last):
  File ""app/handlers/dispatch.py"", line 142, in process
  ServiceError: TLS certificate handshake timeout on third-party webhook"
LOG-INC-8064-3,INC-8064,2026-09-26T02:51:42Z,WARN,[notification-worker] Execution exception during request dispatch: TLS certificate handshake timeout on third-party webhook,"Traceback (most recent call last):
  File ""app/handlers/dispatch.py"", line 142, in process
  ServiceError: TLS certificate handshake timeout on third-party webhook"
LOG-INC-8065-1,INC-8065,2026-08-26T12:35:17Z,WARN,[inventory-api] Execution exception during request dispatch: Batch data import job executed during peak consumer hours,"Traceback (most recent call last):
  File ""app/handlers/dispatch.py"", line 142, in process
  ServiceError: Batch data import job executed during peak consumer hours"
LOG-INC-8065-2,INC-8065,2026-08-26T12:35:52Z,WARN,[inventory-api] Execution exception during request dispatch: Batch data import job executed during peak consumer hours,"Traceback (most recent call last):
  File ""app/handlers/dispatch.py"", line 142, in process
  ServiceError: Batch data import job executed during peak consumer hours"
LOG-INC-8066-1,INC-8066,2026-09-20T03:05:45Z,ERROR,[user-profile] Execution exception during request dispatch: Batch data import job executed during peak consumer hours,"Traceback (most recent call last):
  File ""app/handlers/dispatch.py"", line 142, in process
  ServiceError: Batch data import job executed during peak consumer hours"
LOG-INC-8066-2,INC-8066,2026-09-20T03:05:55Z,INFO,[user-profile] Execution exception during request dispatch: Batch data import job executed during peak consumer hours,"Traceback (most recent call last):
  File ""app/handlers/dispatch.py"", line 142, in process
  ServiceError: Batch data import job executed during peak consumer hours"
LOG-INC-8066-3,INC-8066,2026-09-20T03:06:39Z,WARN,[user-profile] Execution exception during request dispatch: Batch data import job executed during peak consumer hours,"Traceback (most recent call last):
  File ""app/handlers/dispatch.py"", line 142, in process
  ServiceError: Batch data import job executed during peak consumer hours"
LOG-INC-8066-4,INC-8066,2026-09-20T03:06:20Z,WARN,[user-profile] Execution exception during request dispatch: Batch data import job executed during peak consumer hours,"Traceback (most recent call last):
  File ""app/handlers/dispatch.py"", line 142, in process
  ServiceError: Batch data import job executed during peak consumer hours"
LOG-INC-8067-1,INC-8067,2026-09-25T06:40:28Z,ERROR,[auth-service] Execution exception during request dispatch: Distributed crawler burst triggering endpoint 429 retries,"Traceback (most recent call last):
  File ""app/handlers/dispatch.py"", line 142, in process
  ServiceError: Distributed crawler burst triggering endpoint 429 retries"
LOG-INC-8067-2,INC-8067,2026-09-25T06:40:45Z,ERROR,[auth-service] Execution exception during request dispatch: Distributed crawler burst triggering endpoint 429 retries,"Traceback (most recent call last):
  File ""app/handlers/dispatch.py"", line 142, in process
  ServiceError: Distributed crawler burst triggering endpoint 429 retries"
LOG-INC-8067-3,INC-8067,2026-09-25T06:40:44Z,ERROR,[auth-service] Execution exception during request dispatch: Distributed crawler burst triggering endpoint 429 retries,"Traceback (most recent call last):
  File ""app/handlers/dispatch.py"", line 142, in process
  ServiceError: Distributed crawler burst triggering endpoint 429 retries"
LOG-INC-8068-1,INC-8068,2026-08-14T08:04:07Z,WARN,[search-indexer] Execution exception during request dispatch: TCP socket connection reset by peer on egress gateway,"Traceback (most recent call last):
  File ""app/handlers/dispatch.py"", line 142, in process
  ServiceError: TCP socket connection reset by peer on egress gateway"
LOG-INC-8068-2,INC-8068,2026-08-14T08:04:45Z,WARN,[search-indexer] Execution exception during request dispatch: TCP socket connection reset by peer on egress gateway,"Traceback (most recent call last):
  File ""app/handlers/dispatch.py"", line 142, in process
  ServiceError: TCP socket connection reset by peer on egress gateway"
LOG-INC-8069-1,INC-8069,2026-09-20T04:56:46Z,INFO,[search-indexer] Execution exception during request dispatch: Batch data import job executed during peak consumer hours,"Traceback (most recent call last):
  File ""app/handlers/dispatch.py"", line 142, in process
  ServiceError: Batch data import job executed during peak consumer hours"
LOG-INC-8069-2,INC-8069,2026-09-20T04:57:06Z,INFO,[search-indexer] Execution exception during request dispatch: Batch data import job executed during peak consumer hours,"Traceback (most recent call last):
  File ""app/handlers/dispatch.py"", line 142, in process
  ServiceError: Batch data import job executed during peak consumer hours"
LOG-INC-8069-3,INC-8069,2026-09-20T04:56:53Z,WARN,[search-indexer] Execution exception during request dispatch: Batch data import job executed during peak consumer hours,"Traceback (most recent call last):
  File ""app/handlers/dispatch.py"", line 142, in process
  ServiceError: Batch data import job executed during peak consumer hours"
LOG-INC-8069-4,INC-8069,2026-09-20T04:56:27Z,WARN,[search-indexer] Execution exception during request dispatch: Batch data import job executed during peak consumer hours,"Traceback (most recent call last):
  File ""app/handlers/dispatch.py"", line 142, in process
  ServiceError: Batch data import job executed during peak consumer hours"
LOG-INC-8070-1,INC-8070,2026-09-12T22:41:31Z,INFO,[notification-worker] Execution exception during request dispatch: Deadlock cycle in distributed checkout table lock,"Traceback (most recent call last):
  File ""app/handlers/dispatch.py"", line 142, in process
  ServiceError: Deadlock cycle in distributed checkout table lock"
LOG-INC-8070-2,INC-8070,2026-09-12T22:42:35Z,WARN,[notification-worker] Execution exception during request dispatch: Deadlock cycle in distributed checkout table lock,"Traceback (most recent call last):
  File ""app/handlers/dispatch.py"", line 142, in process
  ServiceError: Deadlock cycle in distributed checkout table lock"
LOG-INC-8070-3,INC-8070,2026-09-12T22:41:45Z,WARN,[notification-worker] Execution exception during request dispatch: Deadlock cycle in distributed checkout table lock,"Traceback (most recent call last):
  File ""app/handlers/dispatch.py"", line 142, in process
  ServiceError: Deadlock cycle in distributed checkout table lock"
LOG-INC-8070-4,INC-8070,2026-09-12T22:41:49Z,INFO,[notification-worker] Execution exception during request dispatch: Deadlock cycle in distributed checkout table lock,"Traceback (most recent call last):
  File ""app/handlers/dispatch.py"", line 142, in process
  ServiceError: Deadlock cycle in distributed checkout table lock"
LOG-INC-8071-1,INC-8071,2026-08-12T21:11:43Z,ERROR,[inventory-api] Execution exception during request dispatch: Network packet loss on Kubernetes overlay CNI bridge,"Traceback (most recent call last):
  File ""app/handlers/dispatch.py"", line 142, in process
  ServiceError: Network packet loss on Kubernetes overlay CNI bridge"
LOG-INC-8071-2,INC-8071,2026-08-12T21:10:42Z,ERROR,[inventory-api] Execution exception during request dispatch: Network packet loss on Kubernetes overlay CNI bridge,"Traceback (most recent call last):
  File ""app/handlers/dispatch.py"", line 142, in process
  ServiceError: Network packet loss on Kubernetes overlay CNI bridge"
LOG-INC-8071-3,INC-8071,2026-08-12T21:10:41Z,INFO,[inventory-api] Execution exception during request dispatch: Network packet loss on Kubernetes overlay CNI bridge,"Traceback (most recent call last):
  File ""app/handlers/dispatch.py"", line 142, in process
  ServiceError: Network packet loss on Kubernetes overlay CNI bridge"
LOG-INC-8072-1,INC-8072,2026-08-29T11:16:36Z,ERROR,[notification-worker] Execution exception during request dispatch: Distributed crawler burst triggering endpoint 429 retries,"Traceback (most recent call last):
  File ""app/handlers/dispatch.py"", line 142, in process
  ServiceError: Distributed crawler burst triggering endpoint 429 retries"
LOG-INC-8072-2,INC-8072,2026-08-29T11:17:30Z,INFO,[notification-worker] Execution exception during request dispatch: Distributed crawler burst triggering endpoint 429 retries,"Traceback (most recent call last):
  File ""app/handlers/dispatch.py"", line 142, in process
  ServiceError: Distributed crawler burst triggering endpoint 429 retries"
LOG-INC-8073-1,INC-8073,2026-09-26T06:06:57Z,INFO,[payment-gateway] Execution exception during request dispatch: Garbage collection pause duration exceeding 1500ms,"Traceback (most recent call last):
  File ""app/handlers/dispatch.py"", line 142, in process
  ServiceError: Garbage collection pause duration exceeding 1500ms"
LOG-INC-8073-2,INC-8073,2026-09-26T06:07:57Z,WARN,[payment-gateway] Execution exception during request dispatch: Garbage collection pause duration exceeding 1500ms,"Traceback (most recent call last):
  File ""app/handlers/dispatch.py"", line 142, in process
  ServiceError: Garbage collection pause duration exceeding 1500ms"
LOG-INC-8074-1,INC-8074,2026-09-22T10:04:13Z,INFO,[inventory-api] Execution exception during request dispatch: DNS resolution timeouts between VPC private subnets,"Traceback (most recent call last):
  File ""app/handlers/dispatch.py"", line 142, in process
  ServiceError: DNS resolution timeouts between VPC private subnets"
LOG-INC-8074-2,INC-8074,2026-09-22T10:04:37Z,ERROR,[inventory-api] Execution exception during request dispatch: DNS resolution timeouts between VPC private subnets,"Traceback (most recent call last):
  File ""app/handlers/dispatch.py"", line 142, in process
  ServiceError: DNS resolution timeouts between VPC private subnets"
LOG-INC-8075-1,INC-8075,2026-08-17T14:08:17Z,ERROR,[checkout-service] Execution exception during request dispatch: Stale cache invalidation logic deployed in Canary,"Traceback (most recent call last):
  File ""app/handlers/dispatch.py"", line 142, in process
  ServiceError: Stale cache invalidation logic deployed in Canary"
LOG-INC-8075-2,INC-8075,2026-08-17T14:08:22Z,ERROR,[checkout-service] Execution exception during request dispatch: Stale cache invalidation logic deployed in Canary,"Traceback (most recent call last):
  File ""app/handlers/dispatch.py"", line 142, in process
  ServiceError: Stale cache invalidation logic deployed in Canary"
LOG-INC-8075-3,INC-8075,2026-08-17T14:07:18Z,ERROR,[checkout-service] Execution exception during request dispatch: Stale cache invalidation logic deployed in Canary,"Traceback (most recent call last):
  File ""app/handlers/dispatch.py"", line 142, in process
  ServiceError: Stale cache invalidation logic deployed in Canary"
LOG-INC-8076-1,INC-8076,2026-08-24T18:51:48Z,WARN,[notification-worker] Execution exception during request dispatch: Dependency version mismatch in gRPC protobuf schema,"Traceback (most recent call last):
  File ""app/handlers/dispatch.py"", line 142, in process
  ServiceError: Dependency version mismatch in gRPC protobuf schema"
LOG-INC-8076-2,INC-8076,2026-08-24T18:52:17Z,INFO,[notification-worker] Execution exception during request dispatch: Dependency version mismatch in gRPC protobuf schema,"Traceback (most recent call last):
  File ""app/handlers/dispatch.py"", line 142, in process
  ServiceError: Dependency version mismatch in gRPC protobuf schema"
LOG-INC-8076-3,INC-8076,2026-08-24T18:52:41Z,ERROR,[notification-worker] Execution exception during request dispatch: Dependency version mismatch in gRPC protobuf schema,"Traceback (most recent call last):
  File ""app/handlers/dispatch.py"", line 142, in process
  ServiceError: Dependency version mismatch in gRPC protobuf schema"
LOG-INC-8076-4,INC-8076,2026-08-24T18:51:27Z,INFO,[notification-worker] Execution exception during request dispatch: Dependency version mismatch in gRPC protobuf schema,"Traceback (most recent call last):
  File ""app/handlers/dispatch.py"", line 142, in process
  ServiceError: Dependency version mismatch in gRPC protobuf schema"
LOG-INC-8077-1,INC-8077,2026-08-14T01:43:37Z,ERROR,[user-profile] Execution exception during request dispatch: Dependency version mismatch in gRPC protobuf schema,"Traceback (most recent call last):
  File ""app/handlers/dispatch.py"", line 142, in process
  ServiceError: Dependency version mismatch in gRPC protobuf schema"
LOG-INC-8077-2,INC-8077,2026-08-14T01:43:18Z,ERROR,[user-profile] Execution exception during request dispatch: Dependency version mismatch in gRPC protobuf schema,"Traceback (most recent call last):
  File ""app/handlers/dispatch.py"", line 142, in process
  ServiceError: Dependency version mismatch in gRPC protobuf schema"
LOG-INC-8077-3,INC-8077,2026-08-14T01:42:06Z,ERROR,[user-profile] Execution exception during request dispatch: Dependency version mismatch in gRPC protobuf schema,"Traceback (most recent call last):
  File ""app/handlers/dispatch.py"", line 142, in process
  ServiceError: Dependency version mismatch in gRPC protobuf schema"
LOG-INC-8077-4,INC-8077,2026-08-14T01:42:38Z,ERROR,[user-profile] Execution exception during request dispatch: Dependency version mismatch in gRPC protobuf schema,"Traceback (most recent call last):
  File ""app/handlers/dispatch.py"", line 142, in process
  ServiceError: Dependency version mismatch in gRPC protobuf schema"
LOG-INC-8078-1,INC-8078,2026-09-16T10:33:06Z,ERROR,[inventory-api] Execution exception during request dispatch: Inter-region transit latency degradation exceeding SLA,"Traceback (most recent call last):
  File ""app/handlers/dispatch.py"", line 142, in process
  ServiceError: Inter-region transit latency degradation exceeding SLA"
LOG-INC-8078-2,INC-8078,2026-09-16T10:33:03Z,INFO,[inventory-api] Execution exception during request dispatch: Inter-region transit latency degradation exceeding SLA,"Traceback (most recent call last):
  File ""app/handlers/dispatch.py"", line 142, in process
  ServiceError: Inter-region transit latency degradation exceeding SLA"
LOG-INC-8079-1,INC-8079,2026-08-15T17:54:51Z,INFO,[order-processing] Execution exception during request dispatch: Sudden traffic surge exceeding rate limiter bucket capacity,"Traceback (most recent call last):
  File ""app/handlers/dispatch.py"", line 142, in process
  ServiceError: Sudden traffic surge exceeding rate limiter bucket capacity"
LOG-INC-8079-2,INC-8079,2026-08-15T17:55:00Z,INFO,[order-processing] Execution exception during request dispatch: Sudden traffic surge exceeding rate limiter bucket capacity,"Traceback (most recent call last):
  File ""app/handlers/dispatch.py"", line 142, in process
  ServiceError: Sudden traffic surge exceeding rate limiter bucket capacity"
LOG-INC-8080-1,INC-8080,2026-09-06T05:10:21Z,INFO,[notification-worker] Execution exception during request dispatch: Slow query cascade triggering client connection timeout,"Traceback (most recent call last):
  File ""app/handlers/dispatch.py"", line 142, in process
  ServiceError: Slow query cascade triggering client connection timeout"
LOG-INC-8080-2,INC-8080,2026-09-06T05:10:58Z,WARN,[notification-worker] Execution exception during request dispatch: Slow query cascade triggering client connection timeout,"Traceback (most recent call last):
  File ""app/handlers/dispatch.py"", line 142, in process
  ServiceError: Slow query cascade triggering client connection timeout"
LOG-INC-8080-3,INC-8080,2026-09-06T05:11:17Z,ERROR,[notification-worker] Execution exception during request dispatch: Slow query cascade triggering client connection timeout,"Traceback (most recent call last):
  File ""app/handlers/dispatch.py"", line 142, in process
  ServiceError: Slow query cascade triggering client connection timeout"
LOG-INC-8081-1,INC-8081,2026-08-14T22:57:09Z,WARN,[order-processing] Execution exception during request dispatch: Stale cache invalidation logic deployed in Canary,"Traceback (most recent call last):
  File ""app/handlers/dispatch.py"", line 142, in process
  ServiceError: Stale cache invalidation logic deployed in Canary"
LOG-INC-8081-2,INC-8081,2026-08-14T22:57:57Z,ERROR,[order-processing] Execution exception during request dispatch: Stale cache invalidation logic deployed in Canary,"Traceback (most recent call last):
  File ""app/handlers/dispatch.py"", line 142, in process
  ServiceError: Stale cache invalidation logic deployed in Canary"
LOG-INC-8081-3,INC-8081,2026-08-14T22:58:43Z,ERROR,[order-processing] Execution exception during request dispatch: Stale cache invalidation logic deployed in Canary,"Traceback (most recent call last):
  File ""app/handlers/dispatch.py"", line 142, in process
  ServiceError: Stale cache invalidation logic deployed in Canary"
LOG-INC-8082-1,INC-8082,2026-08-18T08:07:13Z,WARN,[auth-service] Execution exception during request dispatch: Network packet loss on Kubernetes overlay CNI bridge,"Traceback (most recent call last):
  File ""app/handlers/dispatch.py"", line 142, in process
  ServiceError: Network packet loss on Kubernetes overlay CNI bridge"
LOG-INC-8082-2,INC-8082,2026-08-18T08:07:12Z,ERROR,[auth-service] Execution exception during request dispatch: Network packet loss on Kubernetes overlay CNI bridge,"Traceback (most recent call last):
  File ""app/handlers/dispatch.py"", line 142, in process
  ServiceError: Network packet loss on Kubernetes overlay CNI bridge"
LOG-INC-8083-1,INC-8083,2026-08-24T11:51:48Z,INFO,[search-indexer] Execution exception during request dispatch: Redis cluster shard memory limit eviction cascade,"Traceback (most recent call last):
  File ""app/handlers/dispatch.py"", line 142, in process
  ServiceError: Redis cluster shard memory limit eviction cascade"
LOG-INC-8083-2,INC-8083,2026-08-24T11:50:58Z,INFO,[search-indexer] Execution exception during request dispatch: Redis cluster shard memory limit eviction cascade,"Traceback (most recent call last):
  File ""app/handlers/dispatch.py"", line 142, in process
  ServiceError: Redis cluster shard memory limit eviction cascade"
LOG-INC-8084-1,INC-8084,2026-09-24T11:27:14Z,ERROR,[notification-worker] Execution exception during request dispatch: DNS resolution timeouts between VPC private subnets,"Traceback (most recent call last):
  File ""app/handlers/dispatch.py"", line 142, in process
  ServiceError: DNS resolution timeouts between VPC private subnets"
LOG-INC-8084-2,INC-8084,2026-09-24T11:27:41Z,ERROR,[notification-worker] Execution exception during request dispatch: DNS resolution timeouts between VPC private subnets,"Traceback (most recent call last):
  File ""app/handlers/dispatch.py"", line 142, in process
  ServiceError: DNS resolution timeouts between VPC private subnets"
LOG-INC-8085-1,INC-8085,2026-08-17T14:40:11Z,ERROR,[user-profile] Execution exception during request dispatch: Inter-region transit latency degradation exceeding SLA,"Traceback (most recent call last):
  File ""app/handlers/dispatch.py"", line 142, in process
  ServiceError: Inter-region transit latency degradation exceeding SLA"
LOG-INC-8085-2,INC-8085,2026-08-17T14:39:57Z,WARN,[user-profile] Execution exception during request dispatch: Inter-region transit latency degradation exceeding SLA,"Traceback (most recent call last):
  File ""app/handlers/dispatch.py"", line 142, in process
  ServiceError: Inter-region transit latency degradation exceeding SLA"
LOG-INC-8085-3,INC-8085,2026-08-17T14:39:40Z,ERROR,[user-profile] Execution exception during request dispatch: Inter-region transit latency degradation exceeding SLA,"Traceback (most recent call last):
  File ""app/handlers/dispatch.py"", line 142, in process
  ServiceError: Inter-region transit latency degradation exceeding SLA"
LOG-INC-8085-4,INC-8085,2026-08-17T14:40:16Z,INFO,[user-profile] Execution exception during request dispatch: Inter-region transit latency degradation exceeding SLA,"Traceback (most recent call last):
  File ""app/handlers/dispatch.py"", line 142, in process
  ServiceError: Inter-region transit latency degradation exceeding SLA"
LOG-INC-8086-1,INC-8086,2026-09-02T00:12:43Z,INFO,[search-indexer] Execution exception during request dispatch: Garbage collection pause duration exceeding 1500ms,"Traceback (most recent call last):
  File ""app/handlers/dispatch.py"", line 142, in process
  ServiceError: Garbage collection pause duration exceeding 1500ms"
LOG-INC-8086-2,INC-8086,2026-09-02T00:12:23Z,WARN,[search-indexer] Execution exception during request dispatch: Garbage collection pause duration exceeding 1500ms,"Traceback (most recent call last):
  File ""app/handlers/dispatch.py"", line 142, in process
  ServiceError: Garbage collection pause duration exceeding 1500ms"
LOG-INC-8087-1,INC-8087,2026-08-18T22:29:37Z,ERROR,[search-indexer] Execution exception during request dispatch: Deadlock cycle in distributed checkout table lock,"Traceback (most recent call last):
  File ""app/handlers/dispatch.py"", line 142, in process
  ServiceError: Deadlock cycle in distributed checkout table lock"
LOG-INC-8087-2,INC-8087,2026-08-18T22:28:11Z,WARN,[search-indexer] Execution exception during request dispatch: Deadlock cycle in distributed checkout table lock,"Traceback (most recent call last):
  File ""app/handlers/dispatch.py"", line 142, in process
  ServiceError: Deadlock cycle in distributed checkout table lock"
LOG-INC-8087-3,INC-8087,2026-08-18T22:28:53Z,INFO,[search-indexer] Execution exception during request dispatch: Deadlock cycle in distributed checkout table lock,"Traceback (most recent call last):
  File ""app/handlers/dispatch.py"", line 142, in process
  ServiceError: Deadlock cycle in distributed checkout table lock"
LOG-INC-8087-4,INC-8087,2026-08-18T22:29:22Z,INFO,[search-indexer] Execution exception during request dispatch: Deadlock cycle in distributed checkout table lock,"Traceback (most recent call last):
  File ""app/handlers/dispatch.py"", line 142, in process
  ServiceError: Deadlock cycle in distributed checkout table lock"
LOG-INC-8088-1,INC-8088,2026-08-13T16:56:41Z,WARN,[order-processing] Execution exception during request dispatch: Ephemeral disk volume full due to unrotated application logs,"Traceback (most recent call last):
  File ""app/handlers/dispatch.py"", line 142, in process
  ServiceError: Ephemeral disk volume full due to unrotated application logs"
LOG-INC-8088-2,INC-8088,2026-08-13T16:55:36Z,INFO,[order-processing] Execution exception during request dispatch: Ephemeral disk volume full due to unrotated application logs,"Traceback (most recent call last):
  File ""app/handlers/dispatch.py"", line 142, in process
  ServiceError: Ephemeral disk volume full due to unrotated application logs"
LOG-INC-8088-3,INC-8088,2026-08-13T16:56:22Z,INFO,[order-processing] Execution exception during request dispatch: Ephemeral disk volume full due to unrotated application logs,"Traceback (most recent call last):
  File ""app/handlers/dispatch.py"", line 142, in process
  ServiceError: Ephemeral disk volume full due to unrotated application logs"
LOG-INC-8088-4,INC-8088,2026-08-13T16:55:31Z,WARN,[order-processing] Execution exception during request dispatch: Ephemeral disk volume full due to unrotated application logs,"Traceback (most recent call last):
  File ""app/handlers/dispatch.py"", line 142, in process
  ServiceError: Ephemeral disk volume full due to unrotated application logs"
LOG-INC-8089-1,INC-8089,2026-08-24T14:41:31Z,WARN,[user-profile] Execution exception during request dispatch: File descriptor limit reached on upstream reverse proxy,"Traceback (most recent call last):
  File ""app/handlers/dispatch.py"", line 142, in process
  ServiceError: File descriptor limit reached on upstream reverse proxy"
LOG-INC-8089-2,INC-8089,2026-08-24T14:41:45Z,WARN,[user-profile] Execution exception during request dispatch: File descriptor limit reached on upstream reverse proxy,"Traceback (most recent call last):
  File ""app/handlers/dispatch.py"", line 142, in process
  ServiceError: File descriptor limit reached on upstream reverse proxy"
LOG-INC-8089-3,INC-8089,2026-08-24T14:41:10Z,INFO,[user-profile] Execution exception during request dispatch: File descriptor limit reached on upstream reverse proxy,"Traceback (most recent call last):
  File ""app/handlers/dispatch.py"", line 142, in process
  ServiceError: File descriptor limit reached on upstream reverse proxy"
LOG-INC-8090-1,INC-8090,2026-09-01T10:19:48Z,WARN,[search-indexer] Execution exception during request dispatch: Deadlock cycle in distributed checkout table lock,"Traceback (most recent call last):
  File ""app/handlers/dispatch.py"", line 142, in process
  ServiceError: Deadlock cycle in distributed checkout table lock"
LOG-INC-8090-2,INC-8090,2026-09-01T10:20:42Z,WARN,[search-indexer] Execution exception during request dispatch: Deadlock cycle in distributed checkout table lock,"Traceback (most recent call last):
  File ""app/handlers/dispatch.py"", line 142, in process
  ServiceError: Deadlock cycle in distributed checkout table lock"
LOG-INC-8090-3,INC-8090,2026-09-01T10:20:37Z,INFO,[search-indexer] Execution exception during request dispatch: Deadlock cycle in distributed checkout table lock,"Traceback (most recent call last):
  File ""app/handlers/dispatch.py"", line 142, in process
  ServiceError: Deadlock cycle in distributed checkout table lock"
LOG-INC-8090-4,INC-8090,2026-09-01T10:20:39Z,WARN,[search-indexer] Execution exception during request dispatch: Deadlock cycle in distributed checkout table lock,"Traceback (most recent call last):
  File ""app/handlers/dispatch.py"", line 142, in process
  ServiceError: Deadlock cycle in distributed checkout table lock"
LOG-INC-8091-1,INC-8091,2026-08-15T18:16:12Z,INFO,[user-profile] Execution exception during request dispatch: Network packet loss on Kubernetes overlay CNI bridge,"Traceback (most recent call last):
  File ""app/handlers/dispatch.py"", line 142, in process
  ServiceError: Network packet loss on Kubernetes overlay CNI bridge"
LOG-INC-8091-2,INC-8091,2026-08-15T18:16:09Z,ERROR,[user-profile] Execution exception during request dispatch: Network packet loss on Kubernetes overlay CNI bridge,"Traceback (most recent call last):
  File ""app/handlers/dispatch.py"", line 142, in process
  ServiceError: Network packet loss on Kubernetes overlay CNI bridge"
LOG-INC-8091-3,INC-8091,2026-08-15T18:17:49Z,INFO,[user-profile] Execution exception during request dispatch: Network packet loss on Kubernetes overlay CNI bridge,"Traceback (most recent call last):
  File ""app/handlers/dispatch.py"", line 142, in process
  ServiceError: Network packet loss on Kubernetes overlay CNI bridge"
LOG-INC-8091-4,INC-8091,2026-08-15T18:16:11Z,ERROR,[user-profile] Execution exception during request dispatch: Network packet loss on Kubernetes overlay CNI bridge,"Traceback (most recent call last):
  File ""app/handlers/dispatch.py"", line 142, in process
  ServiceError: Network packet loss on Kubernetes overlay CNI bridge"
LOG-INC-8092-1,INC-8092,2026-09-04T11:58:05Z,INFO,[order-processing] Execution exception during request dispatch: Pod memory limit hit triggering repeated OOMKilled events,"Traceback (most recent call last):
  File ""app/handlers/dispatch.py"", line 142, in process
  ServiceError: Pod memory limit hit triggering repeated OOMKilled events"
LOG-INC-8092-2,INC-8092,2026-09-04T11:59:15Z,WARN,[order-processing] Execution exception during request dispatch: Pod memory limit hit triggering repeated OOMKilled events,"Traceback (most recent call last):
  File ""app/handlers/dispatch.py"", line 142, in process
  ServiceError: Pod memory limit hit triggering repeated OOMKilled events"
LOG-INC-8093-1,INC-8093,2026-08-16T02:04:12Z,ERROR,[payment-gateway] Execution exception during request dispatch: TLS certificate handshake timeout on third-party webhook,"Traceback (most recent call last):
  File ""app/handlers/dispatch.py"", line 142, in process
  ServiceError: TLS certificate handshake timeout on third-party webhook"
LOG-INC-8093-2,INC-8093,2026-08-16T02:03:35Z,ERROR,[payment-gateway] Execution exception during request dispatch: TLS certificate handshake timeout on third-party webhook,"Traceback (most recent call last):
  File ""app/handlers/dispatch.py"", line 142, in process
  ServiceError: TLS certificate handshake timeout on third-party webhook"
LOG-INC-8094-1,INC-8094,2026-08-27T17:43:42Z,ERROR,[order-processing] Execution exception during request dispatch: Deadlock cycle in distributed checkout table lock,"Traceback (most recent call last):
  File ""app/handlers/dispatch.py"", line 142, in process
  ServiceError: Deadlock cycle in distributed checkout table lock"
LOG-INC-8094-2,INC-8094,2026-08-27T17:42:09Z,ERROR,[order-processing] Execution exception during request dispatch: Deadlock cycle in distributed checkout table lock,"Traceback (most recent call last):
  File ""app/handlers/dispatch.py"", line 142, in process
  ServiceError: Deadlock cycle in distributed checkout table lock"
LOG-INC-8094-3,INC-8094,2026-08-27T17:42:16Z,ERROR,[order-processing] Execution exception during request dispatch: Deadlock cycle in distributed checkout table lock,"Traceback (most recent call last):
  File ""app/handlers/dispatch.py"", line 142, in process
  ServiceError: Deadlock cycle in distributed checkout table lock"
LOG-INC-8094-4,INC-8094,2026-08-27T17:42:56Z,ERROR,[order-processing] Execution exception during request dispatch: Deadlock cycle in distributed checkout table lock,"Traceback (most recent call last):
  File ""app/handlers/dispatch.py"", line 142, in process
  ServiceError: Deadlock cycle in distributed checkout table lock"
LOG-INC-8095-1,INC-8095,2026-08-18T10:38:10Z,ERROR,[notification-worker] Execution exception during request dispatch: Inter-region transit latency degradation exceeding SLA,"Traceback (most recent call last):
  File ""app/handlers/dispatch.py"", line 142, in process
  ServiceError: Inter-region transit latency degradation exceeding SLA"
LOG-INC-8095-2,INC-8095,2026-08-18T10:38:32Z,INFO,[notification-worker] Execution exception during request dispatch: Inter-region transit latency degradation exceeding SLA,"Traceback (most recent call last):
  File ""app/handlers/dispatch.py"", line 142, in process
  ServiceError: Inter-region transit latency degradation exceeding SLA"
LOG-INC-8095-3,INC-8095,2026-08-18T10:39:58Z,INFO,[notification-worker] Execution exception during request dispatch: Inter-region transit latency degradation exceeding SLA,"Traceback (most recent call last):
  File ""app/handlers/dispatch.py"", line 142, in process
  ServiceError: Inter-region transit latency degradation exceeding SLA"
LOG-INC-8095-4,INC-8095,2026-08-18T10:39:05Z,WARN,[notification-worker] Execution exception during request dispatch: Inter-region transit latency degradation exceeding SLA,"Traceback (most recent call last):
  File ""app/handlers/dispatch.py"", line 142, in process
  ServiceError: Inter-region transit latency degradation exceeding SLA"
LOG-INC-8096-1,INC-8096,2026-08-25T01:17:43Z,ERROR,[payment-gateway] Execution exception during request dispatch: Pod memory limit hit triggering repeated OOMKilled events,"Traceback (most recent call last):
  File ""app/handlers/dispatch.py"", line 142, in process
  ServiceError: Pod memory limit hit triggering repeated OOMKilled events"
LOG-INC-8096-2,INC-8096,2026-08-25T01:18:17Z,ERROR,[payment-gateway] Execution exception during request dispatch: Pod memory limit hit triggering repeated OOMKilled events,"Traceback (most recent call last):
  File ""app/handlers/dispatch.py"", line 142, in process
  ServiceError: Pod memory limit hit triggering repeated OOMKilled events"
LOG-INC-8097-1,INC-8097,2026-08-26T02:52:40Z,WARN,[search-indexer] Execution exception during request dispatch: Distributed crawler burst triggering endpoint 429 retries,"Traceback (most recent call last):
  File ""app/handlers/dispatch.py"", line 142, in process
  ServiceError: Distributed crawler burst triggering endpoint 429 retries"
LOG-INC-8097-2,INC-8097,2026-08-26T02:51:11Z,ERROR,[search-indexer] Execution exception during request dispatch: Distributed crawler burst triggering endpoint 429 retries,"Traceback (most recent call last):
  File ""app/handlers/dispatch.py"", line 142, in process
  ServiceError: Distributed crawler burst triggering endpoint 429 retries"
LOG-INC-8097-3,INC-8097,2026-08-26T02:52:00Z,ERROR,[search-indexer] Execution exception during request dispatch: Distributed crawler burst triggering endpoint 429 retries,"Traceback (most recent call last):
  File ""app/handlers/dispatch.py"", line 142, in process
  ServiceError: Distributed crawler burst triggering endpoint 429 retries"
LOG-INC-8097-4,INC-8097,2026-08-26T02:52:52Z,ERROR,[search-indexer] Execution exception during request dispatch: Distributed crawler burst triggering endpoint 429 retries,"Traceback (most recent call last):
  File ""app/handlers/dispatch.py"", line 142, in process
  ServiceError: Distributed crawler burst triggering endpoint 429 retries"
LOG-INC-8098-1,INC-8098,2026-08-27T10:08:42Z,ERROR,[notification-worker] Execution exception during request dispatch: File descriptor limit reached on upstream reverse proxy,"Traceback (most recent call last):
  File ""app/handlers/dispatch.py"", line 142, in process
  ServiceError: File descriptor limit reached on upstream reverse proxy"
LOG-INC-8098-2,INC-8098,2026-08-27T10:09:36Z,ERROR,[notification-worker] Execution exception during request dispatch: File descriptor limit reached on upstream reverse proxy,"Traceback (most recent call last):
  File ""app/handlers/dispatch.py"", line 142, in process
  ServiceError: File descriptor limit reached on upstream reverse proxy"
LOG-INC-8098-3,INC-8098,2026-08-27T10:08:15Z,WARN,[notification-worker] Execution exception during request dispatch: File descriptor limit reached on upstream reverse proxy,"Traceback (most recent call last):
  File ""app/handlers/dispatch.py"", line 142, in process
  ServiceError: File descriptor limit reached on upstream reverse proxy"
LOG-INC-8098-4,INC-8098,2026-08-27T10:08:24Z,WARN,[notification-worker] Execution exception during request dispatch: File descriptor limit reached on upstream reverse proxy,"Traceback (most recent call last):
  File ""app/handlers/dispatch.py"", line 142, in process
  ServiceError: File descriptor limit reached on upstream reverse proxy"
LOG-INC-8099-1,INC-8099,2026-09-01T05:50:08Z,ERROR,[user-profile] Execution exception during request dispatch: Config flag default inversion causing request rejections,"Traceback (most recent call last):
  File ""app/handlers/dispatch.py"", line 142, in process
  ServiceError: Config flag default inversion causing request rejections"
LOG-INC-8099-2,INC-8099,2026-09-01T05:50:50Z,INFO,[user-profile] Execution exception during request dispatch: Config flag default inversion causing request rejections,"Traceback (most recent call last):
  File ""app/handlers/dispatch.py"", line 142, in process
  ServiceError: Config flag default inversion causing request rejections"
LOG-INC-8100-1,INC-8100,2026-08-31T11:02:53Z,ERROR,[inventory-api] Execution exception during request dispatch: Database migration lock timeout during schema rollout,"Traceback (most recent call last):
  File ""app/handlers/dispatch.py"", line 142, in process
  ServiceError: Database migration lock timeout during schema rollout"
LOG-INC-8100-2,INC-8100,2026-08-31T11:02:22Z,WARN,[inventory-api] Execution exception during request dispatch: Database migration lock timeout during schema rollout,"Traceback (most recent call last):
  File ""app/handlers/dispatch.py"", line 142, in process
  ServiceError: Database migration lock timeout during schema rollout"
LOG-INC-8100-3,INC-8100,2026-08-31T11:02:43Z,WARN,[inventory-api] Execution exception during request dispatch: Database migration lock timeout during schema rollout,"Traceback (most recent call last):
  File ""app/handlers/dispatch.py"", line 142, in process
  ServiceError: Database migration lock timeout during schema rollout"
LOG-INC-8100-4,INC-8100,2026-08-31T11:03:08Z,ERROR,[inventory-api] Execution exception during request dispatch: Database migration lock timeout during schema rollout,"Traceback (most recent call last):
  File ""app/handlers/dispatch.py"", line 142, in process
  ServiceError: Database migration lock timeout during schema rollout"
LOG-INC-8101-1,INC-8101,2026-08-14T12:26:08Z,INFO,[inventory-api] Execution exception during request dispatch: Unhandled arithmetic overflow in currency conversion,"Traceback (most recent call last):
  File ""app/handlers/dispatch.py"", line 142, in process
  ServiceError: Unhandled arithmetic overflow in currency conversion"
LOG-INC-8101-2,INC-8101,2026-08-14T12:26:23Z,ERROR,[inventory-api] Execution exception during request dispatch: Unhandled arithmetic overflow in currency conversion,"Traceback (most recent call last):
  File ""app/handlers/dispatch.py"", line 142, in process
  ServiceError: Unhandled arithmetic overflow in currency conversion"
LOG-INC-8101-3,INC-8101,2026-08-14T12:26:03Z,ERROR,[inventory-api] Execution exception during request dispatch: Unhandled arithmetic overflow in currency conversion,"Traceback (most recent call last):
  File ""app/handlers/dispatch.py"", line 142, in process
  ServiceError: Unhandled arithmetic overflow in currency conversion"
LOG-INC-8101-4,INC-8101,2026-08-14T12:25:22Z,WARN,[inventory-api] Execution exception during request dispatch: Unhandled arithmetic overflow in currency conversion,"Traceback (most recent call last):
  File ""app/handlers/dispatch.py"", line 142, in process
  ServiceError: Unhandled arithmetic overflow in currency conversion"
LOG-INC-8102-1,INC-8102,2026-09-11T21:30:30Z,WARN,[user-profile] Execution exception during request dispatch: Memory leak in unclosed HTTP response stream handler,"Traceback (most recent call last):
  File ""app/handlers/dispatch.py"", line 142, in process
  ServiceError: Memory leak in unclosed HTTP response stream handler"
LOG-INC-8102-2,INC-8102,2026-09-11T21:30:45Z,ERROR,[user-profile] Execution exception during request dispatch: Memory leak in unclosed HTTP response stream handler,"Traceback (most recent call last):
  File ""app/handlers/dispatch.py"", line 142, in process
  ServiceError: Memory leak in unclosed HTTP response stream handler"
LOG-INC-8102-3,INC-8102,2026-09-11T21:30:55Z,WARN,[user-profile] Execution exception during request dispatch: Memory leak in unclosed HTTP response stream handler,"Traceback (most recent call last):
  File ""app/handlers/dispatch.py"", line 142, in process
  ServiceError: Memory leak in unclosed HTTP response stream handler"
LOG-INC-8102-4,INC-8102,2026-09-11T21:30:42Z,INFO,[user-profile] Execution exception during request dispatch: Memory leak in unclosed HTTP response stream handler,"Traceback (most recent call last):
  File ""app/handlers/dispatch.py"", line 142, in process
  ServiceError: Memory leak in unclosed HTTP response stream handler"
LOG-INC-8103-1,INC-8103,2026-09-01T10:55:04Z,INFO,[search-indexer] Execution exception during request dispatch: Flash sale burst traffic causing ingress queue build-up,"Traceback (most recent call last):
  File ""app/handlers/dispatch.py"", line 142, in process
  ServiceError: Flash sale burst traffic causing ingress queue build-up"
LOG-INC-8103-2,INC-8103,2026-09-01T10:54:31Z,WARN,[search-indexer] Execution exception during request dispatch: Flash sale burst traffic causing ingress queue build-up,"Traceback (most recent call last):
  File ""app/handlers/dispatch.py"", line 142, in process
  ServiceError: Flash sale burst traffic causing ingress queue build-up"
LOG-INC-8103-3,INC-8103,2026-09-01T10:55:47Z,WARN,[search-indexer] Execution exception during request dispatch: Flash sale burst traffic causing ingress queue build-up,"Traceback (most recent call last):
  File ""app/handlers/dispatch.py"", line 142, in process
  ServiceError: Flash sale burst traffic causing ingress queue build-up"
LOG-INC-8103-4,INC-8103,2026-09-01T10:55:51Z,INFO,[search-indexer] Execution exception during request dispatch: Flash sale burst traffic causing ingress queue build-up,"Traceback (most recent call last):
  File ""app/handlers/dispatch.py"", line 142, in process
  ServiceError: Flash sale burst traffic causing ingress queue build-up"
LOG-INC-8104-1,INC-8104,2026-09-23T02:59:06Z,INFO,[inventory-api] Execution exception during request dispatch: TLS certificate handshake timeout on third-party webhook,"Traceback (most recent call last):
  File ""app/handlers/dispatch.py"", line 142, in process
  ServiceError: TLS certificate handshake timeout on third-party webhook"
LOG-INC-8104-2,INC-8104,2026-09-23T02:58:56Z,INFO,[inventory-api] Execution exception during request dispatch: TLS certificate handshake timeout on third-party webhook,"Traceback (most recent call last):
  File ""app/handlers/dispatch.py"", line 142, in process
  ServiceError: TLS certificate handshake timeout on third-party webhook"
LOG-INC-8104-3,INC-8104,2026-09-23T02:59:09Z,INFO,[inventory-api] Execution exception during request dispatch: TLS certificate handshake timeout on third-party webhook,"Traceback (most recent call last):
  File ""app/handlers/dispatch.py"", line 142, in process
  ServiceError: TLS certificate handshake timeout on third-party webhook"
LOG-INC-8104-4,INC-8104,2026-09-23T02:58:58Z,INFO,[inventory-api] Execution exception during request dispatch: TLS certificate handshake timeout on third-party webhook,"Traceback (most recent call last):
  File ""app/handlers/dispatch.py"", line 142, in process
  ServiceError: TLS certificate handshake timeout on third-party webhook"
LOG-INC-8105-1,INC-8105,2026-08-28T03:14:41Z,WARN,[auth-service] Execution exception during request dispatch: Deadlock cycle in distributed checkout table lock,"Traceback (most recent call last):
  File ""app/handlers/dispatch.py"", line 142, in process
  ServiceError: Deadlock cycle in distributed checkout table lock"
LOG-INC-8105-2,INC-8105,2026-08-28T03:14:46Z,WARN,[auth-service] Execution exception during request dispatch: Deadlock cycle in distributed checkout table lock,"Traceback (most recent call last):
  File ""app/handlers/dispatch.py"", line 142, in process
  ServiceError: Deadlock cycle in distributed checkout table lock"
LOG-INC-8105-3,INC-8105,2026-08-28T03:13:18Z,ERROR,[auth-service] Execution exception during request dispatch: Deadlock cycle in distributed checkout table lock,"Traceback (most recent call last):
  File ""app/handlers/dispatch.py"", line 142, in process
  ServiceError: Deadlock cycle in distributed checkout table lock"
LOG-INC-8106-1,INC-8106,2026-08-30T16:52:49Z,ERROR,[order-processing] Execution exception during request dispatch: Corrupted response payload format failing client validation,"Traceback (most recent call last):
  File ""app/handlers/dispatch.py"", line 142, in process
  ServiceError: Corrupted response payload format failing client validation"
LOG-INC-8106-2,INC-8106,2026-08-30T16:53:06Z,ERROR,[order-processing] Execution exception during request dispatch: Corrupted response payload format failing client validation,"Traceback (most recent call last):
  File ""app/handlers/dispatch.py"", line 142, in process
  ServiceError: Corrupted response payload format failing client validation"
LOG-INC-8107-1,INC-8107,2026-08-25T18:42:43Z,ERROR,[user-profile] Execution exception during request dispatch: Slow query cascade triggering client connection timeout,"Traceback (most recent call last):
  File ""app/handlers/dispatch.py"", line 142, in process
  ServiceError: Slow query cascade triggering client connection timeout"
LOG-INC-8107-2,INC-8107,2026-08-25T18:43:48Z,INFO,[user-profile] Execution exception during request dispatch: Slow query cascade triggering client connection timeout,"Traceback (most recent call last):
  File ""app/handlers/dispatch.py"", line 142, in process
  ServiceError: Slow query cascade triggering client connection timeout"
LOG-INC-8108-1,INC-8108,2026-09-01T08:56:59Z,ERROR,[checkout-service] Execution exception during request dispatch: TCP socket connection reset by peer on egress gateway,"Traceback (most recent call last):
  File ""app/handlers/dispatch.py"", line 142, in process
  ServiceError: TCP socket connection reset by peer on egress gateway"
LOG-INC-8108-2,INC-8108,2026-09-01T08:57:04Z,ERROR,[checkout-service] Execution exception during request dispatch: TCP socket connection reset by peer on egress gateway,"Traceback (most recent call last):
  File ""app/handlers/dispatch.py"", line 142, in process
  ServiceError: TCP socket connection reset by peer on egress gateway"
LOG-INC-8108-3,INC-8108,2026-09-01T08:56:34Z,ERROR,[checkout-service] Execution exception during request dispatch: TCP socket connection reset by peer on egress gateway,"Traceback (most recent call last):
  File ""app/handlers/dispatch.py"", line 142, in process
  ServiceError: TCP socket connection reset by peer on egress gateway"
LOG-INC-8108-4,INC-8108,2026-09-01T08:57:47Z,ERROR,[checkout-service] Execution exception during request dispatch: TCP socket connection reset by peer on egress gateway,"Traceback (most recent call last):
  File ""app/handlers/dispatch.py"", line 142, in process
  ServiceError: TCP socket connection reset by peer on egress gateway"
LOG-INC-8109-1,INC-8109,2026-09-16T17:10:48Z,ERROR,[order-processing] Execution exception during request dispatch: Corrupted response payload format failing client validation,"Traceback (most recent call last):
  File ""app/handlers/dispatch.py"", line 142, in process
  ServiceError: Corrupted response payload format failing client validation"
LOG-INC-8109-2,INC-8109,2026-09-16T17:10:18Z,ERROR,[order-processing] Execution exception during request dispatch: Corrupted response payload format failing client validation,"Traceback (most recent call last):
  File ""app/handlers/dispatch.py"", line 142, in process
  ServiceError: Corrupted response payload format failing client validation"
LOG-INC-8109-3,INC-8109,2026-09-16T17:10:47Z,INFO,[order-processing] Execution exception during request dispatch: Corrupted response payload format failing client validation,"Traceback (most recent call last):
  File ""app/handlers/dispatch.py"", line 142, in process
  ServiceError: Corrupted response payload format failing client validation"
LOG-INC-8109-4,INC-8109,2026-09-16T17:09:28Z,WARN,[order-processing] Execution exception during request dispatch: Corrupted response payload format failing client validation,"Traceback (most recent call last):
  File ""app/handlers/dispatch.py"", line 142, in process
  ServiceError: Corrupted response payload format failing client validation"
LOG-INC-8110-1,INC-8110,2026-08-29T09:27:35Z,WARN,[user-profile] Execution exception during request dispatch: Batch data import job executed during peak consumer hours,"Traceback (most recent call last):
  File ""app/handlers/dispatch.py"", line 142, in process
  ServiceError: Batch data import job executed during peak consumer hours"
LOG-INC-8110-2,INC-8110,2026-08-29T09:27:23Z,INFO,[user-profile] Execution exception during request dispatch: Batch data import job executed during peak consumer hours,"Traceback (most recent call last):
  File ""app/handlers/dispatch.py"", line 142, in process
  ServiceError: Batch data import job executed during peak consumer hours"
LOG-INC-8110-3,INC-8110,2026-08-29T09:26:15Z,INFO,[user-profile] Execution exception during request dispatch: Batch data import job executed during peak consumer hours,"Traceback (most recent call last):
  File ""app/handlers/dispatch.py"", line 142, in process
  ServiceError: Batch data import job executed during peak consumer hours"
LOG-INC-8110-4,INC-8110,2026-08-29T09:26:22Z,WARN,[user-profile] Execution exception during request dispatch: Batch data import job executed during peak consumer hours,"Traceback (most recent call last):
  File ""app/handlers/dispatch.py"", line 142, in process
  ServiceError: Batch data import job executed during peak consumer hours"
LOG-INC-8111-1,INC-8111,2026-08-25T22:22:16Z,ERROR,[search-indexer] Execution exception during request dispatch: Slow query cascade triggering client connection timeout,"Traceback (most recent call last):
  File ""app/handlers/dispatch.py"", line 142, in process
  ServiceError: Slow query cascade triggering client connection timeout"
LOG-INC-8111-2,INC-8111,2026-08-25T22:22:07Z,WARN,[search-indexer] Execution exception during request dispatch: Slow query cascade triggering client connection timeout,"Traceback (most recent call last):
  File ""app/handlers/dispatch.py"", line 142, in process
  ServiceError: Slow query cascade triggering client connection timeout"
LOG-INC-8112-1,INC-8112,2026-08-13T15:01:08Z,WARN,[payment-gateway] Execution exception during request dispatch: Stale cache invalidation logic deployed in Canary,"Traceback (most recent call last):
  File ""app/handlers/dispatch.py"", line 142, in process
  ServiceError: Stale cache invalidation logic deployed in Canary"
LOG-INC-8112-2,INC-8112,2026-08-13T15:01:32Z,WARN,[payment-gateway] Execution exception during request dispatch: Stale cache invalidation logic deployed in Canary,"Traceback (most recent call last):
  File ""app/handlers/dispatch.py"", line 142, in process
  ServiceError: Stale cache invalidation logic deployed in Canary"
LOG-INC-8112-3,INC-8112,2026-08-13T15:00:58Z,INFO,[payment-gateway] Execution exception during request dispatch: Stale cache invalidation logic deployed in Canary,"Traceback (most recent call last):
  File ""app/handlers/dispatch.py"", line 142, in process
  ServiceError: Stale cache invalidation logic deployed in Canary"
LOG-INC-8112-4,INC-8112,2026-08-13T15:01:52Z,WARN,[payment-gateway] Execution exception during request dispatch: Stale cache invalidation logic deployed in Canary,"Traceback (most recent call last):
  File ""app/handlers/dispatch.py"", line 142, in process
  ServiceError: Stale cache invalidation logic deployed in Canary"
LOG-INC-8113-1,INC-8113,2026-08-22T15:10:19Z,INFO,[payment-gateway] Execution exception during request dispatch: Distributed crawler burst triggering endpoint 429 retries,"Traceback (most recent call last):
  File ""app/handlers/dispatch.py"", line 142, in process
  ServiceError: Distributed crawler burst triggering endpoint 429 retries"
LOG-INC-8113-2,INC-8113,2026-08-22T15:10:19Z,WARN,[payment-gateway] Execution exception during request dispatch: Distributed crawler burst triggering endpoint 429 retries,"Traceback (most recent call last):
  File ""app/handlers/dispatch.py"", line 142, in process
  ServiceError: Distributed crawler burst triggering endpoint 429 retries"
LOG-INC-8113-3,INC-8113,2026-08-22T15:11:44Z,INFO,[payment-gateway] Execution exception during request dispatch: Distributed crawler burst triggering endpoint 429 retries,"Traceback (most recent call last):
  File ""app/handlers/dispatch.py"", line 142, in process
  ServiceError: Distributed crawler burst triggering endpoint 429 retries"
LOG-INC-8113-4,INC-8113,2026-08-22T15:11:50Z,WARN,[payment-gateway] Execution exception during request dispatch: Distributed crawler burst triggering endpoint 429 retries,"Traceback (most recent call last):
  File ""app/handlers/dispatch.py"", line 142, in process
  ServiceError: Distributed crawler burst triggering endpoint 429 retries"
LOG-INC-8114-1,INC-8114,2026-08-27T17:47:56Z,ERROR,[notification-worker] Execution exception during request dispatch: Unhandled arithmetic overflow in currency conversion,"Traceback (most recent call last):
  File ""app/handlers/dispatch.py"", line 142, in process
  ServiceError: Unhandled arithmetic overflow in currency conversion"
LOG-INC-8114-2,INC-8114,2026-08-27T17:47:02Z,WARN,[notification-worker] Execution exception during request dispatch: Unhandled arithmetic overflow in currency conversion,"Traceback (most recent call last):
  File ""app/handlers/dispatch.py"", line 142, in process
  ServiceError: Unhandled arithmetic overflow in currency conversion"
LOG-INC-8114-3,INC-8114,2026-08-27T17:46:49Z,ERROR,[notification-worker] Execution exception during request dispatch: Unhandled arithmetic overflow in currency conversion,"Traceback (most recent call last):
  File ""app/handlers/dispatch.py"", line 142, in process
  ServiceError: Unhandled arithmetic overflow in currency conversion"
LOG-INC-8115-1,INC-8115,2026-08-31T13:06:21Z,INFO,[search-indexer] Execution exception during request dispatch: Unindexed query scan causing read replica CPU spike,"Traceback (most recent call last):
  File ""app/handlers/dispatch.py"", line 142, in process
  ServiceError: Unindexed query scan causing read replica CPU spike"
LOG-INC-8115-2,INC-8115,2026-08-31T13:05:26Z,WARN,[search-indexer] Execution exception during request dispatch: Unindexed query scan causing read replica CPU spike,"Traceback (most recent call last):
  File ""app/handlers/dispatch.py"", line 142, in process
  ServiceError: Unindexed query scan causing read replica CPU spike"
LOG-INC-8115-3,INC-8115,2026-08-31T13:06:35Z,WARN,[search-indexer] Execution exception during request dispatch: Unindexed query scan causing read replica CPU spike,"Traceback (most recent call last):
  File ""app/handlers/dispatch.py"", line 142, in process
  ServiceError: Unindexed query scan causing read replica CPU spike"
LOG-INC-8116-1,INC-8116,2026-09-11T19:57:55Z,ERROR,[search-indexer] Execution exception during request dispatch: High CPU throttling on Kubernetes node worker pool,"Traceback (most recent call last):
  File ""app/handlers/dispatch.py"", line 142, in process
  ServiceError: High CPU throttling on Kubernetes node worker pool"
LOG-INC-8116-2,INC-8116,2026-09-11T19:58:07Z,ERROR,[search-indexer] Execution exception during request dispatch: High CPU throttling on Kubernetes node worker pool,"Traceback (most recent call last):
  File ""app/handlers/dispatch.py"", line 142, in process
  ServiceError: High CPU throttling on Kubernetes node worker pool"
LOG-INC-8116-3,INC-8116,2026-09-11T19:57:23Z,ERROR,[search-indexer] Execution exception during request dispatch: High CPU throttling on Kubernetes node worker pool,"Traceback (most recent call last):
  File ""app/handlers/dispatch.py"", line 142, in process
  ServiceError: High CPU throttling on Kubernetes node worker pool"
LOG-INC-8116-4,INC-8116,2026-09-11T19:58:18Z,ERROR,[search-indexer] Execution exception during request dispatch: High CPU throttling on Kubernetes node worker pool,"Traceback (most recent call last):
  File ""app/handlers/dispatch.py"", line 142, in process
  ServiceError: High CPU throttling on Kubernetes node worker pool"
LOG-INC-8117-1,INC-8117,2026-08-17T22:41:16Z,INFO,[search-indexer] Execution exception during request dispatch: Ephemeral disk volume full due to unrotated application logs,"Traceback (most recent call last):
  File ""app/handlers/dispatch.py"", line 142, in process
  ServiceError: Ephemeral disk volume full due to unrotated application logs"
LOG-INC-8117-2,INC-8117,2026-08-17T22:42:03Z,INFO,[search-indexer] Execution exception during request dispatch: Ephemeral disk volume full due to unrotated application logs,"Traceback (most recent call last):
  File ""app/handlers/dispatch.py"", line 142, in process
  ServiceError: Ephemeral disk volume full due to unrotated application logs"
LOG-INC-8117-3,INC-8117,2026-08-17T22:42:30Z,INFO,[search-indexer] Execution exception during request dispatch: Ephemeral disk volume full due to unrotated application logs,"Traceback (most recent call last):
  File ""app/handlers/dispatch.py"", line 142, in process
  ServiceError: Ephemeral disk volume full due to unrotated application logs"
LOG-INC-8117-4,INC-8117,2026-08-17T22:41:50Z,ERROR,[search-indexer] Execution exception during request dispatch: Ephemeral disk volume full due to unrotated application logs,"Traceback (most recent call last):
  File ""app/handlers/dispatch.py"", line 142, in process
  ServiceError: Ephemeral disk volume full due to unrotated application logs"
LOG-INC-8118-1,INC-8118,2026-08-22T19:11:25Z,WARN,[checkout-service] Execution exception during request dispatch: Race condition in concurrent token refresh logic,"Traceback (most recent call last):
  File ""app/handlers/dispatch.py"", line 142, in process
  ServiceError: Race condition in concurrent token refresh logic"
LOG-INC-8118-2,INC-8118,2026-08-22T19:10:07Z,ERROR,[checkout-service] Execution exception during request dispatch: Race condition in concurrent token refresh logic,"Traceback (most recent call last):
  File ""app/handlers/dispatch.py"", line 142, in process
  ServiceError: Race condition in concurrent token refresh logic"
LOG-INC-8119-1,INC-8119,2026-09-22T05:48:15Z,WARN,[checkout-service] Execution exception during request dispatch: High CPU throttling on Kubernetes node worker pool,"Traceback (most recent call last):
  File ""app/handlers/dispatch.py"", line 142, in process
  ServiceError: High CPU throttling on Kubernetes node worker pool"
LOG-INC-8119-2,INC-8119,2026-09-22T05:49:30Z,INFO,[checkout-service] Execution exception during request dispatch: High CPU throttling on Kubernetes node worker pool,"Traceback (most recent call last):
  File ""app/handlers/dispatch.py"", line 142, in process
  ServiceError: High CPU throttling on Kubernetes node worker pool"
LOG-INC-8119-3,INC-8119,2026-09-22T05:48:26Z,ERROR,[checkout-service] Execution exception during request dispatch: High CPU throttling on Kubernetes node worker pool,"Traceback (most recent call last):
  File ""app/handlers/dispatch.py"", line 142, in process
  ServiceError: High CPU throttling on Kubernetes node worker pool"
LOG-INC-8120-1,INC-8120,2026-09-02T20:23:06Z,INFO,[auth-service] Execution exception during request dispatch: Config flag default inversion causing request rejections,"Traceback (most recent call last):
  File ""app/handlers/dispatch.py"", line 142, in process
  ServiceError: Config flag default inversion causing request rejections"
LOG-INC-8120-2,INC-8120,2026-09-02T20:23:48Z,ERROR,[auth-service] Execution exception during request dispatch: Config flag default inversion causing request rejections,"Traceback (most recent call last):
  File ""app/handlers/dispatch.py"", line 142, in process
  ServiceError: Config flag default inversion causing request rejections"
LOG-INC-8121-1,INC-8121,2026-08-23T05:08:31Z,ERROR,[auth-service] Execution exception during request dispatch: Ephemeral disk volume full due to unrotated application logs,"Traceback (most recent call last):
  File ""app/handlers/dispatch.py"", line 142, in process
  ServiceError: Ephemeral disk volume full due to unrotated application logs"
LOG-INC-8121-2,INC-8121,2026-08-23T05:07:13Z,INFO,[auth-service] Execution exception during request dispatch: Ephemeral disk volume full due to unrotated application logs,"Traceback (most recent call last):
  File ""app/handlers/dispatch.py"", line 142, in process
  ServiceError: Ephemeral disk volume full due to unrotated application logs"
LOG-INC-8121-3,INC-8121,2026-08-23T05:08:17Z,ERROR,[auth-service] Execution exception during request dispatch: Ephemeral disk volume full due to unrotated application logs,"Traceback (most recent call last):
  File ""app/handlers/dispatch.py"", line 142, in process
  ServiceError: Ephemeral disk volume full due to unrotated application logs"
LOG-INC-8121-4,INC-8121,2026-08-23T05:08:23Z,INFO,[auth-service] Execution exception during request dispatch: Ephemeral disk volume full due to unrotated application logs,"Traceback (most recent call last):
  File ""app/handlers/dispatch.py"", line 142, in process
  ServiceError: Ephemeral disk volume full due to unrotated application logs"
LOG-INC-8122-1,INC-8122,2026-08-23T05:53:54Z,ERROR,[checkout-service] Execution exception during request dispatch: Batch data import job executed during peak consumer hours,"Traceback (most recent call last):
  File ""app/handlers/dispatch.py"", line 142, in process
  ServiceError: Batch data import job executed during peak consumer hours"
LOG-INC-8122-2,INC-8122,2026-08-23T05:53:49Z,ERROR,[checkout-service] Execution exception during request dispatch: Batch data import job executed during peak consumer hours,"Traceback (most recent call last):
  File ""app/handlers/dispatch.py"", line 142, in process
  ServiceError: Batch data import job executed during peak consumer hours"
LOG-INC-8122-3,INC-8122,2026-08-23T05:53:59Z,ERROR,[checkout-service] Execution exception during request dispatch: Batch data import job executed during peak consumer hours,"Traceback (most recent call last):
  File ""app/handlers/dispatch.py"", line 142, in process
  ServiceError: Batch data import job executed during peak consumer hours"
LOG-INC-8122-4,INC-8122,2026-08-23T05:53:45Z,ERROR,[checkout-service] Execution exception during request dispatch: Batch data import job executed during peak consumer hours,"Traceback (most recent call last):
  File ""app/handlers/dispatch.py"", line 142, in process
  ServiceError: Batch data import job executed during peak consumer hours"
LOG-INC-8123-1,INC-8123,2026-08-27T12:37:11Z,INFO,[inventory-api] Execution exception during request dispatch: DNS resolution timeouts between VPC private subnets,"Traceback (most recent call last):
  File ""app/handlers/dispatch.py"", line 142, in process
  ServiceError: DNS resolution timeouts between VPC private subnets"
LOG-INC-8123-2,INC-8123,2026-08-27T12:37:10Z,ERROR,[inventory-api] Execution exception during request dispatch: DNS resolution timeouts between VPC private subnets,"Traceback (most recent call last):
  File ""app/handlers/dispatch.py"", line 142, in process
  ServiceError: DNS resolution timeouts between VPC private subnets"
LOG-INC-8124-1,INC-8124,2026-08-14T23:41:55Z,INFO,[notification-worker] Execution exception during request dispatch: Database migration lock timeout during schema rollout,"Traceback (most recent call last):
  File ""app/handlers/dispatch.py"", line 142, in process
  ServiceError: Database migration lock timeout during schema rollout"
LOG-INC-8124-2,INC-8124,2026-08-14T23:40:58Z,WARN,[notification-worker] Execution exception during request dispatch: Database migration lock timeout during schema rollout,"Traceback (most recent call last):
  File ""app/handlers/dispatch.py"", line 142, in process
  ServiceError: Database migration lock timeout during schema rollout"
LOG-INC-8124-3,INC-8124,2026-08-14T23:41:14Z,INFO,[notification-worker] Execution exception during request dispatch: Database migration lock timeout during schema rollout,"Traceback (most recent call last):
  File ""app/handlers/dispatch.py"", line 142, in process
  ServiceError: Database migration lock timeout during schema rollout"
LOG-INC-8125-1,INC-8125,2026-08-22T13:52:56Z,ERROR,[order-processing] Execution exception during request dispatch: Stale cache invalidation logic deployed in Canary,"Traceback (most recent call last):
  File ""app/handlers/dispatch.py"", line 142, in process
  ServiceError: Stale cache invalidation logic deployed in Canary"
LOG-INC-8125-2,INC-8125,2026-08-22T13:53:26Z,INFO,[order-processing] Execution exception during request dispatch: Stale cache invalidation logic deployed in Canary,"Traceback (most recent call last):
  File ""app/handlers/dispatch.py"", line 142, in process
  ServiceError: Stale cache invalidation logic deployed in Canary"
LOG-INC-8125-3,INC-8125,2026-08-22T13:53:13Z,INFO,[order-processing] Execution exception during request dispatch: Stale cache invalidation logic deployed in Canary,"Traceback (most recent call last):
  File ""app/handlers/dispatch.py"", line 142, in process
  ServiceError: Stale cache invalidation logic deployed in Canary"
LOG-INC-8125-4,INC-8125,2026-08-22T13:52:24Z,WARN,[order-processing] Execution exception during request dispatch: Stale cache invalidation logic deployed in Canary,"Traceback (most recent call last):
  File ""app/handlers/dispatch.py"", line 142, in process
  ServiceError: Stale cache invalidation logic deployed in Canary"
LOG-INC-8126-1,INC-8126,2026-08-19T12:14:13Z,WARN,[checkout-service] Execution exception during request dispatch: Memory leak in unclosed HTTP response stream handler,"Traceback (most recent call last):
  File ""app/handlers/dispatch.py"", line 142, in process
  ServiceError: Memory leak in unclosed HTTP response stream handler"
LOG-INC-8126-2,INC-8126,2026-08-19T12:15:34Z,WARN,[checkout-service] Execution exception during request dispatch: Memory leak in unclosed HTTP response stream handler,"Traceback (most recent call last):
  File ""app/handlers/dispatch.py"", line 142, in process
  ServiceError: Memory leak in unclosed HTTP response stream handler"
LOG-INC-8126-3,INC-8126,2026-08-19T12:15:38Z,ERROR,[checkout-service] Execution exception during request dispatch: Memory leak in unclosed HTTP response stream handler,"Traceback (most recent call last):
  File ""app/handlers/dispatch.py"", line 142, in process
  ServiceError: Memory leak in unclosed HTTP response stream handler"
LOG-INC-8126-4,INC-8126,2026-08-19T12:14:12Z,ERROR,[checkout-service] Execution exception during request dispatch: Memory leak in unclosed HTTP response stream handler,"Traceback (most recent call last):
  File ""app/handlers/dispatch.py"", line 142, in process
  ServiceError: Memory leak in unclosed HTTP response stream handler"
LOG-INC-8127-1,INC-8127,2026-08-25T06:33:25Z,WARN,[payment-gateway] Execution exception during request dispatch: TCP socket connection reset by peer on egress gateway,"Traceback (most recent call last):
  File ""app/handlers/dispatch.py"", line 142, in process
  ServiceError: TCP socket connection reset by peer on egress gateway"
LOG-INC-8127-2,INC-8127,2026-08-25T06:33:49Z,INFO,[payment-gateway] Execution exception during request dispatch: TCP socket connection reset by peer on egress gateway,"Traceback (most recent call last):
  File ""app/handlers/dispatch.py"", line 142, in process
  ServiceError: TCP socket connection reset by peer on egress gateway"
LOG-INC-8128-1,INC-8128,2026-09-14T12:34:25Z,ERROR,[auth-service] Execution exception during request dispatch: Dependency version mismatch in gRPC protobuf schema,"Traceback (most recent call last):
  File ""app/handlers/dispatch.py"", line 142, in process
  ServiceError: Dependency version mismatch in gRPC protobuf schema"
LOG-INC-8128-2,INC-8128,2026-09-14T12:34:08Z,WARN,[auth-service] Execution exception during request dispatch: Dependency version mismatch in gRPC protobuf schema,"Traceback (most recent call last):
  File ""app/handlers/dispatch.py"", line 142, in process
  ServiceError: Dependency version mismatch in gRPC protobuf schema"
LOG-INC-8128-3,INC-8128,2026-09-14T12:34:10Z,WARN,[auth-service] Execution exception during request dispatch: Dependency version mismatch in gRPC protobuf schema,"Traceback (most recent call last):
  File ""app/handlers/dispatch.py"", line 142, in process
  ServiceError: Dependency version mismatch in gRPC protobuf schema"
LOG-INC-8128-4,INC-8128,2026-09-14T12:33:12Z,WARN,[auth-service] Execution exception during request dispatch: Dependency version mismatch in gRPC protobuf schema,"Traceback (most recent call last):
  File ""app/handlers/dispatch.py"", line 142, in process
  ServiceError: Dependency version mismatch in gRPC protobuf schema"
LOG-INC-8129-1,INC-8129,2026-09-18T08:18:15Z,INFO,[payment-gateway] Execution exception during request dispatch: Config flag default inversion causing request rejections,"Traceback (most recent call last):
  File ""app/handlers/dispatch.py"", line 142, in process
  ServiceError: Config flag default inversion causing request rejections"
LOG-INC-8129-2,INC-8129,2026-09-18T08:18:39Z,INFO,[payment-gateway] Execution exception during request dispatch: Config flag default inversion causing request rejections,"Traceback (most recent call last):
  File ""app/handlers/dispatch.py"", line 142, in process
  ServiceError: Config flag default inversion causing request rejections"
LOG-INC-8130-1,INC-8130,2026-08-26T20:18:33Z,ERROR,[search-indexer] Execution exception during request dispatch: Ephemeral disk volume full due to unrotated application logs,"Traceback (most recent call last):
  File ""app/handlers/dispatch.py"", line 142, in process
  ServiceError: Ephemeral disk volume full due to unrotated application logs"
LOG-INC-8130-2,INC-8130,2026-08-26T20:19:47Z,ERROR,[search-indexer] Execution exception during request dispatch: Ephemeral disk volume full due to unrotated application logs,"Traceback (most recent call last):
  File ""app/handlers/dispatch.py"", line 142, in process
  ServiceError: Ephemeral disk volume full due to unrotated application logs"
LOG-INC-8131-1,INC-8131,2026-09-15T10:49:08Z,ERROR,[payment-gateway] Execution exception during request dispatch: File descriptor limit reached on upstream reverse proxy,"Traceback (most recent call last):
  File ""app/handlers/dispatch.py"", line 142, in process
  ServiceError: File descriptor limit reached on upstream reverse proxy"
LOG-INC-8131-2,INC-8131,2026-09-15T10:49:38Z,INFO,[payment-gateway] Execution exception during request dispatch: File descriptor limit reached on upstream reverse proxy,"Traceback (most recent call last):
  File ""app/handlers/dispatch.py"", line 142, in process
  ServiceError: File descriptor limit reached on upstream reverse proxy"
LOG-INC-8131-3,INC-8131,2026-09-15T10:49:42Z,ERROR,[payment-gateway] Execution exception during request dispatch: File descriptor limit reached on upstream reverse proxy,"Traceback (most recent call last):
  File ""app/handlers/dispatch.py"", line 142, in process
  ServiceError: File descriptor limit reached on upstream reverse proxy"
LOG-INC-8131-4,INC-8131,2026-09-15T10:48:24Z,ERROR,[payment-gateway] Execution exception during request dispatch: File descriptor limit reached on upstream reverse proxy,"Traceback (most recent call last):
  File ""app/handlers/dispatch.py"", line 142, in process
  ServiceError: File descriptor limit reached on upstream reverse proxy"
LOG-INC-8132-1,INC-8132,2026-09-21T18:13:58Z,ERROR,[payment-gateway] Execution exception during request dispatch: Stale cache invalidation logic deployed in Canary,"Traceback (most recent call last):
  File ""app/handlers/dispatch.py"", line 142, in process
  ServiceError: Stale cache invalidation logic deployed in Canary"
LOG-INC-8132-2,INC-8132,2026-09-21T18:14:07Z,ERROR,[payment-gateway] Execution exception during request dispatch: Stale cache invalidation logic deployed in Canary,"Traceback (most recent call last):
  File ""app/handlers/dispatch.py"", line 142, in process
  ServiceError: Stale cache invalidation logic deployed in Canary"
LOG-INC-8133-1,INC-8133,2026-09-22T15:01:22Z,INFO,[order-processing] Execution exception during request dispatch: Batch data import job executed during peak consumer hours,"Traceback (most recent call last):
  File ""app/handlers/dispatch.py"", line 142, in process
  ServiceError: Batch data import job executed during peak consumer hours"
LOG-INC-8133-2,INC-8133,2026-09-22T15:02:49Z,WARN,[order-processing] Execution exception during request dispatch: Batch data import job executed during peak consumer hours,"Traceback (most recent call last):
  File ""app/handlers/dispatch.py"", line 142, in process
  ServiceError: Batch data import job executed during peak consumer hours"
LOG-INC-8133-3,INC-8133,2026-09-22T15:01:14Z,INFO,[order-processing] Execution exception during request dispatch: Batch data import job executed during peak consumer hours,"Traceback (most recent call last):
  File ""app/handlers/dispatch.py"", line 142, in process
  ServiceError: Batch data import job executed during peak consumer hours"
LOG-INC-8133-4,INC-8133,2026-09-22T15:02:17Z,ERROR,[order-processing] Execution exception during request dispatch: Batch data import job executed during peak consumer hours,"Traceback (most recent call last):
  File ""app/handlers/dispatch.py"", line 142, in process
  ServiceError: Batch data import job executed during peak consumer hours"
LOG-INC-8134-1,INC-8134,2026-09-14T02:43:22Z,INFO,[search-indexer] Execution exception during request dispatch: Inter-region transit latency degradation exceeding SLA,"Traceback (most recent call last):
  File ""app/handlers/dispatch.py"", line 142, in process
  ServiceError: Inter-region transit latency degradation exceeding SLA"
LOG-INC-8134-2,INC-8134,2026-09-14T02:43:18Z,ERROR,[search-indexer] Execution exception during request dispatch: Inter-region transit latency degradation exceeding SLA,"Traceback (most recent call last):
  File ""app/handlers/dispatch.py"", line 142, in process
  ServiceError: Inter-region transit latency degradation exceeding SLA"
LOG-INC-8135-1,INC-8135,2026-09-19T07:37:50Z,ERROR,[user-profile] Execution exception during request dispatch: Redis cluster shard memory limit eviction cascade,"Traceback (most recent call last):
  File ""app/handlers/dispatch.py"", line 142, in process
  ServiceError: Redis cluster shard memory limit eviction cascade"
LOG-INC-8135-2,INC-8135,2026-09-19T07:37:35Z,ERROR,[user-profile] Execution exception during request dispatch: Redis cluster shard memory limit eviction cascade,"Traceback (most recent call last):
  File ""app/handlers/dispatch.py"", line 142, in process
  ServiceError: Redis cluster shard memory limit eviction cascade"
LOG-INC-8135-3,INC-8135,2026-09-19T07:37:34Z,ERROR,[user-profile] Execution exception during request dispatch: Redis cluster shard memory limit eviction cascade,"Traceback (most recent call last):
  File ""app/handlers/dispatch.py"", line 142, in process
  ServiceError: Redis cluster shard memory limit eviction cascade"
LOG-INC-8136-1,INC-8136,2026-09-01T04:31:17Z,WARN,[inventory-api] Execution exception during request dispatch: Connection pool saturation under sustained transaction load,"Traceback (most recent call last):
  File ""app/handlers/dispatch.py"", line 142, in process
  ServiceError: Connection pool saturation under sustained transaction load"
LOG-INC-8136-2,INC-8136,2026-09-01T04:31:18Z,ERROR,[inventory-api] Execution exception during request dispatch: Connection pool saturation under sustained transaction load,"Traceback (most recent call last):
  File ""app/handlers/dispatch.py"", line 142, in process
  ServiceError: Connection pool saturation under sustained transaction load"
LOG-INC-8137-1,INC-8137,2026-08-14T19:42:20Z,WARN,[checkout-service] Execution exception during request dispatch: Race condition in concurrent token refresh logic,"Traceback (most recent call last):
  File ""app/handlers/dispatch.py"", line 142, in process
  ServiceError: Race condition in concurrent token refresh logic"
LOG-INC-8137-2,INC-8137,2026-08-14T19:42:49Z,ERROR,[checkout-service] Execution exception during request dispatch: Race condition in concurrent token refresh logic,"Traceback (most recent call last):
  File ""app/handlers/dispatch.py"", line 142, in process
  ServiceError: Race condition in concurrent token refresh logic"
LOG-INC-8137-3,INC-8137,2026-08-14T19:41:07Z,ERROR,[checkout-service] Execution exception during request dispatch: Race condition in concurrent token refresh logic,"Traceback (most recent call last):
  File ""app/handlers/dispatch.py"", line 142, in process
  ServiceError: Race condition in concurrent token refresh logic"
LOG-INC-8137-4,INC-8137,2026-08-14T19:41:30Z,INFO,[checkout-service] Execution exception during request dispatch: Race condition in concurrent token refresh logic,"Traceback (most recent call last):
  File ""app/handlers/dispatch.py"", line 142, in process
  ServiceError: Race condition in concurrent token refresh logic"
LOG-INC-8138-1,INC-8138,2026-09-09T01:43:50Z,ERROR,[checkout-service] Execution exception during request dispatch: Corrupted response payload format failing client validation,"Traceback (most recent call last):
  File ""app/handlers/dispatch.py"", line 142, in process
  ServiceError: Corrupted response payload format failing client validation"
LOG-INC-8138-2,INC-8138,2026-09-09T01:43:32Z,ERROR,[checkout-service] Execution exception during request dispatch: Corrupted response payload format failing client validation,"Traceback (most recent call last):
  File ""app/handlers/dispatch.py"", line 142, in process
  ServiceError: Corrupted response payload format failing client validation"
LOG-INC-8139-1,INC-8139,2026-09-04T16:32:54Z,ERROR,[order-processing] Execution exception during request dispatch: Corrupted response payload format failing client validation,"Traceback (most recent call last):
  File ""app/handlers/dispatch.py"", line 142, in process
  ServiceError: Corrupted response payload format failing client validation"
LOG-INC-8139-2,INC-8139,2026-09-04T16:32:58Z,ERROR,[order-processing] Execution exception during request dispatch: Corrupted response payload format failing client validation,"Traceback (most recent call last):
  File ""app/handlers/dispatch.py"", line 142, in process
  ServiceError: Corrupted response payload format failing client validation"
LOG-INC-8139-3,INC-8139,2026-09-04T16:33:27Z,INFO,[order-processing] Execution exception during request dispatch: Corrupted response payload format failing client validation,"Traceback (most recent call last):
  File ""app/handlers/dispatch.py"", line 142, in process
  ServiceError: Corrupted response payload format failing client validation"
LOG-INC-8140-1,INC-8140,2026-09-03T15:01:28Z,ERROR,[user-profile] Execution exception during request dispatch: Race condition in concurrent token refresh logic,"Traceback (most recent call last):
  File ""app/handlers/dispatch.py"", line 142, in process
  ServiceError: Race condition in concurrent token refresh logic"
LOG-INC-8140-2,INC-8140,2026-09-03T15:01:45Z,INFO,[user-profile] Execution exception during request dispatch: Race condition in concurrent token refresh logic,"Traceback (most recent call last):
  File ""app/handlers/dispatch.py"", line 142, in process
  ServiceError: Race condition in concurrent token refresh logic"
LOG-INC-8140-3,INC-8140,2026-09-03T15:01:33Z,ERROR,[user-profile] Execution exception during request dispatch: Race condition in concurrent token refresh logic,"Traceback (most recent call last):
  File ""app/handlers/dispatch.py"", line 142, in process
  ServiceError: Race condition in concurrent token refresh logic"
LOG-INC-8141-1,INC-8141,2026-08-20T08:09:12Z,ERROR,[checkout-service] Execution exception during request dispatch: TCP socket connection reset by peer on egress gateway,"Traceback (most recent call last):
  File ""app/handlers/dispatch.py"", line 142, in process
  ServiceError: TCP socket connection reset by peer on egress gateway"
LOG-INC-8141-2,INC-8141,2026-08-20T08:10:18Z,WARN,[checkout-service] Execution exception during request dispatch: TCP socket connection reset by peer on egress gateway,"Traceback (most recent call last):
  File ""app/handlers/dispatch.py"", line 142, in process
  ServiceError: TCP socket connection reset by peer on egress gateway"
LOG-INC-8141-3,INC-8141,2026-08-20T08:09:50Z,ERROR,[checkout-service] Execution exception during request dispatch: TCP socket connection reset by peer on egress gateway,"Traceback (most recent call last):
  File ""app/handlers/dispatch.py"", line 142, in process
  ServiceError: TCP socket connection reset by peer on egress gateway"
LOG-INC-8141-4,INC-8141,2026-08-20T08:09:27Z,ERROR,[checkout-service] Execution exception during request dispatch: TCP socket connection reset by peer on egress gateway,"Traceback (most recent call last):
  File ""app/handlers/dispatch.py"", line 142, in process
  ServiceError: TCP socket connection reset by peer on egress gateway"
LOG-INC-8142-1,INC-8142,2026-08-14T07:54:14Z,ERROR,[user-profile] Execution exception during request dispatch: Dependency version mismatch in gRPC protobuf schema,"Traceback (most recent call last):
  File ""app/handlers/dispatch.py"", line 142, in process
  ServiceError: Dependency version mismatch in gRPC protobuf schema"
LOG-INC-8142-2,INC-8142,2026-08-14T07:53:44Z,ERROR,[user-profile] Execution exception during request dispatch: Dependency version mismatch in gRPC protobuf schema,"Traceback (most recent call last):
  File ""app/handlers/dispatch.py"", line 142, in process
  ServiceError: Dependency version mismatch in gRPC protobuf schema"
LOG-INC-8142-3,INC-8142,2026-08-14T07:53:27Z,ERROR,[user-profile] Execution exception during request dispatch: Dependency version mismatch in gRPC protobuf schema,"Traceback (most recent call last):
  File ""app/handlers/dispatch.py"", line 142, in process
  ServiceError: Dependency version mismatch in gRPC protobuf schema"
LOG-INC-8143-1,INC-8143,2026-08-20T23:18:12Z,ERROR,[notification-worker] Execution exception during request dispatch: Flash sale burst traffic causing ingress queue build-up,"Traceback (most recent call last):
  File ""app/handlers/dispatch.py"", line 142, in process
  ServiceError: Flash sale burst traffic causing ingress queue build-up"
LOG-INC-8143-2,INC-8143,2026-08-20T23:18:23Z,INFO,[notification-worker] Execution exception during request dispatch: Flash sale burst traffic causing ingress queue build-up,"Traceback (most recent call last):
  File ""app/handlers/dispatch.py"", line 142, in process
  ServiceError: Flash sale burst traffic causing ingress queue build-up"
LOG-INC-8143-3,INC-8143,2026-08-20T23:19:35Z,ERROR,[notification-worker] Execution exception during request dispatch: Flash sale burst traffic causing ingress queue build-up,"Traceback (most recent call last):
  File ""app/handlers/dispatch.py"", line 142, in process
  ServiceError: Flash sale burst traffic causing ingress queue build-up"
LOG-INC-8144-1,INC-8144,2026-08-24T03:51:07Z,INFO,[search-indexer] Execution exception during request dispatch: Ephemeral disk volume full due to unrotated application logs,"Traceback (most recent call last):
  File ""app/handlers/dispatch.py"", line 142, in process
  ServiceError: Ephemeral disk volume full due to unrotated application logs"
LOG-INC-8144-2,INC-8144,2026-08-24T03:50:45Z,ERROR,[search-indexer] Execution exception during request dispatch: Ephemeral disk volume full due to unrotated application logs,"Traceback (most recent call last):
  File ""app/handlers/dispatch.py"", line 142, in process
  ServiceError: Ephemeral disk volume full due to unrotated application logs"
LOG-INC-8144-3,INC-8144,2026-08-24T03:51:35Z,INFO,[search-indexer] Execution exception during request dispatch: Ephemeral disk volume full due to unrotated application logs,"Traceback (most recent call last):
  File ""app/handlers/dispatch.py"", line 142, in process
  ServiceError: Ephemeral disk volume full due to unrotated application logs"
LOG-INC-8144-4,INC-8144,2026-08-24T03:51:33Z,INFO,[search-indexer] Execution exception during request dispatch: Ephemeral disk volume full due to unrotated application logs,"Traceback (most recent call last):
  File ""app/handlers/dispatch.py"", line 142, in process
  ServiceError: Ephemeral disk volume full due to unrotated application logs"
LOG-INC-8145-1,INC-8145,2026-08-24T07:42:18Z,WARN,[checkout-service] Execution exception during request dispatch: Inter-region transit latency degradation exceeding SLA,"Traceback (most recent call last):
  File ""app/handlers/dispatch.py"", line 142, in process
  ServiceError: Inter-region transit latency degradation exceeding SLA"
LOG-INC-8145-2,INC-8145,2026-08-24T07:42:53Z,INFO,[checkout-service] Execution exception during request dispatch: Inter-region transit latency degradation exceeding SLA,"Traceback (most recent call last):
  File ""app/handlers/dispatch.py"", line 142, in process
  ServiceError: Inter-region transit latency degradation exceeding SLA"
LOG-INC-8145-3,INC-8145,2026-08-24T07:41:09Z,ERROR,[checkout-service] Execution exception during request dispatch: Inter-region transit latency degradation exceeding SLA,"Traceback (most recent call last):
  File ""app/handlers/dispatch.py"", line 142, in process
  ServiceError: Inter-region transit latency degradation exceeding SLA"
LOG-INC-8145-4,INC-8145,2026-08-24T07:42:22Z,WARN,[checkout-service] Execution exception during request dispatch: Inter-region transit latency degradation exceeding SLA,"Traceback (most recent call last):
  File ""app/handlers/dispatch.py"", line 142, in process
  ServiceError: Inter-region transit latency degradation exceeding SLA"
LOG-INC-8146-1,INC-8146,2026-08-20T02:18:38Z,WARN,[order-processing] Execution exception during request dispatch: High CPU throttling on Kubernetes node worker pool,"Traceback (most recent call last):
  File ""app/handlers/dispatch.py"", line 142, in process
  ServiceError: High CPU throttling on Kubernetes node worker pool"
LOG-INC-8146-2,INC-8146,2026-08-20T02:18:02Z,ERROR,[order-processing] Execution exception during request dispatch: High CPU throttling on Kubernetes node worker pool,"Traceback (most recent call last):
  File ""app/handlers/dispatch.py"", line 142, in process
  ServiceError: High CPU throttling on Kubernetes node worker pool"
LOG-INC-8146-3,INC-8146,2026-08-20T02:17:38Z,ERROR,[order-processing] Execution exception during request dispatch: High CPU throttling on Kubernetes node worker pool,"Traceback (most recent call last):
  File ""app/handlers/dispatch.py"", line 142, in process
  ServiceError: High CPU throttling on Kubernetes node worker pool"
LOG-INC-8146-4,INC-8146,2026-08-20T02:17:36Z,INFO,[order-processing] Execution exception during request dispatch: High CPU throttling on Kubernetes node worker pool,"Traceback (most recent call last):
  File ""app/handlers/dispatch.py"", line 142, in process
  ServiceError: High CPU throttling on Kubernetes node worker pool"
LOG-INC-8147-1,INC-8147,2026-08-17T05:36:49Z,INFO,[payment-gateway] Execution exception during request dispatch: Corrupted response payload format failing client validation,"Traceback (most recent call last):
  File ""app/handlers/dispatch.py"", line 142, in process
  ServiceError: Corrupted response payload format failing client validation"
LOG-INC-8147-2,INC-8147,2026-08-17T05:36:53Z,ERROR,[payment-gateway] Execution exception during request dispatch: Corrupted response payload format failing client validation,"Traceback (most recent call last):
  File ""app/handlers/dispatch.py"", line 142, in process
  ServiceError: Corrupted response payload format failing client validation"
LOG-INC-8147-3,INC-8147,2026-08-17T05:37:51Z,WARN,[payment-gateway] Execution exception during request dispatch: Corrupted response payload format failing client validation,"Traceback (most recent call last):
  File ""app/handlers/dispatch.py"", line 142, in process
  ServiceError: Corrupted response payload format failing client validation"
LOG-INC-8148-1,INC-8148,2026-08-24T04:14:48Z,INFO,[inventory-api] Execution exception during request dispatch: Pod memory limit hit triggering repeated OOMKilled events,"Traceback (most recent call last):
  File ""app/handlers/dispatch.py"", line 142, in process
  ServiceError: Pod memory limit hit triggering repeated OOMKilled events"
LOG-INC-8148-2,INC-8148,2026-08-24T04:15:23Z,WARN,[inventory-api] Execution exception during request dispatch: Pod memory limit hit triggering repeated OOMKilled events,"Traceback (most recent call last):
  File ""app/handlers/dispatch.py"", line 142, in process
  ServiceError: Pod memory limit hit triggering repeated OOMKilled events"
LOG-INC-8149-1,INC-8149,2026-08-24T06:26:41Z,ERROR,[order-processing] Execution exception during request dispatch: Memory leak in unclosed HTTP response stream handler,"Traceback (most recent call last):
  File ""app/handlers/dispatch.py"", line 142, in process
  ServiceError: Memory leak in unclosed HTTP response stream handler"
LOG-INC-8149-2,INC-8149,2026-08-24T06:26:43Z,ERROR,[order-processing] Execution exception during request dispatch: Memory leak in unclosed HTTP response stream handler,"Traceback (most recent call last):
  File ""app/handlers/dispatch.py"", line 142, in process
  ServiceError: Memory leak in unclosed HTTP response stream handler"
LOG-INC-8149-3,INC-8149,2026-08-24T06:26:35Z,ERROR,[order-processing] Execution exception during request dispatch: Memory leak in unclosed HTTP response stream handler,"Traceback (most recent call last):
  File ""app/handlers/dispatch.py"", line 142, in process
  ServiceError: Memory leak in unclosed HTTP response stream handler"
LOG-INC-8149-4,INC-8149,2026-08-24T06:26:17Z,ERROR,[order-processing] Execution exception during request dispatch: Memory leak in unclosed HTTP response stream handler,"Traceback (most recent call last):
  File ""app/handlers/dispatch.py"", line 142, in process
  ServiceError: Memory leak in unclosed HTTP response stream handler"
LOG-INC-8150-1,INC-8150,2026-09-17T09:40:26Z,INFO,[user-profile] Execution exception during request dispatch: Dependency version mismatch in gRPC protobuf schema,"Traceback (most recent call last):
  File ""app/handlers/dispatch.py"", line 142, in process
  ServiceError: Dependency version mismatch in gRPC protobuf schema"
LOG-INC-8150-2,INC-8150,2026-09-17T09:40:42Z,ERROR,[user-profile] Execution exception during request dispatch: Dependency version mismatch in gRPC protobuf schema,"Traceback (most recent call last):
  File ""app/handlers/dispatch.py"", line 142, in process
  ServiceError: Dependency version mismatch in gRPC protobuf schema"
LOG-INC-8151-1,INC-8151,2026-09-09T03:07:10Z,WARN,[auth-service] Execution exception during request dispatch: Recursive call in JSON parsing leading to stack exhaustion,"Traceback (most recent call last):
  File ""app/handlers/dispatch.py"", line 142, in process
  ServiceError: Recursive call in JSON parsing leading to stack exhaustion"
LOG-INC-8151-2,INC-8151,2026-09-09T03:08:01Z,WARN,[auth-service] Execution exception during request dispatch: Recursive call in JSON parsing leading to stack exhaustion,"Traceback (most recent call last):
  File ""app/handlers/dispatch.py"", line 142, in process
  ServiceError: Recursive call in JSON parsing leading to stack exhaustion"
LOG-INC-8151-3,INC-8151,2026-09-09T03:07:38Z,ERROR,[auth-service] Execution exception during request dispatch: Recursive call in JSON parsing leading to stack exhaustion,"Traceback (most recent call last):
  File ""app/handlers/dispatch.py"", line 142, in process
  ServiceError: Recursive call in JSON parsing leading to stack exhaustion"
LOG-INC-8152-1,INC-8152,2026-09-23T17:09:58Z,INFO,[user-profile] Execution exception during request dispatch: Memory leak in unclosed HTTP response stream handler,"Traceback (most recent call last):
  File ""app/handlers/dispatch.py"", line 142, in process
  ServiceError: Memory leak in unclosed HTTP response stream handler"
LOG-INC-8152-2,INC-8152,2026-09-23T17:10:32Z,WARN,[user-profile] Execution exception during request dispatch: Memory leak in unclosed HTTP response stream handler,"Traceback (most recent call last):
  File ""app/handlers/dispatch.py"", line 142, in process
  ServiceError: Memory leak in unclosed HTTP response stream handler"
LOG-INC-8152-3,INC-8152,2026-09-23T17:10:18Z,ERROR,[user-profile] Execution exception during request dispatch: Memory leak in unclosed HTTP response stream handler,"Traceback (most recent call last):
  File ""app/handlers/dispatch.py"", line 142, in process
  ServiceError: Memory leak in unclosed HTTP response stream handler"
LOG-INC-8152-4,INC-8152,2026-09-23T17:10:05Z,WARN,[user-profile] Execution exception during request dispatch: Memory leak in unclosed HTTP response stream handler,"Traceback (most recent call last):
  File ""app/handlers/dispatch.py"", line 142, in process
  ServiceError: Memory leak in unclosed HTTP response stream handler"
LOG-INC-8153-1,INC-8153,2026-09-18T21:10:21Z,ERROR,[checkout-service] Execution exception during request dispatch: Recursive call in JSON parsing leading to stack exhaustion,"Traceback (most recent call last):
  File ""app/handlers/dispatch.py"", line 142, in process
  ServiceError: Recursive call in JSON parsing leading to stack exhaustion"
LOG-INC-8153-2,INC-8153,2026-09-18T21:10:59Z,ERROR,[checkout-service] Execution exception during request dispatch: Recursive call in JSON parsing leading to stack exhaustion,"Traceback (most recent call last):
  File ""app/handlers/dispatch.py"", line 142, in process
  ServiceError: Recursive call in JSON parsing leading to stack exhaustion"
LOG-INC-8154-1,INC-8154,2026-09-02T20:08:45Z,INFO,[auth-service] Execution exception during request dispatch: Batch data import job executed during peak consumer hours,"Traceback (most recent call last):
  File ""app/handlers/dispatch.py"", line 142, in process
  ServiceError: Batch data import job executed during peak consumer hours"
LOG-INC-8154-2,INC-8154,2026-09-02T20:08:24Z,INFO,[auth-service] Execution exception during request dispatch: Batch data import job executed during peak consumer hours,"Traceback (most recent call last):
  File ""app/handlers/dispatch.py"", line 142, in process
  ServiceError: Batch data import job executed during peak consumer hours"
LOG-INC-8155-1,INC-8155,2026-08-14T17:26:17Z,ERROR,[auth-service] Execution exception during request dispatch: Slow query cascade triggering client connection timeout,"Traceback (most recent call last):
  File ""app/handlers/dispatch.py"", line 142, in process
  ServiceError: Slow query cascade triggering client connection timeout"
LOG-INC-8155-2,INC-8155,2026-08-14T17:26:45Z,WARN,[auth-service] Execution exception during request dispatch: Slow query cascade triggering client connection timeout,"Traceback (most recent call last):
  File ""app/handlers/dispatch.py"", line 142, in process
  ServiceError: Slow query cascade triggering client connection timeout"
LOG-INC-8156-1,INC-8156,2026-08-17T00:06:35Z,ERROR,[checkout-service] Execution exception during request dispatch: Slow query cascade triggering client connection timeout,"Traceback (most recent call last):
  File ""app/handlers/dispatch.py"", line 142, in process
  ServiceError: Slow query cascade triggering client connection timeout"
LOG-INC-8156-2,INC-8156,2026-08-17T00:07:40Z,WARN,[checkout-service] Execution exception during request dispatch: Slow query cascade triggering client connection timeout,"Traceback (most recent call last):
  File ""app/handlers/dispatch.py"", line 142, in process
  ServiceError: Slow query cascade triggering client connection timeout"
LOG-INC-8156-3,INC-8156,2026-08-17T00:06:39Z,WARN,[checkout-service] Execution exception during request dispatch: Slow query cascade triggering client connection timeout,"Traceback (most recent call last):
  File ""app/handlers/dispatch.py"", line 142, in process
  ServiceError: Slow query cascade triggering client connection timeout"
LOG-INC-8156-4,INC-8156,2026-08-17T00:06:07Z,WARN,[checkout-service] Execution exception during request dispatch: Slow query cascade triggering client connection timeout,"Traceback (most recent call last):
  File ""app/handlers/dispatch.py"", line 142, in process
  ServiceError: Slow query cascade triggering client connection timeout"
LOG-INC-8157-1,INC-8157,2026-09-11T21:18:22Z,INFO,[order-processing] Execution exception during request dispatch: TLS certificate handshake timeout on third-party webhook,"Traceback (most recent call last):
  File ""app/handlers/dispatch.py"", line 142, in process
  ServiceError: TLS certificate handshake timeout on third-party webhook"
LOG-INC-8157-2,INC-8157,2026-09-11T21:17:16Z,ERROR,[order-processing] Execution exception during request dispatch: TLS certificate handshake timeout on third-party webhook,"Traceback (most recent call last):
  File ""app/handlers/dispatch.py"", line 142, in process
  ServiceError: TLS certificate handshake timeout on third-party webhook"
LOG-INC-8157-3,INC-8157,2026-09-11T21:18:01Z,ERROR,[order-processing] Execution exception during request dispatch: TLS certificate handshake timeout on third-party webhook,"Traceback (most recent call last):
  File ""app/handlers/dispatch.py"", line 142, in process
  ServiceError: TLS certificate handshake timeout on third-party webhook"
LOG-INC-8158-1,INC-8158,2026-08-21T23:14:08Z,ERROR,[checkout-service] Execution exception during request dispatch: Network packet loss on Kubernetes overlay CNI bridge,"Traceback (most recent call last):
  File ""app/handlers/dispatch.py"", line 142, in process
  ServiceError: Network packet loss on Kubernetes overlay CNI bridge"
LOG-INC-8158-2,INC-8158,2026-08-21T23:14:29Z,ERROR,[checkout-service] Execution exception during request dispatch: Network packet loss on Kubernetes overlay CNI bridge,"Traceback (most recent call last):
  File ""app/handlers/dispatch.py"", line 142, in process
  ServiceError: Network packet loss on Kubernetes overlay CNI bridge"
LOG-INC-8158-3,INC-8158,2026-08-21T23:15:52Z,ERROR,[checkout-service] Execution exception during request dispatch: Network packet loss on Kubernetes overlay CNI bridge,"Traceback (most recent call last):
  File ""app/handlers/dispatch.py"", line 142, in process
  ServiceError: Network packet loss on Kubernetes overlay CNI bridge"
LOG-INC-8158-4,INC-8158,2026-08-21T23:14:36Z,ERROR,[checkout-service] Execution exception during request dispatch: Network packet loss on Kubernetes overlay CNI bridge,"Traceback (most recent call last):
  File ""app/handlers/dispatch.py"", line 142, in process
  ServiceError: Network packet loss on Kubernetes overlay CNI bridge"
LOG-INC-8159-1,INC-8159,2026-09-20T20:27:52Z,WARN,[user-profile] Execution exception during request dispatch: Ephemeral disk volume full due to unrotated application logs,"Traceback (most recent call last):
  File ""app/handlers/dispatch.py"", line 142, in process
  ServiceError: Ephemeral disk volume full due to unrotated application logs"
LOG-INC-8159-2,INC-8159,2026-09-20T20:28:21Z,WARN,[user-profile] Execution exception during request dispatch: Ephemeral disk volume full due to unrotated application logs,"Traceback (most recent call last):
  File ""app/handlers/dispatch.py"", line 142, in process
  ServiceError: Ephemeral disk volume full due to unrotated application logs"
LOG-INC-8160-1,INC-8160,2026-08-31T10:43:54Z,ERROR,[checkout-service] Execution exception during request dispatch: Pod memory limit hit triggering repeated OOMKilled events,"Traceback (most recent call last):
  File ""app/handlers/dispatch.py"", line 142, in process
  ServiceError: Pod memory limit hit triggering repeated OOMKilled events"
LOG-INC-8160-2,INC-8160,2026-08-31T10:43:27Z,ERROR,[checkout-service] Execution exception during request dispatch: Pod memory limit hit triggering repeated OOMKilled events,"Traceback (most recent call last):
  File ""app/handlers/dispatch.py"", line 142, in process
  ServiceError: Pod memory limit hit triggering repeated OOMKilled events"
LOG-INC-8161-1,INC-8161,2026-08-20T20:24:35Z,INFO,[payment-gateway] Execution exception during request dispatch: Unindexed query scan causing read replica CPU spike,"Traceback (most recent call last):
  File ""app/handlers/dispatch.py"", line 142, in process
  ServiceError: Unindexed query scan causing read replica CPU spike"
LOG-INC-8161-2,INC-8161,2026-08-20T20:23:40Z,WARN,[payment-gateway] Execution exception during request dispatch: Unindexed query scan causing read replica CPU spike,"Traceback (most recent call last):
  File ""app/handlers/dispatch.py"", line 142, in process
  ServiceError: Unindexed query scan causing read replica CPU spike"
LOG-INC-8161-3,INC-8161,2026-08-20T20:24:59Z,WARN,[payment-gateway] Execution exception during request dispatch: Unindexed query scan causing read replica CPU spike,"Traceback (most recent call last):
  File ""app/handlers/dispatch.py"", line 142, in process
  ServiceError: Unindexed query scan causing read replica CPU spike"
LOG-INC-8161-4,INC-8161,2026-08-20T20:24:54Z,WARN,[payment-gateway] Execution exception during request dispatch: Unindexed query scan causing read replica CPU spike,"Traceback (most recent call last):
  File ""app/handlers/dispatch.py"", line 142, in process
  ServiceError: Unindexed query scan causing read replica CPU spike"
LOG-INC-8162-1,INC-8162,2026-08-19T06:57:21Z,INFO,[search-indexer] Execution exception during request dispatch: Database migration lock timeout during schema rollout,"Traceback (most recent call last):
  File ""app/handlers/dispatch.py"", line 142, in process
  ServiceError: Database migration lock timeout during schema rollout"
LOG-INC-8162-2,INC-8162,2026-08-19T06:56:41Z,WARN,[search-indexer] Execution exception during request dispatch: Database migration lock timeout during schema rollout,"Traceback (most recent call last):
  File ""app/handlers/dispatch.py"", line 142, in process
  ServiceError: Database migration lock timeout during schema rollout"
LOG-INC-8162-3,INC-8162,2026-08-19T06:57:32Z,ERROR,[search-indexer] Execution exception during request dispatch: Database migration lock timeout during schema rollout,"Traceback (most recent call last):
  File ""app/handlers/dispatch.py"", line 142, in process
  ServiceError: Database migration lock timeout during schema rollout"
LOG-INC-8162-4,INC-8162,2026-08-19T06:57:06Z,ERROR,[search-indexer] Execution exception during request dispatch: Database migration lock timeout during schema rollout,"Traceback (most recent call last):
  File ""app/handlers/dispatch.py"", line 142, in process
  ServiceError: Database migration lock timeout during schema rollout"
LOG-INC-8163-1,INC-8163,2026-08-20T23:23:29Z,WARN,[inventory-api] Execution exception during request dispatch: Flash sale burst traffic causing ingress queue build-up,"Traceback (most recent call last):
  File ""app/handlers/dispatch.py"", line 142, in process
  ServiceError: Flash sale burst traffic causing ingress queue build-up"
LOG-INC-8163-2,INC-8163,2026-08-20T23:23:32Z,ERROR,[inventory-api] Execution exception during request dispatch: Flash sale burst traffic causing ingress queue build-up,"Traceback (most recent call last):
  File ""app/handlers/dispatch.py"", line 142, in process
  ServiceError: Flash sale burst traffic causing ingress queue build-up"
LOG-INC-8163-3,INC-8163,2026-08-20T23:23:37Z,ERROR,[inventory-api] Execution exception during request dispatch: Flash sale burst traffic causing ingress queue build-up,"Traceback (most recent call last):
  File ""app/handlers/dispatch.py"", line 142, in process
  ServiceError: Flash sale burst traffic causing ingress queue build-up"
LOG-INC-8164-1,INC-8164,2026-08-30T22:57:49Z,ERROR,[inventory-api] Execution exception during request dispatch: Corrupted response payload format failing client validation,"Traceback (most recent call last):
  File ""app/handlers/dispatch.py"", line 142, in process
  ServiceError: Corrupted response payload format failing client validation"
LOG-INC-8164-2,INC-8164,2026-08-30T22:56:29Z,ERROR,[inventory-api] Execution exception during request dispatch: Corrupted response payload format failing client validation,"Traceback (most recent call last):
  File ""app/handlers/dispatch.py"", line 142, in process
  ServiceError: Corrupted response payload format failing client validation"
LOG-INC-8164-3,INC-8164,2026-08-30T22:56:48Z,ERROR,[inventory-api] Execution exception during request dispatch: Corrupted response payload format failing client validation,"Traceback (most recent call last):
  File ""app/handlers/dispatch.py"", line 142, in process
  ServiceError: Corrupted response payload format failing client validation"
LOG-INC-8164-4,INC-8164,2026-08-30T22:57:37Z,ERROR,[inventory-api] Execution exception during request dispatch: Corrupted response payload format failing client validation,"Traceback (most recent call last):
  File ""app/handlers/dispatch.py"", line 142, in process
  ServiceError: Corrupted response payload format failing client validation"
LOG-INC-8165-1,INC-8165,2026-08-24T11:41:32Z,WARN,[checkout-service] Execution exception during request dispatch: Recursive call in JSON parsing leading to stack exhaustion,"Traceback (most recent call last):
  File ""app/handlers/dispatch.py"", line 142, in process
  ServiceError: Recursive call in JSON parsing leading to stack exhaustion"
LOG-INC-8165-2,INC-8165,2026-08-24T11:41:28Z,ERROR,[checkout-service] Execution exception during request dispatch: Recursive call in JSON parsing leading to stack exhaustion,"Traceback (most recent call last):
  File ""app/handlers/dispatch.py"", line 142, in process
  ServiceError: Recursive call in JSON parsing leading to stack exhaustion"
LOG-INC-8166-1,INC-8166,2026-09-05T01:49:19Z,INFO,[inventory-api] Execution exception during request dispatch: Ephemeral disk volume full due to unrotated application logs,"Traceback (most recent call last):
  File ""app/handlers/dispatch.py"", line 142, in process
  ServiceError: Ephemeral disk volume full due to unrotated application logs"
LOG-INC-8166-2,INC-8166,2026-09-05T01:49:24Z,ERROR,[inventory-api] Execution exception during request dispatch: Ephemeral disk volume full due to unrotated application logs,"Traceback (most recent call last):
  File ""app/handlers/dispatch.py"", line 142, in process
  ServiceError: Ephemeral disk volume full due to unrotated application logs"
LOG-INC-8166-3,INC-8166,2026-09-05T01:49:05Z,ERROR,[inventory-api] Execution exception during request dispatch: Ephemeral disk volume full due to unrotated application logs,"Traceback (most recent call last):
  File ""app/handlers/dispatch.py"", line 142, in process
  ServiceError: Ephemeral disk volume full due to unrotated application logs"
LOG-INC-8166-4,INC-8166,2026-09-05T01:49:09Z,ERROR,[inventory-api] Execution exception during request dispatch: Ephemeral disk volume full due to unrotated application logs,"Traceback (most recent call last):
  File ""app/handlers/dispatch.py"", line 142, in process
  ServiceError: Ephemeral disk volume full due to unrotated application logs"
LOG-INC-8167-1,INC-8167,2026-09-04T07:11:45Z,INFO,[notification-worker] Execution exception during request dispatch: TCP socket connection reset by peer on egress gateway,"Traceback (most recent call last):
  File ""app/handlers/dispatch.py"", line 142, in process
  ServiceError: TCP socket connection reset by peer on egress gateway"
LOG-INC-8167-2,INC-8167,2026-09-04T07:11:12Z,ERROR,[notification-worker] Execution exception during request dispatch: TCP socket connection reset by peer on egress gateway,"Traceback (most recent call last):
  File ""app/handlers/dispatch.py"", line 142, in process
  ServiceError: TCP socket connection reset by peer on egress gateway"
LOG-INC-8168-1,INC-8168,2026-09-20T14:25:59Z,WARN,[checkout-service] Execution exception during request dispatch: Redis cluster shard memory limit eviction cascade,"Traceback (most recent call last):
  File ""app/handlers/dispatch.py"", line 142, in process
  ServiceError: Redis cluster shard memory limit eviction cascade"
LOG-INC-8168-2,INC-8168,2026-09-20T14:25:59Z,WARN,[checkout-service] Execution exception during request dispatch: Redis cluster shard memory limit eviction cascade,"Traceback (most recent call last):
  File ""app/handlers/dispatch.py"", line 142, in process
  ServiceError: Redis cluster shard memory limit eviction cascade"
LOG-INC-8168-3,INC-8168,2026-09-20T14:25:54Z,ERROR,[checkout-service] Execution exception during request dispatch: Redis cluster shard memory limit eviction cascade,"Traceback (most recent call last):
  File ""app/handlers/dispatch.py"", line 142, in process
  ServiceError: Redis cluster shard memory limit eviction cascade"
LOG-INC-8168-4,INC-8168,2026-09-20T14:25:09Z,INFO,[checkout-service] Execution exception during request dispatch: Redis cluster shard memory limit eviction cascade,"Traceback (most recent call last):
  File ""app/handlers/dispatch.py"", line 142, in process
  ServiceError: Redis cluster shard memory limit eviction cascade"
LOG-INC-8169-1,INC-8169,2026-09-12T06:53:09Z,INFO,[order-processing] Execution exception during request dispatch: Config flag default inversion causing request rejections,"Traceback (most recent call last):
  File ""app/handlers/dispatch.py"", line 142, in process
  ServiceError: Config flag default inversion causing request rejections"
LOG-INC-8169-2,INC-8169,2026-09-12T06:52:44Z,ERROR,[order-processing] Execution exception during request dispatch: Config flag default inversion causing request rejections,"Traceback (most recent call last):
  File ""app/handlers/dispatch.py"", line 142, in process
  ServiceError: Config flag default inversion causing request rejections"
LOG-INC-8169-3,INC-8169,2026-09-12T06:52:13Z,ERROR,[order-processing] Execution exception during request dispatch: Config flag default inversion causing request rejections,"Traceback (most recent call last):
  File ""app/handlers/dispatch.py"", line 142, in process
  ServiceError: Config flag default inversion causing request rejections"
LOG-INC-8170-1,INC-8170,2026-09-18T23:40:07Z,ERROR,[search-indexer] Execution exception during request dispatch: Deadlock cycle in distributed checkout table lock,"Traceback (most recent call last):
  File ""app/handlers/dispatch.py"", line 142, in process
  ServiceError: Deadlock cycle in distributed checkout table lock"
LOG-INC-8170-2,INC-8170,2026-09-18T23:40:33Z,INFO,[search-indexer] Execution exception during request dispatch: Deadlock cycle in distributed checkout table lock,"Traceback (most recent call last):
  File ""app/handlers/dispatch.py"", line 142, in process
  ServiceError: Deadlock cycle in distributed checkout table lock"
LOG-INC-8170-3,INC-8170,2026-09-18T23:40:21Z,ERROR,[search-indexer] Execution exception during request dispatch: Deadlock cycle in distributed checkout table lock,"Traceback (most recent call last):
  File ""app/handlers/dispatch.py"", line 142, in process
  ServiceError: Deadlock cycle in distributed checkout table lock"
LOG-INC-8171-1,INC-8171,2026-08-19T10:30:19Z,WARN,[inventory-api] Execution exception during request dispatch: Sudden traffic surge exceeding rate limiter bucket capacity,"Traceback (most recent call last):
  File ""app/handlers/dispatch.py"", line 142, in process
  ServiceError: Sudden traffic surge exceeding rate limiter bucket capacity"
LOG-INC-8171-2,INC-8171,2026-08-19T10:31:01Z,WARN,[inventory-api] Execution exception during request dispatch: Sudden traffic surge exceeding rate limiter bucket capacity,"Traceback (most recent call last):
  File ""app/handlers/dispatch.py"", line 142, in process
  ServiceError: Sudden traffic surge exceeding rate limiter bucket capacity"
LOG-INC-8171-3,INC-8171,2026-08-19T10:30:20Z,INFO,[inventory-api] Execution exception during request dispatch: Sudden traffic surge exceeding rate limiter bucket capacity,"Traceback (most recent call last):
  File ""app/handlers/dispatch.py"", line 142, in process
  ServiceError: Sudden traffic surge exceeding rate limiter bucket capacity"
LOG-INC-8171-4,INC-8171,2026-08-19T10:30:37Z,WARN,[inventory-api] Execution exception during request dispatch: Sudden traffic surge exceeding rate limiter bucket capacity,"Traceback (most recent call last):
  File ""app/handlers/dispatch.py"", line 142, in process
  ServiceError: Sudden traffic surge exceeding rate limiter bucket capacity"
LOG-INC-8172-1,INC-8172,2026-08-16T14:14:24Z,ERROR,[inventory-api] Execution exception during request dispatch: TCP socket connection reset by peer on egress gateway,"Traceback (most recent call last):
  File ""app/handlers/dispatch.py"", line 142, in process
  ServiceError: TCP socket connection reset by peer on egress gateway"
LOG-INC-8172-2,INC-8172,2026-08-16T14:13:41Z,ERROR,[inventory-api] Execution exception during request dispatch: TCP socket connection reset by peer on egress gateway,"Traceback (most recent call last):
  File ""app/handlers/dispatch.py"", line 142, in process
  ServiceError: TCP socket connection reset by peer on egress gateway"
LOG-INC-8172-3,INC-8172,2026-08-16T14:14:45Z,ERROR,[inventory-api] Execution exception during request dispatch: TCP socket connection reset by peer on egress gateway,"Traceback (most recent call last):
  File ""app/handlers/dispatch.py"", line 142, in process
  ServiceError: TCP socket connection reset by peer on egress gateway"
LOG-INC-8172-4,INC-8172,2026-08-16T14:14:08Z,ERROR,[inventory-api] Execution exception during request dispatch: TCP socket connection reset by peer on egress gateway,"Traceback (most recent call last):
  File ""app/handlers/dispatch.py"", line 142, in process
  ServiceError: TCP socket connection reset by peer on egress gateway"
LOG-INC-8173-1,INC-8173,2026-09-26T08:46:19Z,ERROR,[notification-worker] Execution exception during request dispatch: TLS certificate handshake timeout on third-party webhook,"Traceback (most recent call last):
  File ""app/handlers/dispatch.py"", line 142, in process
  ServiceError: TLS certificate handshake timeout on third-party webhook"
LOG-INC-8173-2,INC-8173,2026-09-26T08:47:51Z,ERROR,[notification-worker] Execution exception during request dispatch: TLS certificate handshake timeout on third-party webhook,"Traceback (most recent call last):
  File ""app/handlers/dispatch.py"", line 142, in process
  ServiceError: TLS certificate handshake timeout on third-party webhook"
LOG-INC-8174-1,INC-8174,2026-09-24T05:04:56Z,ERROR,[inventory-api] Execution exception during request dispatch: Race condition in concurrent token refresh logic,"Traceback (most recent call last):
  File ""app/handlers/dispatch.py"", line 142, in process
  ServiceError: Race condition in concurrent token refresh logic"
LOG-INC-8174-2,INC-8174,2026-09-24T05:04:54Z,WARN,[inventory-api] Execution exception during request dispatch: Race condition in concurrent token refresh logic,"Traceback (most recent call last):
  File ""app/handlers/dispatch.py"", line 142, in process
  ServiceError: Race condition in concurrent token refresh logic"
LOG-INC-8175-1,INC-8175,2026-08-14T00:33:16Z,WARN,[payment-gateway] Execution exception during request dispatch: Unindexed query scan causing read replica CPU spike,"Traceback (most recent call last):
  File ""app/handlers/dispatch.py"", line 142, in process
  ServiceError: Unindexed query scan causing read replica CPU spike"
LOG-INC-8175-2,INC-8175,2026-08-14T00:34:49Z,WARN,[payment-gateway] Execution exception during request dispatch: Unindexed query scan causing read replica CPU spike,"Traceback (most recent call last):
  File ""app/handlers/dispatch.py"", line 142, in process
  ServiceError: Unindexed query scan causing read replica CPU spike"
LOG-INC-8175-3,INC-8175,2026-08-14T00:33:28Z,ERROR,[payment-gateway] Execution exception during request dispatch: Unindexed query scan causing read replica CPU spike,"Traceback (most recent call last):
  File ""app/handlers/dispatch.py"", line 142, in process
  ServiceError: Unindexed query scan causing read replica CPU spike"
LOG-INC-8175-4,INC-8175,2026-08-14T00:33:56Z,WARN,[payment-gateway] Execution exception during request dispatch: Unindexed query scan causing read replica CPU spike,"Traceback (most recent call last):
  File ""app/handlers/dispatch.py"", line 142, in process
  ServiceError: Unindexed query scan causing read replica CPU spike"
LOG-INC-8176-1,INC-8176,2026-08-21T05:20:34Z,INFO,[search-indexer] Execution exception during request dispatch: Corrupted response payload format failing client validation,"Traceback (most recent call last):
  File ""app/handlers/dispatch.py"", line 142, in process
  ServiceError: Corrupted response payload format failing client validation"
LOG-INC-8176-2,INC-8176,2026-08-21T05:19:12Z,ERROR,[search-indexer] Execution exception during request dispatch: Corrupted response payload format failing client validation,"Traceback (most recent call last):
  File ""app/handlers/dispatch.py"", line 142, in process
  ServiceError: Corrupted response payload format failing client validation"
LOG-INC-8177-1,INC-8177,2026-08-18T05:37:59Z,ERROR,[notification-worker] Execution exception during request dispatch: Race condition in concurrent token refresh logic,"Traceback (most recent call last):
  File ""app/handlers/dispatch.py"", line 142, in process
  ServiceError: Race condition in concurrent token refresh logic"
LOG-INC-8177-2,INC-8177,2026-08-18T05:37:06Z,WARN,[notification-worker] Execution exception during request dispatch: Race condition in concurrent token refresh logic,"Traceback (most recent call last):
  File ""app/handlers/dispatch.py"", line 142, in process
  ServiceError: Race condition in concurrent token refresh logic"
LOG-INC-8177-3,INC-8177,2026-08-18T05:36:19Z,WARN,[notification-worker] Execution exception during request dispatch: Race condition in concurrent token refresh logic,"Traceback (most recent call last):
  File ""app/handlers/dispatch.py"", line 142, in process
  ServiceError: Race condition in concurrent token refresh logic"
LOG-INC-8177-4,INC-8177,2026-08-18T05:37:01Z,ERROR,[notification-worker] Execution exception during request dispatch: Race condition in concurrent token refresh logic,"Traceback (most recent call last):
  File ""app/handlers/dispatch.py"", line 142, in process
  ServiceError: Race condition in concurrent token refresh logic"
LOG-INC-8178-1,INC-8178,2026-08-31T05:55:30Z,WARN,[user-profile] Execution exception during request dispatch: Network packet loss on Kubernetes overlay CNI bridge,"Traceback (most recent call last):
  File ""app/handlers/dispatch.py"", line 142, in process
  ServiceError: Network packet loss on Kubernetes overlay CNI bridge"
LOG-INC-8178-2,INC-8178,2026-08-31T05:55:11Z,INFO,[user-profile] Execution exception during request dispatch: Network packet loss on Kubernetes overlay CNI bridge,"Traceback (most recent call last):
  File ""app/handlers/dispatch.py"", line 142, in process
  ServiceError: Network packet loss on Kubernetes overlay CNI bridge"
LOG-INC-8179-1,INC-8179,2026-08-18T20:37:56Z,ERROR,[search-indexer] Execution exception during request dispatch: Spike in unauthenticated request probe flood,"Traceback (most recent call last):
  File ""app/handlers/dispatch.py"", line 142, in process
  ServiceError: Spike in unauthenticated request probe flood"
LOG-INC-8179-2,INC-8179,2026-08-18T20:36:14Z,WARN,[search-indexer] Execution exception during request dispatch: Spike in unauthenticated request probe flood,"Traceback (most recent call last):
  File ""app/handlers/dispatch.py"", line 142, in process
  ServiceError: Spike in unauthenticated request probe flood"
LOG-INC-8179-3,INC-8179,2026-08-18T20:36:46Z,ERROR,[search-indexer] Execution exception during request dispatch: Spike in unauthenticated request probe flood,"Traceback (most recent call last):
  File ""app/handlers/dispatch.py"", line 142, in process
  ServiceError: Spike in unauthenticated request probe flood"
LOG-INC-8180-1,INC-8180,2026-09-22T21:40:02Z,ERROR,[order-processing] Execution exception during request dispatch: Corrupted response payload format failing client validation,"Traceback (most recent call last):
  File ""app/handlers/dispatch.py"", line 142, in process
  ServiceError: Corrupted response payload format failing client validation"
LOG-INC-8180-2,INC-8180,2026-09-22T21:40:54Z,WARN,[order-processing] Execution exception during request dispatch: Corrupted response payload format failing client validation,"Traceback (most recent call last):
  File ""app/handlers/dispatch.py"", line 142, in process
  ServiceError: Corrupted response payload format failing client validation"
LOG-INC-8180-3,INC-8180,2026-09-22T21:40:02Z,WARN,[order-processing] Execution exception during request dispatch: Corrupted response payload format failing client validation,"Traceback (most recent call last):
  File ""app/handlers/dispatch.py"", line 142, in process
  ServiceError: Corrupted response payload format failing client validation"
LOG-INC-8180-4,INC-8180,2026-09-22T21:39:20Z,WARN,[order-processing] Execution exception during request dispatch: Corrupted response payload format failing client validation,"Traceback (most recent call last):
  File ""app/handlers/dispatch.py"", line 142, in process
  ServiceError: Corrupted response payload format failing client validation"
LOG-INC-8181-1,INC-8181,2026-09-05T17:28:50Z,ERROR,[auth-service] Execution exception during request dispatch: Distributed crawler burst triggering endpoint 429 retries,"Traceback (most recent call last):
  File ""app/handlers/dispatch.py"", line 142, in process
  ServiceError: Distributed crawler burst triggering endpoint 429 retries"
LOG-INC-8181-2,INC-8181,2026-09-05T17:28:49Z,ERROR,[auth-service] Execution exception during request dispatch: Distributed crawler burst triggering endpoint 429 retries,"Traceback (most recent call last):
  File ""app/handlers/dispatch.py"", line 142, in process
  ServiceError: Distributed crawler burst triggering endpoint 429 retries"
LOG-INC-8181-3,INC-8181,2026-09-05T17:28:53Z,WARN,[auth-service] Execution exception during request dispatch: Distributed crawler burst triggering endpoint 429 retries,"Traceback (most recent call last):
  File ""app/handlers/dispatch.py"", line 142, in process
  ServiceError: Distributed crawler burst triggering endpoint 429 retries"
LOG-INC-8182-1,INC-8182,2026-09-10T07:52:15Z,INFO,[auth-service] Execution exception during request dispatch: TCP socket connection reset by peer on egress gateway,"Traceback (most recent call last):
  File ""app/handlers/dispatch.py"", line 142, in process
  ServiceError: TCP socket connection reset by peer on egress gateway"
LOG-INC-8182-2,INC-8182,2026-09-10T07:51:52Z,INFO,[auth-service] Execution exception during request dispatch: TCP socket connection reset by peer on egress gateway,"Traceback (most recent call last):
  File ""app/handlers/dispatch.py"", line 142, in process
  ServiceError: TCP socket connection reset by peer on egress gateway"
LOG-INC-8182-3,INC-8182,2026-09-10T07:51:18Z,ERROR,[auth-service] Execution exception during request dispatch: TCP socket connection reset by peer on egress gateway,"Traceback (most recent call last):
  File ""app/handlers/dispatch.py"", line 142, in process
  ServiceError: TCP socket connection reset by peer on egress gateway"
LOG-INC-8183-1,INC-8183,2026-09-08T14:38:36Z,WARN,[search-indexer] Execution exception during request dispatch: Flash sale burst traffic causing ingress queue build-up,"Traceback (most recent call last):
  File ""app/handlers/dispatch.py"", line 142, in process
  ServiceError: Flash sale burst traffic causing ingress queue build-up"
LOG-INC-8183-2,INC-8183,2026-09-08T14:37:18Z,WARN,[search-indexer] Execution exception during request dispatch: Flash sale burst traffic causing ingress queue build-up,"Traceback (most recent call last):
  File ""app/handlers/dispatch.py"", line 142, in process
  ServiceError: Flash sale burst traffic causing ingress queue build-up"
LOG-INC-8184-1,INC-8184,2026-09-24T06:43:52Z,INFO,[notification-worker] Execution exception during request dispatch: Spike in unauthenticated request probe flood,"Traceback (most recent call last):
  File ""app/handlers/dispatch.py"", line 142, in process
  ServiceError: Spike in unauthenticated request probe flood"
LOG-INC-8184-2,INC-8184,2026-09-24T06:43:06Z,INFO,[notification-worker] Execution exception during request dispatch: Spike in unauthenticated request probe flood,"Traceback (most recent call last):
  File ""app/handlers/dispatch.py"", line 142, in process
  ServiceError: Spike in unauthenticated request probe flood"
LOG-INC-8184-3,INC-8184,2026-09-24T06:43:44Z,ERROR,[notification-worker] Execution exception during request dispatch: Spike in unauthenticated request probe flood,"Traceback (most recent call last):
  File ""app/handlers/dispatch.py"", line 142, in process
  ServiceError: Spike in unauthenticated request probe flood"
LOG-INC-8185-1,INC-8185,2026-08-15T19:20:40Z,WARN,[user-profile] Execution exception during request dispatch: Corrupted response payload format failing client validation,"Traceback (most recent call last):
  File ""app/handlers/dispatch.py"", line 142, in process
  ServiceError: Corrupted response payload format failing client validation"
LOG-INC-8185-2,INC-8185,2026-08-15T19:20:48Z,WARN,[user-profile] Execution exception during request dispatch: Corrupted response payload format failing client validation,"Traceback (most recent call last):
  File ""app/handlers/dispatch.py"", line 142, in process
  ServiceError: Corrupted response payload format failing client validation"
LOG-INC-8186-1,INC-8186,2026-08-28T16:50:24Z,INFO,[inventory-api] Execution exception during request dispatch: Distributed crawler burst triggering endpoint 429 retries,"Traceback (most recent call last):
  File ""app/handlers/dispatch.py"", line 142, in process
  ServiceError: Distributed crawler burst triggering endpoint 429 retries"
LOG-INC-8186-2,INC-8186,2026-08-28T16:49:42Z,INFO,[inventory-api] Execution exception during request dispatch: Distributed crawler burst triggering endpoint 429 retries,"Traceback (most recent call last):
  File ""app/handlers/dispatch.py"", line 142, in process
  ServiceError: Distributed crawler burst triggering endpoint 429 retries"
LOG-INC-8187-1,INC-8187,2026-09-07T11:46:41Z,WARN,[user-profile] Execution exception during request dispatch: File descriptor limit reached on upstream reverse proxy,"Traceback (most recent call last):
  File ""app/handlers/dispatch.py"", line 142, in process
  ServiceError: File descriptor limit reached on upstream reverse proxy"
LOG-INC-8187-2,INC-8187,2026-09-07T11:47:48Z,ERROR,[user-profile] Execution exception during request dispatch: File descriptor limit reached on upstream reverse proxy,"Traceback (most recent call last):
  File ""app/handlers/dispatch.py"", line 142, in process
  ServiceError: File descriptor limit reached on upstream reverse proxy"
LOG-INC-8187-3,INC-8187,2026-09-07T11:47:11Z,ERROR,[user-profile] Execution exception during request dispatch: File descriptor limit reached on upstream reverse proxy,"Traceback (most recent call last):
  File ""app/handlers/dispatch.py"", line 142, in process
  ServiceError: File descriptor limit reached on upstream reverse proxy"
LOG-INC-8187-4,INC-8187,2026-09-07T11:46:08Z,WARN,[user-profile] Execution exception during request dispatch: File descriptor limit reached on upstream reverse proxy,"Traceback (most recent call last):
  File ""app/handlers/dispatch.py"", line 142, in process
  ServiceError: File descriptor limit reached on upstream reverse proxy"
LOG-INC-8188-1,INC-8188,2026-09-23T16:00:31Z,ERROR,[checkout-service] Execution exception during request dispatch: Inter-region transit latency degradation exceeding SLA,"Traceback (most recent call last):
  File ""app/handlers/dispatch.py"", line 142, in process
  ServiceError: Inter-region transit latency degradation exceeding SLA"
LOG-INC-8188-2,INC-8188,2026-09-23T16:01:41Z,ERROR,[checkout-service] Execution exception during request dispatch: Inter-region transit latency degradation exceeding SLA,"Traceback (most recent call last):
  File ""app/handlers/dispatch.py"", line 142, in process
  ServiceError: Inter-region transit latency degradation exceeding SLA"
LOG-INC-8188-3,INC-8188,2026-09-23T16:01:14Z,ERROR,[checkout-service] Execution exception during request dispatch: Inter-region transit latency degradation exceeding SLA,"Traceback (most recent call last):
  File ""app/handlers/dispatch.py"", line 142, in process
  ServiceError: Inter-region transit latency degradation exceeding SLA"
LOG-INC-8189-1,INC-8189,2026-08-21T03:15:30Z,ERROR,[order-processing] Execution exception during request dispatch: Batch data import job executed during peak consumer hours,"Traceback (most recent call last):
  File ""app/handlers/dispatch.py"", line 142, in process
  ServiceError: Batch data import job executed during peak consumer hours"
LOG-INC-8189-2,INC-8189,2026-08-21T03:14:53Z,WARN,[order-processing] Execution exception during request dispatch: Batch data import job executed during peak consumer hours,"Traceback (most recent call last):
  File ""app/handlers/dispatch.py"", line 142, in process
  ServiceError: Batch data import job executed during peak consumer hours"
LOG-INC-8189-3,INC-8189,2026-08-21T03:14:58Z,INFO,[order-processing] Execution exception during request dispatch: Batch data import job executed during peak consumer hours,"Traceback (most recent call last):
  File ""app/handlers/dispatch.py"", line 142, in process
  ServiceError: Batch data import job executed during peak consumer hours"
LOG-INC-8189-4,INC-8189,2026-08-21T03:14:45Z,INFO,[order-processing] Execution exception during request dispatch: Batch data import job executed during peak consumer hours,"Traceback (most recent call last):
  File ""app/handlers/dispatch.py"", line 142, in process
  ServiceError: Batch data import job executed during peak consumer hours"
LOG-INC-8190-1,INC-8190,2026-09-01T14:44:44Z,INFO,[notification-worker] Execution exception during request dispatch: Inter-region transit latency degradation exceeding SLA,"Traceback (most recent call last):
  File ""app/handlers/dispatch.py"", line 142, in process
  ServiceError: Inter-region transit latency degradation exceeding SLA"
LOG-INC-8190-2,INC-8190,2026-09-01T14:43:29Z,WARN,[notification-worker] Execution exception during request dispatch: Inter-region transit latency degradation exceeding SLA,"Traceback (most recent call last):
  File ""app/handlers/dispatch.py"", line 142, in process
  ServiceError: Inter-region transit latency degradation exceeding SLA"
LOG-INC-8191-1,INC-8191,2026-09-11T10:42:10Z,ERROR,[payment-gateway] Execution exception during request dispatch: Distributed crawler burst triggering endpoint 429 retries,"Traceback (most recent call last):
  File ""app/handlers/dispatch.py"", line 142, in process
  ServiceError: Distributed crawler burst triggering endpoint 429 retries"
LOG-INC-8191-2,INC-8191,2026-09-11T10:42:46Z,INFO,[payment-gateway] Execution exception during request dispatch: Distributed crawler burst triggering endpoint 429 retries,"Traceback (most recent call last):
  File ""app/handlers/dispatch.py"", line 142, in process
  ServiceError: Distributed crawler burst triggering endpoint 429 retries"
LOG-INC-8192-1,INC-8192,2026-08-13T22:29:45Z,INFO,[user-profile] Execution exception during request dispatch: Inter-region transit latency degradation exceeding SLA,"Traceback (most recent call last):
  File ""app/handlers/dispatch.py"", line 142, in process
  ServiceError: Inter-region transit latency degradation exceeding SLA"
LOG-INC-8192-2,INC-8192,2026-08-13T22:28:25Z,WARN,[user-profile] Execution exception during request dispatch: Inter-region transit latency degradation exceeding SLA,"Traceback (most recent call last):
  File ""app/handlers/dispatch.py"", line 142, in process
  ServiceError: Inter-region transit latency degradation exceeding SLA"
LOG-INC-8193-1,INC-8193,2026-08-27T22:33:49Z,WARN,[user-profile] Execution exception during request dispatch: Spike in unauthenticated request probe flood,"Traceback (most recent call last):
  File ""app/handlers/dispatch.py"", line 142, in process
  ServiceError: Spike in unauthenticated request probe flood"
LOG-INC-8193-2,INC-8193,2026-08-27T22:33:35Z,INFO,[user-profile] Execution exception during request dispatch: Spike in unauthenticated request probe flood,"Traceback (most recent call last):
  File ""app/handlers/dispatch.py"", line 142, in process
  ServiceError: Spike in unauthenticated request probe flood"
LOG-INC-8193-3,INC-8193,2026-08-27T22:34:23Z,INFO,[user-profile] Execution exception during request dispatch: Spike in unauthenticated request probe flood,"Traceback (most recent call last):
  File ""app/handlers/dispatch.py"", line 142, in process
  ServiceError: Spike in unauthenticated request probe flood"
LOG-INC-8193-4,INC-8193,2026-08-27T22:33:36Z,ERROR,[user-profile] Execution exception during request dispatch: Spike in unauthenticated request probe flood,"Traceback (most recent call last):
  File ""app/handlers/dispatch.py"", line 142, in process
  ServiceError: Spike in unauthenticated request probe flood"
LOG-INC-8194-1,INC-8194,2026-09-03T02:01:07Z,ERROR,[auth-service] Execution exception during request dispatch: Distributed crawler burst triggering endpoint 429 retries,"Traceback (most recent call last):
  File ""app/handlers/dispatch.py"", line 142, in process
  ServiceError: Distributed crawler burst triggering endpoint 429 retries"
LOG-INC-8194-2,INC-8194,2026-09-03T02:00:42Z,INFO,[auth-service] Execution exception during request dispatch: Distributed crawler burst triggering endpoint 429 retries,"Traceback (most recent call last):
  File ""app/handlers/dispatch.py"", line 142, in process
  ServiceError: Distributed crawler burst triggering endpoint 429 retries"
LOG-INC-8194-3,INC-8194,2026-09-03T02:00:29Z,WARN,[auth-service] Execution exception during request dispatch: Distributed crawler burst triggering endpoint 429 retries,"Traceback (most recent call last):
  File ""app/handlers/dispatch.py"", line 142, in process
  ServiceError: Distributed crawler burst triggering endpoint 429 retries"
LOG-INC-8195-1,INC-8195,2026-08-19T18:34:44Z,WARN,[order-processing] Execution exception during request dispatch: Unhandled arithmetic overflow in currency conversion,"Traceback (most recent call last):
  File ""app/handlers/dispatch.py"", line 142, in process
  ServiceError: Unhandled arithmetic overflow in currency conversion"
LOG-INC-8195-2,INC-8195,2026-08-19T18:34:27Z,ERROR,[order-processing] Execution exception during request dispatch: Unhandled arithmetic overflow in currency conversion,"Traceback (most recent call last):
  File ""app/handlers/dispatch.py"", line 142, in process
  ServiceError: Unhandled arithmetic overflow in currency conversion"
LOG-INC-8195-3,INC-8195,2026-08-19T18:34:40Z,INFO,[order-processing] Execution exception during request dispatch: Unhandled arithmetic overflow in currency conversion,"Traceback (most recent call last):
  File ""app/handlers/dispatch.py"", line 142, in process
  ServiceError: Unhandled arithmetic overflow in currency conversion"
LOG-INC-8195-4,INC-8195,2026-08-19T18:33:24Z,ERROR,[order-processing] Execution exception during request dispatch: Unhandled arithmetic overflow in currency conversion,"Traceback (most recent call last):
  File ""app/handlers/dispatch.py"", line 142, in process
  ServiceError: Unhandled arithmetic overflow in currency conversion"
LOG-INC-8196-1,INC-8196,2026-09-12T02:10:20Z,INFO,[auth-service] Execution exception during request dispatch: Deadlock cycle in distributed checkout table lock,"Traceback (most recent call last):
  File ""app/handlers/dispatch.py"", line 142, in process
  ServiceError: Deadlock cycle in distributed checkout table lock"
LOG-INC-8196-2,INC-8196,2026-09-12T02:10:05Z,INFO,[auth-service] Execution exception during request dispatch: Deadlock cycle in distributed checkout table lock,"Traceback (most recent call last):
  File ""app/handlers/dispatch.py"", line 142, in process
  ServiceError: Deadlock cycle in distributed checkout table lock"
LOG-INC-8196-3,INC-8196,2026-09-12T02:11:37Z,INFO,[auth-service] Execution exception during request dispatch: Deadlock cycle in distributed checkout table lock,"Traceback (most recent call last):
  File ""app/handlers/dispatch.py"", line 142, in process
  ServiceError: Deadlock cycle in distributed checkout table lock"
LOG-INC-8196-4,INC-8196,2026-09-12T02:10:13Z,INFO,[auth-service] Execution exception during request dispatch: Deadlock cycle in distributed checkout table lock,"Traceback (most recent call last):
  File ""app/handlers/dispatch.py"", line 142, in process
  ServiceError: Deadlock cycle in distributed checkout table lock"
LOG-INC-8197-1,INC-8197,2026-08-27T10:05:13Z,ERROR,[auth-service] Execution exception during request dispatch: Corrupted response payload format failing client validation,"Traceback (most recent call last):
  File ""app/handlers/dispatch.py"", line 142, in process
  ServiceError: Corrupted response payload format failing client validation"
LOG-INC-8197-2,INC-8197,2026-08-27T10:04:22Z,INFO,[auth-service] Execution exception during request dispatch: Corrupted response payload format failing client validation,"Traceback (most recent call last):
  File ""app/handlers/dispatch.py"", line 142, in process
  ServiceError: Corrupted response payload format failing client validation"
LOG-INC-8198-1,INC-8198,2026-08-21T07:23:52Z,ERROR,[inventory-api] Execution exception during request dispatch: Deadlock cycle in distributed checkout table lock,"Traceback (most recent call last):
  File ""app/handlers/dispatch.py"", line 142, in process
  ServiceError: Deadlock cycle in distributed checkout table lock"
LOG-INC-8198-2,INC-8198,2026-08-21T07:23:06Z,ERROR,[inventory-api] Execution exception during request dispatch: Deadlock cycle in distributed checkout table lock,"Traceback (most recent call last):
  File ""app/handlers/dispatch.py"", line 142, in process
  ServiceError: Deadlock cycle in distributed checkout table lock"
LOG-INC-8198-3,INC-8198,2026-08-21T07:24:15Z,ERROR,[inventory-api] Execution exception during request dispatch: Deadlock cycle in distributed checkout table lock,"Traceback (most recent call last):
  File ""app/handlers/dispatch.py"", line 142, in process
  ServiceError: Deadlock cycle in distributed checkout table lock"
LOG-INC-8198-4,INC-8198,2026-08-21T07:24:56Z,ERROR,[inventory-api] Execution exception during request dispatch: Deadlock cycle in distributed checkout table lock,"Traceback (most recent call last):
  File ""app/handlers/dispatch.py"", line 142, in process
  ServiceError: Deadlock cycle in distributed checkout table lock"
LOG-INC-8199-1,INC-8199,2026-08-16T06:34:23Z,ERROR,[inventory-api] Execution exception during request dispatch: Inter-region transit latency degradation exceeding SLA,"Traceback (most recent call last):
  File ""app/handlers/dispatch.py"", line 142, in process
  ServiceError: Inter-region transit latency degradation exceeding SLA"
LOG-INC-8199-2,INC-8199,2026-08-16T06:34:28Z,ERROR,[inventory-api] Execution exception during request dispatch: Inter-region transit latency degradation exceeding SLA,"Traceback (most recent call last):
  File ""app/handlers/dispatch.py"", line 142, in process
  ServiceError: Inter-region transit latency degradation exceeding SLA"
LOG-INC-8199-3,INC-8199,2026-08-16T06:35:23Z,WARN,[inventory-api] Execution exception during request dispatch: Inter-region transit latency degradation exceeding SLA,"Traceback (most recent call last):
  File ""app/handlers/dispatch.py"", line 142, in process
  ServiceError: Inter-region transit latency degradation exceeding SLA"
LOG-INC-8199-4,INC-8199,2026-08-16T06:34:29Z,ERROR,[inventory-api] Execution exception during request dispatch: Inter-region transit latency degradation exceeding SLA,"Traceback (most recent call last):
  File ""app/handlers/dispatch.py"", line 142, in process
  ServiceError: Inter-region transit latency degradation exceeding SLA"
LOG-INC-8200-1,INC-8200,2026-08-24T11:13:50Z,ERROR,[notification-worker] Execution exception during request dispatch: Dependency version mismatch in gRPC protobuf schema,"Traceback (most recent call last):
  File ""app/handlers/dispatch.py"", line 142, in process
  ServiceError: Dependency version mismatch in gRPC protobuf schema"
LOG-INC-8200-2,INC-8200,2026-08-24T11:14:30Z,INFO,[notification-worker] Execution exception during request dispatch: Dependency version mismatch in gRPC protobuf schema,"Traceback (most recent call last):
  File ""app/handlers/dispatch.py"", line 142, in process
  ServiceError: Dependency version mismatch in gRPC protobuf schema"
LOG-INC-8200-3,INC-8200,2026-08-24T11:13:35Z,ERROR,[notification-worker] Execution exception during request dispatch: Dependency version mismatch in gRPC protobuf schema,"Traceback (most recent call last):
  File ""app/handlers/dispatch.py"", line 142, in process
  ServiceError: Dependency version mismatch in gRPC protobuf schema"
LOG-INC-8201-1,INC-8201,2026-08-13T20:39:45Z,ERROR,[inventory-api] Execution exception during request dispatch: Slow query cascade triggering client connection timeout,"Traceback (most recent call last):
  File ""app/handlers/dispatch.py"", line 142, in process
  ServiceError: Slow query cascade triggering client connection timeout"
LOG-INC-8201-2,INC-8201,2026-08-13T20:40:45Z,ERROR,[inventory-api] Execution exception during request dispatch: Slow query cascade triggering client connection timeout,"Traceback (most recent call last):
  File ""app/handlers/dispatch.py"", line 142, in process
  ServiceError: Slow query cascade triggering client connection timeout"
LOG-INC-8202-1,INC-8202,2026-09-22T18:14:59Z,INFO,[notification-worker] Execution exception during request dispatch: Ephemeral disk volume full due to unrotated application logs,"Traceback (most recent call last):
  File ""app/handlers/dispatch.py"", line 142, in process
  ServiceError: Ephemeral disk volume full due to unrotated application logs"
LOG-INC-8202-2,INC-8202,2026-09-22T18:13:30Z,WARN,[notification-worker] Execution exception during request dispatch: Ephemeral disk volume full due to unrotated application logs,"Traceback (most recent call last):
  File ""app/handlers/dispatch.py"", line 142, in process
  ServiceError: Ephemeral disk volume full due to unrotated application logs"
LOG-INC-8203-1,INC-8203,2026-09-05T00:06:51Z,WARN,[search-indexer] Execution exception during request dispatch: Connection pool saturation under sustained transaction load,"Traceback (most recent call last):
  File ""app/handlers/dispatch.py"", line 142, in process
  ServiceError: Connection pool saturation under sustained transaction load"
LOG-INC-8203-2,INC-8203,2026-09-05T00:06:33Z,INFO,[search-indexer] Execution exception during request dispatch: Connection pool saturation under sustained transaction load,"Traceback (most recent call last):
  File ""app/handlers/dispatch.py"", line 142, in process
  ServiceError: Connection pool saturation under sustained transaction load"
LOG-INC-8204-1,INC-8204,2026-08-31T17:10:56Z,ERROR,[order-processing] Execution exception during request dispatch: Flash sale burst traffic causing ingress queue build-up,"Traceback (most recent call last):
  File ""app/handlers/dispatch.py"", line 142, in process
  ServiceError: Flash sale burst traffic causing ingress queue build-up"
LOG-INC-8204-2,INC-8204,2026-08-31T17:10:39Z,INFO,[order-processing] Execution exception during request dispatch: Flash sale burst traffic causing ingress queue build-up,"Traceback (most recent call last):
  File ""app/handlers/dispatch.py"", line 142, in process
  ServiceError: Flash sale burst traffic causing ingress queue build-up"
LOG-INC-8204-3,INC-8204,2026-08-31T17:10:06Z,WARN,[order-processing] Execution exception during request dispatch: Flash sale burst traffic causing ingress queue build-up,"Traceback (most recent call last):
  File ""app/handlers/dispatch.py"", line 142, in process
  ServiceError: Flash sale burst traffic causing ingress queue build-up"
LOG-INC-8204-4,INC-8204,2026-08-31T17:09:10Z,ERROR,[order-processing] Execution exception during request dispatch: Flash sale burst traffic causing ingress queue build-up,"Traceback (most recent call last):
  File ""app/handlers/dispatch.py"", line 142, in process
  ServiceError: Flash sale burst traffic causing ingress queue build-up"
LOG-INC-8205-1,INC-8205,2026-08-27T23:25:11Z,INFO,[user-profile] Execution exception during request dispatch: Unhandled arithmetic overflow in currency conversion,"Traceback (most recent call last):
  File ""app/handlers/dispatch.py"", line 142, in process
  ServiceError: Unhandled arithmetic overflow in currency conversion"
LOG-INC-8205-2,INC-8205,2026-08-27T23:25:51Z,WARN,[user-profile] Execution exception during request dispatch: Unhandled arithmetic overflow in currency conversion,"Traceback (most recent call last):
  File ""app/handlers/dispatch.py"", line 142, in process
  ServiceError: Unhandled arithmetic overflow in currency conversion"
LOG-INC-8205-3,INC-8205,2026-08-27T23:25:51Z,INFO,[user-profile] Execution exception during request dispatch: Unhandled arithmetic overflow in currency conversion,"Traceback (most recent call last):
  File ""app/handlers/dispatch.py"", line 142, in process
  ServiceError: Unhandled arithmetic overflow in currency conversion"
LOG-INC-8205-4,INC-8205,2026-08-27T23:24:38Z,INFO,[user-profile] Execution exception during request dispatch: Unhandled arithmetic overflow in currency conversion,"Traceback (most recent call last):
  File ""app/handlers/dispatch.py"", line 142, in process
  ServiceError: Unhandled arithmetic overflow in currency conversion"
LOG-INC-8206-1,INC-8206,2026-09-10T10:19:07Z,WARN,[auth-service] Execution exception during request dispatch: Recursive call in JSON parsing leading to stack exhaustion,"Traceback (most recent call last):
  File ""app/handlers/dispatch.py"", line 142, in process
  ServiceError: Recursive call in JSON parsing leading to stack exhaustion"
LOG-INC-8206-2,INC-8206,2026-09-10T10:19:58Z,INFO,[auth-service] Execution exception during request dispatch: Recursive call in JSON parsing leading to stack exhaustion,"Traceback (most recent call last):
  File ""app/handlers/dispatch.py"", line 142, in process
  ServiceError: Recursive call in JSON parsing leading to stack exhaustion"
LOG-INC-8206-3,INC-8206,2026-09-10T10:18:05Z,INFO,[auth-service] Execution exception during request dispatch: Recursive call in JSON parsing leading to stack exhaustion,"Traceback (most recent call last):
  File ""app/handlers/dispatch.py"", line 142, in process
  ServiceError: Recursive call in JSON parsing leading to stack exhaustion"
LOG-INC-8207-1,INC-8207,2026-09-16T00:11:37Z,ERROR,[inventory-api] Execution exception during request dispatch: Unindexed query scan causing read replica CPU spike,"Traceback (most recent call last):
  File ""app/handlers/dispatch.py"", line 142, in process
  ServiceError: Unindexed query scan causing read replica CPU spike"
LOG-INC-8207-2,INC-8207,2026-09-16T00:11:06Z,INFO,[inventory-api] Execution exception during request dispatch: Unindexed query scan causing read replica CPU spike,"Traceback (most recent call last):
  File ""app/handlers/dispatch.py"", line 142, in process
  ServiceError: Unindexed query scan causing read replica CPU spike"
LOG-INC-8207-3,INC-8207,2026-09-16T00:11:06Z,WARN,[inventory-api] Execution exception during request dispatch: Unindexed query scan causing read replica CPU spike,"Traceback (most recent call last):
  File ""app/handlers/dispatch.py"", line 142, in process
  ServiceError: Unindexed query scan causing read replica CPU spike"
LOG-INC-8208-1,INC-8208,2026-09-24T16:57:12Z,ERROR,[search-indexer] Execution exception during request dispatch: Config flag default inversion causing request rejections,"Traceback (most recent call last):
  File ""app/handlers/dispatch.py"", line 142, in process
  ServiceError: Config flag default inversion causing request rejections"
LOG-INC-8208-2,INC-8208,2026-09-24T16:57:38Z,ERROR,[search-indexer] Execution exception during request dispatch: Config flag default inversion causing request rejections,"Traceback (most recent call last):
  File ""app/handlers/dispatch.py"", line 142, in process
  ServiceError: Config flag default inversion causing request rejections"
LOG-INC-8209-1,INC-8209,2026-09-16T15:12:56Z,WARN,[payment-gateway] Execution exception during request dispatch: Inter-region transit latency degradation exceeding SLA,"Traceback (most recent call last):
  File ""app/handlers/dispatch.py"", line 142, in process
  ServiceError: Inter-region transit latency degradation exceeding SLA"
LOG-INC-8209-2,INC-8209,2026-09-16T15:11:26Z,ERROR,[payment-gateway] Execution exception during request dispatch: Inter-region transit latency degradation exceeding SLA,"Traceback (most recent call last):
  File ""app/handlers/dispatch.py"", line 142, in process
  ServiceError: Inter-region transit latency degradation exceeding SLA"
LOG-INC-8209-3,INC-8209,2026-09-16T15:12:51Z,WARN,[payment-gateway] Execution exception during request dispatch: Inter-region transit latency degradation exceeding SLA,"Traceback (most recent call last):
  File ""app/handlers/dispatch.py"", line 142, in process
  ServiceError: Inter-region transit latency degradation exceeding SLA"
LOG-INC-8210-1,INC-8210,2026-09-25T17:41:32Z,ERROR,[user-profile] Execution exception during request dispatch: Spike in unauthenticated request probe flood,"Traceback (most recent call last):
  File ""app/handlers/dispatch.py"", line 142, in process
  ServiceError: Spike in unauthenticated request probe flood"
LOG-INC-8210-2,INC-8210,2026-09-25T17:40:58Z,ERROR,[user-profile] Execution exception during request dispatch: Spike in unauthenticated request probe flood,"Traceback (most recent call last):
  File ""app/handlers/dispatch.py"", line 142, in process
  ServiceError: Spike in unauthenticated request probe flood"
LOG-INC-8210-3,INC-8210,2026-09-25T17:41:50Z,ERROR,[user-profile] Execution exception during request dispatch: Spike in unauthenticated request probe flood,"Traceback (most recent call last):
  File ""app/handlers/dispatch.py"", line 142, in process
  ServiceError: Spike in unauthenticated request probe flood"
LOG-INC-8210-4,INC-8210,2026-09-25T17:40:24Z,ERROR,[user-profile] Execution exception during request dispatch: Spike in unauthenticated request probe flood,"Traceback (most recent call last):
  File ""app/handlers/dispatch.py"", line 142, in process
  ServiceError: Spike in unauthenticated request probe flood"
LOG-INC-8211-1,INC-8211,2026-09-01T22:44:28Z,WARN,[auth-service] Execution exception during request dispatch: TCP socket connection reset by peer on egress gateway,"Traceback (most recent call last):
  File ""app/handlers/dispatch.py"", line 142, in process
  ServiceError: TCP socket connection reset by peer on egress gateway"
LOG-INC-8211-2,INC-8211,2026-09-01T22:44:11Z,WARN,[auth-service] Execution exception during request dispatch: TCP socket connection reset by peer on egress gateway,"Traceback (most recent call last):
  File ""app/handlers/dispatch.py"", line 142, in process
  ServiceError: TCP socket connection reset by peer on egress gateway"
LOG-INC-8211-3,INC-8211,2026-09-01T22:43:52Z,ERROR,[auth-service] Execution exception during request dispatch: TCP socket connection reset by peer on egress gateway,"Traceback (most recent call last):
  File ""app/handlers/dispatch.py"", line 142, in process
  ServiceError: TCP socket connection reset by peer on egress gateway"
LOG-INC-8211-4,INC-8211,2026-09-01T22:44:34Z,INFO,[auth-service] Execution exception during request dispatch: TCP socket connection reset by peer on egress gateway,"Traceback (most recent call last):
  File ""app/handlers/dispatch.py"", line 142, in process
  ServiceError: TCP socket connection reset by peer on egress gateway"
LOG-INC-8212-1,INC-8212,2026-09-22T16:12:57Z,WARN,[auth-service] Execution exception during request dispatch: Garbage collection pause duration exceeding 1500ms,"Traceback (most recent call last):
  File ""app/handlers/dispatch.py"", line 142, in process
  ServiceError: Garbage collection pause duration exceeding 1500ms"
LOG-INC-8212-2,INC-8212,2026-09-22T16:12:29Z,ERROR,[auth-service] Execution exception during request dispatch: Garbage collection pause duration exceeding 1500ms,"Traceback (most recent call last):
  File ""app/handlers/dispatch.py"", line 142, in process
  ServiceError: Garbage collection pause duration exceeding 1500ms"
LOG-INC-8212-3,INC-8212,2026-09-22T16:13:35Z,INFO,[auth-service] Execution exception during request dispatch: Garbage collection pause duration exceeding 1500ms,"Traceback (most recent call last):
  File ""app/handlers/dispatch.py"", line 142, in process
  ServiceError: Garbage collection pause duration exceeding 1500ms"
LOG-INC-8212-4,INC-8212,2026-09-22T16:13:46Z,ERROR,[auth-service] Execution exception during request dispatch: Garbage collection pause duration exceeding 1500ms,"Traceback (most recent call last):
  File ""app/handlers/dispatch.py"", line 142, in process
  ServiceError: Garbage collection pause duration exceeding 1500ms"
LOG-INC-8213-1,INC-8213,2026-09-07T05:07:40Z,INFO,[search-indexer] Execution exception during request dispatch: Redis cluster shard memory limit eviction cascade,"Traceback (most recent call last):
  File ""app/handlers/dispatch.py"", line 142, in process
  ServiceError: Redis cluster shard memory limit eviction cascade"
LOG-INC-8213-2,INC-8213,2026-09-07T05:07:55Z,ERROR,[search-indexer] Execution exception during request dispatch: Redis cluster shard memory limit eviction cascade,"Traceback (most recent call last):
  File ""app/handlers/dispatch.py"", line 142, in process
  ServiceError: Redis cluster shard memory limit eviction cascade"
LOG-INC-8213-3,INC-8213,2026-09-07T05:07:57Z,INFO,[search-indexer] Execution exception during request dispatch: Redis cluster shard memory limit eviction cascade,"Traceback (most recent call last):
  File ""app/handlers/dispatch.py"", line 142, in process
  ServiceError: Redis cluster shard memory limit eviction cascade"
LOG-INC-8213-4,INC-8213,2026-09-07T05:08:45Z,INFO,[search-indexer] Execution exception during request dispatch: Redis cluster shard memory limit eviction cascade,"Traceback (most recent call last):
  File ""app/handlers/dispatch.py"", line 142, in process
  ServiceError: Redis cluster shard memory limit eviction cascade"
LOG-INC-8214-1,INC-8214,2026-08-27T11:40:02Z,INFO,[user-profile] Execution exception during request dispatch: Recursive call in JSON parsing leading to stack exhaustion,"Traceback (most recent call last):
  File ""app/handlers/dispatch.py"", line 142, in process
  ServiceError: Recursive call in JSON parsing leading to stack exhaustion"
LOG-INC-8214-2,INC-8214,2026-08-27T11:39:25Z,ERROR,[user-profile] Execution exception during request dispatch: Recursive call in JSON parsing leading to stack exhaustion,"Traceback (most recent call last):
  File ""app/handlers/dispatch.py"", line 142, in process
  ServiceError: Recursive call in JSON parsing leading to stack exhaustion"
LOG-INC-8215-1,INC-8215,2026-08-20T00:34:00Z,ERROR,[payment-gateway] Execution exception during request dispatch: DNS resolution timeouts between VPC private subnets,"Traceback (most recent call last):
  File ""app/handlers/dispatch.py"", line 142, in process
  ServiceError: DNS resolution timeouts between VPC private subnets"
LOG-INC-8215-2,INC-8215,2026-08-20T00:33:13Z,WARN,[payment-gateway] Execution exception during request dispatch: DNS resolution timeouts between VPC private subnets,"Traceback (most recent call last):
  File ""app/handlers/dispatch.py"", line 142, in process
  ServiceError: DNS resolution timeouts between VPC private subnets"
LOG-INC-8215-3,INC-8215,2026-08-20T00:33:33Z,WARN,[payment-gateway] Execution exception during request dispatch: DNS resolution timeouts between VPC private subnets,"Traceback (most recent call last):
  File ""app/handlers/dispatch.py"", line 142, in process
  ServiceError: DNS resolution timeouts between VPC private subnets"
LOG-INC-8215-4,INC-8215,2026-08-20T00:33:15Z,INFO,[payment-gateway] Execution exception during request dispatch: DNS resolution timeouts between VPC private subnets,"Traceback (most recent call last):
  File ""app/handlers/dispatch.py"", line 142, in process
  ServiceError: DNS resolution timeouts between VPC private subnets"
LOG-INC-8216-1,INC-8216,2026-08-28T08:23:30Z,INFO,[inventory-api] Execution exception during request dispatch: Sudden traffic surge exceeding rate limiter bucket capacity,"Traceback (most recent call last):
  File ""app/handlers/dispatch.py"", line 142, in process
  ServiceError: Sudden traffic surge exceeding rate limiter bucket capacity"
LOG-INC-8216-2,INC-8216,2026-08-28T08:24:47Z,INFO,[inventory-api] Execution exception during request dispatch: Sudden traffic surge exceeding rate limiter bucket capacity,"Traceback (most recent call last):
  File ""app/handlers/dispatch.py"", line 142, in process
  ServiceError: Sudden traffic surge exceeding rate limiter bucket capacity"
LOG-INC-8217-1,INC-8217,2026-09-22T12:54:50Z,INFO,[checkout-service] Execution exception during request dispatch: High CPU throttling on Kubernetes node worker pool,"Traceback (most recent call last):
  File ""app/handlers/dispatch.py"", line 142, in process
  ServiceError: High CPU throttling on Kubernetes node worker pool"
LOG-INC-8217-2,INC-8217,2026-09-22T12:54:55Z,WARN,[checkout-service] Execution exception during request dispatch: High CPU throttling on Kubernetes node worker pool,"Traceback (most recent call last):
  File ""app/handlers/dispatch.py"", line 142, in process
  ServiceError: High CPU throttling on Kubernetes node worker pool"
LOG-INC-8217-3,INC-8217,2026-09-22T12:55:20Z,ERROR,[checkout-service] Execution exception during request dispatch: High CPU throttling on Kubernetes node worker pool,"Traceback (most recent call last):
  File ""app/handlers/dispatch.py"", line 142, in process
  ServiceError: High CPU throttling on Kubernetes node worker pool"
LOG-INC-8218-1,INC-8218,2026-08-31T07:48:57Z,INFO,[user-profile] Execution exception during request dispatch: High CPU throttling on Kubernetes node worker pool,"Traceback (most recent call last):
  File ""app/handlers/dispatch.py"", line 142, in process
  ServiceError: High CPU throttling on Kubernetes node worker pool"
LOG-INC-8218-2,INC-8218,2026-08-31T07:48:18Z,INFO,[user-profile] Execution exception during request dispatch: High CPU throttling on Kubernetes node worker pool,"Traceback (most recent call last):
  File ""app/handlers/dispatch.py"", line 142, in process
  ServiceError: High CPU throttling on Kubernetes node worker pool"
LOG-INC-8219-1,INC-8219,2026-08-13T12:35:43Z,ERROR,[auth-service] Execution exception during request dispatch: File descriptor limit reached on upstream reverse proxy,"Traceback (most recent call last):
  File ""app/handlers/dispatch.py"", line 142, in process
  ServiceError: File descriptor limit reached on upstream reverse proxy"
LOG-INC-8219-2,INC-8219,2026-08-13T12:35:41Z,WARN,[auth-service] Execution exception during request dispatch: File descriptor limit reached on upstream reverse proxy,"Traceback (most recent call last):
  File ""app/handlers/dispatch.py"", line 142, in process
  ServiceError: File descriptor limit reached on upstream reverse proxy"
LOG-INC-8219-3,INC-8219,2026-08-13T12:35:44Z,WARN,[auth-service] Execution exception during request dispatch: File descriptor limit reached on upstream reverse proxy,"Traceback (most recent call last):
  File ""app/handlers/dispatch.py"", line 142, in process
  ServiceError: File descriptor limit reached on upstream reverse proxy"
LOG-INC-8220-1,INC-8220,2026-08-25T14:17:41Z,ERROR,[order-processing] Execution exception during request dispatch: Deadlock cycle in distributed checkout table lock,"Traceback (most recent call last):
  File ""app/handlers/dispatch.py"", line 142, in process
  ServiceError: Deadlock cycle in distributed checkout table lock"
LOG-INC-8220-2,INC-8220,2026-08-25T14:17:56Z,INFO,[order-processing] Execution exception during request dispatch: Deadlock cycle in distributed checkout table lock,"Traceback (most recent call last):
  File ""app/handlers/dispatch.py"", line 142, in process
  ServiceError: Deadlock cycle in distributed checkout table lock"
LOG-INC-8221-1,INC-8221,2026-09-17T09:41:56Z,WARN,[inventory-api] Execution exception during request dispatch: TCP socket connection reset by peer on egress gateway,"Traceback (most recent call last):
  File ""app/handlers/dispatch.py"", line 142, in process
  ServiceError: TCP socket connection reset by peer on egress gateway"
LOG-INC-8221-2,INC-8221,2026-09-17T09:40:31Z,ERROR,[inventory-api] Execution exception during request dispatch: TCP socket connection reset by peer on egress gateway,"Traceback (most recent call last):
  File ""app/handlers/dispatch.py"", line 142, in process
  ServiceError: TCP socket connection reset by peer on egress gateway"
LOG-INC-8222-1,INC-8222,2026-08-29T13:18:10Z,WARN,[user-profile] Execution exception during request dispatch: Null pointer exception in payload serialization post-release,"Traceback (most recent call last):
  File ""app/handlers/dispatch.py"", line 142, in process
  ServiceError: Null pointer exception in payload serialization post-release"
LOG-INC-8222-2,INC-8222,2026-08-29T13:18:52Z,INFO,[user-profile] Execution exception during request dispatch: Null pointer exception in payload serialization post-release,"Traceback (most recent call last):
  File ""app/handlers/dispatch.py"", line 142, in process
  ServiceError: Null pointer exception in payload serialization post-release"
LOG-INC-8222-3,INC-8222,2026-08-29T13:18:45Z,WARN,[user-profile] Execution exception during request dispatch: Null pointer exception in payload serialization post-release,"Traceback (most recent call last):
  File ""app/handlers/dispatch.py"", line 142, in process
  ServiceError: Null pointer exception in payload serialization post-release"
LOG-INC-8222-4,INC-8222,2026-08-29T13:19:59Z,INFO,[user-profile] Execution exception during request dispatch: Null pointer exception in payload serialization post-release,"Traceback (most recent call last):
  File ""app/handlers/dispatch.py"", line 142, in process
  ServiceError: Null pointer exception in payload serialization post-release"
LOG-INC-8223-1,INC-8223,2026-09-04T17:19:09Z,WARN,[inventory-api] Execution exception during request dispatch: Flash sale burst traffic causing ingress queue build-up,"Traceback (most recent call last):
  File ""app/handlers/dispatch.py"", line 142, in process
  ServiceError: Flash sale burst traffic causing ingress queue build-up"
LOG-INC-8223-2,INC-8223,2026-09-04T17:18:55Z,INFO,[inventory-api] Execution exception during request dispatch: Flash sale burst traffic causing ingress queue build-up,"Traceback (most recent call last):
  File ""app/handlers/dispatch.py"", line 142, in process
  ServiceError: Flash sale burst traffic causing ingress queue build-up"
LOG-INC-8224-1,INC-8224,2026-09-14T16:06:35Z,WARN,[payment-gateway] Execution exception during request dispatch: Redis cluster shard memory limit eviction cascade,"Traceback (most recent call last):
  File ""app/handlers/dispatch.py"", line 142, in process
  ServiceError: Redis cluster shard memory limit eviction cascade"
LOG-INC-8224-2,INC-8224,2026-09-14T16:07:05Z,INFO,[payment-gateway] Execution exception during request dispatch: Redis cluster shard memory limit eviction cascade,"Traceback (most recent call last):
  File ""app/handlers/dispatch.py"", line 142, in process
  ServiceError: Redis cluster shard memory limit eviction cascade"
LOG-INC-8224-3,INC-8224,2026-09-14T16:06:48Z,WARN,[payment-gateway] Execution exception during request dispatch: Redis cluster shard memory limit eviction cascade,"Traceback (most recent call last):
  File ""app/handlers/dispatch.py"", line 142, in process
  ServiceError: Redis cluster shard memory limit eviction cascade"
LOG-INC-8225-1,INC-8225,2026-09-20T12:31:34Z,ERROR,[order-processing] Execution exception during request dispatch: Ephemeral disk volume full due to unrotated application logs,"Traceback (most recent call last):
  File ""app/handlers/dispatch.py"", line 142, in process
  ServiceError: Ephemeral disk volume full due to unrotated application logs"
LOG-INC-8225-2,INC-8225,2026-09-20T12:32:37Z,WARN,[order-processing] Execution exception during request dispatch: Ephemeral disk volume full due to unrotated application logs,"Traceback (most recent call last):
  File ""app/handlers/dispatch.py"", line 142, in process
  ServiceError: Ephemeral disk volume full due to unrotated application logs"
LOG-INC-8225-3,INC-8225,2026-09-20T12:32:47Z,ERROR,[order-processing] Execution exception during request dispatch: Ephemeral disk volume full due to unrotated application logs,"Traceback (most recent call last):
  File ""app/handlers/dispatch.py"", line 142, in process
  ServiceError: Ephemeral disk volume full due to unrotated application logs"
LOG-INC-8225-4,INC-8225,2026-09-20T12:32:16Z,WARN,[order-processing] Execution exception during request dispatch: Ephemeral disk volume full due to unrotated application logs,"Traceback (most recent call last):
  File ""app/handlers/dispatch.py"", line 142, in process
  ServiceError: Ephemeral disk volume full due to unrotated application logs"
LOG-INC-8226-1,INC-8226,2026-09-12T02:54:37Z,INFO,[search-indexer] Execution exception during request dispatch: Network packet loss on Kubernetes overlay CNI bridge,"Traceback (most recent call last):
  File ""app/handlers/dispatch.py"", line 142, in process
  ServiceError: Network packet loss on Kubernetes overlay CNI bridge"
LOG-INC-8226-2,INC-8226,2026-09-12T02:55:54Z,INFO,[search-indexer] Execution exception during request dispatch: Network packet loss on Kubernetes overlay CNI bridge,"Traceback (most recent call last):
  File ""app/handlers/dispatch.py"", line 142, in process
  ServiceError: Network packet loss on Kubernetes overlay CNI bridge"
LOG-INC-8226-3,INC-8226,2026-09-12T02:54:11Z,WARN,[search-indexer] Execution exception during request dispatch: Network packet loss on Kubernetes overlay CNI bridge,"Traceback (most recent call last):
  File ""app/handlers/dispatch.py"", line 142, in process
  ServiceError: Network packet loss on Kubernetes overlay CNI bridge"
LOG-INC-8227-1,INC-8227,2026-08-31T23:42:49Z,ERROR,[notification-worker] Execution exception during request dispatch: Stale cache invalidation logic deployed in Canary,"Traceback (most recent call last):
  File ""app/handlers/dispatch.py"", line 142, in process
  ServiceError: Stale cache invalidation logic deployed in Canary"
LOG-INC-8227-2,INC-8227,2026-08-31T23:42:57Z,ERROR,[notification-worker] Execution exception during request dispatch: Stale cache invalidation logic deployed in Canary,"Traceback (most recent call last):
  File ""app/handlers/dispatch.py"", line 142, in process
  ServiceError: Stale cache invalidation logic deployed in Canary"
LOG-INC-8227-3,INC-8227,2026-08-31T23:42:49Z,INFO,[notification-worker] Execution exception during request dispatch: Stale cache invalidation logic deployed in Canary,"Traceback (most recent call last):
  File ""app/handlers/dispatch.py"", line 142, in process
  ServiceError: Stale cache invalidation logic deployed in Canary"
LOG-INC-8228-1,INC-8228,2026-09-09T03:33:25Z,ERROR,[user-profile] Execution exception during request dispatch: Corrupted response payload format failing client validation,"Traceback (most recent call last):
  File ""app/handlers/dispatch.py"", line 142, in process
  ServiceError: Corrupted response payload format failing client validation"
LOG-INC-8228-2,INC-8228,2026-09-09T03:33:56Z,ERROR,[user-profile] Execution exception during request dispatch: Corrupted response payload format failing client validation,"Traceback (most recent call last):
  File ""app/handlers/dispatch.py"", line 142, in process
  ServiceError: Corrupted response payload format failing client validation"
LOG-INC-8228-3,INC-8228,2026-09-09T03:33:26Z,WARN,[user-profile] Execution exception during request dispatch: Corrupted response payload format failing client validation,"Traceback (most recent call last):
  File ""app/handlers/dispatch.py"", line 142, in process
  ServiceError: Corrupted response payload format failing client validation"
LOG-INC-8229-1,INC-8229,2026-08-29T22:32:58Z,WARN,[checkout-service] Execution exception during request dispatch: Ephemeral disk volume full due to unrotated application logs,"Traceback (most recent call last):
  File ""app/handlers/dispatch.py"", line 142, in process
  ServiceError: Ephemeral disk volume full due to unrotated application logs"
LOG-INC-8229-2,INC-8229,2026-08-29T22:32:44Z,WARN,[checkout-service] Execution exception during request dispatch: Ephemeral disk volume full due to unrotated application logs,"Traceback (most recent call last):
  File ""app/handlers/dispatch.py"", line 142, in process
  ServiceError: Ephemeral disk volume full due to unrotated application logs"
LOG-INC-8229-3,INC-8229,2026-08-29T22:32:40Z,INFO,[checkout-service] Execution exception during request dispatch: Ephemeral disk volume full due to unrotated application logs,"Traceback (most recent call last):
  File ""app/handlers/dispatch.py"", line 142, in process
  ServiceError: Ephemeral disk volume full due to unrotated application logs"
LOG-INC-8230-1,INC-8230,2026-08-14T20:32:11Z,ERROR,[auth-service] Execution exception during request dispatch: Unhandled arithmetic overflow in currency conversion,"Traceback (most recent call last):
  File ""app/handlers/dispatch.py"", line 142, in process
  ServiceError: Unhandled arithmetic overflow in currency conversion"
LOG-INC-8230-2,INC-8230,2026-08-14T20:33:43Z,WARN,[auth-service] Execution exception during request dispatch: Unhandled arithmetic overflow in currency conversion,"Traceback (most recent call last):
  File ""app/handlers/dispatch.py"", line 142, in process
  ServiceError: Unhandled arithmetic overflow in currency conversion"
LOG-INC-8230-3,INC-8230,2026-08-14T20:33:12Z,ERROR,[auth-service] Execution exception during request dispatch: Unhandled arithmetic overflow in currency conversion,"Traceback (most recent call last):
  File ""app/handlers/dispatch.py"", line 142, in process
  ServiceError: Unhandled arithmetic overflow in currency conversion"
LOG-INC-8230-4,INC-8230,2026-08-14T20:32:18Z,WARN,[auth-service] Execution exception during request dispatch: Unhandled arithmetic overflow in currency conversion,"Traceback (most recent call last):
  File ""app/handlers/dispatch.py"", line 142, in process
  ServiceError: Unhandled arithmetic overflow in currency conversion"
LOG-INC-8231-1,INC-8231,2026-08-18T03:47:39Z,INFO,[checkout-service] Execution exception during request dispatch: Connection pool saturation under sustained transaction load,"Traceback (most recent call last):
  File ""app/handlers/dispatch.py"", line 142, in process
  ServiceError: Connection pool saturation under sustained transaction load"
LOG-INC-8231-2,INC-8231,2026-08-18T03:48:01Z,ERROR,[checkout-service] Execution exception during request dispatch: Connection pool saturation under sustained transaction load,"Traceback (most recent call last):
  File ""app/handlers/dispatch.py"", line 142, in process
  ServiceError: Connection pool saturation under sustained transaction load"
LOG-INC-8231-3,INC-8231,2026-08-18T03:48:34Z,INFO,[checkout-service] Execution exception during request dispatch: Connection pool saturation under sustained transaction load,"Traceback (most recent call last):
  File ""app/handlers/dispatch.py"", line 142, in process
  ServiceError: Connection pool saturation under sustained transaction load"
LOG-INC-8231-4,INC-8231,2026-08-18T03:47:27Z,INFO,[checkout-service] Execution exception during request dispatch: Connection pool saturation under sustained transaction load,"Traceback (most recent call last):
  File ""app/handlers/dispatch.py"", line 142, in process
  ServiceError: Connection pool saturation under sustained transaction load"
LOG-INC-8232-1,INC-8232,2026-09-10T16:34:48Z,ERROR,[search-indexer] Execution exception during request dispatch: Network packet loss on Kubernetes overlay CNI bridge,"Traceback (most recent call last):
  File ""app/handlers/dispatch.py"", line 142, in process
  ServiceError: Network packet loss on Kubernetes overlay CNI bridge"
LOG-INC-8232-2,INC-8232,2026-09-10T16:34:01Z,WARN,[search-indexer] Execution exception during request dispatch: Network packet loss on Kubernetes overlay CNI bridge,"Traceback (most recent call last):
  File ""app/handlers/dispatch.py"", line 142, in process
  ServiceError: Network packet loss on Kubernetes overlay CNI bridge"
LOG-INC-8233-1,INC-8233,2026-08-15T12:36:43Z,ERROR,[checkout-service] Execution exception during request dispatch: Memory leak in unclosed HTTP response stream handler,"Traceback (most recent call last):
  File ""app/handlers/dispatch.py"", line 142, in process
  ServiceError: Memory leak in unclosed HTTP response stream handler"
LOG-INC-8233-2,INC-8233,2026-08-15T12:37:43Z,WARN,[checkout-service] Execution exception during request dispatch: Memory leak in unclosed HTTP response stream handler,"Traceback (most recent call last):
  File ""app/handlers/dispatch.py"", line 142, in process
  ServiceError: Memory leak in unclosed HTTP response stream handler"
LOG-INC-8233-3,INC-8233,2026-08-15T12:37:47Z,WARN,[checkout-service] Execution exception during request dispatch: Memory leak in unclosed HTTP response stream handler,"Traceback (most recent call last):
  File ""app/handlers/dispatch.py"", line 142, in process
  ServiceError: Memory leak in unclosed HTTP response stream handler"
LOG-INC-8234-1,INC-8234,2026-09-08T18:05:38Z,ERROR,[user-profile] Execution exception during request dispatch: Batch data import job executed during peak consumer hours,"Traceback (most recent call last):
  File ""app/handlers/dispatch.py"", line 142, in process
  ServiceError: Batch data import job executed during peak consumer hours"
LOG-INC-8234-2,INC-8234,2026-09-08T18:05:59Z,INFO,[user-profile] Execution exception during request dispatch: Batch data import job executed during peak consumer hours,"Traceback (most recent call last):
  File ""app/handlers/dispatch.py"", line 142, in process
  ServiceError: Batch data import job executed during peak consumer hours"
LOG-INC-8235-1,INC-8235,2026-09-07T16:45:28Z,ERROR,[inventory-api] Execution exception during request dispatch: Network packet loss on Kubernetes overlay CNI bridge,"Traceback (most recent call last):
  File ""app/handlers/dispatch.py"", line 142, in process
  ServiceError: Network packet loss on Kubernetes overlay CNI bridge"
LOG-INC-8235-2,INC-8235,2026-09-07T16:45:42Z,ERROR,[inventory-api] Execution exception during request dispatch: Network packet loss on Kubernetes overlay CNI bridge,"Traceback (most recent call last):
  File ""app/handlers/dispatch.py"", line 142, in process
  ServiceError: Network packet loss on Kubernetes overlay CNI bridge"
LOG-INC-8236-1,INC-8236,2026-09-02T03:26:41Z,WARN,[notification-worker] Execution exception during request dispatch: Batch data import job executed during peak consumer hours,"Traceback (most recent call last):
  File ""app/handlers/dispatch.py"", line 142, in process
  ServiceError: Batch data import job executed during peak consumer hours"
LOG-INC-8236-2,INC-8236,2026-09-02T03:26:21Z,INFO,[notification-worker] Execution exception during request dispatch: Batch data import job executed during peak consumer hours,"Traceback (most recent call last):
  File ""app/handlers/dispatch.py"", line 142, in process
  ServiceError: Batch data import job executed during peak consumer hours"
LOG-INC-8237-1,INC-8237,2026-09-12T07:26:52Z,WARN,[auth-service] Execution exception during request dispatch: Recursive call in JSON parsing leading to stack exhaustion,"Traceback (most recent call last):
  File ""app/handlers/dispatch.py"", line 142, in process
  ServiceError: Recursive call in JSON parsing leading to stack exhaustion"
LOG-INC-8237-2,INC-8237,2026-09-12T07:27:34Z,ERROR,[auth-service] Execution exception during request dispatch: Recursive call in JSON parsing leading to stack exhaustion,"Traceback (most recent call last):
  File ""app/handlers/dispatch.py"", line 142, in process
  ServiceError: Recursive call in JSON parsing leading to stack exhaustion"
LOG-INC-8237-3,INC-8237,2026-09-12T07:26:47Z,ERROR,[auth-service] Execution exception during request dispatch: Recursive call in JSON parsing leading to stack exhaustion,"Traceback (most recent call last):
  File ""app/handlers/dispatch.py"", line 142, in process
  ServiceError: Recursive call in JSON parsing leading to stack exhaustion"
LOG-INC-8238-1,INC-8238,2026-09-15T03:50:36Z,INFO,[notification-worker] Execution exception during request dispatch: Garbage collection pause duration exceeding 1500ms,"Traceback (most recent call last):
  File ""app/handlers/dispatch.py"", line 142, in process
  ServiceError: Garbage collection pause duration exceeding 1500ms"
LOG-INC-8238-2,INC-8238,2026-09-15T03:50:09Z,ERROR,[notification-worker] Execution exception during request dispatch: Garbage collection pause duration exceeding 1500ms,"Traceback (most recent call last):
  File ""app/handlers/dispatch.py"", line 142, in process
  ServiceError: Garbage collection pause duration exceeding 1500ms"
LOG-INC-8238-3,INC-8238,2026-09-15T03:51:03Z,INFO,[notification-worker] Execution exception during request dispatch: Garbage collection pause duration exceeding 1500ms,"Traceback (most recent call last):
  File ""app/handlers/dispatch.py"", line 142, in process
  ServiceError: Garbage collection pause duration exceeding 1500ms"
LOG-INC-8239-1,INC-8239,2026-09-19T06:32:40Z,INFO,[order-processing] Execution exception during request dispatch: Inter-region transit latency degradation exceeding SLA,"Traceback (most recent call last):
  File ""app/handlers/dispatch.py"", line 142, in process
  ServiceError: Inter-region transit latency degradation exceeding SLA"
LOG-INC-8239-2,INC-8239,2026-09-19T06:32:11Z,ERROR,[order-processing] Execution exception during request dispatch: Inter-region transit latency degradation exceeding SLA,"Traceback (most recent call last):
  File ""app/handlers/dispatch.py"", line 142, in process
  ServiceError: Inter-region transit latency degradation exceeding SLA"
LOG-INC-8240-1,INC-8240,2026-09-21T01:04:06Z,ERROR,[order-processing] Execution exception during request dispatch: Redis cluster shard memory limit eviction cascade,"Traceback (most recent call last):
  File ""app/handlers/dispatch.py"", line 142, in process
  ServiceError: Redis cluster shard memory limit eviction cascade"
LOG-INC-8240-2,INC-8240,2026-09-21T01:04:10Z,ERROR,[order-processing] Execution exception during request dispatch: Redis cluster shard memory limit eviction cascade,"Traceback (most recent call last):
  File ""app/handlers/dispatch.py"", line 142, in process
  ServiceError: Redis cluster shard memory limit eviction cascade"
LOG-INC-8241-1,INC-8241,2026-08-13T08:38:12Z,ERROR,[checkout-service] Execution exception during request dispatch: Network packet loss on Kubernetes overlay CNI bridge,"Traceback (most recent call last):
  File ""app/handlers/dispatch.py"", line 142, in process
  ServiceError: Network packet loss on Kubernetes overlay CNI bridge"
LOG-INC-8241-2,INC-8241,2026-08-13T08:38:50Z,INFO,[checkout-service] Execution exception during request dispatch: Network packet loss on Kubernetes overlay CNI bridge,"Traceback (most recent call last):
  File ""app/handlers/dispatch.py"", line 142, in process
  ServiceError: Network packet loss on Kubernetes overlay CNI bridge"
LOG-INC-8241-3,INC-8241,2026-08-13T08:38:24Z,INFO,[checkout-service] Execution exception during request dispatch: Network packet loss on Kubernetes overlay CNI bridge,"Traceback (most recent call last):
  File ""app/handlers/dispatch.py"", line 142, in process
  ServiceError: Network packet loss on Kubernetes overlay CNI bridge"
LOG-INC-8241-4,INC-8241,2026-08-13T08:39:13Z,ERROR,[checkout-service] Execution exception during request dispatch: Network packet loss on Kubernetes overlay CNI bridge,"Traceback (most recent call last):
  File ""app/handlers/dispatch.py"", line 142, in process
  ServiceError: Network packet loss on Kubernetes overlay CNI bridge"
LOG-INC-8242-1,INC-8242,2026-09-09T07:08:37Z,ERROR,[user-profile] Execution exception during request dispatch: Recursive call in JSON parsing leading to stack exhaustion,"Traceback (most recent call last):
  File ""app/handlers/dispatch.py"", line 142, in process
  ServiceError: Recursive call in JSON parsing leading to stack exhaustion"
LOG-INC-8242-2,INC-8242,2026-09-09T07:09:07Z,INFO,[user-profile] Execution exception during request dispatch: Recursive call in JSON parsing leading to stack exhaustion,"Traceback (most recent call last):
  File ""app/handlers/dispatch.py"", line 142, in process
  ServiceError: Recursive call in JSON parsing leading to stack exhaustion"
LOG-INC-8243-1,INC-8243,2026-08-30T05:50:25Z,ERROR,[user-profile] Execution exception during request dispatch: Race condition in concurrent token refresh logic,"Traceback (most recent call last):
  File ""app/handlers/dispatch.py"", line 142, in process
  ServiceError: Race condition in concurrent token refresh logic"
LOG-INC-8243-2,INC-8243,2026-08-30T05:51:12Z,ERROR,[user-profile] Execution exception during request dispatch: Race condition in concurrent token refresh logic,"Traceback (most recent call last):
  File ""app/handlers/dispatch.py"", line 142, in process
  ServiceError: Race condition in concurrent token refresh logic"
LOG-INC-8243-3,INC-8243,2026-08-30T05:51:02Z,WARN,[user-profile] Execution exception during request dispatch: Race condition in concurrent token refresh logic,"Traceback (most recent call last):
  File ""app/handlers/dispatch.py"", line 142, in process
  ServiceError: Race condition in concurrent token refresh logic"
LOG-INC-8243-4,INC-8243,2026-08-30T05:51:49Z,WARN,[user-profile] Execution exception during request dispatch: Race condition in concurrent token refresh logic,"Traceback (most recent call last):
  File ""app/handlers/dispatch.py"", line 142, in process
  ServiceError: Race condition in concurrent token refresh logic"
LOG-INC-8244-1,INC-8244,2026-08-29T06:51:35Z,WARN,[payment-gateway] Execution exception during request dispatch: Batch data import job executed during peak consumer hours,"Traceback (most recent call last):
  File ""app/handlers/dispatch.py"", line 142, in process
  ServiceError: Batch data import job executed during peak consumer hours"
LOG-INC-8244-2,INC-8244,2026-08-29T06:52:37Z,ERROR,[payment-gateway] Execution exception during request dispatch: Batch data import job executed during peak consumer hours,"Traceback (most recent call last):
  File ""app/handlers/dispatch.py"", line 142, in process
  ServiceError: Batch data import job executed during peak consumer hours"
LOG-INC-8244-3,INC-8244,2026-08-29T06:52:29Z,INFO,[payment-gateway] Execution exception during request dispatch: Batch data import job executed during peak consumer hours,"Traceback (most recent call last):
  File ""app/handlers/dispatch.py"", line 142, in process
  ServiceError: Batch data import job executed during peak consumer hours"
LOG-INC-8244-4,INC-8244,2026-08-29T06:52:49Z,WARN,[payment-gateway] Execution exception during request dispatch: Batch data import job executed during peak consumer hours,"Traceback (most recent call last):
  File ""app/handlers/dispatch.py"", line 142, in process
  ServiceError: Batch data import job executed during peak consumer hours"
LOG-INC-8245-1,INC-8245,2026-09-02T16:18:51Z,ERROR,[inventory-api] Execution exception during request dispatch: Inter-region transit latency degradation exceeding SLA,"Traceback (most recent call last):
  File ""app/handlers/dispatch.py"", line 142, in process
  ServiceError: Inter-region transit latency degradation exceeding SLA"
LOG-INC-8245-2,INC-8245,2026-09-02T16:17:27Z,ERROR,[inventory-api] Execution exception during request dispatch: Inter-region transit latency degradation exceeding SLA,"Traceback (most recent call last):
  File ""app/handlers/dispatch.py"", line 142, in process
  ServiceError: Inter-region transit latency degradation exceeding SLA"
LOG-INC-8246-1,INC-8246,2026-08-29T21:54:31Z,INFO,[search-indexer] Execution exception during request dispatch: Spike in unauthenticated request probe flood,"Traceback (most recent call last):
  File ""app/handlers/dispatch.py"", line 142, in process
  ServiceError: Spike in unauthenticated request probe flood"
LOG-INC-8246-2,INC-8246,2026-08-29T21:55:07Z,ERROR,[search-indexer] Execution exception during request dispatch: Spike in unauthenticated request probe flood,"Traceback (most recent call last):
  File ""app/handlers/dispatch.py"", line 142, in process
  ServiceError: Spike in unauthenticated request probe flood"
LOG-INC-8247-1,INC-8247,2026-08-19T12:20:11Z,ERROR,[user-profile] Execution exception during request dispatch: Database migration lock timeout during schema rollout,"Traceback (most recent call last):
  File ""app/handlers/dispatch.py"", line 142, in process
  ServiceError: Database migration lock timeout during schema rollout"
LOG-INC-8247-2,INC-8247,2026-08-19T12:19:17Z,INFO,[user-profile] Execution exception during request dispatch: Database migration lock timeout during schema rollout,"Traceback (most recent call last):
  File ""app/handlers/dispatch.py"", line 142, in process
  ServiceError: Database migration lock timeout during schema rollout"
LOG-INC-8248-1,INC-8248,2026-08-28T10:14:03Z,INFO,[order-processing] Execution exception during request dispatch: Slow query cascade triggering client connection timeout,"Traceback (most recent call last):
  File ""app/handlers/dispatch.py"", line 142, in process
  ServiceError: Slow query cascade triggering client connection timeout"
LOG-INC-8248-2,INC-8248,2026-08-28T10:14:30Z,WARN,[order-processing] Execution exception during request dispatch: Slow query cascade triggering client connection timeout,"Traceback (most recent call last):
  File ""app/handlers/dispatch.py"", line 142, in process
  ServiceError: Slow query cascade triggering client connection timeout"
LOG-INC-8248-3,INC-8248,2026-08-28T10:14:58Z,ERROR,[order-processing] Execution exception during request dispatch: Slow query cascade triggering client connection timeout,"Traceback (most recent call last):
  File ""app/handlers/dispatch.py"", line 142, in process
  ServiceError: Slow query cascade triggering client connection timeout"
LOG-INC-8248-4,INC-8248,2026-08-28T10:13:26Z,ERROR,[order-processing] Execution exception during request dispatch: Slow query cascade triggering client connection timeout,"Traceback (most recent call last):
  File ""app/handlers/dispatch.py"", line 142, in process
  ServiceError: Slow query cascade triggering client connection timeout"
LOG-INC-8249-1,INC-8249,2026-08-19T21:23:35Z,ERROR,[user-profile] Execution exception during request dispatch: Distributed crawler burst triggering endpoint 429 retries,"Traceback (most recent call last):
  File ""app/handlers/dispatch.py"", line 142, in process
  ServiceError: Distributed crawler burst triggering endpoint 429 retries"
LOG-INC-8249-2,INC-8249,2026-08-19T21:24:17Z,ERROR,[user-profile] Execution exception during request dispatch: Distributed crawler burst triggering endpoint 429 retries,"Traceback (most recent call last):
  File ""app/handlers/dispatch.py"", line 142, in process
  ServiceError: Distributed crawler burst triggering endpoint 429 retries"
LOG-INC-8249-3,INC-8249,2026-08-19T21:24:14Z,ERROR,[user-profile] Execution exception during request dispatch: Distributed crawler burst triggering endpoint 429 retries,"Traceback (most recent call last):
  File ""app/handlers/dispatch.py"", line 142, in process
  ServiceError: Distributed crawler burst triggering endpoint 429 retries"
LOG-INC-8249-4,INC-8249,2026-08-19T21:23:32Z,ERROR,[user-profile] Execution exception during request dispatch: Distributed crawler burst triggering endpoint 429 retries,"Traceback (most recent call last):
  File ""app/handlers/dispatch.py"", line 142, in process
  ServiceError: Distributed crawler burst triggering endpoint 429 retries"
LOG-INC-8250-1,INC-8250,2026-09-12T18:04:32Z,ERROR,[payment-gateway] Execution exception during request dispatch: Sudden traffic surge exceeding rate limiter bucket capacity,"Traceback (most recent call last):
  File ""app/handlers/dispatch.py"", line 142, in process
  ServiceError: Sudden traffic surge exceeding rate limiter bucket capacity"
LOG-INC-8250-2,INC-8250,2026-09-12T18:05:54Z,ERROR,[payment-gateway] Execution exception during request dispatch: Sudden traffic surge exceeding rate limiter bucket capacity,"Traceback (most recent call last):
  File ""app/handlers/dispatch.py"", line 142, in process
  ServiceError: Sudden traffic surge exceeding rate limiter bucket capacity"
LOG-INC-8251-1,INC-8251,2026-09-14T10:19:36Z,ERROR,[checkout-service] Execution exception during request dispatch: Race condition in concurrent token refresh logic,"Traceback (most recent call last):
  File ""app/handlers/dispatch.py"", line 142, in process
  ServiceError: Race condition in concurrent token refresh logic"
LOG-INC-8251-2,INC-8251,2026-09-14T10:19:37Z,WARN,[checkout-service] Execution exception during request dispatch: Race condition in concurrent token refresh logic,"Traceback (most recent call last):
  File ""app/handlers/dispatch.py"", line 142, in process
  ServiceError: Race condition in concurrent token refresh logic"
LOG-INC-8251-3,INC-8251,2026-09-14T10:19:16Z,INFO,[checkout-service] Execution exception during request dispatch: Race condition in concurrent token refresh logic,"Traceback (most recent call last):
  File ""app/handlers/dispatch.py"", line 142, in process
  ServiceError: Race condition in concurrent token refresh logic"
LOG-INC-8251-4,INC-8251,2026-09-14T10:19:56Z,INFO,[checkout-service] Execution exception during request dispatch: Race condition in concurrent token refresh logic,"Traceback (most recent call last):
  File ""app/handlers/dispatch.py"", line 142, in process
  ServiceError: Race condition in concurrent token refresh logic"
LOG-INC-8252-1,INC-8252,2026-09-22T03:36:09Z,INFO,[checkout-service] Execution exception during request dispatch: Network packet loss on Kubernetes overlay CNI bridge,"Traceback (most recent call last):
  File ""app/handlers/dispatch.py"", line 142, in process
  ServiceError: Network packet loss on Kubernetes overlay CNI bridge"
LOG-INC-8252-2,INC-8252,2026-09-22T03:37:48Z,INFO,[checkout-service] Execution exception during request dispatch: Network packet loss on Kubernetes overlay CNI bridge,"Traceback (most recent call last):
  File ""app/handlers/dispatch.py"", line 142, in process
  ServiceError: Network packet loss on Kubernetes overlay CNI bridge"
LOG-INC-8252-3,INC-8252,2026-09-22T03:36:53Z,ERROR,[checkout-service] Execution exception during request dispatch: Network packet loss on Kubernetes overlay CNI bridge,"Traceback (most recent call last):
  File ""app/handlers/dispatch.py"", line 142, in process
  ServiceError: Network packet loss on Kubernetes overlay CNI bridge"
LOG-INC-8253-1,INC-8253,2026-09-21T00:07:40Z,INFO,[user-profile] Execution exception during request dispatch: Corrupted response payload format failing client validation,"Traceback (most recent call last):
  File ""app/handlers/dispatch.py"", line 142, in process
  ServiceError: Corrupted response payload format failing client validation"
LOG-INC-8253-2,INC-8253,2026-09-21T00:07:53Z,INFO,[user-profile] Execution exception during request dispatch: Corrupted response payload format failing client validation,"Traceback (most recent call last):
  File ""app/handlers/dispatch.py"", line 142, in process
  ServiceError: Corrupted response payload format failing client validation"
LOG-INC-8254-1,INC-8254,2026-08-26T19:59:02Z,INFO,[payment-gateway] Execution exception during request dispatch: Flash sale burst traffic causing ingress queue build-up,"Traceback (most recent call last):
  File ""app/handlers/dispatch.py"", line 142, in process
  ServiceError: Flash sale burst traffic causing ingress queue build-up"
LOG-INC-8254-2,INC-8254,2026-08-26T19:59:18Z,INFO,[payment-gateway] Execution exception during request dispatch: Flash sale burst traffic causing ingress queue build-up,"Traceback (most recent call last):
  File ""app/handlers/dispatch.py"", line 142, in process
  ServiceError: Flash sale burst traffic causing ingress queue build-up"
LOG-INC-8254-3,INC-8254,2026-08-26T19:58:16Z,ERROR,[payment-gateway] Execution exception during request dispatch: Flash sale burst traffic causing ingress queue build-up,"Traceback (most recent call last):
  File ""app/handlers/dispatch.py"", line 142, in process
  ServiceError: Flash sale burst traffic causing ingress queue build-up"
LOG-INC-8255-1,INC-8255,2026-08-22T19:25:30Z,WARN,[payment-gateway] Execution exception during request dispatch: Pod memory limit hit triggering repeated OOMKilled events,"Traceback (most recent call last):
  File ""app/handlers/dispatch.py"", line 142, in process
  ServiceError: Pod memory limit hit triggering repeated OOMKilled events"
LOG-INC-8255-2,INC-8255,2026-08-22T19:25:55Z,INFO,[payment-gateway] Execution exception during request dispatch: Pod memory limit hit triggering repeated OOMKilled events,"Traceback (most recent call last):
  File ""app/handlers/dispatch.py"", line 142, in process
  ServiceError: Pod memory limit hit triggering repeated OOMKilled events"
LOG-INC-8255-3,INC-8255,2026-08-22T19:26:18Z,ERROR,[payment-gateway] Execution exception during request dispatch: Pod memory limit hit triggering repeated OOMKilled events,"Traceback (most recent call last):
  File ""app/handlers/dispatch.py"", line 142, in process
  ServiceError: Pod memory limit hit triggering repeated OOMKilled events"
LOG-INC-8255-4,INC-8255,2026-08-22T19:26:16Z,INFO,[payment-gateway] Execution exception during request dispatch: Pod memory limit hit triggering repeated OOMKilled events,"Traceback (most recent call last):
  File ""app/handlers/dispatch.py"", line 142, in process
  ServiceError: Pod memory limit hit triggering repeated OOMKilled events"
LOG-INC-8256-1,INC-8256,2026-09-17T19:43:28Z,ERROR,[auth-service] Execution exception during request dispatch: Corrupted response payload format failing client validation,"Traceback (most recent call last):
  File ""app/handlers/dispatch.py"", line 142, in process
  ServiceError: Corrupted response payload format failing client validation"
LOG-INC-8256-2,INC-8256,2026-09-17T19:43:43Z,WARN,[auth-service] Execution exception during request dispatch: Corrupted response payload format failing client validation,"Traceback (most recent call last):
  File ""app/handlers/dispatch.py"", line 142, in process
  ServiceError: Corrupted response payload format failing client validation"
LOG-INC-8256-3,INC-8256,2026-09-17T19:42:26Z,WARN,[auth-service] Execution exception during request dispatch: Corrupted response payload format failing client validation,"Traceback (most recent call last):
  File ""app/handlers/dispatch.py"", line 142, in process
  ServiceError: Corrupted response payload format failing client validation"
LOG-INC-8256-4,INC-8256,2026-09-17T19:43:23Z,WARN,[auth-service] Execution exception during request dispatch: Corrupted response payload format failing client validation,"Traceback (most recent call last):
  File ""app/handlers/dispatch.py"", line 142, in process
  ServiceError: Corrupted response payload format failing client validation"
LOG-INC-8257-1,INC-8257,2026-08-17T22:51:06Z,WARN,[auth-service] Execution exception during request dispatch: Config flag default inversion causing request rejections,"Traceback (most recent call last):
  File ""app/handlers/dispatch.py"", line 142, in process
  ServiceError: Config flag default inversion causing request rejections"
LOG-INC-8257-2,INC-8257,2026-08-17T22:52:33Z,ERROR,[auth-service] Execution exception during request dispatch: Config flag default inversion causing request rejections,"Traceback (most recent call last):
  File ""app/handlers/dispatch.py"", line 142, in process
  ServiceError: Config flag default inversion causing request rejections"
LOG-INC-8257-3,INC-8257,2026-08-17T22:51:44Z,WARN,[auth-service] Execution exception during request dispatch: Config flag default inversion causing request rejections,"Traceback (most recent call last):
  File ""app/handlers/dispatch.py"", line 142, in process
  ServiceError: Config flag default inversion causing request rejections"
LOG-INC-8258-1,INC-8258,2026-08-16T06:07:37Z,ERROR,[inventory-api] Execution exception during request dispatch: Flash sale burst traffic causing ingress queue build-up,"Traceback (most recent call last):
  File ""app/handlers/dispatch.py"", line 142, in process
  ServiceError: Flash sale burst traffic causing ingress queue build-up"
LOG-INC-8258-2,INC-8258,2026-08-16T06:07:12Z,WARN,[inventory-api] Execution exception during request dispatch: Flash sale burst traffic causing ingress queue build-up,"Traceback (most recent call last):
  File ""app/handlers/dispatch.py"", line 142, in process
  ServiceError: Flash sale burst traffic causing ingress queue build-up"
LOG-INC-8259-1,INC-8259,2026-08-27T22:27:10Z,INFO,[auth-service] Execution exception during request dispatch: Ephemeral disk volume full due to unrotated application logs,"Traceback (most recent call last):
  File ""app/handlers/dispatch.py"", line 142, in process
  ServiceError: Ephemeral disk volume full due to unrotated application logs"
LOG-INC-8259-2,INC-8259,2026-08-27T22:26:17Z,WARN,[auth-service] Execution exception during request dispatch: Ephemeral disk volume full due to unrotated application logs,"Traceback (most recent call last):
  File ""app/handlers/dispatch.py"", line 142, in process
  ServiceError: Ephemeral disk volume full due to unrotated application logs"
LOG-INC-8259-3,INC-8259,2026-08-27T22:27:07Z,INFO,[auth-service] Execution exception during request dispatch: Ephemeral disk volume full due to unrotated application logs,"Traceback (most recent call last):
  File ""app/handlers/dispatch.py"", line 142, in process
  ServiceError: Ephemeral disk volume full due to unrotated application logs"
LOG-INC-8260-1,INC-8260,2026-09-10T17:00:25Z,WARN,[payment-gateway] Execution exception during request dispatch: Distributed crawler burst triggering endpoint 429 retries,"Traceback (most recent call last):
  File ""app/handlers/dispatch.py"", line 142, in process
  ServiceError: Distributed crawler burst triggering endpoint 429 retries"
LOG-INC-8260-2,INC-8260,2026-09-10T16:59:35Z,INFO,[payment-gateway] Execution exception during request dispatch: Distributed crawler burst triggering endpoint 429 retries,"Traceback (most recent call last):
  File ""app/handlers/dispatch.py"", line 142, in process
  ServiceError: Distributed crawler burst triggering endpoint 429 retries"
LOG-INC-8260-3,INC-8260,2026-09-10T16:59:40Z,ERROR,[payment-gateway] Execution exception during request dispatch: Distributed crawler burst triggering endpoint 429 retries,"Traceback (most recent call last):
  File ""app/handlers/dispatch.py"", line 142, in process
  ServiceError: Distributed crawler burst triggering endpoint 429 retries"
LOG-INC-8261-1,INC-8261,2026-09-07T11:55:59Z,WARN,[search-indexer] Execution exception during request dispatch: Stale cache invalidation logic deployed in Canary,"Traceback (most recent call last):
  File ""app/handlers/dispatch.py"", line 142, in process
  ServiceError: Stale cache invalidation logic deployed in Canary"
LOG-INC-8261-2,INC-8261,2026-09-07T11:56:22Z,WARN,[search-indexer] Execution exception during request dispatch: Stale cache invalidation logic deployed in Canary,"Traceback (most recent call last):
  File ""app/handlers/dispatch.py"", line 142, in process
  ServiceError: Stale cache invalidation logic deployed in Canary"
LOG-INC-8262-1,INC-8262,2026-08-22T10:40:25Z,WARN,[order-processing] Execution exception during request dispatch: File descriptor limit reached on upstream reverse proxy,"Traceback (most recent call last):
  File ""app/handlers/dispatch.py"", line 142, in process
  ServiceError: File descriptor limit reached on upstream reverse proxy"
LOG-INC-8262-2,INC-8262,2026-08-22T10:40:13Z,INFO,[order-processing] Execution exception during request dispatch: File descriptor limit reached on upstream reverse proxy,"Traceback (most recent call last):
  File ""app/handlers/dispatch.py"", line 142, in process
  ServiceError: File descriptor limit reached on upstream reverse proxy"
LOG-INC-8262-3,INC-8262,2026-08-22T10:41:13Z,INFO,[order-processing] Execution exception during request dispatch: File descriptor limit reached on upstream reverse proxy,"Traceback (most recent call last):
  File ""app/handlers/dispatch.py"", line 142, in process
  ServiceError: File descriptor limit reached on upstream reverse proxy"
LOG-INC-8262-4,INC-8262,2026-08-22T10:40:20Z,ERROR,[order-processing] Execution exception during request dispatch: File descriptor limit reached on upstream reverse proxy,"Traceback (most recent call last):
  File ""app/handlers/dispatch.py"", line 142, in process
  ServiceError: File descriptor limit reached on upstream reverse proxy"
LOG-INC-8263-1,INC-8263,2026-09-17T22:29:08Z,INFO,[inventory-api] Execution exception during request dispatch: Inter-region transit latency degradation exceeding SLA,"Traceback (most recent call last):
  File ""app/handlers/dispatch.py"", line 142, in process
  ServiceError: Inter-region transit latency degradation exceeding SLA"
LOG-INC-8263-2,INC-8263,2026-09-17T22:30:23Z,WARN,[inventory-api] Execution exception during request dispatch: Inter-region transit latency degradation exceeding SLA,"Traceback (most recent call last):
  File ""app/handlers/dispatch.py"", line 142, in process
  ServiceError: Inter-region transit latency degradation exceeding SLA"
LOG-INC-8264-1,INC-8264,2026-09-20T09:19:05Z,INFO,[order-processing] Execution exception during request dispatch: Dependency version mismatch in gRPC protobuf schema,"Traceback (most recent call last):
  File ""app/handlers/dispatch.py"", line 142, in process
  ServiceError: Dependency version mismatch in gRPC protobuf schema"
LOG-INC-8264-2,INC-8264,2026-09-20T09:19:28Z,WARN,[order-processing] Execution exception during request dispatch: Dependency version mismatch in gRPC protobuf schema,"Traceback (most recent call last):
  File ""app/handlers/dispatch.py"", line 142, in process
  ServiceError: Dependency version mismatch in gRPC protobuf schema"
LOG-INC-8264-3,INC-8264,2026-09-20T09:18:28Z,WARN,[order-processing] Execution exception during request dispatch: Dependency version mismatch in gRPC protobuf schema,"Traceback (most recent call last):
  File ""app/handlers/dispatch.py"", line 142, in process
  ServiceError: Dependency version mismatch in gRPC protobuf schema"
LOG-INC-8264-4,INC-8264,2026-09-20T09:19:07Z,WARN,[order-processing] Execution exception during request dispatch: Dependency version mismatch in gRPC protobuf schema,"Traceback (most recent call last):
  File ""app/handlers/dispatch.py"", line 142, in process
  ServiceError: Dependency version mismatch in gRPC protobuf schema"
LOG-INC-8265-1,INC-8265,2026-08-23T00:05:01Z,INFO,[order-processing] Execution exception during request dispatch: Dependency version mismatch in gRPC protobuf schema,"Traceback (most recent call last):
  File ""app/handlers/dispatch.py"", line 142, in process
  ServiceError: Dependency version mismatch in gRPC protobuf schema"
LOG-INC-8265-2,INC-8265,2026-08-23T00:05:07Z,INFO,[order-processing] Execution exception during request dispatch: Dependency version mismatch in gRPC protobuf schema,"Traceback (most recent call last):
  File ""app/handlers/dispatch.py"", line 142, in process
  ServiceError: Dependency version mismatch in gRPC protobuf schema"
LOG-INC-8266-1,INC-8266,2026-09-08T13:15:18Z,INFO,[order-processing] Execution exception during request dispatch: Database migration lock timeout during schema rollout,"Traceback (most recent call last):
  File ""app/handlers/dispatch.py"", line 142, in process
  ServiceError: Database migration lock timeout during schema rollout"
LOG-INC-8266-2,INC-8266,2026-09-08T13:15:13Z,INFO,[order-processing] Execution exception during request dispatch: Database migration lock timeout during schema rollout,"Traceback (most recent call last):
  File ""app/handlers/dispatch.py"", line 142, in process
  ServiceError: Database migration lock timeout during schema rollout"
LOG-INC-8266-3,INC-8266,2026-09-08T13:15:27Z,INFO,[order-processing] Execution exception during request dispatch: Database migration lock timeout during schema rollout,"Traceback (most recent call last):
  File ""app/handlers/dispatch.py"", line 142, in process
  ServiceError: Database migration lock timeout during schema rollout"
LOG-INC-8266-4,INC-8266,2026-09-08T13:15:45Z,ERROR,[order-processing] Execution exception during request dispatch: Database migration lock timeout during schema rollout,"Traceback (most recent call last):
  File ""app/handlers/dispatch.py"", line 142, in process
  ServiceError: Database migration lock timeout during schema rollout"
LOG-INC-8267-1,INC-8267,2026-09-06T11:40:44Z,WARN,[search-indexer] Execution exception during request dispatch: DNS resolution timeouts between VPC private subnets,"Traceback (most recent call last):
  File ""app/handlers/dispatch.py"", line 142, in process
  ServiceError: DNS resolution timeouts between VPC private subnets"
LOG-INC-8267-2,INC-8267,2026-09-06T11:40:04Z,ERROR,[search-indexer] Execution exception during request dispatch: DNS resolution timeouts between VPC private subnets,"Traceback (most recent call last):
  File ""app/handlers/dispatch.py"", line 142, in process
  ServiceError: DNS resolution timeouts between VPC private subnets"
LOG-INC-8267-3,INC-8267,2026-09-06T11:39:59Z,WARN,[search-indexer] Execution exception during request dispatch: DNS resolution timeouts between VPC private subnets,"Traceback (most recent call last):
  File ""app/handlers/dispatch.py"", line 142, in process
  ServiceError: DNS resolution timeouts between VPC private subnets"
LOG-INC-8268-1,INC-8268,2026-09-18T08:24:59Z,ERROR,[auth-service] Execution exception during request dispatch: Spike in unauthenticated request probe flood,"Traceback (most recent call last):
  File ""app/handlers/dispatch.py"", line 142, in process
  ServiceError: Spike in unauthenticated request probe flood"
LOG-INC-8268-2,INC-8268,2026-09-18T08:24:57Z,WARN,[auth-service] Execution exception during request dispatch: Spike in unauthenticated request probe flood,"Traceback (most recent call last):
  File ""app/handlers/dispatch.py"", line 142, in process
  ServiceError: Spike in unauthenticated request probe flood"
LOG-INC-8268-3,INC-8268,2026-09-18T08:23:16Z,WARN,[auth-service] Execution exception during request dispatch: Spike in unauthenticated request probe flood,"Traceback (most recent call last):
  File ""app/handlers/dispatch.py"", line 142, in process
  ServiceError: Spike in unauthenticated request probe flood"
LOG-INC-8268-4,INC-8268,2026-09-18T08:23:46Z,INFO,[auth-service] Execution exception during request dispatch: Spike in unauthenticated request probe flood,"Traceback (most recent call last):
  File ""app/handlers/dispatch.py"", line 142, in process
  ServiceError: Spike in unauthenticated request probe flood"
LOG-INC-8269-1,INC-8269,2026-09-22T14:36:38Z,INFO,[auth-service] Execution exception during request dispatch: TLS certificate handshake timeout on third-party webhook,"Traceback (most recent call last):
  File ""app/handlers/dispatch.py"", line 142, in process
  ServiceError: TLS certificate handshake timeout on third-party webhook"
LOG-INC-8269-2,INC-8269,2026-09-22T14:36:23Z,ERROR,[auth-service] Execution exception during request dispatch: TLS certificate handshake timeout on third-party webhook,"Traceback (most recent call last):
  File ""app/handlers/dispatch.py"", line 142, in process
  ServiceError: TLS certificate handshake timeout on third-party webhook"
LOG-INC-8269-3,INC-8269,2026-09-22T14:35:53Z,INFO,[auth-service] Execution exception during request dispatch: TLS certificate handshake timeout on third-party webhook,"Traceback (most recent call last):
  File ""app/handlers/dispatch.py"", line 142, in process
  ServiceError: TLS certificate handshake timeout on third-party webhook"
LOG-INC-8270-1,INC-8270,2026-09-06T04:20:20Z,ERROR,[checkout-service] Execution exception during request dispatch: Connection pool saturation under sustained transaction load,"Traceback (most recent call last):
  File ""app/handlers/dispatch.py"", line 142, in process
  ServiceError: Connection pool saturation under sustained transaction load"
LOG-INC-8270-2,INC-8270,2026-09-06T04:20:30Z,ERROR,[checkout-service] Execution exception during request dispatch: Connection pool saturation under sustained transaction load,"Traceback (most recent call last):
  File ""app/handlers/dispatch.py"", line 142, in process
  ServiceError: Connection pool saturation under sustained transaction load"
LOG-INC-8271-1,INC-8271,2026-09-26T04:35:40Z,INFO,[notification-worker] Execution exception during request dispatch: Batch data import job executed during peak consumer hours,"Traceback (most recent call last):
  File ""app/handlers/dispatch.py"", line 142, in process
  ServiceError: Batch data import job executed during peak consumer hours"
LOG-INC-8271-2,INC-8271,2026-09-26T04:36:25Z,INFO,[notification-worker] Execution exception during request dispatch: Batch data import job executed during peak consumer hours,"Traceback (most recent call last):
  File ""app/handlers/dispatch.py"", line 142, in process
  ServiceError: Batch data import job executed during peak consumer hours"
LOG-INC-8271-3,INC-8271,2026-09-26T04:36:49Z,ERROR,[notification-worker] Execution exception during request dispatch: Batch data import job executed during peak consumer hours,"Traceback (most recent call last):
  File ""app/handlers/dispatch.py"", line 142, in process
  ServiceError: Batch data import job executed during peak consumer hours"
LOG-INC-8271-4,INC-8271,2026-09-26T04:35:11Z,ERROR,[notification-worker] Execution exception during request dispatch: Batch data import job executed during peak consumer hours,"Traceback (most recent call last):
  File ""app/handlers/dispatch.py"", line 142, in process
  ServiceError: Batch data import job executed during peak consumer hours"
LOG-INC-8272-1,INC-8272,2026-09-18T09:05:23Z,INFO,[payment-gateway] Execution exception during request dispatch: Distributed crawler burst triggering endpoint 429 retries,"Traceback (most recent call last):
  File ""app/handlers/dispatch.py"", line 142, in process
  ServiceError: Distributed crawler burst triggering endpoint 429 retries"
LOG-INC-8272-2,INC-8272,2026-09-18T09:05:33Z,INFO,[payment-gateway] Execution exception during request dispatch: Distributed crawler burst triggering endpoint 429 retries,"Traceback (most recent call last):
  File ""app/handlers/dispatch.py"", line 142, in process
  ServiceError: Distributed crawler burst triggering endpoint 429 retries"
LOG-INC-8272-3,INC-8272,2026-09-18T09:05:21Z,INFO,[payment-gateway] Execution exception during request dispatch: Distributed crawler burst triggering endpoint 429 retries,"Traceback (most recent call last):
  File ""app/handlers/dispatch.py"", line 142, in process
  ServiceError: Distributed crawler burst triggering endpoint 429 retries"
LOG-INC-8273-1,INC-8273,2026-09-20T08:48:47Z,INFO,[user-profile] Execution exception during request dispatch: Stale cache invalidation logic deployed in Canary,"Traceback (most recent call last):
  File ""app/handlers/dispatch.py"", line 142, in process
  ServiceError: Stale cache invalidation logic deployed in Canary"
LOG-INC-8273-2,INC-8273,2026-09-20T08:48:57Z,INFO,[user-profile] Execution exception during request dispatch: Stale cache invalidation logic deployed in Canary,"Traceback (most recent call last):
  File ""app/handlers/dispatch.py"", line 142, in process
  ServiceError: Stale cache invalidation logic deployed in Canary"
LOG-INC-8273-3,INC-8273,2026-09-20T08:48:31Z,INFO,[user-profile] Execution exception during request dispatch: Stale cache invalidation logic deployed in Canary,"Traceback (most recent call last):
  File ""app/handlers/dispatch.py"", line 142, in process
  ServiceError: Stale cache invalidation logic deployed in Canary"
LOG-INC-8274-1,INC-8274,2026-08-12T14:30:22Z,WARN,[auth-service] Execution exception during request dispatch: Network packet loss on Kubernetes overlay CNI bridge,"Traceback (most recent call last):
  File ""app/handlers/dispatch.py"", line 142, in process
  ServiceError: Network packet loss on Kubernetes overlay CNI bridge"
LOG-INC-8274-2,INC-8274,2026-08-12T14:29:38Z,INFO,[auth-service] Execution exception during request dispatch: Network packet loss on Kubernetes overlay CNI bridge,"Traceback (most recent call last):
  File ""app/handlers/dispatch.py"", line 142, in process
  ServiceError: Network packet loss on Kubernetes overlay CNI bridge"
LOG-INC-8274-3,INC-8274,2026-08-12T14:30:18Z,INFO,[auth-service] Execution exception during request dispatch: Network packet loss on Kubernetes overlay CNI bridge,"Traceback (most recent call last):
  File ""app/handlers/dispatch.py"", line 142, in process
  ServiceError: Network packet loss on Kubernetes overlay CNI bridge"
LOG-INC-8275-1,INC-8275,2026-09-26T10:03:25Z,ERROR,[notification-worker] Execution exception during request dispatch: Flash sale burst traffic causing ingress queue build-up,"Traceback (most recent call last):
  File ""app/handlers/dispatch.py"", line 142, in process
  ServiceError: Flash sale burst traffic causing ingress queue build-up"
LOG-INC-8275-2,INC-8275,2026-09-26T10:03:39Z,ERROR,[notification-worker] Execution exception during request dispatch: Flash sale burst traffic causing ingress queue build-up,"Traceback (most recent call last):
  File ""app/handlers/dispatch.py"", line 142, in process
  ServiceError: Flash sale burst traffic causing ingress queue build-up"
LOG-INC-8275-3,INC-8275,2026-09-26T10:03:47Z,INFO,[notification-worker] Execution exception during request dispatch: Flash sale burst traffic causing ingress queue build-up,"Traceback (most recent call last):
  File ""app/handlers/dispatch.py"", line 142, in process
  ServiceError: Flash sale burst traffic causing ingress queue build-up"
LOG-INC-8276-1,INC-8276,2026-09-26T05:04:48Z,WARN,[order-processing] Execution exception during request dispatch: Pod memory limit hit triggering repeated OOMKilled events,"Traceback (most recent call last):
  File ""app/handlers/dispatch.py"", line 142, in process
  ServiceError: Pod memory limit hit triggering repeated OOMKilled events"
LOG-INC-8276-2,INC-8276,2026-09-26T05:05:37Z,INFO,[order-processing] Execution exception during request dispatch: Pod memory limit hit triggering repeated OOMKilled events,"Traceback (most recent call last):
  File ""app/handlers/dispatch.py"", line 142, in process
  ServiceError: Pod memory limit hit triggering repeated OOMKilled events"
LOG-INC-8276-3,INC-8276,2026-09-26T05:05:23Z,ERROR,[order-processing] Execution exception during request dispatch: Pod memory limit hit triggering repeated OOMKilled events,"Traceback (most recent call last):
  File ""app/handlers/dispatch.py"", line 142, in process
  ServiceError: Pod memory limit hit triggering repeated OOMKilled events"
LOG-INC-8277-1,INC-8277,2026-08-16T17:11:40Z,ERROR,[notification-worker] Execution exception during request dispatch: Config flag default inversion causing request rejections,"Traceback (most recent call last):
  File ""app/handlers/dispatch.py"", line 142, in process
  ServiceError: Config flag default inversion causing request rejections"
LOG-INC-8277-2,INC-8277,2026-08-16T17:10:12Z,ERROR,[notification-worker] Execution exception during request dispatch: Config flag default inversion causing request rejections,"Traceback (most recent call last):
  File ""app/handlers/dispatch.py"", line 142, in process
  ServiceError: Config flag default inversion causing request rejections"
LOG-INC-8277-3,INC-8277,2026-08-16T17:11:51Z,ERROR,[notification-worker] Execution exception during request dispatch: Config flag default inversion causing request rejections,"Traceback (most recent call last):
  File ""app/handlers/dispatch.py"", line 142, in process
  ServiceError: Config flag default inversion causing request rejections"
LOG-INC-8278-1,INC-8278,2026-08-12T17:24:52Z,ERROR,[user-profile] Execution exception during request dispatch: Pod memory limit hit triggering repeated OOMKilled events,"Traceback (most recent call last):
  File ""app/handlers/dispatch.py"", line 142, in process
  ServiceError: Pod memory limit hit triggering repeated OOMKilled events"
LOG-INC-8278-2,INC-8278,2026-08-12T17:24:18Z,INFO,[user-profile] Execution exception during request dispatch: Pod memory limit hit triggering repeated OOMKilled events,"Traceback (most recent call last):
  File ""app/handlers/dispatch.py"", line 142, in process
  ServiceError: Pod memory limit hit triggering repeated OOMKilled events"
LOG-INC-8278-3,INC-8278,2026-08-12T17:23:54Z,ERROR,[user-profile] Execution exception during request dispatch: Pod memory limit hit triggering repeated OOMKilled events,"Traceback (most recent call last):
  File ""app/handlers/dispatch.py"", line 142, in process
  ServiceError: Pod memory limit hit triggering repeated OOMKilled events"
LOG-INC-8278-4,INC-8278,2026-08-12T17:24:21Z,ERROR,[user-profile] Execution exception during request dispatch: Pod memory limit hit triggering repeated OOMKilled events,"Traceback (most recent call last):
  File ""app/handlers/dispatch.py"", line 142, in process
  ServiceError: Pod memory limit hit triggering repeated OOMKilled events"
LOG-INC-8279-1,INC-8279,2026-09-24T18:56:01Z,INFO,[order-processing] Execution exception during request dispatch: High CPU throttling on Kubernetes node worker pool,"Traceback (most recent call last):
  File ""app/handlers/dispatch.py"", line 142, in process
  ServiceError: High CPU throttling on Kubernetes node worker pool"
LOG-INC-8279-2,INC-8279,2026-09-24T18:55:08Z,WARN,[order-processing] Execution exception during request dispatch: High CPU throttling on Kubernetes node worker pool,"Traceback (most recent call last):
  File ""app/handlers/dispatch.py"", line 142, in process
  ServiceError: High CPU throttling on Kubernetes node worker pool"
LOG-INC-8280-1,INC-8280,2026-09-11T14:14:50Z,ERROR,[user-profile] Execution exception during request dispatch: Network packet loss on Kubernetes overlay CNI bridge,"Traceback (most recent call last):
  File ""app/handlers/dispatch.py"", line 142, in process
  ServiceError: Network packet loss on Kubernetes overlay CNI bridge"
LOG-INC-8280-2,INC-8280,2026-09-11T14:14:11Z,ERROR,[user-profile] Execution exception during request dispatch: Network packet loss on Kubernetes overlay CNI bridge,"Traceback (most recent call last):
  File ""app/handlers/dispatch.py"", line 142, in process
  ServiceError: Network packet loss on Kubernetes overlay CNI bridge"
LOG-INC-8281-1,INC-8281,2026-09-11T07:43:18Z,ERROR,[inventory-api] Execution exception during request dispatch: Network packet loss on Kubernetes overlay CNI bridge,"Traceback (most recent call last):
  File ""app/handlers/dispatch.py"", line 142, in process
  ServiceError: Network packet loss on Kubernetes overlay CNI bridge"
LOG-INC-8281-2,INC-8281,2026-09-11T07:44:11Z,ERROR,[inventory-api] Execution exception during request dispatch: Network packet loss on Kubernetes overlay CNI bridge,"Traceback (most recent call last):
  File ""app/handlers/dispatch.py"", line 142, in process
  ServiceError: Network packet loss on Kubernetes overlay CNI bridge"
LOG-INC-8282-1,INC-8282,2026-09-21T06:45:16Z,INFO,[inventory-api] Execution exception during request dispatch: Garbage collection pause duration exceeding 1500ms,"Traceback (most recent call last):
  File ""app/handlers/dispatch.py"", line 142, in process
  ServiceError: Garbage collection pause duration exceeding 1500ms"
LOG-INC-8282-2,INC-8282,2026-09-21T06:44:18Z,ERROR,[inventory-api] Execution exception during request dispatch: Garbage collection pause duration exceeding 1500ms,"Traceback (most recent call last):
  File ""app/handlers/dispatch.py"", line 142, in process
  ServiceError: Garbage collection pause duration exceeding 1500ms"
LOG-INC-8282-3,INC-8282,2026-09-21T06:45:14Z,WARN,[inventory-api] Execution exception during request dispatch: Garbage collection pause duration exceeding 1500ms,"Traceback (most recent call last):
  File ""app/handlers/dispatch.py"", line 142, in process
  ServiceError: Garbage collection pause duration exceeding 1500ms"
LOG-INC-8282-4,INC-8282,2026-09-21T06:45:15Z,WARN,[inventory-api] Execution exception during request dispatch: Garbage collection pause duration exceeding 1500ms,"Traceback (most recent call last):
  File ""app/handlers/dispatch.py"", line 142, in process
  ServiceError: Garbage collection pause duration exceeding 1500ms"
LOG-INC-8283-1,INC-8283,2026-08-26T17:56:11Z,ERROR,[inventory-api] Execution exception during request dispatch: File descriptor limit reached on upstream reverse proxy,"Traceback (most recent call last):
  File ""app/handlers/dispatch.py"", line 142, in process
  ServiceError: File descriptor limit reached on upstream reverse proxy"
LOG-INC-8283-2,INC-8283,2026-08-26T17:56:59Z,WARN,[inventory-api] Execution exception during request dispatch: File descriptor limit reached on upstream reverse proxy,"Traceback (most recent call last):
  File ""app/handlers/dispatch.py"", line 142, in process
  ServiceError: File descriptor limit reached on upstream reverse proxy"
LOG-INC-8283-3,INC-8283,2026-08-26T17:56:27Z,INFO,[inventory-api] Execution exception during request dispatch: File descriptor limit reached on upstream reverse proxy,"Traceback (most recent call last):
  File ""app/handlers/dispatch.py"", line 142, in process
  ServiceError: File descriptor limit reached on upstream reverse proxy"
LOG-INC-8284-1,INC-8284,2026-08-15T11:51:17Z,ERROR,[order-processing] Execution exception during request dispatch: Network packet loss on Kubernetes overlay CNI bridge,"Traceback (most recent call last):
  File ""app/handlers/dispatch.py"", line 142, in process
  ServiceError: Network packet loss on Kubernetes overlay CNI bridge"
LOG-INC-8284-2,INC-8284,2026-08-15T11:50:16Z,INFO,[order-processing] Execution exception during request dispatch: Network packet loss on Kubernetes overlay CNI bridge,"Traceback (most recent call last):
  File ""app/handlers/dispatch.py"", line 142, in process
  ServiceError: Network packet loss on Kubernetes overlay CNI bridge"
LOG-INC-8284-3,INC-8284,2026-08-15T11:51:04Z,ERROR,[order-processing] Execution exception during request dispatch: Network packet loss on Kubernetes overlay CNI bridge,"Traceback (most recent call last):
  File ""app/handlers/dispatch.py"", line 142, in process
  ServiceError: Network packet loss on Kubernetes overlay CNI bridge"
LOG-INC-8285-1,INC-8285,2026-08-27T05:13:03Z,WARN,[checkout-service] Execution exception during request dispatch: Distributed crawler burst triggering endpoint 429 retries,"Traceback (most recent call last):
  File ""app/handlers/dispatch.py"", line 142, in process
  ServiceError: Distributed crawler burst triggering endpoint 429 retries"
LOG-INC-8285-2,INC-8285,2026-08-27T05:12:08Z,ERROR,[checkout-service] Execution exception during request dispatch: Distributed crawler burst triggering endpoint 429 retries,"Traceback (most recent call last):
  File ""app/handlers/dispatch.py"", line 142, in process
  ServiceError: Distributed crawler burst triggering endpoint 429 retries"
LOG-INC-8285-3,INC-8285,2026-08-27T05:13:05Z,ERROR,[checkout-service] Execution exception during request dispatch: Distributed crawler burst triggering endpoint 429 retries,"Traceback (most recent call last):
  File ""app/handlers/dispatch.py"", line 142, in process
  ServiceError: Distributed crawler burst triggering endpoint 429 retries"
LOG-INC-8286-1,INC-8286,2026-08-27T22:24:13Z,WARN,[auth-service] Execution exception during request dispatch: DNS resolution timeouts between VPC private subnets,"Traceback (most recent call last):
  File ""app/handlers/dispatch.py"", line 142, in process
  ServiceError: DNS resolution timeouts between VPC private subnets"
LOG-INC-8286-2,INC-8286,2026-08-27T22:23:56Z,INFO,[auth-service] Execution exception during request dispatch: DNS resolution timeouts between VPC private subnets,"Traceback (most recent call last):
  File ""app/handlers/dispatch.py"", line 142, in process
  ServiceError: DNS resolution timeouts between VPC private subnets"
LOG-INC-8286-3,INC-8286,2026-08-27T22:23:57Z,ERROR,[auth-service] Execution exception during request dispatch: DNS resolution timeouts between VPC private subnets,"Traceback (most recent call last):
  File ""app/handlers/dispatch.py"", line 142, in process
  ServiceError: DNS resolution timeouts between VPC private subnets"
LOG-INC-8287-1,INC-8287,2026-09-01T17:00:29Z,INFO,[search-indexer] Execution exception during request dispatch: Memory leak in unclosed HTTP response stream handler,"Traceback (most recent call last):
  File ""app/handlers/dispatch.py"", line 142, in process
  ServiceError: Memory leak in unclosed HTTP response stream handler"
LOG-INC-8287-2,INC-8287,2026-09-01T16:59:14Z,INFO,[search-indexer] Execution exception during request dispatch: Memory leak in unclosed HTTP response stream handler,"Traceback (most recent call last):
  File ""app/handlers/dispatch.py"", line 142, in process
  ServiceError: Memory leak in unclosed HTTP response stream handler"
LOG-INC-8288-1,INC-8288,2026-08-26T07:00:46Z,WARN,[notification-worker] Execution exception during request dispatch: Unhandled arithmetic overflow in currency conversion,"Traceback (most recent call last):
  File ""app/handlers/dispatch.py"", line 142, in process
  ServiceError: Unhandled arithmetic overflow in currency conversion"
LOG-INC-8288-2,INC-8288,2026-08-26T07:01:27Z,INFO,[notification-worker] Execution exception during request dispatch: Unhandled arithmetic overflow in currency conversion,"Traceback (most recent call last):
  File ""app/handlers/dispatch.py"", line 142, in process
  ServiceError: Unhandled arithmetic overflow in currency conversion"
LOG-INC-8288-3,INC-8288,2026-08-26T07:00:12Z,ERROR,[notification-worker] Execution exception during request dispatch: Unhandled arithmetic overflow in currency conversion,"Traceback (most recent call last):
  File ""app/handlers/dispatch.py"", line 142, in process
  ServiceError: Unhandled arithmetic overflow in currency conversion"
LOG-INC-8289-1,INC-8289,2026-09-13T05:23:02Z,ERROR,[payment-gateway] Execution exception during request dispatch: TCP socket connection reset by peer on egress gateway,"Traceback (most recent call last):
  File ""app/handlers/dispatch.py"", line 142, in process
  ServiceError: TCP socket connection reset by peer on egress gateway"
LOG-INC-8289-2,INC-8289,2026-09-13T05:22:31Z,INFO,[payment-gateway] Execution exception during request dispatch: TCP socket connection reset by peer on egress gateway,"Traceback (most recent call last):
  File ""app/handlers/dispatch.py"", line 142, in process
  ServiceError: TCP socket connection reset by peer on egress gateway"
LOG-INC-8289-3,INC-8289,2026-09-13T05:23:57Z,WARN,[payment-gateway] Execution exception during request dispatch: TCP socket connection reset by peer on egress gateway,"Traceback (most recent call last):
  File ""app/handlers/dispatch.py"", line 142, in process
  ServiceError: TCP socket connection reset by peer on egress gateway"
LOG-INC-8289-4,INC-8289,2026-09-13T05:22:43Z,INFO,[payment-gateway] Execution exception during request dispatch: TCP socket connection reset by peer on egress gateway,"Traceback (most recent call last):
  File ""app/handlers/dispatch.py"", line 142, in process
  ServiceError: TCP socket connection reset by peer on egress gateway"
LOG-INC-8290-1,INC-8290,2026-09-26T10:50:19Z,WARN,[checkout-service] Execution exception during request dispatch: Dependency version mismatch in gRPC protobuf schema,"Traceback (most recent call last):
  File ""app/handlers/dispatch.py"", line 142, in process
  ServiceError: Dependency version mismatch in gRPC protobuf schema"
LOG-INC-8290-2,INC-8290,2026-09-26T10:51:55Z,ERROR,[checkout-service] Execution exception during request dispatch: Dependency version mismatch in gRPC protobuf schema,"Traceback (most recent call last):
  File ""app/handlers/dispatch.py"", line 142, in process
  ServiceError: Dependency version mismatch in gRPC protobuf schema"
LOG-INC-8290-3,INC-8290,2026-09-26T10:50:35Z,WARN,[checkout-service] Execution exception during request dispatch: Dependency version mismatch in gRPC protobuf schema,"Traceback (most recent call last):
  File ""app/handlers/dispatch.py"", line 142, in process
  ServiceError: Dependency version mismatch in gRPC protobuf schema"
LOG-INC-8291-1,INC-8291,2026-08-19T06:19:56Z,INFO,[checkout-service] Execution exception during request dispatch: Slow query cascade triggering client connection timeout,"Traceback (most recent call last):
  File ""app/handlers/dispatch.py"", line 142, in process
  ServiceError: Slow query cascade triggering client connection timeout"
LOG-INC-8291-2,INC-8291,2026-08-19T06:18:21Z,ERROR,[checkout-service] Execution exception during request dispatch: Slow query cascade triggering client connection timeout,"Traceback (most recent call last):
  File ""app/handlers/dispatch.py"", line 142, in process
  ServiceError: Slow query cascade triggering client connection timeout"
LOG-INC-8291-3,INC-8291,2026-08-19T06:18:06Z,ERROR,[checkout-service] Execution exception during request dispatch: Slow query cascade triggering client connection timeout,"Traceback (most recent call last):
  File ""app/handlers/dispatch.py"", line 142, in process
  ServiceError: Slow query cascade triggering client connection timeout"
LOG-INC-8292-1,INC-8292,2026-08-18T08:16:22Z,WARN,[notification-worker] Execution exception during request dispatch: Connection pool saturation under sustained transaction load,"Traceback (most recent call last):
  File ""app/handlers/dispatch.py"", line 142, in process
  ServiceError: Connection pool saturation under sustained transaction load"
LOG-INC-8292-2,INC-8292,2026-08-18T08:16:24Z,ERROR,[notification-worker] Execution exception during request dispatch: Connection pool saturation under sustained transaction load,"Traceback (most recent call last):
  File ""app/handlers/dispatch.py"", line 142, in process
  ServiceError: Connection pool saturation under sustained transaction load"
LOG-INC-8292-3,INC-8292,2026-08-18T08:16:03Z,INFO,[notification-worker] Execution exception during request dispatch: Connection pool saturation under sustained transaction load,"Traceback (most recent call last):
  File ""app/handlers/dispatch.py"", line 142, in process
  ServiceError: Connection pool saturation under sustained transaction load"
LOG-INC-8292-4,INC-8292,2026-08-18T08:15:59Z,INFO,[notification-worker] Execution exception during request dispatch: Connection pool saturation under sustained transaction load,"Traceback (most recent call last):
  File ""app/handlers/dispatch.py"", line 142, in process
  ServiceError: Connection pool saturation under sustained transaction load"
LOG-INC-8293-1,INC-8293,2026-08-31T06:15:17Z,WARN,[notification-worker] Execution exception during request dispatch: Slow query cascade triggering client connection timeout,"Traceback (most recent call last):
  File ""app/handlers/dispatch.py"", line 142, in process
  ServiceError: Slow query cascade triggering client connection timeout"
LOG-INC-8293-2,INC-8293,2026-08-31T06:15:35Z,WARN,[notification-worker] Execution exception during request dispatch: Slow query cascade triggering client connection timeout,"Traceback (most recent call last):
  File ""app/handlers/dispatch.py"", line 142, in process
  ServiceError: Slow query cascade triggering client connection timeout"
LOG-INC-8294-1,INC-8294,2026-08-28T18:54:14Z,INFO,[inventory-api] Execution exception during request dispatch: Database migration lock timeout during schema rollout,"Traceback (most recent call last):
  File ""app/handlers/dispatch.py"", line 142, in process
  ServiceError: Database migration lock timeout during schema rollout"
LOG-INC-8294-2,INC-8294,2026-08-28T18:55:26Z,INFO,[inventory-api] Execution exception during request dispatch: Database migration lock timeout during schema rollout,"Traceback (most recent call last):
  File ""app/handlers/dispatch.py"", line 142, in process
  ServiceError: Database migration lock timeout during schema rollout"
LOG-INC-8294-3,INC-8294,2026-08-28T18:55:47Z,INFO,[inventory-api] Execution exception during request dispatch: Database migration lock timeout during schema rollout,"Traceback (most recent call last):
  File ""app/handlers/dispatch.py"", line 142, in process
  ServiceError: Database migration lock timeout during schema rollout"
LOG-INC-8294-4,INC-8294,2026-08-28T18:54:44Z,INFO,[inventory-api] Execution exception during request dispatch: Database migration lock timeout during schema rollout,"Traceback (most recent call last):
  File ""app/handlers/dispatch.py"", line 142, in process
  ServiceError: Database migration lock timeout during schema rollout"
LOG-INC-8295-1,INC-8295,2026-09-13T01:58:33Z,INFO,[notification-worker] Execution exception during request dispatch: Garbage collection pause duration exceeding 1500ms,"Traceback (most recent call last):
  File ""app/handlers/dispatch.py"", line 142, in process
  ServiceError: Garbage collection pause duration exceeding 1500ms"
LOG-INC-8295-2,INC-8295,2026-09-13T01:58:40Z,WARN,[notification-worker] Execution exception during request dispatch: Garbage collection pause duration exceeding 1500ms,"Traceback (most recent call last):
  File ""app/handlers/dispatch.py"", line 142, in process
  ServiceError: Garbage collection pause duration exceeding 1500ms"
LOG-INC-8296-1,INC-8296,2026-08-18T17:45:21Z,INFO,[inventory-api] Execution exception during request dispatch: Sudden traffic surge exceeding rate limiter bucket capacity,"Traceback (most recent call last):
  File ""app/handlers/dispatch.py"", line 142, in process
  ServiceError: Sudden traffic surge exceeding rate limiter bucket capacity"
LOG-INC-8296-2,INC-8296,2026-08-18T17:45:40Z,WARN,[inventory-api] Execution exception during request dispatch: Sudden traffic surge exceeding rate limiter bucket capacity,"Traceback (most recent call last):
  File ""app/handlers/dispatch.py"", line 142, in process
  ServiceError: Sudden traffic surge exceeding rate limiter bucket capacity"
LOG-INC-8296-3,INC-8296,2026-08-18T17:46:54Z,WARN,[inventory-api] Execution exception during request dispatch: Sudden traffic surge exceeding rate limiter bucket capacity,"Traceback (most recent call last):
  File ""app/handlers/dispatch.py"", line 142, in process
  ServiceError: Sudden traffic surge exceeding rate limiter bucket capacity"
LOG-INC-8297-1,INC-8297,2026-09-04T10:07:55Z,ERROR,[checkout-service] Execution exception during request dispatch: High CPU throttling on Kubernetes node worker pool,"Traceback (most recent call last):
  File ""app/handlers/dispatch.py"", line 142, in process
  ServiceError: High CPU throttling on Kubernetes node worker pool"
LOG-INC-8297-2,INC-8297,2026-09-04T10:06:48Z,ERROR,[checkout-service] Execution exception during request dispatch: High CPU throttling on Kubernetes node worker pool,"Traceback (most recent call last):
  File ""app/handlers/dispatch.py"", line 142, in process
  ServiceError: High CPU throttling on Kubernetes node worker pool"
LOG-INC-8297-3,INC-8297,2026-09-04T10:06:23Z,INFO,[checkout-service] Execution exception during request dispatch: High CPU throttling on Kubernetes node worker pool,"Traceback (most recent call last):
  File ""app/handlers/dispatch.py"", line 142, in process
  ServiceError: High CPU throttling on Kubernetes node worker pool"
LOG-INC-8297-4,INC-8297,2026-09-04T10:07:50Z,ERROR,[checkout-service] Execution exception during request dispatch: High CPU throttling on Kubernetes node worker pool,"Traceback (most recent call last):
  File ""app/handlers/dispatch.py"", line 142, in process
  ServiceError: High CPU throttling on Kubernetes node worker pool"
LOG-INC-8298-1,INC-8298,2026-08-19T04:15:38Z,ERROR,[search-indexer] Execution exception during request dispatch: Redis cluster shard memory limit eviction cascade,"Traceback (most recent call last):
  File ""app/handlers/dispatch.py"", line 142, in process
  ServiceError: Redis cluster shard memory limit eviction cascade"
LOG-INC-8298-2,INC-8298,2026-08-19T04:15:11Z,ERROR,[search-indexer] Execution exception during request dispatch: Redis cluster shard memory limit eviction cascade,"Traceback (most recent call last):
  File ""app/handlers/dispatch.py"", line 142, in process
  ServiceError: Redis cluster shard memory limit eviction cascade"
LOG-INC-8298-3,INC-8298,2026-08-19T04:16:04Z,WARN,[search-indexer] Execution exception during request dispatch: Redis cluster shard memory limit eviction cascade,"Traceback (most recent call last):
  File ""app/handlers/dispatch.py"", line 142, in process
  ServiceError: Redis cluster shard memory limit eviction cascade"
LOG-INC-8298-4,INC-8298,2026-08-19T04:16:05Z,WARN,[search-indexer] Execution exception during request dispatch: Redis cluster shard memory limit eviction cascade,"Traceback (most recent call last):
  File ""app/handlers/dispatch.py"", line 142, in process
  ServiceError: Redis cluster shard memory limit eviction cascade"
LOG-INC-8299-1,INC-8299,2026-08-21T04:53:45Z,INFO,[inventory-api] Execution exception during request dispatch: Unhandled arithmetic overflow in currency conversion,"Traceback (most recent call last):
  File ""app/handlers/dispatch.py"", line 142, in process
  ServiceError: Unhandled arithmetic overflow in currency conversion"
LOG-INC-8299-2,INC-8299,2026-08-21T04:54:32Z,ERROR,[inventory-api] Execution exception during request dispatch: Unhandled arithmetic overflow in currency conversion,"Traceback (most recent call last):
  File ""app/handlers/dispatch.py"", line 142, in process
  ServiceError: Unhandled arithmetic overflow in currency conversion"
LOG-INC-8299-3,INC-8299,2026-08-21T04:53:17Z,INFO,[inventory-api] Execution exception during request dispatch: Unhandled arithmetic overflow in currency conversion,"Traceback (most recent call last):
  File ""app/handlers/dispatch.py"", line 142, in process
  ServiceError: Unhandled arithmetic overflow in currency conversion"
LOG-INC-8299-4,INC-8299,2026-08-21T04:54:26Z,WARN,[inventory-api] Execution exception during request dispatch: Unhandled arithmetic overflow in currency conversion,"Traceback (most recent call last):
  File ""app/handlers/dispatch.py"", line 142, in process
  ServiceError: Unhandled arithmetic overflow in currency conversion"
LOG-INC-8300-1,INC-8300,2026-08-26T18:11:31Z,INFO,[inventory-api] Execution exception during request dispatch: Pod memory limit hit triggering repeated OOMKilled events,"Traceback (most recent call last):
  File ""app/handlers/dispatch.py"", line 142, in process
  ServiceError: Pod memory limit hit triggering repeated OOMKilled events"
LOG-INC-8300-2,INC-8300,2026-08-26T18:11:43Z,ERROR,[inventory-api] Execution exception during request dispatch: Pod memory limit hit triggering repeated OOMKilled events,"Traceback (most recent call last):
  File ""app/handlers/dispatch.py"", line 142, in process
  ServiceError: Pod memory limit hit triggering repeated OOMKilled events"
LOG-INC-8300-3,INC-8300,2026-08-26T18:11:11Z,WARN,[inventory-api] Execution exception during request dispatch: Pod memory limit hit triggering repeated OOMKilled events,"Traceback (most recent call last):
  File ""app/handlers/dispatch.py"", line 142, in process
  ServiceError: Pod memory limit hit triggering repeated OOMKilled events"
LOG-INC-8300-4,INC-8300,2026-08-26T18:11:31Z,INFO,[inventory-api] Execution exception during request dispatch: Pod memory limit hit triggering repeated OOMKilled events,"Traceback (most recent call last):
  File ""app/handlers/dispatch.py"", line 142, in process
  ServiceError: Pod memory limit hit triggering repeated OOMKilled events"
LOG-INC-8301-1,INC-8301,2026-09-10T11:49:37Z,ERROR,[payment-gateway] Execution exception during request dispatch: Null pointer exception in payload serialization post-release,"Traceback (most recent call last):
  File ""app/handlers/dispatch.py"", line 142, in process
  ServiceError: Null pointer exception in payload serialization post-release"
LOG-INC-8301-2,INC-8301,2026-09-10T11:49:09Z,ERROR,[payment-gateway] Execution exception during request dispatch: Null pointer exception in payload serialization post-release,"Traceback (most recent call last):
  File ""app/handlers/dispatch.py"", line 142, in process
  ServiceError: Null pointer exception in payload serialization post-release"
LOG-INC-8301-3,INC-8301,2026-09-10T11:50:24Z,ERROR,[payment-gateway] Execution exception during request dispatch: Null pointer exception in payload serialization post-release,"Traceback (most recent call last):
  File ""app/handlers/dispatch.py"", line 142, in process
  ServiceError: Null pointer exception in payload serialization post-release"
LOG-INC-8302-1,INC-8302,2026-08-20T22:28:34Z,ERROR,[auth-service] Execution exception during request dispatch: Null pointer exception in payload serialization post-release,"Traceback (most recent call last):
  File ""app/handlers/dispatch.py"", line 142, in process
  ServiceError: Null pointer exception in payload serialization post-release"
LOG-INC-8302-2,INC-8302,2026-08-20T22:27:37Z,WARN,[auth-service] Execution exception during request dispatch: Null pointer exception in payload serialization post-release,"Traceback (most recent call last):
  File ""app/handlers/dispatch.py"", line 142, in process
  ServiceError: Null pointer exception in payload serialization post-release"
LOG-INC-8303-1,INC-8303,2026-09-23T18:09:27Z,WARN,[user-profile] Execution exception during request dispatch: Dependency version mismatch in gRPC protobuf schema,"Traceback (most recent call last):
  File ""app/handlers/dispatch.py"", line 142, in process
  ServiceError: Dependency version mismatch in gRPC protobuf schema"
LOG-INC-8303-2,INC-8303,2026-09-23T18:09:13Z,WARN,[user-profile] Execution exception during request dispatch: Dependency version mismatch in gRPC protobuf schema,"Traceback (most recent call last):
  File ""app/handlers/dispatch.py"", line 142, in process
  ServiceError: Dependency version mismatch in gRPC protobuf schema"
LOG-INC-8303-3,INC-8303,2026-09-23T18:09:30Z,INFO,[user-profile] Execution exception during request dispatch: Dependency version mismatch in gRPC protobuf schema,"Traceback (most recent call last):
  File ""app/handlers/dispatch.py"", line 142, in process
  ServiceError: Dependency version mismatch in gRPC protobuf schema"
LOG-INC-8304-1,INC-8304,2026-09-23T06:52:44Z,WARN,[order-processing] Execution exception during request dispatch: Stale cache invalidation logic deployed in Canary,"Traceback (most recent call last):
  File ""app/handlers/dispatch.py"", line 142, in process
  ServiceError: Stale cache invalidation logic deployed in Canary"
LOG-INC-8304-2,INC-8304,2026-09-23T06:51:07Z,WARN,[order-processing] Execution exception during request dispatch: Stale cache invalidation logic deployed in Canary,"Traceback (most recent call last):
  File ""app/handlers/dispatch.py"", line 142, in process
  ServiceError: Stale cache invalidation logic deployed in Canary"
LOG-INC-8304-3,INC-8304,2026-09-23T06:51:24Z,INFO,[order-processing] Execution exception during request dispatch: Stale cache invalidation logic deployed in Canary,"Traceback (most recent call last):
  File ""app/handlers/dispatch.py"", line 142, in process
  ServiceError: Stale cache invalidation logic deployed in Canary"
LOG-INC-8305-1,INC-8305,2026-08-19T01:51:14Z,ERROR,[payment-gateway] Execution exception during request dispatch: Corrupted response payload format failing client validation,"Traceback (most recent call last):
  File ""app/handlers/dispatch.py"", line 142, in process
  ServiceError: Corrupted response payload format failing client validation"
LOG-INC-8305-2,INC-8305,2026-08-19T01:50:05Z,WARN,[payment-gateway] Execution exception during request dispatch: Corrupted response payload format failing client validation,"Traceback (most recent call last):
  File ""app/handlers/dispatch.py"", line 142, in process
  ServiceError: Corrupted response payload format failing client validation"
LOG-INC-8306-1,INC-8306,2026-09-13T07:04:15Z,ERROR,[auth-service] Execution exception during request dispatch: Pod memory limit hit triggering repeated OOMKilled events,"Traceback (most recent call last):
  File ""app/handlers/dispatch.py"", line 142, in process
  ServiceError: Pod memory limit hit triggering repeated OOMKilled events"
LOG-INC-8306-2,INC-8306,2026-09-13T07:03:54Z,INFO,[auth-service] Execution exception during request dispatch: Pod memory limit hit triggering repeated OOMKilled events,"Traceback (most recent call last):
  File ""app/handlers/dispatch.py"", line 142, in process
  ServiceError: Pod memory limit hit triggering repeated OOMKilled events"
LOG-INC-8307-1,INC-8307,2026-09-20T02:55:37Z,INFO,[user-profile] Execution exception during request dispatch: TLS certificate handshake timeout on third-party webhook,"Traceback (most recent call last):
  File ""app/handlers/dispatch.py"", line 142, in process
  ServiceError: TLS certificate handshake timeout on third-party webhook"
LOG-INC-8307-2,INC-8307,2026-09-20T02:54:35Z,WARN,[user-profile] Execution exception during request dispatch: TLS certificate handshake timeout on third-party webhook,"Traceback (most recent call last):
  File ""app/handlers/dispatch.py"", line 142, in process
  ServiceError: TLS certificate handshake timeout on third-party webhook"
LOG-INC-8308-1,INC-8308,2026-09-08T00:51:30Z,ERROR,[notification-worker] Execution exception during request dispatch: Null pointer exception in payload serialization post-release,"Traceback (most recent call last):
  File ""app/handlers/dispatch.py"", line 142, in process
  ServiceError: Null pointer exception in payload serialization post-release"
LOG-INC-8308-2,INC-8308,2026-09-08T00:51:11Z,ERROR,[notification-worker] Execution exception during request dispatch: Null pointer exception in payload serialization post-release,"Traceback (most recent call last):
  File ""app/handlers/dispatch.py"", line 142, in process
  ServiceError: Null pointer exception in payload serialization post-release"
LOG-INC-8308-3,INC-8308,2026-09-08T00:51:03Z,ERROR,[notification-worker] Execution exception during request dispatch: Null pointer exception in payload serialization post-release,"Traceback (most recent call last):
  File ""app/handlers/dispatch.py"", line 142, in process
  ServiceError: Null pointer exception in payload serialization post-release"
LOG-INC-8308-4,INC-8308,2026-09-08T00:51:31Z,ERROR,[notification-worker] Execution exception during request dispatch: Null pointer exception in payload serialization post-release,"Traceback (most recent call last):
  File ""app/handlers/dispatch.py"", line 142, in process
  ServiceError: Null pointer exception in payload serialization post-release"
LOG-INC-8309-1,INC-8309,2026-08-28T16:44:50Z,ERROR,[notification-worker] Execution exception during request dispatch: Sudden traffic surge exceeding rate limiter bucket capacity,"Traceback (most recent call last):
  File ""app/handlers/dispatch.py"", line 142, in process
  ServiceError: Sudden traffic surge exceeding rate limiter bucket capacity"
LOG-INC-8309-2,INC-8309,2026-08-28T16:44:46Z,ERROR,[notification-worker] Execution exception during request dispatch: Sudden traffic surge exceeding rate limiter bucket capacity,"Traceback (most recent call last):
  File ""app/handlers/dispatch.py"", line 142, in process
  ServiceError: Sudden traffic surge exceeding rate limiter bucket capacity"
LOG-INC-8309-3,INC-8309,2026-08-28T16:43:17Z,ERROR,[notification-worker] Execution exception during request dispatch: Sudden traffic surge exceeding rate limiter bucket capacity,"Traceback (most recent call last):
  File ""app/handlers/dispatch.py"", line 142, in process
  ServiceError: Sudden traffic surge exceeding rate limiter bucket capacity"
LOG-INC-8310-1,INC-8310,2026-08-23T21:45:20Z,INFO,[order-processing] Execution exception during request dispatch: Redis cluster shard memory limit eviction cascade,"Traceback (most recent call last):
  File ""app/handlers/dispatch.py"", line 142, in process
  ServiceError: Redis cluster shard memory limit eviction cascade"
LOG-INC-8310-2,INC-8310,2026-08-23T21:46:18Z,INFO,[order-processing] Execution exception during request dispatch: Redis cluster shard memory limit eviction cascade,"Traceback (most recent call last):
  File ""app/handlers/dispatch.py"", line 142, in process
  ServiceError: Redis cluster shard memory limit eviction cascade"
LOG-INC-8310-3,INC-8310,2026-08-23T21:45:22Z,WARN,[order-processing] Execution exception during request dispatch: Redis cluster shard memory limit eviction cascade,"Traceback (most recent call last):
  File ""app/handlers/dispatch.py"", line 142, in process
  ServiceError: Redis cluster shard memory limit eviction cascade"
LOG-INC-8311-1,INC-8311,2026-08-25T19:14:01Z,ERROR,[payment-gateway] Execution exception during request dispatch: Pod memory limit hit triggering repeated OOMKilled events,"Traceback (most recent call last):
  File ""app/handlers/dispatch.py"", line 142, in process
  ServiceError: Pod memory limit hit triggering repeated OOMKilled events"
LOG-INC-8311-2,INC-8311,2026-08-25T19:14:19Z,ERROR,[payment-gateway] Execution exception during request dispatch: Pod memory limit hit triggering repeated OOMKilled events,"Traceback (most recent call last):
  File ""app/handlers/dispatch.py"", line 142, in process
  ServiceError: Pod memory limit hit triggering repeated OOMKilled events"
LOG-INC-8312-1,INC-8312,2026-09-18T07:48:28Z,INFO,[checkout-service] Execution exception during request dispatch: Unhandled arithmetic overflow in currency conversion,"Traceback (most recent call last):
  File ""app/handlers/dispatch.py"", line 142, in process
  ServiceError: Unhandled arithmetic overflow in currency conversion"
LOG-INC-8312-2,INC-8312,2026-09-18T07:48:58Z,WARN,[checkout-service] Execution exception during request dispatch: Unhandled arithmetic overflow in currency conversion,"Traceback (most recent call last):
  File ""app/handlers/dispatch.py"", line 142, in process
  ServiceError: Unhandled arithmetic overflow in currency conversion"
LOG-INC-8312-3,INC-8312,2026-09-18T07:47:58Z,INFO,[checkout-service] Execution exception during request dispatch: Unhandled arithmetic overflow in currency conversion,"Traceback (most recent call last):
  File ""app/handlers/dispatch.py"", line 142, in process
  ServiceError: Unhandled arithmetic overflow in currency conversion"
LOG-INC-8312-4,INC-8312,2026-09-18T07:48:48Z,WARN,[checkout-service] Execution exception during request dispatch: Unhandled arithmetic overflow in currency conversion,"Traceback (most recent call last):
  File ""app/handlers/dispatch.py"", line 142, in process
  ServiceError: Unhandled arithmetic overflow in currency conversion"
LOG-INC-8313-1,INC-8313,2026-08-29T16:53:28Z,INFO,[checkout-service] Execution exception during request dispatch: Batch data import job executed during peak consumer hours,"Traceback (most recent call last):
  File ""app/handlers/dispatch.py"", line 142, in process
  ServiceError: Batch data import job executed during peak consumer hours"
LOG-INC-8313-2,INC-8313,2026-08-29T16:54:08Z,INFO,[checkout-service] Execution exception during request dispatch: Batch data import job executed during peak consumer hours,"Traceback (most recent call last):
  File ""app/handlers/dispatch.py"", line 142, in process
  ServiceError: Batch data import job executed during peak consumer hours"
LOG-INC-8313-3,INC-8313,2026-08-29T16:53:16Z,INFO,[checkout-service] Execution exception during request dispatch: Batch data import job executed during peak consumer hours,"Traceback (most recent call last):
  File ""app/handlers/dispatch.py"", line 142, in process
  ServiceError: Batch data import job executed during peak consumer hours"
LOG-INC-8313-4,INC-8313,2026-08-29T16:54:50Z,WARN,[checkout-service] Execution exception during request dispatch: Batch data import job executed during peak consumer hours,"Traceback (most recent call last):
  File ""app/handlers/dispatch.py"", line 142, in process
  ServiceError: Batch data import job executed during peak consumer hours"
LOG-INC-8314-1,INC-8314,2026-08-27T11:36:29Z,ERROR,[user-profile] Execution exception during request dispatch: Spike in unauthenticated request probe flood,"Traceback (most recent call last):
  File ""app/handlers/dispatch.py"", line 142, in process
  ServiceError: Spike in unauthenticated request probe flood"
LOG-INC-8314-2,INC-8314,2026-08-27T11:37:46Z,ERROR,[user-profile] Execution exception during request dispatch: Spike in unauthenticated request probe flood,"Traceback (most recent call last):
  File ""app/handlers/dispatch.py"", line 142, in process
  ServiceError: Spike in unauthenticated request probe flood"
LOG-INC-8315-1,INC-8315,2026-09-18T11:40:07Z,INFO,[search-indexer] Execution exception during request dispatch: Batch data import job executed during peak consumer hours,"Traceback (most recent call last):
  File ""app/handlers/dispatch.py"", line 142, in process
  ServiceError: Batch data import job executed during peak consumer hours"
LOG-INC-8315-2,INC-8315,2026-09-18T11:39:19Z,ERROR,[search-indexer] Execution exception during request dispatch: Batch data import job executed during peak consumer hours,"Traceback (most recent call last):
  File ""app/handlers/dispatch.py"", line 142, in process
  ServiceError: Batch data import job executed during peak consumer hours"
LOG-INC-8316-1,INC-8316,2026-09-21T11:28:35Z,INFO,[user-profile] Execution exception during request dispatch: Inter-region transit latency degradation exceeding SLA,"Traceback (most recent call last):
  File ""app/handlers/dispatch.py"", line 142, in process
  ServiceError: Inter-region transit latency degradation exceeding SLA"
LOG-INC-8316-2,INC-8316,2026-09-21T11:28:57Z,ERROR,[user-profile] Execution exception during request dispatch: Inter-region transit latency degradation exceeding SLA,"Traceback (most recent call last):
  File ""app/handlers/dispatch.py"", line 142, in process
  ServiceError: Inter-region transit latency degradation exceeding SLA"
LOG-INC-8317-1,INC-8317,2026-09-17T15:41:30Z,WARN,[search-indexer] Execution exception during request dispatch: Batch data import job executed during peak consumer hours,"Traceback (most recent call last):
  File ""app/handlers/dispatch.py"", line 142, in process
  ServiceError: Batch data import job executed during peak consumer hours"
LOG-INC-8317-2,INC-8317,2026-09-17T15:41:21Z,ERROR,[search-indexer] Execution exception during request dispatch: Batch data import job executed during peak consumer hours,"Traceback (most recent call last):
  File ""app/handlers/dispatch.py"", line 142, in process
  ServiceError: Batch data import job executed during peak consumer hours"
LOG-INC-8317-3,INC-8317,2026-09-17T15:42:33Z,INFO,[search-indexer] Execution exception during request dispatch: Batch data import job executed during peak consumer hours,"Traceback (most recent call last):
  File ""app/handlers/dispatch.py"", line 142, in process
  ServiceError: Batch data import job executed during peak consumer hours"
LOG-INC-8318-1,INC-8318,2026-08-21T07:55:00Z,ERROR,[notification-worker] Execution exception during request dispatch: Deadlock cycle in distributed checkout table lock,"Traceback (most recent call last):
  File ""app/handlers/dispatch.py"", line 142, in process
  ServiceError: Deadlock cycle in distributed checkout table lock"
LOG-INC-8318-2,INC-8318,2026-08-21T07:54:18Z,INFO,[notification-worker] Execution exception during request dispatch: Deadlock cycle in distributed checkout table lock,"Traceback (most recent call last):
  File ""app/handlers/dispatch.py"", line 142, in process
  ServiceError: Deadlock cycle in distributed checkout table lock"
LOG-INC-8318-3,INC-8318,2026-08-21T07:54:54Z,ERROR,[notification-worker] Execution exception during request dispatch: Deadlock cycle in distributed checkout table lock,"Traceback (most recent call last):
  File ""app/handlers/dispatch.py"", line 142, in process
  ServiceError: Deadlock cycle in distributed checkout table lock"
LOG-INC-8318-4,INC-8318,2026-08-21T07:53:16Z,WARN,[notification-worker] Execution exception during request dispatch: Deadlock cycle in distributed checkout table lock,"Traceback (most recent call last):
  File ""app/handlers/dispatch.py"", line 142, in process
  ServiceError: Deadlock cycle in distributed checkout table lock"
LOG-INC-8319-1,INC-8319,2026-08-15T06:43:18Z,ERROR,[order-processing] Execution exception during request dispatch: Memory leak in unclosed HTTP response stream handler,"Traceback (most recent call last):
  File ""app/handlers/dispatch.py"", line 142, in process
  ServiceError: Memory leak in unclosed HTTP response stream handler"
LOG-INC-8319-2,INC-8319,2026-08-15T06:42:58Z,ERROR,[order-processing] Execution exception during request dispatch: Memory leak in unclosed HTTP response stream handler,"Traceback (most recent call last):
  File ""app/handlers/dispatch.py"", line 142, in process
  ServiceError: Memory leak in unclosed HTTP response stream handler"
LOG-INC-8320-1,INC-8320,2026-09-15T13:04:33Z,INFO,[search-indexer] Execution exception during request dispatch: DNS resolution timeouts between VPC private subnets,"Traceback (most recent call last):
  File ""app/handlers/dispatch.py"", line 142, in process
  ServiceError: DNS resolution timeouts between VPC private subnets"
LOG-INC-8320-2,INC-8320,2026-09-15T13:03:57Z,ERROR,[search-indexer] Execution exception during request dispatch: DNS resolution timeouts between VPC private subnets,"Traceback (most recent call last):
  File ""app/handlers/dispatch.py"", line 142, in process
  ServiceError: DNS resolution timeouts between VPC private subnets"
LOG-INC-8321-1,INC-8321,2026-09-05T18:58:56Z,INFO,[notification-worker] Execution exception during request dispatch: Redis cluster shard memory limit eviction cascade,"Traceback (most recent call last):
  File ""app/handlers/dispatch.py"", line 142, in process
  ServiceError: Redis cluster shard memory limit eviction cascade"
LOG-INC-8321-2,INC-8321,2026-09-05T18:57:56Z,ERROR,[notification-worker] Execution exception during request dispatch: Redis cluster shard memory limit eviction cascade,"Traceback (most recent call last):
  File ""app/handlers/dispatch.py"", line 142, in process
  ServiceError: Redis cluster shard memory limit eviction cascade"
LOG-INC-8322-1,INC-8322,2026-08-14T10:23:46Z,ERROR,[search-indexer] Execution exception during request dispatch: File descriptor limit reached on upstream reverse proxy,"Traceback (most recent call last):
  File ""app/handlers/dispatch.py"", line 142, in process
  ServiceError: File descriptor limit reached on upstream reverse proxy"
LOG-INC-8322-2,INC-8322,2026-08-14T10:23:45Z,INFO,[search-indexer] Execution exception during request dispatch: File descriptor limit reached on upstream reverse proxy,"Traceback (most recent call last):
  File ""app/handlers/dispatch.py"", line 142, in process
  ServiceError: File descriptor limit reached on upstream reverse proxy"
LOG-INC-8322-3,INC-8322,2026-08-14T10:22:15Z,INFO,[search-indexer] Execution exception during request dispatch: File descriptor limit reached on upstream reverse proxy,"Traceback (most recent call last):
  File ""app/handlers/dispatch.py"", line 142, in process
  ServiceError: File descriptor limit reached on upstream reverse proxy"
LOG-INC-8322-4,INC-8322,2026-08-14T10:23:57Z,WARN,[search-indexer] Execution exception during request dispatch: File descriptor limit reached on upstream reverse proxy,"Traceback (most recent call last):
  File ""app/handlers/dispatch.py"", line 142, in process
  ServiceError: File descriptor limit reached on upstream reverse proxy"
LOG-INC-8323-1,INC-8323,2026-08-31T23:16:22Z,WARN,[user-profile] Execution exception during request dispatch: Network packet loss on Kubernetes overlay CNI bridge,"Traceback (most recent call last):
  File ""app/handlers/dispatch.py"", line 142, in process
  ServiceError: Network packet loss on Kubernetes overlay CNI bridge"
LOG-INC-8323-2,INC-8323,2026-08-31T23:16:35Z,INFO,[user-profile] Execution exception during request dispatch: Network packet loss on Kubernetes overlay CNI bridge,"Traceback (most recent call last):
  File ""app/handlers/dispatch.py"", line 142, in process
  ServiceError: Network packet loss on Kubernetes overlay CNI bridge"
LOG-INC-8324-1,INC-8324,2026-09-13T21:03:49Z,WARN,[order-processing] Execution exception during request dispatch: Deadlock cycle in distributed checkout table lock,"Traceback (most recent call last):
  File ""app/handlers/dispatch.py"", line 142, in process
  ServiceError: Deadlock cycle in distributed checkout table lock"
LOG-INC-8324-2,INC-8324,2026-09-13T21:04:07Z,INFO,[order-processing] Execution exception during request dispatch: Deadlock cycle in distributed checkout table lock,"Traceback (most recent call last):
  File ""app/handlers/dispatch.py"", line 142, in process
  ServiceError: Deadlock cycle in distributed checkout table lock"
LOG-INC-8324-3,INC-8324,2026-09-13T21:04:12Z,ERROR,[order-processing] Execution exception during request dispatch: Deadlock cycle in distributed checkout table lock,"Traceback (most recent call last):
  File ""app/handlers/dispatch.py"", line 142, in process
  ServiceError: Deadlock cycle in distributed checkout table lock"
LOG-INC-8325-1,INC-8325,2026-08-17T06:13:55Z,ERROR,[user-profile] Execution exception during request dispatch: DNS resolution timeouts between VPC private subnets,"Traceback (most recent call last):
  File ""app/handlers/dispatch.py"", line 142, in process
  ServiceError: DNS resolution timeouts between VPC private subnets"
LOG-INC-8325-2,INC-8325,2026-08-17T06:13:41Z,ERROR,[user-profile] Execution exception during request dispatch: DNS resolution timeouts between VPC private subnets,"Traceback (most recent call last):
  File ""app/handlers/dispatch.py"", line 142, in process
  ServiceError: DNS resolution timeouts between VPC private subnets"
LOG-INC-8326-1,INC-8326,2026-08-13T08:44:05Z,WARN,[order-processing] Execution exception during request dispatch: DNS resolution timeouts between VPC private subnets,"Traceback (most recent call last):
  File ""app/handlers/dispatch.py"", line 142, in process
  ServiceError: DNS resolution timeouts between VPC private subnets"
LOG-INC-8326-2,INC-8326,2026-08-13T08:43:58Z,WARN,[order-processing] Execution exception during request dispatch: DNS resolution timeouts between VPC private subnets,"Traceback (most recent call last):
  File ""app/handlers/dispatch.py"", line 142, in process
  ServiceError: DNS resolution timeouts between VPC private subnets"
LOG-INC-8327-1,INC-8327,2026-09-01T12:42:17Z,ERROR,[user-profile] Execution exception during request dispatch: Ephemeral disk volume full due to unrotated application logs,"Traceback (most recent call last):
  File ""app/handlers/dispatch.py"", line 142, in process
  ServiceError: Ephemeral disk volume full due to unrotated application logs"
LOG-INC-8327-2,INC-8327,2026-09-01T12:42:59Z,WARN,[user-profile] Execution exception during request dispatch: Ephemeral disk volume full due to unrotated application logs,"Traceback (most recent call last):
  File ""app/handlers/dispatch.py"", line 142, in process
  ServiceError: Ephemeral disk volume full due to unrotated application logs"
LOG-INC-8327-3,INC-8327,2026-09-01T12:41:26Z,WARN,[user-profile] Execution exception during request dispatch: Ephemeral disk volume full due to unrotated application logs,"Traceback (most recent call last):
  File ""app/handlers/dispatch.py"", line 142, in process
  ServiceError: Ephemeral disk volume full due to unrotated application logs"
LOG-INC-8328-1,INC-8328,2026-09-19T04:08:28Z,ERROR,[checkout-service] Execution exception during request dispatch: Recursive call in JSON parsing leading to stack exhaustion,"Traceback (most recent call last):
  File ""app/handlers/dispatch.py"", line 142, in process
  ServiceError: Recursive call in JSON parsing leading to stack exhaustion"
LOG-INC-8328-2,INC-8328,2026-09-19T04:09:52Z,INFO,[checkout-service] Execution exception during request dispatch: Recursive call in JSON parsing leading to stack exhaustion,"Traceback (most recent call last):
  File ""app/handlers/dispatch.py"", line 142, in process
  ServiceError: Recursive call in JSON parsing leading to stack exhaustion"
LOG-INC-8328-3,INC-8328,2026-09-19T04:09:33Z,INFO,[checkout-service] Execution exception during request dispatch: Recursive call in JSON parsing leading to stack exhaustion,"Traceback (most recent call last):
  File ""app/handlers/dispatch.py"", line 142, in process
  ServiceError: Recursive call in JSON parsing leading to stack exhaustion"
LOG-INC-8329-1,INC-8329,2026-08-31T21:22:45Z,WARN,[order-processing] Execution exception during request dispatch: File descriptor limit reached on upstream reverse proxy,"Traceback (most recent call last):
  File ""app/handlers/dispatch.py"", line 142, in process
  ServiceError: File descriptor limit reached on upstream reverse proxy"
LOG-INC-8329-2,INC-8329,2026-08-31T21:22:23Z,WARN,[order-processing] Execution exception during request dispatch: File descriptor limit reached on upstream reverse proxy,"Traceback (most recent call last):
  File ""app/handlers/dispatch.py"", line 142, in process
  ServiceError: File descriptor limit reached on upstream reverse proxy"
LOG-INC-8329-3,INC-8329,2026-08-31T21:23:02Z,INFO,[order-processing] Execution exception during request dispatch: File descriptor limit reached on upstream reverse proxy,"Traceback (most recent call last):
  File ""app/handlers/dispatch.py"", line 142, in process
  ServiceError: File descriptor limit reached on upstream reverse proxy"
LOG-INC-8329-4,INC-8329,2026-08-31T21:22:25Z,INFO,[order-processing] Execution exception during request dispatch: File descriptor limit reached on upstream reverse proxy,"Traceback (most recent call last):
  File ""app/handlers/dispatch.py"", line 142, in process
  ServiceError: File descriptor limit reached on upstream reverse proxy"
LOG-INC-8330-1,INC-8330,2026-09-11T09:56:05Z,WARN,[user-profile] Execution exception during request dispatch: Network packet loss on Kubernetes overlay CNI bridge,"Traceback (most recent call last):
  File ""app/handlers/dispatch.py"", line 142, in process
  ServiceError: Network packet loss on Kubernetes overlay CNI bridge"
LOG-INC-8330-2,INC-8330,2026-09-11T09:56:41Z,INFO,[user-profile] Execution exception during request dispatch: Network packet loss on Kubernetes overlay CNI bridge,"Traceback (most recent call last):
  File ""app/handlers/dispatch.py"", line 142, in process
  ServiceError: Network packet loss on Kubernetes overlay CNI bridge"
LOG-INC-8330-3,INC-8330,2026-09-11T09:56:30Z,ERROR,[user-profile] Execution exception during request dispatch: Network packet loss on Kubernetes overlay CNI bridge,"Traceback (most recent call last):
  File ""app/handlers/dispatch.py"", line 142, in process
  ServiceError: Network packet loss on Kubernetes overlay CNI bridge"
LOG-INC-8331-1,INC-8331,2026-09-21T04:07:24Z,ERROR,[notification-worker] Execution exception during request dispatch: Stale cache invalidation logic deployed in Canary,"Traceback (most recent call last):
  File ""app/handlers/dispatch.py"", line 142, in process
  ServiceError: Stale cache invalidation logic deployed in Canary"
LOG-INC-8331-2,INC-8331,2026-09-21T04:07:02Z,WARN,[notification-worker] Execution exception during request dispatch: Stale cache invalidation logic deployed in Canary,"Traceback (most recent call last):
  File ""app/handlers/dispatch.py"", line 142, in process
  ServiceError: Stale cache invalidation logic deployed in Canary"
LOG-INC-8331-3,INC-8331,2026-09-21T04:06:16Z,WARN,[notification-worker] Execution exception during request dispatch: Stale cache invalidation logic deployed in Canary,"Traceback (most recent call last):
  File ""app/handlers/dispatch.py"", line 142, in process
  ServiceError: Stale cache invalidation logic deployed in Canary"
LOG-INC-8332-1,INC-8332,2026-08-26T22:14:55Z,ERROR,[order-processing] Execution exception during request dispatch: High CPU throttling on Kubernetes node worker pool,"Traceback (most recent call last):
  File ""app/handlers/dispatch.py"", line 142, in process
  ServiceError: High CPU throttling on Kubernetes node worker pool"
LOG-INC-8332-2,INC-8332,2026-08-26T22:15:07Z,WARN,[order-processing] Execution exception during request dispatch: High CPU throttling on Kubernetes node worker pool,"Traceback (most recent call last):
  File ""app/handlers/dispatch.py"", line 142, in process
  ServiceError: High CPU throttling on Kubernetes node worker pool"
LOG-INC-8332-3,INC-8332,2026-08-26T22:15:22Z,INFO,[order-processing] Execution exception during request dispatch: High CPU throttling on Kubernetes node worker pool,"Traceback (most recent call last):
  File ""app/handlers/dispatch.py"", line 142, in process
  ServiceError: High CPU throttling on Kubernetes node worker pool"
LOG-INC-8332-4,INC-8332,2026-08-26T22:15:10Z,ERROR,[order-processing] Execution exception during request dispatch: High CPU throttling on Kubernetes node worker pool,"Traceback (most recent call last):
  File ""app/handlers/dispatch.py"", line 142, in process
  ServiceError: High CPU throttling on Kubernetes node worker pool"
LOG-INC-8333-1,INC-8333,2026-08-24T08:45:58Z,WARN,[user-profile] Execution exception during request dispatch: Memory leak in unclosed HTTP response stream handler,"Traceback (most recent call last):
  File ""app/handlers/dispatch.py"", line 142, in process
  ServiceError: Memory leak in unclosed HTTP response stream handler"
LOG-INC-8333-2,INC-8333,2026-08-24T08:45:41Z,ERROR,[user-profile] Execution exception during request dispatch: Memory leak in unclosed HTTP response stream handler,"Traceback (most recent call last):
  File ""app/handlers/dispatch.py"", line 142, in process
  ServiceError: Memory leak in unclosed HTTP response stream handler"
LOG-INC-8333-3,INC-8333,2026-08-24T08:46:48Z,INFO,[user-profile] Execution exception during request dispatch: Memory leak in unclosed HTTP response stream handler,"Traceback (most recent call last):
  File ""app/handlers/dispatch.py"", line 142, in process
  ServiceError: Memory leak in unclosed HTTP response stream handler"
LOG-INC-8333-4,INC-8333,2026-08-24T08:46:59Z,WARN,[user-profile] Execution exception during request dispatch: Memory leak in unclosed HTTP response stream handler,"Traceback (most recent call last):
  File ""app/handlers/dispatch.py"", line 142, in process
  ServiceError: Memory leak in unclosed HTTP response stream handler"
LOG-INC-8334-1,INC-8334,2026-09-07T15:01:35Z,INFO,[user-profile] Execution exception during request dispatch: Batch data import job executed during peak consumer hours,"Traceback (most recent call last):
  File ""app/handlers/dispatch.py"", line 142, in process
  ServiceError: Batch data import job executed during peak consumer hours"
LOG-INC-8334-2,INC-8334,2026-09-07T15:01:41Z,ERROR,[user-profile] Execution exception during request dispatch: Batch data import job executed during peak consumer hours,"Traceback (most recent call last):
  File ""app/handlers/dispatch.py"", line 142, in process
  ServiceError: Batch data import job executed during peak consumer hours"
LOG-INC-8334-3,INC-8334,2026-09-07T15:00:30Z,ERROR,[user-profile] Execution exception during request dispatch: Batch data import job executed during peak consumer hours,"Traceback (most recent call last):
  File ""app/handlers/dispatch.py"", line 142, in process
  ServiceError: Batch data import job executed during peak consumer hours"
LOG-INC-8335-1,INC-8335,2026-08-21T11:32:43Z,INFO,[inventory-api] Execution exception during request dispatch: TLS certificate handshake timeout on third-party webhook,"Traceback (most recent call last):
  File ""app/handlers/dispatch.py"", line 142, in process
  ServiceError: TLS certificate handshake timeout on third-party webhook"
LOG-INC-8335-2,INC-8335,2026-08-21T11:33:51Z,INFO,[inventory-api] Execution exception during request dispatch: TLS certificate handshake timeout on third-party webhook,"Traceback (most recent call last):
  File ""app/handlers/dispatch.py"", line 142, in process
  ServiceError: TLS certificate handshake timeout on third-party webhook"
LOG-INC-8335-3,INC-8335,2026-08-21T11:33:05Z,ERROR,[inventory-api] Execution exception during request dispatch: TLS certificate handshake timeout on third-party webhook,"Traceback (most recent call last):
  File ""app/handlers/dispatch.py"", line 142, in process
  ServiceError: TLS certificate handshake timeout on third-party webhook"
LOG-INC-8336-1,INC-8336,2026-08-22T16:30:21Z,INFO,[search-indexer] Execution exception during request dispatch: TCP socket connection reset by peer on egress gateway,"Traceback (most recent call last):
  File ""app/handlers/dispatch.py"", line 142, in process
  ServiceError: TCP socket connection reset by peer on egress gateway"
LOG-INC-8336-2,INC-8336,2026-08-22T16:29:51Z,INFO,[search-indexer] Execution exception during request dispatch: TCP socket connection reset by peer on egress gateway,"Traceback (most recent call last):
  File ""app/handlers/dispatch.py"", line 142, in process
  ServiceError: TCP socket connection reset by peer on egress gateway"
LOG-INC-8337-1,INC-8337,2026-08-24T03:10:25Z,INFO,[inventory-api] Execution exception during request dispatch: Unhandled arithmetic overflow in currency conversion,"Traceback (most recent call last):
  File ""app/handlers/dispatch.py"", line 142, in process
  ServiceError: Unhandled arithmetic overflow in currency conversion"
LOG-INC-8337-2,INC-8337,2026-08-24T03:10:12Z,ERROR,[inventory-api] Execution exception during request dispatch: Unhandled arithmetic overflow in currency conversion,"Traceback (most recent call last):
  File ""app/handlers/dispatch.py"", line 142, in process
  ServiceError: Unhandled arithmetic overflow in currency conversion"
LOG-INC-8337-3,INC-8337,2026-08-24T03:10:45Z,WARN,[inventory-api] Execution exception during request dispatch: Unhandled arithmetic overflow in currency conversion,"Traceback (most recent call last):
  File ""app/handlers/dispatch.py"", line 142, in process
  ServiceError: Unhandled arithmetic overflow in currency conversion"
LOG-INC-8338-1,INC-8338,2026-08-28T21:48:21Z,ERROR,[user-profile] Execution exception during request dispatch: File descriptor limit reached on upstream reverse proxy,"Traceback (most recent call last):
  File ""app/handlers/dispatch.py"", line 142, in process
  ServiceError: File descriptor limit reached on upstream reverse proxy"
LOG-INC-8338-2,INC-8338,2026-08-28T21:48:14Z,WARN,[user-profile] Execution exception during request dispatch: File descriptor limit reached on upstream reverse proxy,"Traceback (most recent call last):
  File ""app/handlers/dispatch.py"", line 142, in process
  ServiceError: File descriptor limit reached on upstream reverse proxy"
LOG-INC-8339-1,INC-8339,2026-09-07T17:45:18Z,ERROR,[user-profile] Execution exception during request dispatch: Config flag default inversion causing request rejections,"Traceback (most recent call last):
  File ""app/handlers/dispatch.py"", line 142, in process
  ServiceError: Config flag default inversion causing request rejections"
LOG-INC-8339-2,INC-8339,2026-09-07T17:45:24Z,INFO,[user-profile] Execution exception during request dispatch: Config flag default inversion causing request rejections,"Traceback (most recent call last):
  File ""app/handlers/dispatch.py"", line 142, in process
  ServiceError: Config flag default inversion causing request rejections"
LOG-INC-8340-1,INC-8340,2026-09-04T16:00:51Z,ERROR,[auth-service] Execution exception during request dispatch: Null pointer exception in payload serialization post-release,"Traceback (most recent call last):
  File ""app/handlers/dispatch.py"", line 142, in process
  ServiceError: Null pointer exception in payload serialization post-release"
LOG-INC-8340-2,INC-8340,2026-09-04T16:01:49Z,WARN,[auth-service] Execution exception during request dispatch: Null pointer exception in payload serialization post-release,"Traceback (most recent call last):
  File ""app/handlers/dispatch.py"", line 142, in process
  ServiceError: Null pointer exception in payload serialization post-release"
LOG-INC-8340-3,INC-8340,2026-09-04T16:01:58Z,INFO,[auth-service] Execution exception during request dispatch: Null pointer exception in payload serialization post-release,"Traceback (most recent call last):
  File ""app/handlers/dispatch.py"", line 142, in process
  ServiceError: Null pointer exception in payload serialization post-release"
LOG-INC-8340-4,INC-8340,2026-09-04T16:01:11Z,WARN,[auth-service] Execution exception during request dispatch: Null pointer exception in payload serialization post-release,"Traceback (most recent call last):
  File ""app/handlers/dispatch.py"", line 142, in process
  ServiceError: Null pointer exception in payload serialization post-release"
LOG-INC-8341-1,INC-8341,2026-09-12T11:58:15Z,WARN,[order-processing] Execution exception during request dispatch: TCP socket connection reset by peer on egress gateway,"Traceback (most recent call last):
  File ""app/handlers/dispatch.py"", line 142, in process
  ServiceError: TCP socket connection reset by peer on egress gateway"
LOG-INC-8341-2,INC-8341,2026-09-12T11:59:33Z,ERROR,[order-processing] Execution exception during request dispatch: TCP socket connection reset by peer on egress gateway,"Traceback (most recent call last):
  File ""app/handlers/dispatch.py"", line 142, in process
  ServiceError: TCP socket connection reset by peer on egress gateway"
LOG-INC-8342-1,INC-8342,2026-09-03T02:54:20Z,WARN,[notification-worker] Execution exception during request dispatch: Config flag default inversion causing request rejections,"Traceback (most recent call last):
  File ""app/handlers/dispatch.py"", line 142, in process
  ServiceError: Config flag default inversion causing request rejections"
LOG-INC-8342-2,INC-8342,2026-09-03T02:54:10Z,ERROR,[notification-worker] Execution exception during request dispatch: Config flag default inversion causing request rejections,"Traceback (most recent call last):
  File ""app/handlers/dispatch.py"", line 142, in process
  ServiceError: Config flag default inversion causing request rejections"
LOG-INC-8342-3,INC-8342,2026-09-03T02:54:43Z,INFO,[notification-worker] Execution exception during request dispatch: Config flag default inversion causing request rejections,"Traceback (most recent call last):
  File ""app/handlers/dispatch.py"", line 142, in process
  ServiceError: Config flag default inversion causing request rejections"
LOG-INC-8343-1,INC-8343,2026-08-14T15:01:49Z,WARN,[order-processing] Execution exception during request dispatch: Pod memory limit hit triggering repeated OOMKilled events,"Traceback (most recent call last):
  File ""app/handlers/dispatch.py"", line 142, in process
  ServiceError: Pod memory limit hit triggering repeated OOMKilled events"
LOG-INC-8343-2,INC-8343,2026-08-14T15:01:25Z,INFO,[order-processing] Execution exception during request dispatch: Pod memory limit hit triggering repeated OOMKilled events,"Traceback (most recent call last):
  File ""app/handlers/dispatch.py"", line 142, in process
  ServiceError: Pod memory limit hit triggering repeated OOMKilled events"
LOG-INC-8343-3,INC-8343,2026-08-14T15:02:44Z,INFO,[order-processing] Execution exception during request dispatch: Pod memory limit hit triggering repeated OOMKilled events,"Traceback (most recent call last):
  File ""app/handlers/dispatch.py"", line 142, in process
  ServiceError: Pod memory limit hit triggering repeated OOMKilled events"
LOG-INC-8343-4,INC-8343,2026-08-14T15:02:23Z,ERROR,[order-processing] Execution exception during request dispatch: Pod memory limit hit triggering repeated OOMKilled events,"Traceback (most recent call last):
  File ""app/handlers/dispatch.py"", line 142, in process
  ServiceError: Pod memory limit hit triggering repeated OOMKilled events"
LOG-INC-8344-1,INC-8344,2026-09-18T16:08:05Z,INFO,[auth-service] Execution exception during request dispatch: Database migration lock timeout during schema rollout,"Traceback (most recent call last):
  File ""app/handlers/dispatch.py"", line 142, in process
  ServiceError: Database migration lock timeout during schema rollout"
LOG-INC-8344-2,INC-8344,2026-09-18T16:08:17Z,ERROR,[auth-service] Execution exception during request dispatch: Database migration lock timeout during schema rollout,"Traceback (most recent call last):
  File ""app/handlers/dispatch.py"", line 142, in process
  ServiceError: Database migration lock timeout during schema rollout"
LOG-INC-8344-3,INC-8344,2026-09-18T16:09:09Z,INFO,[auth-service] Execution exception during request dispatch: Database migration lock timeout during schema rollout,"Traceback (most recent call last):
  File ""app/handlers/dispatch.py"", line 142, in process
  ServiceError: Database migration lock timeout during schema rollout"
LOG-INC-8344-4,INC-8344,2026-09-18T16:09:05Z,WARN,[auth-service] Execution exception during request dispatch: Database migration lock timeout during schema rollout,"Traceback (most recent call last):
  File ""app/handlers/dispatch.py"", line 142, in process
  ServiceError: Database migration lock timeout during schema rollout"
LOG-INC-8345-1,INC-8345,2026-09-12T04:30:11Z,ERROR,[order-processing] Execution exception during request dispatch: Unhandled arithmetic overflow in currency conversion,"Traceback (most recent call last):
  File ""app/handlers/dispatch.py"", line 142, in process
  ServiceError: Unhandled arithmetic overflow in currency conversion"
LOG-INC-8345-2,INC-8345,2026-09-12T04:30:08Z,WARN,[order-processing] Execution exception during request dispatch: Unhandled arithmetic overflow in currency conversion,"Traceback (most recent call last):
  File ""app/handlers/dispatch.py"", line 142, in process
  ServiceError: Unhandled arithmetic overflow in currency conversion"
LOG-INC-8346-1,INC-8346,2026-09-07T00:20:59Z,WARN,[notification-worker] Execution exception during request dispatch: Garbage collection pause duration exceeding 1500ms,"Traceback (most recent call last):
  File ""app/handlers/dispatch.py"", line 142, in process
  ServiceError: Garbage collection pause duration exceeding 1500ms"
LOG-INC-8346-2,INC-8346,2026-09-07T00:20:31Z,WARN,[notification-worker] Execution exception during request dispatch: Garbage collection pause duration exceeding 1500ms,"Traceback (most recent call last):
  File ""app/handlers/dispatch.py"", line 142, in process
  ServiceError: Garbage collection pause duration exceeding 1500ms"
LOG-INC-8347-1,INC-8347,2026-09-08T12:31:18Z,INFO,[search-indexer] Execution exception during request dispatch: DNS resolution timeouts between VPC private subnets,"Traceback (most recent call last):
  File ""app/handlers/dispatch.py"", line 142, in process
  ServiceError: DNS resolution timeouts between VPC private subnets"
LOG-INC-8347-2,INC-8347,2026-09-08T12:32:59Z,ERROR,[search-indexer] Execution exception during request dispatch: DNS resolution timeouts between VPC private subnets,"Traceback (most recent call last):
  File ""app/handlers/dispatch.py"", line 142, in process
  ServiceError: DNS resolution timeouts between VPC private subnets"
LOG-INC-8347-3,INC-8347,2026-09-08T12:31:13Z,WARN,[search-indexer] Execution exception during request dispatch: DNS resolution timeouts between VPC private subnets,"Traceback (most recent call last):
  File ""app/handlers/dispatch.py"", line 142, in process
  ServiceError: DNS resolution timeouts between VPC private subnets"
LOG-INC-8347-4,INC-8347,2026-09-08T12:31:30Z,WARN,[search-indexer] Execution exception during request dispatch: DNS resolution timeouts between VPC private subnets,"Traceback (most recent call last):
  File ""app/handlers/dispatch.py"", line 142, in process
  ServiceError: DNS resolution timeouts between VPC private subnets"
LOG-INC-8348-1,INC-8348,2026-08-23T01:40:56Z,WARN,[notification-worker] Execution exception during request dispatch: Network packet loss on Kubernetes overlay CNI bridge,"Traceback (most recent call last):
  File ""app/handlers/dispatch.py"", line 142, in process
  ServiceError: Network packet loss on Kubernetes overlay CNI bridge"
LOG-INC-8348-2,INC-8348,2026-08-23T01:41:05Z,INFO,[notification-worker] Execution exception during request dispatch: Network packet loss on Kubernetes overlay CNI bridge,"Traceback (most recent call last):
  File ""app/handlers/dispatch.py"", line 142, in process
  ServiceError: Network packet loss on Kubernetes overlay CNI bridge"
LOG-INC-8348-3,INC-8348,2026-08-23T01:41:22Z,WARN,[notification-worker] Execution exception during request dispatch: Network packet loss on Kubernetes overlay CNI bridge,"Traceback (most recent call last):
  File ""app/handlers/dispatch.py"", line 142, in process
  ServiceError: Network packet loss on Kubernetes overlay CNI bridge"
LOG-INC-8348-4,INC-8348,2026-08-23T01:41:07Z,INFO,[notification-worker] Execution exception during request dispatch: Network packet loss on Kubernetes overlay CNI bridge,"Traceback (most recent call last):
  File ""app/handlers/dispatch.py"", line 142, in process
  ServiceError: Network packet loss on Kubernetes overlay CNI bridge"
LOG-INC-8349-1,INC-8349,2026-09-21T22:59:08Z,INFO,[notification-worker] Execution exception during request dispatch: Garbage collection pause duration exceeding 1500ms,"Traceback (most recent call last):
  File ""app/handlers/dispatch.py"", line 142, in process
  ServiceError: Garbage collection pause duration exceeding 1500ms"
LOG-INC-8349-2,INC-8349,2026-09-21T22:58:08Z,ERROR,[notification-worker] Execution exception during request dispatch: Garbage collection pause duration exceeding 1500ms,"Traceback (most recent call last):
  File ""app/handlers/dispatch.py"", line 142, in process
  ServiceError: Garbage collection pause duration exceeding 1500ms"
LOG-INC-8350-1,INC-8350,2026-08-21T09:54:29Z,WARN,[auth-service] Execution exception during request dispatch: Network packet loss on Kubernetes overlay CNI bridge,"Traceback (most recent call last):
  File ""app/handlers/dispatch.py"", line 142, in process
  ServiceError: Network packet loss on Kubernetes overlay CNI bridge"
LOG-INC-8350-2,INC-8350,2026-08-21T09:54:07Z,INFO,[auth-service] Execution exception during request dispatch: Network packet loss on Kubernetes overlay CNI bridge,"Traceback (most recent call last):
  File ""app/handlers/dispatch.py"", line 142, in process
  ServiceError: Network packet loss on Kubernetes overlay CNI bridge"
LOG-INC-8350-3,INC-8350,2026-08-21T09:53:38Z,INFO,[auth-service] Execution exception during request dispatch: Network packet loss on Kubernetes overlay CNI bridge,"Traceback (most recent call last):
  File ""app/handlers/dispatch.py"", line 142, in process
  ServiceError: Network packet loss on Kubernetes overlay CNI bridge"
LOG-INC-8351-1,INC-8351,2026-09-24T23:53:55Z,WARN,[search-indexer] Execution exception during request dispatch: Corrupted response payload format failing client validation,"Traceback (most recent call last):
  File ""app/handlers/dispatch.py"", line 142, in process
  ServiceError: Corrupted response payload format failing client validation"
LOG-INC-8351-2,INC-8351,2026-09-24T23:53:58Z,INFO,[search-indexer] Execution exception during request dispatch: Corrupted response payload format failing client validation,"Traceback (most recent call last):
  File ""app/handlers/dispatch.py"", line 142, in process
  ServiceError: Corrupted response payload format failing client validation"
LOG-INC-8351-3,INC-8351,2026-09-24T23:52:26Z,WARN,[search-indexer] Execution exception during request dispatch: Corrupted response payload format failing client validation,"Traceback (most recent call last):
  File ""app/handlers/dispatch.py"", line 142, in process
  ServiceError: Corrupted response payload format failing client validation"
LOG-INC-8351-4,INC-8351,2026-09-24T23:53:00Z,ERROR,[search-indexer] Execution exception during request dispatch: Corrupted response payload format failing client validation,"Traceback (most recent call last):
  File ""app/handlers/dispatch.py"", line 142, in process
  ServiceError: Corrupted response payload format failing client validation"
LOG-INC-8352-1,INC-8352,2026-09-09T07:07:43Z,WARN,[notification-worker] Execution exception during request dispatch: Slow query cascade triggering client connection timeout,"Traceback (most recent call last):
  File ""app/handlers/dispatch.py"", line 142, in process
  ServiceError: Slow query cascade triggering client connection timeout"
LOG-INC-8352-2,INC-8352,2026-09-09T07:06:46Z,ERROR,[notification-worker] Execution exception during request dispatch: Slow query cascade triggering client connection timeout,"Traceback (most recent call last):
  File ""app/handlers/dispatch.py"", line 142, in process
  ServiceError: Slow query cascade triggering client connection timeout"
LOG-INC-8352-3,INC-8352,2026-09-09T07:06:08Z,INFO,[notification-worker] Execution exception during request dispatch: Slow query cascade triggering client connection timeout,"Traceback (most recent call last):
  File ""app/handlers/dispatch.py"", line 142, in process
  ServiceError: Slow query cascade triggering client connection timeout"
LOG-INC-8353-1,INC-8353,2026-08-16T22:10:17Z,WARN,[user-profile] Execution exception during request dispatch: Network packet loss on Kubernetes overlay CNI bridge,"Traceback (most recent call last):
  File ""app/handlers/dispatch.py"", line 142, in process
  ServiceError: Network packet loss on Kubernetes overlay CNI bridge"
LOG-INC-8353-2,INC-8353,2026-08-16T22:10:49Z,WARN,[user-profile] Execution exception during request dispatch: Network packet loss on Kubernetes overlay CNI bridge,"Traceback (most recent call last):
  File ""app/handlers/dispatch.py"", line 142, in process
  ServiceError: Network packet loss on Kubernetes overlay CNI bridge"
LOG-INC-8353-3,INC-8353,2026-08-16T22:10:57Z,WARN,[user-profile] Execution exception during request dispatch: Network packet loss on Kubernetes overlay CNI bridge,"Traceback (most recent call last):
  File ""app/handlers/dispatch.py"", line 142, in process
  ServiceError: Network packet loss on Kubernetes overlay CNI bridge"
LOG-INC-8354-1,INC-8354,2026-09-21T06:45:13Z,WARN,[order-processing] Execution exception during request dispatch: File descriptor limit reached on upstream reverse proxy,"Traceback (most recent call last):
  File ""app/handlers/dispatch.py"", line 142, in process
  ServiceError: File descriptor limit reached on upstream reverse proxy"
LOG-INC-8354-2,INC-8354,2026-09-21T06:44:09Z,WARN,[order-processing] Execution exception during request dispatch: File descriptor limit reached on upstream reverse proxy,"Traceback (most recent call last):
  File ""app/handlers/dispatch.py"", line 142, in process
  ServiceError: File descriptor limit reached on upstream reverse proxy"
LOG-INC-8355-1,INC-8355,2026-08-12T15:02:54Z,WARN,[search-indexer] Execution exception during request dispatch: TLS certificate handshake timeout on third-party webhook,"Traceback (most recent call last):
  File ""app/handlers/dispatch.py"", line 142, in process
  ServiceError: TLS certificate handshake timeout on third-party webhook"
LOG-INC-8355-2,INC-8355,2026-08-12T15:03:18Z,ERROR,[search-indexer] Execution exception during request dispatch: TLS certificate handshake timeout on third-party webhook,"Traceback (most recent call last):
  File ""app/handlers/dispatch.py"", line 142, in process
  ServiceError: TLS certificate handshake timeout on third-party webhook"
LOG-INC-8355-3,INC-8355,2026-08-12T15:03:48Z,WARN,[search-indexer] Execution exception during request dispatch: TLS certificate handshake timeout on third-party webhook,"Traceback (most recent call last):
  File ""app/handlers/dispatch.py"", line 142, in process
  ServiceError: TLS certificate handshake timeout on third-party webhook"
LOG-INC-8355-4,INC-8355,2026-08-12T15:02:17Z,INFO,[search-indexer] Execution exception during request dispatch: TLS certificate handshake timeout on third-party webhook,"Traceback (most recent call last):
  File ""app/handlers/dispatch.py"", line 142, in process
  ServiceError: TLS certificate handshake timeout on third-party webhook"
LOG-INC-8356-1,INC-8356,2026-09-23T01:29:32Z,ERROR,[user-profile] Execution exception during request dispatch: Redis cluster shard memory limit eviction cascade,"Traceback (most recent call last):
  File ""app/handlers/dispatch.py"", line 142, in process
  ServiceError: Redis cluster shard memory limit eviction cascade"
LOG-INC-8356-2,INC-8356,2026-09-23T01:29:41Z,ERROR,[user-profile] Execution exception during request dispatch: Redis cluster shard memory limit eviction cascade,"Traceback (most recent call last):
  File ""app/handlers/dispatch.py"", line 142, in process
  ServiceError: Redis cluster shard memory limit eviction cascade"
LOG-INC-8356-3,INC-8356,2026-09-23T01:29:38Z,ERROR,[user-profile] Execution exception during request dispatch: Redis cluster shard memory limit eviction cascade,"Traceback (most recent call last):
  File ""app/handlers/dispatch.py"", line 142, in process
  ServiceError: Redis cluster shard memory limit eviction cascade"
LOG-INC-8356-4,INC-8356,2026-09-23T01:29:11Z,ERROR,[user-profile] Execution exception during request dispatch: Redis cluster shard memory limit eviction cascade,"Traceback (most recent call last):
  File ""app/handlers/dispatch.py"", line 142, in process
  ServiceError: Redis cluster shard memory limit eviction cascade"
LOG-INC-8357-1,INC-8357,2026-09-10T16:25:50Z,WARN,[auth-service] Execution exception during request dispatch: Pod memory limit hit triggering repeated OOMKilled events,"Traceback (most recent call last):
  File ""app/handlers/dispatch.py"", line 142, in process
  ServiceError: Pod memory limit hit triggering repeated OOMKilled events"
LOG-INC-8357-2,INC-8357,2026-09-10T16:25:09Z,WARN,[auth-service] Execution exception during request dispatch: Pod memory limit hit triggering repeated OOMKilled events,"Traceback (most recent call last):
  File ""app/handlers/dispatch.py"", line 142, in process
  ServiceError: Pod memory limit hit triggering repeated OOMKilled events"
LOG-INC-8357-3,INC-8357,2026-09-10T16:25:00Z,INFO,[auth-service] Execution exception during request dispatch: Pod memory limit hit triggering repeated OOMKilled events,"Traceback (most recent call last):
  File ""app/handlers/dispatch.py"", line 142, in process
  ServiceError: Pod memory limit hit triggering repeated OOMKilled events"
LOG-INC-8357-4,INC-8357,2026-09-10T16:25:14Z,WARN,[auth-service] Execution exception during request dispatch: Pod memory limit hit triggering repeated OOMKilled events,"Traceback (most recent call last):
  File ""app/handlers/dispatch.py"", line 142, in process
  ServiceError: Pod memory limit hit triggering repeated OOMKilled events"
LOG-INC-8358-1,INC-8358,2026-09-18T00:01:29Z,INFO,[notification-worker] Execution exception during request dispatch: Flash sale burst traffic causing ingress queue build-up,"Traceback (most recent call last):
  File ""app/handlers/dispatch.py"", line 142, in process
  ServiceError: Flash sale burst traffic causing ingress queue build-up"
LOG-INC-8358-2,INC-8358,2026-09-18T00:01:04Z,WARN,[notification-worker] Execution exception during request dispatch: Flash sale burst traffic causing ingress queue build-up,"Traceback (most recent call last):
  File ""app/handlers/dispatch.py"", line 142, in process
  ServiceError: Flash sale burst traffic causing ingress queue build-up"
LOG-INC-8359-1,INC-8359,2026-09-09T21:52:24Z,ERROR,[search-indexer] Execution exception during request dispatch: DNS resolution timeouts between VPC private subnets,"Traceback (most recent call last):
  File ""app/handlers/dispatch.py"", line 142, in process
  ServiceError: DNS resolution timeouts between VPC private subnets"
LOG-INC-8359-2,INC-8359,2026-09-09T21:53:40Z,ERROR,[search-indexer] Execution exception during request dispatch: DNS resolution timeouts between VPC private subnets,"Traceback (most recent call last):
  File ""app/handlers/dispatch.py"", line 142, in process
  ServiceError: DNS resolution timeouts between VPC private subnets"
LOG-INC-8360-1,INC-8360,2026-09-25T05:31:04Z,WARN,[inventory-api] Execution exception during request dispatch: File descriptor limit reached on upstream reverse proxy,"Traceback (most recent call last):
  File ""app/handlers/dispatch.py"", line 142, in process
  ServiceError: File descriptor limit reached on upstream reverse proxy"
LOG-INC-8360-2,INC-8360,2026-09-25T05:31:16Z,WARN,[inventory-api] Execution exception during request dispatch: File descriptor limit reached on upstream reverse proxy,"Traceback (most recent call last):
  File ""app/handlers/dispatch.py"", line 142, in process
  ServiceError: File descriptor limit reached on upstream reverse proxy"
LOG-INC-8360-3,INC-8360,2026-09-25T05:30:59Z,INFO,[inventory-api] Execution exception during request dispatch: File descriptor limit reached on upstream reverse proxy,"Traceback (most recent call last):
  File ""app/handlers/dispatch.py"", line 142, in process
  ServiceError: File descriptor limit reached on upstream reverse proxy"
LOG-INC-8361-1,INC-8361,2026-08-13T15:03:12Z,ERROR,[inventory-api] Execution exception during request dispatch: File descriptor limit reached on upstream reverse proxy,"Traceback (most recent call last):
  File ""app/handlers/dispatch.py"", line 142, in process
  ServiceError: File descriptor limit reached on upstream reverse proxy"
LOG-INC-8361-2,INC-8361,2026-08-13T15:03:45Z,INFO,[inventory-api] Execution exception during request dispatch: File descriptor limit reached on upstream reverse proxy,"Traceback (most recent call last):
  File ""app/handlers/dispatch.py"", line 142, in process
  ServiceError: File descriptor limit reached on upstream reverse proxy"
LOG-INC-8362-1,INC-8362,2026-08-14T06:28:37Z,WARN,[checkout-service] Execution exception during request dispatch: Spike in unauthenticated request probe flood,"Traceback (most recent call last):
  File ""app/handlers/dispatch.py"", line 142, in process
  ServiceError: Spike in unauthenticated request probe flood"
LOG-INC-8362-2,INC-8362,2026-08-14T06:29:58Z,ERROR,[checkout-service] Execution exception during request dispatch: Spike in unauthenticated request probe flood,"Traceback (most recent call last):
  File ""app/handlers/dispatch.py"", line 142, in process
  ServiceError: Spike in unauthenticated request probe flood"
LOG-INC-8362-3,INC-8362,2026-08-14T06:28:35Z,INFO,[checkout-service] Execution exception during request dispatch: Spike in unauthenticated request probe flood,"Traceback (most recent call last):
  File ""app/handlers/dispatch.py"", line 142, in process
  ServiceError: Spike in unauthenticated request probe flood"
LOG-INC-8362-4,INC-8362,2026-08-14T06:28:20Z,WARN,[checkout-service] Execution exception during request dispatch: Spike in unauthenticated request probe flood,"Traceback (most recent call last):
  File ""app/handlers/dispatch.py"", line 142, in process
  ServiceError: Spike in unauthenticated request probe flood"
LOG-INC-8363-1,INC-8363,2026-09-16T13:38:32Z,WARN,[search-indexer] Execution exception during request dispatch: TCP socket connection reset by peer on egress gateway,"Traceback (most recent call last):
  File ""app/handlers/dispatch.py"", line 142, in process
  ServiceError: TCP socket connection reset by peer on egress gateway"
LOG-INC-8363-2,INC-8363,2026-09-16T13:39:01Z,WARN,[search-indexer] Execution exception during request dispatch: TCP socket connection reset by peer on egress gateway,"Traceback (most recent call last):
  File ""app/handlers/dispatch.py"", line 142, in process
  ServiceError: TCP socket connection reset by peer on egress gateway"
LOG-INC-8364-1,INC-8364,2026-09-09T23:17:50Z,WARN,[search-indexer] Execution exception during request dispatch: Deadlock cycle in distributed checkout table lock,"Traceback (most recent call last):
  File ""app/handlers/dispatch.py"", line 142, in process
  ServiceError: Deadlock cycle in distributed checkout table lock"
LOG-INC-8364-2,INC-8364,2026-09-09T23:16:07Z,INFO,[search-indexer] Execution exception during request dispatch: Deadlock cycle in distributed checkout table lock,"Traceback (most recent call last):
  File ""app/handlers/dispatch.py"", line 142, in process
  ServiceError: Deadlock cycle in distributed checkout table lock"
LOG-INC-8364-3,INC-8364,2026-09-09T23:18:00Z,INFO,[search-indexer] Execution exception during request dispatch: Deadlock cycle in distributed checkout table lock,"Traceback (most recent call last):
  File ""app/handlers/dispatch.py"", line 142, in process
  ServiceError: Deadlock cycle in distributed checkout table lock"
LOG-INC-8365-1,INC-8365,2026-08-25T14:30:20Z,INFO,[order-processing] Execution exception during request dispatch: Race condition in concurrent token refresh logic,"Traceback (most recent call last):
  File ""app/handlers/dispatch.py"", line 142, in process
  ServiceError: Race condition in concurrent token refresh logic"
LOG-INC-8365-2,INC-8365,2026-08-25T14:31:55Z,ERROR,[order-processing] Execution exception during request dispatch: Race condition in concurrent token refresh logic,"Traceback (most recent call last):
  File ""app/handlers/dispatch.py"", line 142, in process
  ServiceError: Race condition in concurrent token refresh logic"
LOG-INC-8365-3,INC-8365,2026-08-25T14:31:54Z,WARN,[order-processing] Execution exception during request dispatch: Race condition in concurrent token refresh logic,"Traceback (most recent call last):
  File ""app/handlers/dispatch.py"", line 142, in process
  ServiceError: Race condition in concurrent token refresh logic"
LOG-INC-8365-4,INC-8365,2026-08-25T14:30:54Z,ERROR,[order-processing] Execution exception during request dispatch: Race condition in concurrent token refresh logic,"Traceback (most recent call last):
  File ""app/handlers/dispatch.py"", line 142, in process
  ServiceError: Race condition in concurrent token refresh logic"
LOG-INC-8366-1,INC-8366,2026-08-15T19:23:57Z,INFO,[inventory-api] Execution exception during request dispatch: Deadlock cycle in distributed checkout table lock,"Traceback (most recent call last):
  File ""app/handlers/dispatch.py"", line 142, in process
  ServiceError: Deadlock cycle in distributed checkout table lock"
LOG-INC-8366-2,INC-8366,2026-08-15T19:22:57Z,ERROR,[inventory-api] Execution exception during request dispatch: Deadlock cycle in distributed checkout table lock,"Traceback (most recent call last):
  File ""app/handlers/dispatch.py"", line 142, in process
  ServiceError: Deadlock cycle in distributed checkout table lock"
LOG-INC-8366-3,INC-8366,2026-08-15T19:22:40Z,ERROR,[inventory-api] Execution exception during request dispatch: Deadlock cycle in distributed checkout table lock,"Traceback (most recent call last):
  File ""app/handlers/dispatch.py"", line 142, in process
  ServiceError: Deadlock cycle in distributed checkout table lock"
LOG-INC-8367-1,INC-8367,2026-09-10T11:27:49Z,INFO,[auth-service] Execution exception during request dispatch: Inter-region transit latency degradation exceeding SLA,"Traceback (most recent call last):
  File ""app/handlers/dispatch.py"", line 142, in process
  ServiceError: Inter-region transit latency degradation exceeding SLA"
LOG-INC-8367-2,INC-8367,2026-09-10T11:27:39Z,WARN,[auth-service] Execution exception during request dispatch: Inter-region transit latency degradation exceeding SLA,"Traceback (most recent call last):
  File ""app/handlers/dispatch.py"", line 142, in process
  ServiceError: Inter-region transit latency degradation exceeding SLA"
LOG-INC-8367-3,INC-8367,2026-09-10T11:27:03Z,INFO,[auth-service] Execution exception during request dispatch: Inter-region transit latency degradation exceeding SLA,"Traceback (most recent call last):
  File ""app/handlers/dispatch.py"", line 142, in process
  ServiceError: Inter-region transit latency degradation exceeding SLA"
LOG-INC-8367-4,INC-8367,2026-09-10T11:26:08Z,ERROR,[auth-service] Execution exception during request dispatch: Inter-region transit latency degradation exceeding SLA,"Traceback (most recent call last):
  File ""app/handlers/dispatch.py"", line 142, in process
  ServiceError: Inter-region transit latency degradation exceeding SLA"
LOG-INC-8368-1,INC-8368,2026-08-18T22:40:46Z,WARN,[user-profile] Execution exception during request dispatch: Config flag default inversion causing request rejections,"Traceback (most recent call last):
  File ""app/handlers/dispatch.py"", line 142, in process
  ServiceError: Config flag default inversion causing request rejections"
LOG-INC-8368-2,INC-8368,2026-08-18T22:40:02Z,WARN,[user-profile] Execution exception during request dispatch: Config flag default inversion causing request rejections,"Traceback (most recent call last):
  File ""app/handlers/dispatch.py"", line 142, in process
  ServiceError: Config flag default inversion causing request rejections"
LOG-INC-8368-3,INC-8368,2026-08-18T22:40:56Z,INFO,[user-profile] Execution exception during request dispatch: Config flag default inversion causing request rejections,"Traceback (most recent call last):
  File ""app/handlers/dispatch.py"", line 142, in process
  ServiceError: Config flag default inversion causing request rejections"
LOG-INC-8369-1,INC-8369,2026-08-17T14:30:33Z,ERROR,[inventory-api] Execution exception during request dispatch: Race condition in concurrent token refresh logic,"Traceback (most recent call last):
  File ""app/handlers/dispatch.py"", line 142, in process
  ServiceError: Race condition in concurrent token refresh logic"
LOG-INC-8369-2,INC-8369,2026-08-17T14:30:07Z,INFO,[inventory-api] Execution exception during request dispatch: Race condition in concurrent token refresh logic,"Traceback (most recent call last):
  File ""app/handlers/dispatch.py"", line 142, in process
  ServiceError: Race condition in concurrent token refresh logic"
LOG-INC-8369-3,INC-8369,2026-08-17T14:31:27Z,INFO,[inventory-api] Execution exception during request dispatch: Race condition in concurrent token refresh logic,"Traceback (most recent call last):
  File ""app/handlers/dispatch.py"", line 142, in process
  ServiceError: Race condition in concurrent token refresh logic"
LOG-INC-8369-4,INC-8369,2026-08-17T14:31:25Z,ERROR,[inventory-api] Execution exception during request dispatch: Race condition in concurrent token refresh logic,"Traceback (most recent call last):
  File ""app/handlers/dispatch.py"", line 142, in process
  ServiceError: Race condition in concurrent token refresh logic"
LOG-INC-8370-1,INC-8370,2026-09-22T10:30:17Z,ERROR,[order-processing] Execution exception during request dispatch: Connection pool saturation under sustained transaction load,"Traceback (most recent call last):
  File ""app/handlers/dispatch.py"", line 142, in process
  ServiceError: Connection pool saturation under sustained transaction load"
LOG-INC-8370-2,INC-8370,2026-09-22T10:29:06Z,INFO,[order-processing] Execution exception during request dispatch: Connection pool saturation under sustained transaction load,"Traceback (most recent call last):
  File ""app/handlers/dispatch.py"", line 142, in process
  ServiceError: Connection pool saturation under sustained transaction load"
LOG-INC-8371-1,INC-8371,2026-08-18T12:26:50Z,WARN,[inventory-api] Execution exception during request dispatch: Corrupted response payload format failing client validation,"Traceback (most recent call last):
  File ""app/handlers/dispatch.py"", line 142, in process
  ServiceError: Corrupted response payload format failing client validation"
LOG-INC-8371-2,INC-8371,2026-08-18T12:26:38Z,INFO,[inventory-api] Execution exception during request dispatch: Corrupted response payload format failing client validation,"Traceback (most recent call last):
  File ""app/handlers/dispatch.py"", line 142, in process
  ServiceError: Corrupted response payload format failing client validation"
LOG-INC-8372-1,INC-8372,2026-08-16T04:44:32Z,INFO,[search-indexer] Execution exception during request dispatch: Dependency version mismatch in gRPC protobuf schema,"Traceback (most recent call last):
  File ""app/handlers/dispatch.py"", line 142, in process
  ServiceError: Dependency version mismatch in gRPC protobuf schema"
LOG-INC-8372-2,INC-8372,2026-08-16T04:44:03Z,ERROR,[search-indexer] Execution exception during request dispatch: Dependency version mismatch in gRPC protobuf schema,"Traceback (most recent call last):
  File ""app/handlers/dispatch.py"", line 142, in process
  ServiceError: Dependency version mismatch in gRPC protobuf schema"
LOG-INC-8372-3,INC-8372,2026-08-16T04:43:06Z,WARN,[search-indexer] Execution exception during request dispatch: Dependency version mismatch in gRPC protobuf schema,"Traceback (most recent call last):
  File ""app/handlers/dispatch.py"", line 142, in process
  ServiceError: Dependency version mismatch in gRPC protobuf schema"
LOG-INC-8372-4,INC-8372,2026-08-16T04:43:22Z,WARN,[search-indexer] Execution exception during request dispatch: Dependency version mismatch in gRPC protobuf schema,"Traceback (most recent call last):
  File ""app/handlers/dispatch.py"", line 142, in process
  ServiceError: Dependency version mismatch in gRPC protobuf schema"
LOG-INC-8373-1,INC-8373,2026-08-29T21:27:35Z,INFO,[auth-service] Execution exception during request dispatch: Null pointer exception in payload serialization post-release,"Traceback (most recent call last):
  File ""app/handlers/dispatch.py"", line 142, in process
  ServiceError: Null pointer exception in payload serialization post-release"
LOG-INC-8373-2,INC-8373,2026-08-29T21:27:48Z,ERROR,[auth-service] Execution exception during request dispatch: Null pointer exception in payload serialization post-release,"Traceback (most recent call last):
  File ""app/handlers/dispatch.py"", line 142, in process
  ServiceError: Null pointer exception in payload serialization post-release"
LOG-INC-8373-3,INC-8373,2026-08-29T21:26:05Z,WARN,[auth-service] Execution exception during request dispatch: Null pointer exception in payload serialization post-release,"Traceback (most recent call last):
  File ""app/handlers/dispatch.py"", line 142, in process
  ServiceError: Null pointer exception in payload serialization post-release"
LOG-INC-8373-4,INC-8373,2026-08-29T21:27:09Z,INFO,[auth-service] Execution exception during request dispatch: Null pointer exception in payload serialization post-release,"Traceback (most recent call last):
  File ""app/handlers/dispatch.py"", line 142, in process
  ServiceError: Null pointer exception in payload serialization post-release"
LOG-INC-8374-1,INC-8374,2026-09-20T11:41:12Z,WARN,[checkout-service] Execution exception during request dispatch: Batch data import job executed during peak consumer hours,"Traceback (most recent call last):
  File ""app/handlers/dispatch.py"", line 142, in process
  ServiceError: Batch data import job executed during peak consumer hours"
LOG-INC-8374-2,INC-8374,2026-09-20T11:40:23Z,WARN,[checkout-service] Execution exception during request dispatch: Batch data import job executed during peak consumer hours,"Traceback (most recent call last):
  File ""app/handlers/dispatch.py"", line 142, in process
  ServiceError: Batch data import job executed during peak consumer hours"
LOG-INC-8374-3,INC-8374,2026-09-20T11:40:19Z,WARN,[checkout-service] Execution exception during request dispatch: Batch data import job executed during peak consumer hours,"Traceback (most recent call last):
  File ""app/handlers/dispatch.py"", line 142, in process
  ServiceError: Batch data import job executed during peak consumer hours"
LOG-INC-8374-4,INC-8374,2026-09-20T11:40:10Z,ERROR,[checkout-service] Execution exception during request dispatch: Batch data import job executed during peak consumer hours,"Traceback (most recent call last):
  File ""app/handlers/dispatch.py"", line 142, in process
  ServiceError: Batch data import job executed during peak consumer hours"
LOG-INC-8375-1,INC-8375,2026-09-12T03:07:42Z,ERROR,[inventory-api] Execution exception during request dispatch: File descriptor limit reached on upstream reverse proxy,"Traceback (most recent call last):
  File ""app/handlers/dispatch.py"", line 142, in process
  ServiceError: File descriptor limit reached on upstream reverse proxy"
LOG-INC-8375-2,INC-8375,2026-09-12T03:07:16Z,INFO,[inventory-api] Execution exception during request dispatch: File descriptor limit reached on upstream reverse proxy,"Traceback (most recent call last):
  File ""app/handlers/dispatch.py"", line 142, in process
  ServiceError: File descriptor limit reached on upstream reverse proxy"
LOG-INC-8375-3,INC-8375,2026-09-12T03:07:26Z,WARN,[inventory-api] Execution exception during request dispatch: File descriptor limit reached on upstream reverse proxy,"Traceback (most recent call last):
  File ""app/handlers/dispatch.py"", line 142, in process
  ServiceError: File descriptor limit reached on upstream reverse proxy"
LOG-INC-8376-1,INC-8376,2026-08-16T18:00:01Z,WARN,[notification-worker] Execution exception during request dispatch: TLS certificate handshake timeout on third-party webhook,"Traceback (most recent call last):
  File ""app/handlers/dispatch.py"", line 142, in process
  ServiceError: TLS certificate handshake timeout on third-party webhook"
LOG-INC-8376-2,INC-8376,2026-08-16T18:00:35Z,INFO,[notification-worker] Execution exception during request dispatch: TLS certificate handshake timeout on third-party webhook,"Traceback (most recent call last):
  File ""app/handlers/dispatch.py"", line 142, in process
  ServiceError: TLS certificate handshake timeout on third-party webhook"
LOG-INC-8377-1,INC-8377,2026-08-19T11:47:50Z,WARN,[auth-service] Execution exception during request dispatch: Connection pool saturation under sustained transaction load,"Traceback (most recent call last):
  File ""app/handlers/dispatch.py"", line 142, in process
  ServiceError: Connection pool saturation under sustained transaction load"
LOG-INC-8377-2,INC-8377,2026-08-19T11:47:17Z,INFO,[auth-service] Execution exception during request dispatch: Connection pool saturation under sustained transaction load,"Traceback (most recent call last):
  File ""app/handlers/dispatch.py"", line 142, in process
  ServiceError: Connection pool saturation under sustained transaction load"
LOG-INC-8377-3,INC-8377,2026-08-19T11:47:19Z,ERROR,[auth-service] Execution exception during request dispatch: Connection pool saturation under sustained transaction load,"Traceback (most recent call last):
  File ""app/handlers/dispatch.py"", line 142, in process
  ServiceError: Connection pool saturation under sustained transaction load"
LOG-INC-8377-4,INC-8377,2026-08-19T11:47:19Z,ERROR,[auth-service] Execution exception during request dispatch: Connection pool saturation under sustained transaction load,"Traceback (most recent call last):
  File ""app/handlers/dispatch.py"", line 142, in process
  ServiceError: Connection pool saturation under sustained transaction load"
LOG-INC-8378-1,INC-8378,2026-08-30T14:58:52Z,WARN,[payment-gateway] Execution exception during request dispatch: DNS resolution timeouts between VPC private subnets,"Traceback (most recent call last):
  File ""app/handlers/dispatch.py"", line 142, in process
  ServiceError: DNS resolution timeouts between VPC private subnets"
LOG-INC-8378-2,INC-8378,2026-08-30T14:57:24Z,ERROR,[payment-gateway] Execution exception during request dispatch: DNS resolution timeouts between VPC private subnets,"Traceback (most recent call last):
  File ""app/handlers/dispatch.py"", line 142, in process
  ServiceError: DNS resolution timeouts between VPC private subnets"
LOG-INC-8379-1,INC-8379,2026-08-29T03:59:38Z,INFO,[notification-worker] Execution exception during request dispatch: File descriptor limit reached on upstream reverse proxy,"Traceback (most recent call last):
  File ""app/handlers/dispatch.py"", line 142, in process
  ServiceError: File descriptor limit reached on upstream reverse proxy"
LOG-INC-8379-2,INC-8379,2026-08-29T03:59:47Z,INFO,[notification-worker] Execution exception during request dispatch: File descriptor limit reached on upstream reverse proxy,"Traceback (most recent call last):
  File ""app/handlers/dispatch.py"", line 142, in process
  ServiceError: File descriptor limit reached on upstream reverse proxy"
LOG-INC-8379-3,INC-8379,2026-08-29T03:58:21Z,ERROR,[notification-worker] Execution exception during request dispatch: File descriptor limit reached on upstream reverse proxy,"Traceback (most recent call last):
  File ""app/handlers/dispatch.py"", line 142, in process
  ServiceError: File descriptor limit reached on upstream reverse proxy"
LOG-INC-8380-1,INC-8380,2026-08-22T09:45:07Z,ERROR,[auth-service] Execution exception during request dispatch: Batch data import job executed during peak consumer hours,"Traceback (most recent call last):
  File ""app/handlers/dispatch.py"", line 142, in process
  ServiceError: Batch data import job executed during peak consumer hours"
LOG-INC-8380-2,INC-8380,2026-08-22T09:45:25Z,WARN,[auth-service] Execution exception during request dispatch: Batch data import job executed during peak consumer hours,"Traceback (most recent call last):
  File ""app/handlers/dispatch.py"", line 142, in process
  ServiceError: Batch data import job executed during peak consumer hours"
LOG-INC-8381-1,INC-8381,2026-09-03T03:49:58Z,WARN,[search-indexer] Execution exception during request dispatch: File descriptor limit reached on upstream reverse proxy,"Traceback (most recent call last):
  File ""app/handlers/dispatch.py"", line 142, in process
  ServiceError: File descriptor limit reached on upstream reverse proxy"
LOG-INC-8381-2,INC-8381,2026-09-03T03:49:05Z,WARN,[search-indexer] Execution exception during request dispatch: File descriptor limit reached on upstream reverse proxy,"Traceback (most recent call last):
  File ""app/handlers/dispatch.py"", line 142, in process
  ServiceError: File descriptor limit reached on upstream reverse proxy"
LOG-INC-8381-3,INC-8381,2026-09-03T03:49:17Z,INFO,[search-indexer] Execution exception during request dispatch: File descriptor limit reached on upstream reverse proxy,"Traceback (most recent call last):
  File ""app/handlers/dispatch.py"", line 142, in process
  ServiceError: File descriptor limit reached on upstream reverse proxy"
LOG-INC-8382-1,INC-8382,2026-08-25T00:18:12Z,INFO,[payment-gateway] Execution exception during request dispatch: Recursive call in JSON parsing leading to stack exhaustion,"Traceback (most recent call last):
  File ""app/handlers/dispatch.py"", line 142, in process
  ServiceError: Recursive call in JSON parsing leading to stack exhaustion"
LOG-INC-8382-2,INC-8382,2026-08-25T00:18:27Z,INFO,[payment-gateway] Execution exception during request dispatch: Recursive call in JSON parsing leading to stack exhaustion,"Traceback (most recent call last):
  File ""app/handlers/dispatch.py"", line 142, in process
  ServiceError: Recursive call in JSON parsing leading to stack exhaustion"
LOG-INC-8382-3,INC-8382,2026-08-25T00:17:15Z,WARN,[payment-gateway] Execution exception during request dispatch: Recursive call in JSON parsing leading to stack exhaustion,"Traceback (most recent call last):
  File ""app/handlers/dispatch.py"", line 142, in process
  ServiceError: Recursive call in JSON parsing leading to stack exhaustion"
LOG-INC-8383-1,INC-8383,2026-09-24T10:30:59Z,WARN,[inventory-api] Execution exception during request dispatch: Batch data import job executed during peak consumer hours,"Traceback (most recent call last):
  File ""app/handlers/dispatch.py"", line 142, in process
  ServiceError: Batch data import job executed during peak consumer hours"
LOG-INC-8383-2,INC-8383,2026-09-24T10:30:17Z,WARN,[inventory-api] Execution exception during request dispatch: Batch data import job executed during peak consumer hours,"Traceback (most recent call last):
  File ""app/handlers/dispatch.py"", line 142, in process
  ServiceError: Batch data import job executed during peak consumer hours"
LOG-INC-8383-3,INC-8383,2026-09-24T10:31:29Z,INFO,[inventory-api] Execution exception during request dispatch: Batch data import job executed during peak consumer hours,"Traceback (most recent call last):
  File ""app/handlers/dispatch.py"", line 142, in process
  ServiceError: Batch data import job executed during peak consumer hours"
LOG-INC-8383-4,INC-8383,2026-09-24T10:31:17Z,WARN,[inventory-api] Execution exception during request dispatch: Batch data import job executed during peak consumer hours,"Traceback (most recent call last):
  File ""app/handlers/dispatch.py"", line 142, in process
  ServiceError: Batch data import job executed during peak consumer hours"
LOG-INC-8384-1,INC-8384,2026-09-12T04:52:41Z,INFO,[notification-worker] Execution exception during request dispatch: Redis cluster shard memory limit eviction cascade,"Traceback (most recent call last):
  File ""app/handlers/dispatch.py"", line 142, in process
  ServiceError: Redis cluster shard memory limit eviction cascade"
LOG-INC-8384-2,INC-8384,2026-09-12T04:52:02Z,INFO,[notification-worker] Execution exception during request dispatch: Redis cluster shard memory limit eviction cascade,"Traceback (most recent call last):
  File ""app/handlers/dispatch.py"", line 142, in process
  ServiceError: Redis cluster shard memory limit eviction cascade"
LOG-INC-8384-3,INC-8384,2026-09-12T04:52:48Z,WARN,[notification-worker] Execution exception during request dispatch: Redis cluster shard memory limit eviction cascade,"Traceback (most recent call last):
  File ""app/handlers/dispatch.py"", line 142, in process
  ServiceError: Redis cluster shard memory limit eviction cascade"
LOG-INC-8385-1,INC-8385,2026-09-02T04:05:19Z,ERROR,[checkout-service] Execution exception during request dispatch: Database migration lock timeout during schema rollout,"Traceback (most recent call last):
  File ""app/handlers/dispatch.py"", line 142, in process
  ServiceError: Database migration lock timeout during schema rollout"
LOG-INC-8385-2,INC-8385,2026-09-02T04:05:26Z,INFO,[checkout-service] Execution exception during request dispatch: Database migration lock timeout during schema rollout,"Traceback (most recent call last):
  File ""app/handlers/dispatch.py"", line 142, in process
  ServiceError: Database migration lock timeout during schema rollout"
LOG-INC-8385-3,INC-8385,2026-09-02T04:06:06Z,WARN,[checkout-service] Execution exception during request dispatch: Database migration lock timeout during schema rollout,"Traceback (most recent call last):
  File ""app/handlers/dispatch.py"", line 142, in process
  ServiceError: Database migration lock timeout during schema rollout"
LOG-INC-8386-1,INC-8386,2026-08-26T18:22:16Z,ERROR,[notification-worker] Execution exception during request dispatch: Distributed crawler burst triggering endpoint 429 retries,"Traceback (most recent call last):
  File ""app/handlers/dispatch.py"", line 142, in process
  ServiceError: Distributed crawler burst triggering endpoint 429 retries"
LOG-INC-8386-2,INC-8386,2026-08-26T18:22:22Z,ERROR,[notification-worker] Execution exception during request dispatch: Distributed crawler burst triggering endpoint 429 retries,"Traceback (most recent call last):
  File ""app/handlers/dispatch.py"", line 142, in process
  ServiceError: Distributed crawler burst triggering endpoint 429 retries"
LOG-INC-8386-3,INC-8386,2026-08-26T18:22:29Z,ERROR,[notification-worker] Execution exception during request dispatch: Distributed crawler burst triggering endpoint 429 retries,"Traceback (most recent call last):
  File ""app/handlers/dispatch.py"", line 142, in process
  ServiceError: Distributed crawler burst triggering endpoint 429 retries"
LOG-INC-8387-1,INC-8387,2026-08-28T23:56:29Z,ERROR,[order-processing] Execution exception during request dispatch: Redis cluster shard memory limit eviction cascade,"Traceback (most recent call last):
  File ""app/handlers/dispatch.py"", line 142, in process
  ServiceError: Redis cluster shard memory limit eviction cascade"
LOG-INC-8387-2,INC-8387,2026-08-28T23:56:43Z,WARN,[order-processing] Execution exception during request dispatch: Redis cluster shard memory limit eviction cascade,"Traceback (most recent call last):
  File ""app/handlers/dispatch.py"", line 142, in process
  ServiceError: Redis cluster shard memory limit eviction cascade"
LOG-INC-8387-3,INC-8387,2026-08-28T23:56:23Z,WARN,[order-processing] Execution exception during request dispatch: Redis cluster shard memory limit eviction cascade,"Traceback (most recent call last):
  File ""app/handlers/dispatch.py"", line 142, in process
  ServiceError: Redis cluster shard memory limit eviction cascade"
LOG-INC-8387-4,INC-8387,2026-08-28T23:56:59Z,ERROR,[order-processing] Execution exception during request dispatch: Redis cluster shard memory limit eviction cascade,"Traceback (most recent call last):
  File ""app/handlers/dispatch.py"", line 142, in process
  ServiceError: Redis cluster shard memory limit eviction cascade"
LOG-INC-8388-1,INC-8388,2026-09-13T01:43:11Z,WARN,[notification-worker] Execution exception during request dispatch: Memory leak in unclosed HTTP response stream handler,"Traceback (most recent call last):
  File ""app/handlers/dispatch.py"", line 142, in process
  ServiceError: Memory leak in unclosed HTTP response stream handler"
LOG-INC-8388-2,INC-8388,2026-09-13T01:43:06Z,ERROR,[notification-worker] Execution exception during request dispatch: Memory leak in unclosed HTTP response stream handler,"Traceback (most recent call last):
  File ""app/handlers/dispatch.py"", line 142, in process
  ServiceError: Memory leak in unclosed HTTP response stream handler"
LOG-INC-8388-3,INC-8388,2026-09-13T01:44:25Z,INFO,[notification-worker] Execution exception during request dispatch: Memory leak in unclosed HTTP response stream handler,"Traceback (most recent call last):
  File ""app/handlers/dispatch.py"", line 142, in process
  ServiceError: Memory leak in unclosed HTTP response stream handler"
LOG-INC-8389-1,INC-8389,2026-08-24T12:19:00Z,WARN,[inventory-api] Execution exception during request dispatch: Corrupted response payload format failing client validation,"Traceback (most recent call last):
  File ""app/handlers/dispatch.py"", line 142, in process
  ServiceError: Corrupted response payload format failing client validation"
LOG-INC-8389-2,INC-8389,2026-08-24T12:17:34Z,INFO,[inventory-api] Execution exception during request dispatch: Corrupted response payload format failing client validation,"Traceback (most recent call last):
  File ""app/handlers/dispatch.py"", line 142, in process
  ServiceError: Corrupted response payload format failing client validation"
LOG-INC-8389-3,INC-8389,2026-08-24T12:17:12Z,INFO,[inventory-api] Execution exception during request dispatch: Corrupted response payload format failing client validation,"Traceback (most recent call last):
  File ""app/handlers/dispatch.py"", line 142, in process
  ServiceError: Corrupted response payload format failing client validation"
LOG-INC-8389-4,INC-8389,2026-08-24T12:17:07Z,WARN,[inventory-api] Execution exception during request dispatch: Corrupted response payload format failing client validation,"Traceback (most recent call last):
  File ""app/handlers/dispatch.py"", line 142, in process
  ServiceError: Corrupted response payload format failing client validation"
LOG-INC-8390-1,INC-8390,2026-09-21T04:02:49Z,WARN,[auth-service] Execution exception during request dispatch: TLS certificate handshake timeout on third-party webhook,"Traceback (most recent call last):
  File ""app/handlers/dispatch.py"", line 142, in process
  ServiceError: TLS certificate handshake timeout on third-party webhook"
LOG-INC-8390-2,INC-8390,2026-09-21T04:03:34Z,WARN,[auth-service] Execution exception during request dispatch: TLS certificate handshake timeout on third-party webhook,"Traceback (most recent call last):
  File ""app/handlers/dispatch.py"", line 142, in process
  ServiceError: TLS certificate handshake timeout on third-party webhook"
LOG-INC-8390-3,INC-8390,2026-09-21T04:02:07Z,ERROR,[auth-service] Execution exception during request dispatch: TLS certificate handshake timeout on third-party webhook,"Traceback (most recent call last):
  File ""app/handlers/dispatch.py"", line 142, in process
  ServiceError: TLS certificate handshake timeout on third-party webhook"
LOG-INC-8390-4,INC-8390,2026-09-21T04:02:41Z,INFO,[auth-service] Execution exception during request dispatch: TLS certificate handshake timeout on third-party webhook,"Traceback (most recent call last):
  File ""app/handlers/dispatch.py"", line 142, in process
  ServiceError: TLS certificate handshake timeout on third-party webhook"
LOG-INC-8391-1,INC-8391,2026-08-18T15:35:04Z,ERROR,[order-processing] Execution exception during request dispatch: Inter-region transit latency degradation exceeding SLA,"Traceback (most recent call last):
  File ""app/handlers/dispatch.py"", line 142, in process
  ServiceError: Inter-region transit latency degradation exceeding SLA"
LOG-INC-8391-2,INC-8391,2026-08-18T15:35:58Z,WARN,[order-processing] Execution exception during request dispatch: Inter-region transit latency degradation exceeding SLA,"Traceback (most recent call last):
  File ""app/handlers/dispatch.py"", line 142, in process
  ServiceError: Inter-region transit latency degradation exceeding SLA"
LOG-INC-8391-3,INC-8391,2026-08-18T15:35:37Z,INFO,[order-processing] Execution exception during request dispatch: Inter-region transit latency degradation exceeding SLA,"Traceback (most recent call last):
  File ""app/handlers/dispatch.py"", line 142, in process
  ServiceError: Inter-region transit latency degradation exceeding SLA"
LOG-INC-8391-4,INC-8391,2026-08-18T15:34:54Z,WARN,[order-processing] Execution exception during request dispatch: Inter-region transit latency degradation exceeding SLA,"Traceback (most recent call last):
  File ""app/handlers/dispatch.py"", line 142, in process
  ServiceError: Inter-region transit latency degradation exceeding SLA"
LOG-INC-8392-1,INC-8392,2026-09-07T13:24:43Z,ERROR,[auth-service] Execution exception during request dispatch: Unindexed query scan causing read replica CPU spike,"Traceback (most recent call last):
  File ""app/handlers/dispatch.py"", line 142, in process
  ServiceError: Unindexed query scan causing read replica CPU spike"
LOG-INC-8392-2,INC-8392,2026-09-07T13:24:31Z,INFO,[auth-service] Execution exception during request dispatch: Unindexed query scan causing read replica CPU spike,"Traceback (most recent call last):
  File ""app/handlers/dispatch.py"", line 142, in process
  ServiceError: Unindexed query scan causing read replica CPU spike"
LOG-INC-8392-3,INC-8392,2026-09-07T13:24:11Z,ERROR,[auth-service] Execution exception during request dispatch: Unindexed query scan causing read replica CPU spike,"Traceback (most recent call last):
  File ""app/handlers/dispatch.py"", line 142, in process
  ServiceError: Unindexed query scan causing read replica CPU spike"
LOG-INC-8393-1,INC-8393,2026-09-16T04:10:07Z,WARN,[checkout-service] Execution exception during request dispatch: Sudden traffic surge exceeding rate limiter bucket capacity,"Traceback (most recent call last):
  File ""app/handlers/dispatch.py"", line 142, in process
  ServiceError: Sudden traffic surge exceeding rate limiter bucket capacity"
LOG-INC-8393-2,INC-8393,2026-09-16T04:09:48Z,WARN,[checkout-service] Execution exception during request dispatch: Sudden traffic surge exceeding rate limiter bucket capacity,"Traceback (most recent call last):
  File ""app/handlers/dispatch.py"", line 142, in process
  ServiceError: Sudden traffic surge exceeding rate limiter bucket capacity"
LOG-INC-8394-1,INC-8394,2026-09-21T18:01:47Z,WARN,[inventory-api] Execution exception during request dispatch: Network packet loss on Kubernetes overlay CNI bridge,"Traceback (most recent call last):
  File ""app/handlers/dispatch.py"", line 142, in process
  ServiceError: Network packet loss on Kubernetes overlay CNI bridge"
LOG-INC-8394-2,INC-8394,2026-09-21T18:01:52Z,ERROR,[inventory-api] Execution exception during request dispatch: Network packet loss on Kubernetes overlay CNI bridge,"Traceback (most recent call last):
  File ""app/handlers/dispatch.py"", line 142, in process
  ServiceError: Network packet loss on Kubernetes overlay CNI bridge"
LOG-INC-8394-3,INC-8394,2026-09-21T18:00:18Z,INFO,[inventory-api] Execution exception during request dispatch: Network packet loss on Kubernetes overlay CNI bridge,"Traceback (most recent call last):
  File ""app/handlers/dispatch.py"", line 142, in process
  ServiceError: Network packet loss on Kubernetes overlay CNI bridge"
LOG-INC-8395-1,INC-8395,2026-09-03T19:23:24Z,ERROR,[order-processing] Execution exception during request dispatch: Deadlock cycle in distributed checkout table lock,"Traceback (most recent call last):
  File ""app/handlers/dispatch.py"", line 142, in process
  ServiceError: Deadlock cycle in distributed checkout table lock"
LOG-INC-8395-2,INC-8395,2026-09-03T19:24:27Z,ERROR,[order-processing] Execution exception during request dispatch: Deadlock cycle in distributed checkout table lock,"Traceback (most recent call last):
  File ""app/handlers/dispatch.py"", line 142, in process
  ServiceError: Deadlock cycle in distributed checkout table lock"
LOG-INC-8396-1,INC-8396,2026-09-18T16:43:36Z,WARN,[payment-gateway] Execution exception during request dispatch: Race condition in concurrent token refresh logic,"Traceback (most recent call last):
  File ""app/handlers/dispatch.py"", line 142, in process
  ServiceError: Race condition in concurrent token refresh logic"
LOG-INC-8396-2,INC-8396,2026-09-18T16:42:51Z,INFO,[payment-gateway] Execution exception during request dispatch: Race condition in concurrent token refresh logic,"Traceback (most recent call last):
  File ""app/handlers/dispatch.py"", line 142, in process
  ServiceError: Race condition in concurrent token refresh logic"
LOG-INC-8396-3,INC-8396,2026-09-18T16:43:30Z,ERROR,[payment-gateway] Execution exception during request dispatch: Race condition in concurrent token refresh logic,"Traceback (most recent call last):
  File ""app/handlers/dispatch.py"", line 142, in process
  ServiceError: Race condition in concurrent token refresh logic"
LOG-INC-8397-1,INC-8397,2026-08-18T16:43:51Z,ERROR,[search-indexer] Execution exception during request dispatch: Redis cluster shard memory limit eviction cascade,"Traceback (most recent call last):
  File ""app/handlers/dispatch.py"", line 142, in process
  ServiceError: Redis cluster shard memory limit eviction cascade"
LOG-INC-8397-2,INC-8397,2026-08-18T16:44:01Z,ERROR,[search-indexer] Execution exception during request dispatch: Redis cluster shard memory limit eviction cascade,"Traceback (most recent call last):
  File ""app/handlers/dispatch.py"", line 142, in process
  ServiceError: Redis cluster shard memory limit eviction cascade"
LOG-INC-8397-3,INC-8397,2026-08-18T16:44:43Z,ERROR,[search-indexer] Execution exception during request dispatch: Redis cluster shard memory limit eviction cascade,"Traceback (most recent call last):
  File ""app/handlers/dispatch.py"", line 142, in process
  ServiceError: Redis cluster shard memory limit eviction cascade"
LOG-INC-8397-4,INC-8397,2026-08-18T16:44:36Z,INFO,[search-indexer] Execution exception during request dispatch: Redis cluster shard memory limit eviction cascade,"Traceback (most recent call last):
  File ""app/handlers/dispatch.py"", line 142, in process
  ServiceError: Redis cluster shard memory limit eviction cascade"
LOG-INC-8398-1,INC-8398,2026-08-13T05:22:58Z,INFO,[payment-gateway] Execution exception during request dispatch: Config flag default inversion causing request rejections,"Traceback (most recent call last):
  File ""app/handlers/dispatch.py"", line 142, in process
  ServiceError: Config flag default inversion causing request rejections"
LOG-INC-8398-2,INC-8398,2026-08-13T05:22:34Z,INFO,[payment-gateway] Execution exception during request dispatch: Config flag default inversion causing request rejections,"Traceback (most recent call last):
  File ""app/handlers/dispatch.py"", line 142, in process
  ServiceError: Config flag default inversion causing request rejections"
LOG-INC-8398-3,INC-8398,2026-08-13T05:22:56Z,WARN,[payment-gateway] Execution exception during request dispatch: Config flag default inversion causing request rejections,"Traceback (most recent call last):
  File ""app/handlers/dispatch.py"", line 142, in process
  ServiceError: Config flag default inversion causing request rejections"
LOG-INC-8399-1,INC-8399,2026-09-10T18:39:56Z,ERROR,[search-indexer] Execution exception during request dispatch: Slow query cascade triggering client connection timeout,"Traceback (most recent call last):
  File ""app/handlers/dispatch.py"", line 142, in process
  ServiceError: Slow query cascade triggering client connection timeout"
LOG-INC-8399-2,INC-8399,2026-09-10T18:40:57Z,WARN,[search-indexer] Execution exception during request dispatch: Slow query cascade triggering client connection timeout,"Traceback (most recent call last):
  File ""app/handlers/dispatch.py"", line 142, in process
  ServiceError: Slow query cascade triggering client connection timeout"
LOG-INC-8399-3,INC-8399,2026-09-10T18:39:15Z,ERROR,[search-indexer] Execution exception during request dispatch: Slow query cascade triggering client connection timeout,"Traceback (most recent call last):
  File ""app/handlers/dispatch.py"", line 142, in process
  ServiceError: Slow query cascade triggering client connection timeout"
LOG-INC-8399-4,INC-8399,2026-09-10T18:40:13Z,WARN,[search-indexer] Execution exception during request dispatch: Slow query cascade triggering client connection timeout,"Traceback (most recent call last):
  File ""app/handlers/dispatch.py"", line 142, in process
  ServiceError: Slow query cascade triggering client connection timeout"
LOG-INC-8400-1,INC-8400,2026-09-19T04:59:20Z,WARN,[order-processing] Execution exception during request dispatch: Distributed crawler burst triggering endpoint 429 retries,"Traceback (most recent call last):
  File ""app/handlers/dispatch.py"", line 142, in process
  ServiceError: Distributed crawler burst triggering endpoint 429 retries"
LOG-INC-8400-2,INC-8400,2026-09-19T04:58:35Z,WARN,[order-processing] Execution exception during request dispatch: Distributed crawler burst triggering endpoint 429 retries,"Traceback (most recent call last):
  File ""app/handlers/dispatch.py"", line 142, in process
  ServiceError: Distributed crawler burst triggering endpoint 429 retries"
LOG-INC-8400-3,INC-8400,2026-09-19T04:59:37Z,WARN,[order-processing] Execution exception during request dispatch: Distributed crawler burst triggering endpoint 429 retries,"Traceback (most recent call last):
  File ""app/handlers/dispatch.py"", line 142, in process
  ServiceError: Distributed crawler burst triggering endpoint 429 retries"
LOG-INC-8400-4,INC-8400,2026-09-19T04:59:09Z,ERROR,[order-processing] Execution exception during request dispatch: Distributed crawler burst triggering endpoint 429 retries,"Traceback (most recent call last):
  File ""app/handlers/dispatch.py"", line 142, in process
  ServiceError: Distributed crawler burst triggering endpoint 429 retries"
LOG-INC-8401-1,INC-8401,2026-08-14T15:35:18Z,INFO,[user-profile] Execution exception during request dispatch: Distributed crawler burst triggering endpoint 429 retries,"Traceback (most recent call last):
  File ""app/handlers/dispatch.py"", line 142, in process
  ServiceError: Distributed crawler burst triggering endpoint 429 retries"
LOG-INC-8401-2,INC-8401,2026-08-14T15:34:05Z,WARN,[user-profile] Execution exception during request dispatch: Distributed crawler burst triggering endpoint 429 retries,"Traceback (most recent call last):
  File ""app/handlers/dispatch.py"", line 142, in process
  ServiceError: Distributed crawler burst triggering endpoint 429 retries"
LOG-INC-8401-3,INC-8401,2026-08-14T15:34:48Z,ERROR,[user-profile] Execution exception during request dispatch: Distributed crawler burst triggering endpoint 429 retries,"Traceback (most recent call last):
  File ""app/handlers/dispatch.py"", line 142, in process
  ServiceError: Distributed crawler burst triggering endpoint 429 retries"
LOG-INC-8402-1,INC-8402,2026-09-02T20:09:46Z,INFO,[order-processing] Execution exception during request dispatch: File descriptor limit reached on upstream reverse proxy,"Traceback (most recent call last):
  File ""app/handlers/dispatch.py"", line 142, in process
  ServiceError: File descriptor limit reached on upstream reverse proxy"
LOG-INC-8402-2,INC-8402,2026-09-02T20:10:19Z,ERROR,[order-processing] Execution exception during request dispatch: File descriptor limit reached on upstream reverse proxy,"Traceback (most recent call last):
  File ""app/handlers/dispatch.py"", line 142, in process
  ServiceError: File descriptor limit reached on upstream reverse proxy"
LOG-INC-8403-1,INC-8403,2026-09-23T15:51:05Z,ERROR,[auth-service] Execution exception during request dispatch: Corrupted response payload format failing client validation,"Traceback (most recent call last):
  File ""app/handlers/dispatch.py"", line 142, in process
  ServiceError: Corrupted response payload format failing client validation"
LOG-INC-8403-2,INC-8403,2026-09-23T15:51:02Z,ERROR,[auth-service] Execution exception during request dispatch: Corrupted response payload format failing client validation,"Traceback (most recent call last):
  File ""app/handlers/dispatch.py"", line 142, in process
  ServiceError: Corrupted response payload format failing client validation"
LOG-INC-8404-1,INC-8404,2026-08-26T03:11:38Z,WARN,[search-indexer] Execution exception during request dispatch: Batch data import job executed during peak consumer hours,"Traceback (most recent call last):
  File ""app/handlers/dispatch.py"", line 142, in process
  ServiceError: Batch data import job executed during peak consumer hours"
LOG-INC-8404-2,INC-8404,2026-08-26T03:11:50Z,ERROR,[search-indexer] Execution exception during request dispatch: Batch data import job executed during peak consumer hours,"Traceback (most recent call last):
  File ""app/handlers/dispatch.py"", line 142, in process
  ServiceError: Batch data import job executed during peak consumer hours"
LOG-INC-8404-3,INC-8404,2026-08-26T03:10:23Z,INFO,[search-indexer] Execution exception during request dispatch: Batch data import job executed during peak consumer hours,"Traceback (most recent call last):
  File ""app/handlers/dispatch.py"", line 142, in process
  ServiceError: Batch data import job executed during peak consumer hours"
LOG-INC-8405-1,INC-8405,2026-09-19T08:27:20Z,INFO,[auth-service] Execution exception during request dispatch: Corrupted response payload format failing client validation,"Traceback (most recent call last):
  File ""app/handlers/dispatch.py"", line 142, in process
  ServiceError: Corrupted response payload format failing client validation"
LOG-INC-8405-2,INC-8405,2026-09-19T08:28:54Z,WARN,[auth-service] Execution exception during request dispatch: Corrupted response payload format failing client validation,"Traceback (most recent call last):
  File ""app/handlers/dispatch.py"", line 142, in process
  ServiceError: Corrupted response payload format failing client validation"
LOG-INC-8405-3,INC-8405,2026-09-19T08:27:19Z,ERROR,[auth-service] Execution exception during request dispatch: Corrupted response payload format failing client validation,"Traceback (most recent call last):
  File ""app/handlers/dispatch.py"", line 142, in process
  ServiceError: Corrupted response payload format failing client validation"
LOG-INC-8406-1,INC-8406,2026-09-20T00:30:11Z,WARN,[user-profile] Execution exception during request dispatch: Unhandled arithmetic overflow in currency conversion,"Traceback (most recent call last):
  File ""app/handlers/dispatch.py"", line 142, in process
  ServiceError: Unhandled arithmetic overflow in currency conversion"
LOG-INC-8406-2,INC-8406,2026-09-20T00:31:58Z,WARN,[user-profile] Execution exception during request dispatch: Unhandled arithmetic overflow in currency conversion,"Traceback (most recent call last):
  File ""app/handlers/dispatch.py"", line 142, in process
  ServiceError: Unhandled arithmetic overflow in currency conversion"
LOG-INC-8406-3,INC-8406,2026-09-20T00:30:32Z,ERROR,[user-profile] Execution exception during request dispatch: Unhandled arithmetic overflow in currency conversion,"Traceback (most recent call last):
  File ""app/handlers/dispatch.py"", line 142, in process
  ServiceError: Unhandled arithmetic overflow in currency conversion"
LOG-INC-8407-1,INC-8407,2026-09-05T21:40:05Z,INFO,[auth-service] Execution exception during request dispatch: Null pointer exception in payload serialization post-release,"Traceback (most recent call last):
  File ""app/handlers/dispatch.py"", line 142, in process
  ServiceError: Null pointer exception in payload serialization post-release"
LOG-INC-8407-2,INC-8407,2026-09-05T21:40:51Z,INFO,[auth-service] Execution exception during request dispatch: Null pointer exception in payload serialization post-release,"Traceback (most recent call last):
  File ""app/handlers/dispatch.py"", line 142, in process
  ServiceError: Null pointer exception in payload serialization post-release"
LOG-INC-8407-3,INC-8407,2026-09-05T21:39:21Z,ERROR,[auth-service] Execution exception during request dispatch: Null pointer exception in payload serialization post-release,"Traceback (most recent call last):
  File ""app/handlers/dispatch.py"", line 142, in process
  ServiceError: Null pointer exception in payload serialization post-release"
LOG-INC-8408-1,INC-8408,2026-08-13T21:18:39Z,WARN,[search-indexer] Execution exception during request dispatch: Race condition in concurrent token refresh logic,"Traceback (most recent call last):
  File ""app/handlers/dispatch.py"", line 142, in process
  ServiceError: Race condition in concurrent token refresh logic"
LOG-INC-8408-2,INC-8408,2026-08-13T21:18:27Z,ERROR,[search-indexer] Execution exception during request dispatch: Race condition in concurrent token refresh logic,"Traceback (most recent call last):
  File ""app/handlers/dispatch.py"", line 142, in process
  ServiceError: Race condition in concurrent token refresh logic"
LOG-INC-8408-3,INC-8408,2026-08-13T21:18:55Z,ERROR,[search-indexer] Execution exception during request dispatch: Race condition in concurrent token refresh logic,"Traceback (most recent call last):
  File ""app/handlers/dispatch.py"", line 142, in process
  ServiceError: Race condition in concurrent token refresh logic"
LOG-INC-8409-1,INC-8409,2026-09-17T20:54:59Z,ERROR,[auth-service] Execution exception during request dispatch: Spike in unauthenticated request probe flood,"Traceback (most recent call last):
  File ""app/handlers/dispatch.py"", line 142, in process
  ServiceError: Spike in unauthenticated request probe flood"
LOG-INC-8409-2,INC-8409,2026-09-17T20:53:20Z,INFO,[auth-service] Execution exception during request dispatch: Spike in unauthenticated request probe flood,"Traceback (most recent call last):
  File ""app/handlers/dispatch.py"", line 142, in process
  ServiceError: Spike in unauthenticated request probe flood"
LOG-INC-8409-3,INC-8409,2026-09-17T20:54:13Z,ERROR,[auth-service] Execution exception during request dispatch: Spike in unauthenticated request probe flood,"Traceback (most recent call last):
  File ""app/handlers/dispatch.py"", line 142, in process
  ServiceError: Spike in unauthenticated request probe flood"
LOG-INC-8409-4,INC-8409,2026-09-17T20:53:07Z,WARN,[auth-service] Execution exception during request dispatch: Spike in unauthenticated request probe flood,"Traceback (most recent call last):
  File ""app/handlers/dispatch.py"", line 142, in process
  ServiceError: Spike in unauthenticated request probe flood"
LOG-INC-8410-1,INC-8410,2026-09-25T10:21:58Z,ERROR,[auth-service] Execution exception during request dispatch: Distributed crawler burst triggering endpoint 429 retries,"Traceback (most recent call last):
  File ""app/handlers/dispatch.py"", line 142, in process
  ServiceError: Distributed crawler burst triggering endpoint 429 retries"
LOG-INC-8410-2,INC-8410,2026-09-25T10:22:55Z,INFO,[auth-service] Execution exception during request dispatch: Distributed crawler burst triggering endpoint 429 retries,"Traceback (most recent call last):
  File ""app/handlers/dispatch.py"", line 142, in process
  ServiceError: Distributed crawler burst triggering endpoint 429 retries"
LOG-INC-8411-1,INC-8411,2026-09-23T19:25:28Z,ERROR,[checkout-service] Execution exception during request dispatch: Config flag default inversion causing request rejections,"Traceback (most recent call last):
  File ""app/handlers/dispatch.py"", line 142, in process
  ServiceError: Config flag default inversion causing request rejections"
LOG-INC-8411-2,INC-8411,2026-09-23T19:26:36Z,ERROR,[checkout-service] Execution exception during request dispatch: Config flag default inversion causing request rejections,"Traceback (most recent call last):
  File ""app/handlers/dispatch.py"", line 142, in process
  ServiceError: Config flag default inversion causing request rejections"
LOG-INC-8411-3,INC-8411,2026-09-23T19:25:43Z,WARN,[checkout-service] Execution exception during request dispatch: Config flag default inversion causing request rejections,"Traceback (most recent call last):
  File ""app/handlers/dispatch.py"", line 142, in process
  ServiceError: Config flag default inversion causing request rejections"
LOG-INC-8412-1,INC-8412,2026-08-30T19:40:41Z,ERROR,[search-indexer] Execution exception during request dispatch: Null pointer exception in payload serialization post-release,"Traceback (most recent call last):
  File ""app/handlers/dispatch.py"", line 142, in process
  ServiceError: Null pointer exception in payload serialization post-release"
LOG-INC-8412-2,INC-8412,2026-08-30T19:40:09Z,ERROR,[search-indexer] Execution exception during request dispatch: Null pointer exception in payload serialization post-release,"Traceback (most recent call last):
  File ""app/handlers/dispatch.py"", line 142, in process
  ServiceError: Null pointer exception in payload serialization post-release"
LOG-INC-8412-3,INC-8412,2026-08-30T19:39:54Z,ERROR,[search-indexer] Execution exception during request dispatch: Null pointer exception in payload serialization post-release,"Traceback (most recent call last):
  File ""app/handlers/dispatch.py"", line 142, in process
  ServiceError: Null pointer exception in payload serialization post-release"
LOG-INC-8412-4,INC-8412,2026-08-30T19:39:19Z,ERROR,[search-indexer] Execution exception during request dispatch: Null pointer exception in payload serialization post-release,"Traceback (most recent call last):
  File ""app/handlers/dispatch.py"", line 142, in process
  ServiceError: Null pointer exception in payload serialization post-release"
LOG-INC-8413-1,INC-8413,2026-09-15T06:44:45Z,ERROR,[order-processing] Execution exception during request dispatch: Dependency version mismatch in gRPC protobuf schema,"Traceback (most recent call last):
  File ""app/handlers/dispatch.py"", line 142, in process
  ServiceError: Dependency version mismatch in gRPC protobuf schema"
LOG-INC-8413-2,INC-8413,2026-09-15T06:43:21Z,ERROR,[order-processing] Execution exception during request dispatch: Dependency version mismatch in gRPC protobuf schema,"Traceback (most recent call last):
  File ""app/handlers/dispatch.py"", line 142, in process
  ServiceError: Dependency version mismatch in gRPC protobuf schema"
LOG-INC-8413-3,INC-8413,2026-09-15T06:43:43Z,ERROR,[order-processing] Execution exception during request dispatch: Dependency version mismatch in gRPC protobuf schema,"Traceback (most recent call last):
  File ""app/handlers/dispatch.py"", line 142, in process
  ServiceError: Dependency version mismatch in gRPC protobuf schema"
LOG-INC-8413-4,INC-8413,2026-09-15T06:44:17Z,ERROR,[order-processing] Execution exception during request dispatch: Dependency version mismatch in gRPC protobuf schema,"Traceback (most recent call last):
  File ""app/handlers/dispatch.py"", line 142, in process
  ServiceError: Dependency version mismatch in gRPC protobuf schema"
LOG-INC-8414-1,INC-8414,2026-08-20T12:08:42Z,INFO,[checkout-service] Execution exception during request dispatch: Batch data import job executed during peak consumer hours,"Traceback (most recent call last):
  File ""app/handlers/dispatch.py"", line 142, in process
  ServiceError: Batch data import job executed during peak consumer hours"
LOG-INC-8414-2,INC-8414,2026-08-20T12:08:26Z,ERROR,[checkout-service] Execution exception during request dispatch: Batch data import job executed during peak consumer hours,"Traceback (most recent call last):
  File ""app/handlers/dispatch.py"", line 142, in process
  ServiceError: Batch data import job executed during peak consumer hours"
LOG-INC-8414-3,INC-8414,2026-08-20T12:08:12Z,WARN,[checkout-service] Execution exception during request dispatch: Batch data import job executed during peak consumer hours,"Traceback (most recent call last):
  File ""app/handlers/dispatch.py"", line 142, in process
  ServiceError: Batch data import job executed during peak consumer hours"
LOG-INC-8414-4,INC-8414,2026-08-20T12:08:39Z,INFO,[checkout-service] Execution exception during request dispatch: Batch data import job executed during peak consumer hours,"Traceback (most recent call last):
  File ""app/handlers/dispatch.py"", line 142, in process
  ServiceError: Batch data import job executed during peak consumer hours"
LOG-INC-8415-1,INC-8415,2026-08-19T16:38:40Z,WARN,[payment-gateway] Execution exception during request dispatch: Spike in unauthenticated request probe flood,"Traceback (most recent call last):
  File ""app/handlers/dispatch.py"", line 142, in process
  ServiceError: Spike in unauthenticated request probe flood"
LOG-INC-8415-2,INC-8415,2026-08-19T16:38:31Z,INFO,[payment-gateway] Execution exception during request dispatch: Spike in unauthenticated request probe flood,"Traceback (most recent call last):
  File ""app/handlers/dispatch.py"", line 142, in process
  ServiceError: Spike in unauthenticated request probe flood"
LOG-INC-8415-3,INC-8415,2026-08-19T16:39:09Z,WARN,[payment-gateway] Execution exception during request dispatch: Spike in unauthenticated request probe flood,"Traceback (most recent call last):
  File ""app/handlers/dispatch.py"", line 142, in process
  ServiceError: Spike in unauthenticated request probe flood"
LOG-INC-8415-4,INC-8415,2026-08-19T16:39:58Z,INFO,[payment-gateway] Execution exception during request dispatch: Spike in unauthenticated request probe flood,"Traceback (most recent call last):
  File ""app/handlers/dispatch.py"", line 142, in process
  ServiceError: Spike in unauthenticated request probe flood"
LOG-INC-8416-1,INC-8416,2026-09-05T13:32:07Z,INFO,[notification-worker] Execution exception during request dispatch: Inter-region transit latency degradation exceeding SLA,"Traceback (most recent call last):
  File ""app/handlers/dispatch.py"", line 142, in process
  ServiceError: Inter-region transit latency degradation exceeding SLA"
LOG-INC-8416-2,INC-8416,2026-09-05T13:32:22Z,INFO,[notification-worker] Execution exception during request dispatch: Inter-region transit latency degradation exceeding SLA,"Traceback (most recent call last):
  File ""app/handlers/dispatch.py"", line 142, in process
  ServiceError: Inter-region transit latency degradation exceeding SLA"
LOG-INC-8416-3,INC-8416,2026-09-05T13:32:05Z,INFO,[notification-worker] Execution exception during request dispatch: Inter-region transit latency degradation exceeding SLA,"Traceback (most recent call last):
  File ""app/handlers/dispatch.py"", line 142, in process
  ServiceError: Inter-region transit latency degradation exceeding SLA"
LOG-INC-8417-1,INC-8417,2026-09-02T00:00:28Z,ERROR,[checkout-service] Execution exception during request dispatch: TLS certificate handshake timeout on third-party webhook,"Traceback (most recent call last):
  File ""app/handlers/dispatch.py"", line 142, in process
  ServiceError: TLS certificate handshake timeout on third-party webhook"
LOG-INC-8417-2,INC-8417,2026-09-02T00:00:13Z,ERROR,[checkout-service] Execution exception during request dispatch: TLS certificate handshake timeout on third-party webhook,"Traceback (most recent call last):
  File ""app/handlers/dispatch.py"", line 142, in process
  ServiceError: TLS certificate handshake timeout on third-party webhook"
LOG-INC-8417-3,INC-8417,2026-09-02T00:00:59Z,INFO,[checkout-service] Execution exception during request dispatch: TLS certificate handshake timeout on third-party webhook,"Traceback (most recent call last):
  File ""app/handlers/dispatch.py"", line 142, in process
  ServiceError: TLS certificate handshake timeout on third-party webhook"
LOG-INC-8417-4,INC-8417,2026-09-02T00:00:01Z,INFO,[checkout-service] Execution exception during request dispatch: TLS certificate handshake timeout on third-party webhook,"Traceback (most recent call last):
  File ""app/handlers/dispatch.py"", line 142, in process
  ServiceError: TLS certificate handshake timeout on third-party webhook"
LOG-INC-8418-1,INC-8418,2026-09-09T15:06:06Z,ERROR,[search-indexer] Execution exception during request dispatch: DNS resolution timeouts between VPC private subnets,"Traceback (most recent call last):
  File ""app/handlers/dispatch.py"", line 142, in process
  ServiceError: DNS resolution timeouts between VPC private subnets"
LOG-INC-8418-2,INC-8418,2026-09-09T15:07:40Z,ERROR,[search-indexer] Execution exception during request dispatch: DNS resolution timeouts between VPC private subnets,"Traceback (most recent call last):
  File ""app/handlers/dispatch.py"", line 142, in process
  ServiceError: DNS resolution timeouts between VPC private subnets"
LOG-INC-8418-3,INC-8418,2026-09-09T15:07:42Z,WARN,[search-indexer] Execution exception during request dispatch: DNS resolution timeouts between VPC private subnets,"Traceback (most recent call last):
  File ""app/handlers/dispatch.py"", line 142, in process
  ServiceError: DNS resolution timeouts between VPC private subnets"
LOG-INC-8419-1,INC-8419,2026-08-13T11:14:08Z,INFO,[order-processing] Execution exception during request dispatch: Distributed crawler burst triggering endpoint 429 retries,"Traceback (most recent call last):
  File ""app/handlers/dispatch.py"", line 142, in process
  ServiceError: Distributed crawler burst triggering endpoint 429 retries"
LOG-INC-8419-2,INC-8419,2026-08-13T11:14:35Z,INFO,[order-processing] Execution exception during request dispatch: Distributed crawler burst triggering endpoint 429 retries,"Traceback (most recent call last):
  File ""app/handlers/dispatch.py"", line 142, in process
  ServiceError: Distributed crawler burst triggering endpoint 429 retries"
LOG-INC-8419-3,INC-8419,2026-08-13T11:13:31Z,ERROR,[order-processing] Execution exception during request dispatch: Distributed crawler burst triggering endpoint 429 retries,"Traceback (most recent call last):
  File ""app/handlers/dispatch.py"", line 142, in process
  ServiceError: Distributed crawler burst triggering endpoint 429 retries"
LOG-INC-8420-1,INC-8420,2026-08-30T17:20:21Z,WARN,[notification-worker] Execution exception during request dispatch: Slow query cascade triggering client connection timeout,"Traceback (most recent call last):
  File ""app/handlers/dispatch.py"", line 142, in process
  ServiceError: Slow query cascade triggering client connection timeout"
LOG-INC-8420-2,INC-8420,2026-08-30T17:21:17Z,ERROR,[notification-worker] Execution exception during request dispatch: Slow query cascade triggering client connection timeout,"Traceback (most recent call last):
  File ""app/handlers/dispatch.py"", line 142, in process
  ServiceError: Slow query cascade triggering client connection timeout"
LOG-INC-8421-1,INC-8421,2026-09-11T18:57:40Z,ERROR,[notification-worker] Execution exception during request dispatch: Unhandled arithmetic overflow in currency conversion,"Traceback (most recent call last):
  File ""app/handlers/dispatch.py"", line 142, in process
  ServiceError: Unhandled arithmetic overflow in currency conversion"
LOG-INC-8421-2,INC-8421,2026-09-11T18:58:32Z,INFO,[notification-worker] Execution exception during request dispatch: Unhandled arithmetic overflow in currency conversion,"Traceback (most recent call last):
  File ""app/handlers/dispatch.py"", line 142, in process
  ServiceError: Unhandled arithmetic overflow in currency conversion"
LOG-INC-8421-3,INC-8421,2026-09-11T18:58:04Z,WARN,[notification-worker] Execution exception during request dispatch: Unhandled arithmetic overflow in currency conversion,"Traceback (most recent call last):
  File ""app/handlers/dispatch.py"", line 142, in process
  ServiceError: Unhandled arithmetic overflow in currency conversion"
LOG-INC-8422-1,INC-8422,2026-08-20T17:34:33Z,INFO,[search-indexer] Execution exception during request dispatch: Pod memory limit hit triggering repeated OOMKilled events,"Traceback (most recent call last):
  File ""app/handlers/dispatch.py"", line 142, in process
  ServiceError: Pod memory limit hit triggering repeated OOMKilled events"
LOG-INC-8422-2,INC-8422,2026-08-20T17:34:59Z,ERROR,[search-indexer] Execution exception during request dispatch: Pod memory limit hit triggering repeated OOMKilled events,"Traceback (most recent call last):
  File ""app/handlers/dispatch.py"", line 142, in process
  ServiceError: Pod memory limit hit triggering repeated OOMKilled events"
LOG-INC-8422-3,INC-8422,2026-08-20T17:34:36Z,ERROR,[search-indexer] Execution exception during request dispatch: Pod memory limit hit triggering repeated OOMKilled events,"Traceback (most recent call last):
  File ""app/handlers/dispatch.py"", line 142, in process
  ServiceError: Pod memory limit hit triggering repeated OOMKilled events"
LOG-INC-8422-4,INC-8422,2026-08-20T17:34:26Z,WARN,[search-indexer] Execution exception during request dispatch: Pod memory limit hit triggering repeated OOMKilled events,"Traceback (most recent call last):
  File ""app/handlers/dispatch.py"", line 142, in process
  ServiceError: Pod memory limit hit triggering repeated OOMKilled events"
LOG-INC-8423-1,INC-8423,2026-09-15T05:48:48Z,ERROR,[payment-gateway] Execution exception during request dispatch: Inter-region transit latency degradation exceeding SLA,"Traceback (most recent call last):
  File ""app/handlers/dispatch.py"", line 142, in process
  ServiceError: Inter-region transit latency degradation exceeding SLA"
LOG-INC-8423-2,INC-8423,2026-09-15T05:49:50Z,WARN,[payment-gateway] Execution exception during request dispatch: Inter-region transit latency degradation exceeding SLA,"Traceback (most recent call last):
  File ""app/handlers/dispatch.py"", line 142, in process
  ServiceError: Inter-region transit latency degradation exceeding SLA"
LOG-INC-8424-1,INC-8424,2026-08-25T22:25:12Z,WARN,[auth-service] Execution exception during request dispatch: Null pointer exception in payload serialization post-release,"Traceback (most recent call last):
  File ""app/handlers/dispatch.py"", line 142, in process
  ServiceError: Null pointer exception in payload serialization post-release"
LOG-INC-8424-2,INC-8424,2026-08-25T22:25:12Z,WARN,[auth-service] Execution exception during request dispatch: Null pointer exception in payload serialization post-release,"Traceback (most recent call last):
  File ""app/handlers/dispatch.py"", line 142, in process
  ServiceError: Null pointer exception in payload serialization post-release"
LOG-INC-8425-1,INC-8425,2026-09-08T05:01:34Z,INFO,[auth-service] Execution exception during request dispatch: Database migration lock timeout during schema rollout,"Traceback (most recent call last):
  File ""app/handlers/dispatch.py"", line 142, in process
  ServiceError: Database migration lock timeout during schema rollout"
LOG-INC-8425-2,INC-8425,2026-09-08T05:02:45Z,INFO,[auth-service] Execution exception during request dispatch: Database migration lock timeout during schema rollout,"Traceback (most recent call last):
  File ""app/handlers/dispatch.py"", line 142, in process
  ServiceError: Database migration lock timeout during schema rollout"
LOG-INC-8425-3,INC-8425,2026-09-08T05:02:24Z,ERROR,[auth-service] Execution exception during request dispatch: Database migration lock timeout during schema rollout,"Traceback (most recent call last):
  File ""app/handlers/dispatch.py"", line 142, in process
  ServiceError: Database migration lock timeout during schema rollout"
LOG-INC-8426-1,INC-8426,2026-09-23T10:01:00Z,INFO,[payment-gateway] Execution exception during request dispatch: File descriptor limit reached on upstream reverse proxy,"Traceback (most recent call last):
  File ""app/handlers/dispatch.py"", line 142, in process
  ServiceError: File descriptor limit reached on upstream reverse proxy"
LOG-INC-8426-2,INC-8426,2026-09-23T09:59:21Z,INFO,[payment-gateway] Execution exception during request dispatch: File descriptor limit reached on upstream reverse proxy,"Traceback (most recent call last):
  File ""app/handlers/dispatch.py"", line 142, in process
  ServiceError: File descriptor limit reached on upstream reverse proxy"
LOG-INC-8427-1,INC-8427,2026-08-23T03:48:58Z,INFO,[payment-gateway] Execution exception during request dispatch: File descriptor limit reached on upstream reverse proxy,"Traceback (most recent call last):
  File ""app/handlers/dispatch.py"", line 142, in process
  ServiceError: File descriptor limit reached on upstream reverse proxy"
LOG-INC-8427-2,INC-8427,2026-08-23T03:48:44Z,ERROR,[payment-gateway] Execution exception during request dispatch: File descriptor limit reached on upstream reverse proxy,"Traceback (most recent call last):
  File ""app/handlers/dispatch.py"", line 142, in process
  ServiceError: File descriptor limit reached on upstream reverse proxy"
LOG-INC-8427-3,INC-8427,2026-08-23T03:47:23Z,WARN,[payment-gateway] Execution exception during request dispatch: File descriptor limit reached on upstream reverse proxy,"Traceback (most recent call last):
  File ""app/handlers/dispatch.py"", line 142, in process
  ServiceError: File descriptor limit reached on upstream reverse proxy"
LOG-INC-8427-4,INC-8427,2026-08-23T03:47:44Z,INFO,[payment-gateway] Execution exception during request dispatch: File descriptor limit reached on upstream reverse proxy,"Traceback (most recent call last):
  File ""app/handlers/dispatch.py"", line 142, in process
  ServiceError: File descriptor limit reached on upstream reverse proxy"
LOG-INC-8428-1,INC-8428,2026-09-03T09:53:54Z,ERROR,[payment-gateway] Execution exception during request dispatch: TCP socket connection reset by peer on egress gateway,"Traceback (most recent call last):
  File ""app/handlers/dispatch.py"", line 142, in process
  ServiceError: TCP socket connection reset by peer on egress gateway"
LOG-INC-8428-2,INC-8428,2026-09-03T09:52:59Z,WARN,[payment-gateway] Execution exception during request dispatch: TCP socket connection reset by peer on egress gateway,"Traceback (most recent call last):
  File ""app/handlers/dispatch.py"", line 142, in process
  ServiceError: TCP socket connection reset by peer on egress gateway"
LOG-INC-8428-3,INC-8428,2026-09-03T09:52:30Z,ERROR,[payment-gateway] Execution exception during request dispatch: TCP socket connection reset by peer on egress gateway,"Traceback (most recent call last):
  File ""app/handlers/dispatch.py"", line 142, in process
  ServiceError: TCP socket connection reset by peer on egress gateway"
LOG-INC-8428-4,INC-8428,2026-09-03T09:53:26Z,ERROR,[payment-gateway] Execution exception during request dispatch: TCP socket connection reset by peer on egress gateway,"Traceback (most recent call last):
  File ""app/handlers/dispatch.py"", line 142, in process
  ServiceError: TCP socket connection reset by peer on egress gateway"
LOG-INC-8429-1,INC-8429,2026-09-11T12:50:57Z,ERROR,[notification-worker] Execution exception during request dispatch: File descriptor limit reached on upstream reverse proxy,"Traceback (most recent call last):
  File ""app/handlers/dispatch.py"", line 142, in process
  ServiceError: File descriptor limit reached on upstream reverse proxy"
LOG-INC-8429-2,INC-8429,2026-09-11T12:50:08Z,ERROR,[notification-worker] Execution exception during request dispatch: File descriptor limit reached on upstream reverse proxy,"Traceback (most recent call last):
  File ""app/handlers/dispatch.py"", line 142, in process
  ServiceError: File descriptor limit reached on upstream reverse proxy"
LOG-INC-8429-3,INC-8429,2026-09-11T12:49:05Z,INFO,[notification-worker] Execution exception during request dispatch: File descriptor limit reached on upstream reverse proxy,"Traceback (most recent call last):
  File ""app/handlers/dispatch.py"", line 142, in process
  ServiceError: File descriptor limit reached on upstream reverse proxy"
LOG-INC-8430-1,INC-8430,2026-09-09T23:28:08Z,INFO,[notification-worker] Execution exception during request dispatch: Garbage collection pause duration exceeding 1500ms,"Traceback (most recent call last):
  File ""app/handlers/dispatch.py"", line 142, in process
  ServiceError: Garbage collection pause duration exceeding 1500ms"
LOG-INC-8430-2,INC-8430,2026-09-09T23:28:19Z,ERROR,[notification-worker] Execution exception during request dispatch: Garbage collection pause duration exceeding 1500ms,"Traceback (most recent call last):
  File ""app/handlers/dispatch.py"", line 142, in process
  ServiceError: Garbage collection pause duration exceeding 1500ms"
LOG-INC-8430-3,INC-8430,2026-09-09T23:28:42Z,WARN,[notification-worker] Execution exception during request dispatch: Garbage collection pause duration exceeding 1500ms,"Traceback (most recent call last):
  File ""app/handlers/dispatch.py"", line 142, in process
  ServiceError: Garbage collection pause duration exceeding 1500ms"
LOG-INC-8431-1,INC-8431,2026-08-18T22:01:30Z,ERROR,[payment-gateway] Execution exception during request dispatch: High CPU throttling on Kubernetes node worker pool,"Traceback (most recent call last):
  File ""app/handlers/dispatch.py"", line 142, in process
  ServiceError: High CPU throttling on Kubernetes node worker pool"
LOG-INC-8431-2,INC-8431,2026-08-18T22:01:27Z,WARN,[payment-gateway] Execution exception during request dispatch: High CPU throttling on Kubernetes node worker pool,"Traceback (most recent call last):
  File ""app/handlers/dispatch.py"", line 142, in process
  ServiceError: High CPU throttling on Kubernetes node worker pool"
LOG-INC-8432-1,INC-8432,2026-09-09T16:01:26Z,INFO,[checkout-service] Execution exception during request dispatch: Dependency version mismatch in gRPC protobuf schema,"Traceback (most recent call last):
  File ""app/handlers/dispatch.py"", line 142, in process
  ServiceError: Dependency version mismatch in gRPC protobuf schema"
LOG-INC-8432-2,INC-8432,2026-09-09T16:02:47Z,INFO,[checkout-service] Execution exception during request dispatch: Dependency version mismatch in gRPC protobuf schema,"Traceback (most recent call last):
  File ""app/handlers/dispatch.py"", line 142, in process
  ServiceError: Dependency version mismatch in gRPC protobuf schema"
LOG-INC-8432-3,INC-8432,2026-09-09T16:02:57Z,WARN,[checkout-service] Execution exception during request dispatch: Dependency version mismatch in gRPC protobuf schema,"Traceback (most recent call last):
  File ""app/handlers/dispatch.py"", line 142, in process
  ServiceError: Dependency version mismatch in gRPC protobuf schema"
LOG-INC-8432-4,INC-8432,2026-09-09T16:02:57Z,INFO,[checkout-service] Execution exception during request dispatch: Dependency version mismatch in gRPC protobuf schema,"Traceback (most recent call last):
  File ""app/handlers/dispatch.py"", line 142, in process
  ServiceError: Dependency version mismatch in gRPC protobuf schema"
LOG-INC-8433-1,INC-8433,2026-09-06T22:35:10Z,INFO,[order-processing] Execution exception during request dispatch: Race condition in concurrent token refresh logic,"Traceback (most recent call last):
  File ""app/handlers/dispatch.py"", line 142, in process
  ServiceError: Race condition in concurrent token refresh logic"
LOG-INC-8433-2,INC-8433,2026-09-06T22:36:20Z,ERROR,[order-processing] Execution exception during request dispatch: Race condition in concurrent token refresh logic,"Traceback (most recent call last):
  File ""app/handlers/dispatch.py"", line 142, in process
  ServiceError: Race condition in concurrent token refresh logic"
LOG-INC-8434-1,INC-8434,2026-08-13T10:01:31Z,INFO,[checkout-service] Execution exception during request dispatch: Dependency version mismatch in gRPC protobuf schema,"Traceback (most recent call last):
  File ""app/handlers/dispatch.py"", line 142, in process
  ServiceError: Dependency version mismatch in gRPC protobuf schema"
LOG-INC-8434-2,INC-8434,2026-08-13T10:01:15Z,WARN,[checkout-service] Execution exception during request dispatch: Dependency version mismatch in gRPC protobuf schema,"Traceback (most recent call last):
  File ""app/handlers/dispatch.py"", line 142, in process
  ServiceError: Dependency version mismatch in gRPC protobuf schema"
LOG-INC-8434-3,INC-8434,2026-08-13T10:02:46Z,INFO,[checkout-service] Execution exception during request dispatch: Dependency version mismatch in gRPC protobuf schema,"Traceback (most recent call last):
  File ""app/handlers/dispatch.py"", line 142, in process
  ServiceError: Dependency version mismatch in gRPC protobuf schema"
LOG-INC-8435-1,INC-8435,2026-09-02T21:00:36Z,WARN,[search-indexer] Execution exception during request dispatch: Network packet loss on Kubernetes overlay CNI bridge,"Traceback (most recent call last):
  File ""app/handlers/dispatch.py"", line 142, in process
  ServiceError: Network packet loss on Kubernetes overlay CNI bridge"
LOG-INC-8435-2,INC-8435,2026-09-02T21:00:12Z,INFO,[search-indexer] Execution exception during request dispatch: Network packet loss on Kubernetes overlay CNI bridge,"Traceback (most recent call last):
  File ""app/handlers/dispatch.py"", line 142, in process
  ServiceError: Network packet loss on Kubernetes overlay CNI bridge"
LOG-INC-8435-3,INC-8435,2026-09-02T21:00:06Z,INFO,[search-indexer] Execution exception during request dispatch: Network packet loss on Kubernetes overlay CNI bridge,"Traceback (most recent call last):
  File ""app/handlers/dispatch.py"", line 142, in process
  ServiceError: Network packet loss on Kubernetes overlay CNI bridge"
LOG-INC-8436-1,INC-8436,2026-08-17T01:04:52Z,WARN,[payment-gateway] Execution exception during request dispatch: Redis cluster shard memory limit eviction cascade,"Traceback (most recent call last):
  File ""app/handlers/dispatch.py"", line 142, in process
  ServiceError: Redis cluster shard memory limit eviction cascade"
LOG-INC-8436-2,INC-8436,2026-08-17T01:03:37Z,INFO,[payment-gateway] Execution exception during request dispatch: Redis cluster shard memory limit eviction cascade,"Traceback (most recent call last):
  File ""app/handlers/dispatch.py"", line 142, in process
  ServiceError: Redis cluster shard memory limit eviction cascade"
LOG-INC-8437-1,INC-8437,2026-09-11T04:22:00Z,WARN,[auth-service] Execution exception during request dispatch: Distributed crawler burst triggering endpoint 429 retries,"Traceback (most recent call last):
  File ""app/handlers/dispatch.py"", line 142, in process
  ServiceError: Distributed crawler burst triggering endpoint 429 retries"
LOG-INC-8437-2,INC-8437,2026-09-11T04:21:52Z,WARN,[auth-service] Execution exception during request dispatch: Distributed crawler burst triggering endpoint 429 retries,"Traceback (most recent call last):
  File ""app/handlers/dispatch.py"", line 142, in process
  ServiceError: Distributed crawler burst triggering endpoint 429 retries"
LOG-INC-8437-3,INC-8437,2026-09-11T04:21:45Z,WARN,[auth-service] Execution exception during request dispatch: Distributed crawler burst triggering endpoint 429 retries,"Traceback (most recent call last):
  File ""app/handlers/dispatch.py"", line 142, in process
  ServiceError: Distributed crawler burst triggering endpoint 429 retries"
LOG-INC-8438-1,INC-8438,2026-09-16T03:00:51Z,ERROR,[auth-service] Execution exception during request dispatch: Spike in unauthenticated request probe flood,"Traceback (most recent call last):
  File ""app/handlers/dispatch.py"", line 142, in process
  ServiceError: Spike in unauthenticated request probe flood"
LOG-INC-8438-2,INC-8438,2026-09-16T03:01:14Z,ERROR,[auth-service] Execution exception during request dispatch: Spike in unauthenticated request probe flood,"Traceback (most recent call last):
  File ""app/handlers/dispatch.py"", line 142, in process
  ServiceError: Spike in unauthenticated request probe flood"
LOG-INC-8439-1,INC-8439,2026-08-30T00:01:39Z,INFO,[inventory-api] Execution exception during request dispatch: Inter-region transit latency degradation exceeding SLA,"Traceback (most recent call last):
  File ""app/handlers/dispatch.py"", line 142, in process
  ServiceError: Inter-region transit latency degradation exceeding SLA"
LOG-INC-8439-2,INC-8439,2026-08-30T00:00:38Z,ERROR,[inventory-api] Execution exception during request dispatch: Inter-region transit latency degradation exceeding SLA,"Traceback (most recent call last):
  File ""app/handlers/dispatch.py"", line 142, in process
  ServiceError: Inter-region transit latency degradation exceeding SLA"
LOG-INC-8439-3,INC-8439,2026-08-30T00:01:43Z,WARN,[inventory-api] Execution exception during request dispatch: Inter-region transit latency degradation exceeding SLA,"Traceback (most recent call last):
  File ""app/handlers/dispatch.py"", line 142, in process
  ServiceError: Inter-region transit latency degradation exceeding SLA"
LOG-INC-8439-4,INC-8439,2026-08-30T00:00:41Z,WARN,[inventory-api] Execution exception during request dispatch: Inter-region transit latency degradation exceeding SLA,"Traceback (most recent call last):
  File ""app/handlers/dispatch.py"", line 142, in process
  ServiceError: Inter-region transit latency degradation exceeding SLA"
LOG-INC-8440-1,INC-8440,2026-08-30T18:37:37Z,WARN,[checkout-service] Execution exception during request dispatch: Unindexed query scan causing read replica CPU spike,"Traceback (most recent call last):
  File ""app/handlers/dispatch.py"", line 142, in process
  ServiceError: Unindexed query scan causing read replica CPU spike"
LOG-INC-8440-2,INC-8440,2026-08-30T18:36:48Z,ERROR,[checkout-service] Execution exception during request dispatch: Unindexed query scan causing read replica CPU spike,"Traceback (most recent call last):
  File ""app/handlers/dispatch.py"", line 142, in process
  ServiceError: Unindexed query scan causing read replica CPU spike"
LOG-INC-8440-3,INC-8440,2026-08-30T18:36:45Z,ERROR,[checkout-service] Execution exception during request dispatch: Unindexed query scan causing read replica CPU spike,"Traceback (most recent call last):
  File ""app/handlers/dispatch.py"", line 142, in process
  ServiceError: Unindexed query scan causing read replica CPU spike"
LOG-INC-8441-1,INC-8441,2026-08-19T12:29:58Z,WARN,[checkout-service] Execution exception during request dispatch: Deadlock cycle in distributed checkout table lock,"Traceback (most recent call last):
  File ""app/handlers/dispatch.py"", line 142, in process
  ServiceError: Deadlock cycle in distributed checkout table lock"
LOG-INC-8441-2,INC-8441,2026-08-19T12:30:32Z,WARN,[checkout-service] Execution exception during request dispatch: Deadlock cycle in distributed checkout table lock,"Traceback (most recent call last):
  File ""app/handlers/dispatch.py"", line 142, in process
  ServiceError: Deadlock cycle in distributed checkout table lock"
LOG-INC-8442-1,INC-8442,2026-08-18T00:49:31Z,WARN,[checkout-service] Execution exception during request dispatch: File descriptor limit reached on upstream reverse proxy,"Traceback (most recent call last):
  File ""app/handlers/dispatch.py"", line 142, in process
  ServiceError: File descriptor limit reached on upstream reverse proxy"
LOG-INC-8442-2,INC-8442,2026-08-18T00:49:13Z,INFO,[checkout-service] Execution exception during request dispatch: File descriptor limit reached on upstream reverse proxy,"Traceback (most recent call last):
  File ""app/handlers/dispatch.py"", line 142, in process
  ServiceError: File descriptor limit reached on upstream reverse proxy"
LOG-INC-8442-3,INC-8442,2026-08-18T00:49:54Z,ERROR,[checkout-service] Execution exception during request dispatch: File descriptor limit reached on upstream reverse proxy,"Traceback (most recent call last):
  File ""app/handlers/dispatch.py"", line 142, in process
  ServiceError: File descriptor limit reached on upstream reverse proxy"
LOG-INC-8443-1,INC-8443,2026-08-19T21:02:08Z,ERROR,[notification-worker] Execution exception during request dispatch: Pod memory limit hit triggering repeated OOMKilled events,"Traceback (most recent call last):
  File ""app/handlers/dispatch.py"", line 142, in process
  ServiceError: Pod memory limit hit triggering repeated OOMKilled events"
LOG-INC-8443-2,INC-8443,2026-08-19T21:02:30Z,ERROR,[notification-worker] Execution exception during request dispatch: Pod memory limit hit triggering repeated OOMKilled events,"Traceback (most recent call last):
  File ""app/handlers/dispatch.py"", line 142, in process
  ServiceError: Pod memory limit hit triggering repeated OOMKilled events"
LOG-INC-8443-3,INC-8443,2026-08-19T21:02:54Z,WARN,[notification-worker] Execution exception during request dispatch: Pod memory limit hit triggering repeated OOMKilled events,"Traceback (most recent call last):
  File ""app/handlers/dispatch.py"", line 142, in process
  ServiceError: Pod memory limit hit triggering repeated OOMKilled events"
LOG-INC-8444-1,INC-8444,2026-09-21T10:49:06Z,INFO,[user-profile] Execution exception during request dispatch: Deadlock cycle in distributed checkout table lock,"Traceback (most recent call last):
  File ""app/handlers/dispatch.py"", line 142, in process
  ServiceError: Deadlock cycle in distributed checkout table lock"
LOG-INC-8444-2,INC-8444,2026-09-21T10:48:13Z,WARN,[user-profile] Execution exception during request dispatch: Deadlock cycle in distributed checkout table lock,"Traceback (most recent call last):
  File ""app/handlers/dispatch.py"", line 142, in process
  ServiceError: Deadlock cycle in distributed checkout table lock"
LOG-INC-8444-3,INC-8444,2026-09-21T10:50:00Z,ERROR,[user-profile] Execution exception during request dispatch: Deadlock cycle in distributed checkout table lock,"Traceback (most recent call last):
  File ""app/handlers/dispatch.py"", line 142, in process
  ServiceError: Deadlock cycle in distributed checkout table lock"
LOG-INC-8445-1,INC-8445,2026-09-13T22:55:02Z,ERROR,[notification-worker] Execution exception during request dispatch: Distributed crawler burst triggering endpoint 429 retries,"Traceback (most recent call last):
  File ""app/handlers/dispatch.py"", line 142, in process
  ServiceError: Distributed crawler burst triggering endpoint 429 retries"
LOG-INC-8445-2,INC-8445,2026-09-13T22:55:50Z,WARN,[notification-worker] Execution exception during request dispatch: Distributed crawler burst triggering endpoint 429 retries,"Traceback (most recent call last):
  File ""app/handlers/dispatch.py"", line 142, in process
  ServiceError: Distributed crawler burst triggering endpoint 429 retries"
LOG-INC-8446-1,INC-8446,2026-08-25T02:28:23Z,ERROR,[auth-service] Execution exception during request dispatch: Race condition in concurrent token refresh logic,"Traceback (most recent call last):
  File ""app/handlers/dispatch.py"", line 142, in process
  ServiceError: Race condition in concurrent token refresh logic"
LOG-INC-8446-2,INC-8446,2026-08-25T02:27:58Z,ERROR,[auth-service] Execution exception during request dispatch: Race condition in concurrent token refresh logic,"Traceback (most recent call last):
  File ""app/handlers/dispatch.py"", line 142, in process
  ServiceError: Race condition in concurrent token refresh logic"
LOG-INC-8446-3,INC-8446,2026-08-25T02:27:27Z,INFO,[auth-service] Execution exception during request dispatch: Race condition in concurrent token refresh logic,"Traceback (most recent call last):
  File ""app/handlers/dispatch.py"", line 142, in process
  ServiceError: Race condition in concurrent token refresh logic"
LOG-INC-8447-1,INC-8447,2026-09-14T00:43:42Z,INFO,[checkout-service] Execution exception during request dispatch: Stale cache invalidation logic deployed in Canary,"Traceback (most recent call last):
  File ""app/handlers/dispatch.py"", line 142, in process
  ServiceError: Stale cache invalidation logic deployed in Canary"
LOG-INC-8447-2,INC-8447,2026-09-14T00:43:13Z,INFO,[checkout-service] Execution exception during request dispatch: Stale cache invalidation logic deployed in Canary,"Traceback (most recent call last):
  File ""app/handlers/dispatch.py"", line 142, in process
  ServiceError: Stale cache invalidation logic deployed in Canary"
LOG-INC-8447-3,INC-8447,2026-09-14T00:44:37Z,INFO,[checkout-service] Execution exception during request dispatch: Stale cache invalidation logic deployed in Canary,"Traceback (most recent call last):
  File ""app/handlers/dispatch.py"", line 142, in process
  ServiceError: Stale cache invalidation logic deployed in Canary"
LOG-INC-8447-4,INC-8447,2026-09-14T00:45:00Z,ERROR,[checkout-service] Execution exception during request dispatch: Stale cache invalidation logic deployed in Canary,"Traceback (most recent call last):
  File ""app/handlers/dispatch.py"", line 142, in process
  ServiceError: Stale cache invalidation logic deployed in Canary"
LOG-INC-8448-1,INC-8448,2026-09-07T19:49:31Z,ERROR,[auth-service] Execution exception during request dispatch: Null pointer exception in payload serialization post-release,"Traceback (most recent call last):
  File ""app/handlers/dispatch.py"", line 142, in process
  ServiceError: Null pointer exception in payload serialization post-release"
LOG-INC-8448-2,INC-8448,2026-09-07T19:50:09Z,ERROR,[auth-service] Execution exception during request dispatch: Null pointer exception in payload serialization post-release,"Traceback (most recent call last):
  File ""app/handlers/dispatch.py"", line 142, in process
  ServiceError: Null pointer exception in payload serialization post-release"
LOG-INC-8448-3,INC-8448,2026-09-07T19:49:10Z,ERROR,[auth-service] Execution exception during request dispatch: Null pointer exception in payload serialization post-release,"Traceback (most recent call last):
  File ""app/handlers/dispatch.py"", line 142, in process
  ServiceError: Null pointer exception in payload serialization post-release"
LOG-INC-8449-1,INC-8449,2026-09-21T06:30:46Z,INFO,[search-indexer] Execution exception during request dispatch: Unhandled arithmetic overflow in currency conversion,"Traceback (most recent call last):
  File ""app/handlers/dispatch.py"", line 142, in process
  ServiceError: Unhandled arithmetic overflow in currency conversion"
LOG-INC-8449-2,INC-8449,2026-09-21T06:31:40Z,WARN,[search-indexer] Execution exception during request dispatch: Unhandled arithmetic overflow in currency conversion,"Traceback (most recent call last):
  File ""app/handlers/dispatch.py"", line 142, in process
  ServiceError: Unhandled arithmetic overflow in currency conversion"
LOG-INC-8450-1,INC-8450,2026-09-13T02:28:55Z,ERROR,[checkout-service] Execution exception during request dispatch: High CPU throttling on Kubernetes node worker pool,"Traceback (most recent call last):
  File ""app/handlers/dispatch.py"", line 142, in process
  ServiceError: High CPU throttling on Kubernetes node worker pool"
LOG-INC-8450-2,INC-8450,2026-09-13T02:28:14Z,INFO,[checkout-service] Execution exception during request dispatch: High CPU throttling on Kubernetes node worker pool,"Traceback (most recent call last):
  File ""app/handlers/dispatch.py"", line 142, in process
  ServiceError: High CPU throttling on Kubernetes node worker pool"
LOG-INC-8450-3,INC-8450,2026-09-13T02:29:42Z,ERROR,[checkout-service] Execution exception during request dispatch: High CPU throttling on Kubernetes node worker pool,"Traceback (most recent call last):
  File ""app/handlers/dispatch.py"", line 142, in process
  ServiceError: High CPU throttling on Kubernetes node worker pool"
LOG-INC-8450-4,INC-8450,2026-09-13T02:29:31Z,WARN,[checkout-service] Execution exception during request dispatch: High CPU throttling on Kubernetes node worker pool,"Traceback (most recent call last):
  File ""app/handlers/dispatch.py"", line 142, in process
  ServiceError: High CPU throttling on Kubernetes node worker pool"
LOG-INC-8451-1,INC-8451,2026-09-08T17:06:11Z,INFO,[order-processing] Execution exception during request dispatch: Database migration lock timeout during schema rollout,"Traceback (most recent call last):
  File ""app/handlers/dispatch.py"", line 142, in process
  ServiceError: Database migration lock timeout during schema rollout"
LOG-INC-8451-2,INC-8451,2026-09-08T17:06:05Z,ERROR,[order-processing] Execution exception during request dispatch: Database migration lock timeout during schema rollout,"Traceback (most recent call last):
  File ""app/handlers/dispatch.py"", line 142, in process
  ServiceError: Database migration lock timeout during schema rollout"
LOG-INC-8451-3,INC-8451,2026-09-08T17:07:43Z,WARN,[order-processing] Execution exception during request dispatch: Database migration lock timeout during schema rollout,"Traceback (most recent call last):
  File ""app/handlers/dispatch.py"", line 142, in process
  ServiceError: Database migration lock timeout during schema rollout"
LOG-INC-8452-1,INC-8452,2026-09-16T10:51:47Z,INFO,[payment-gateway] Execution exception during request dispatch: Dependency version mismatch in gRPC protobuf schema,"Traceback (most recent call last):
  File ""app/handlers/dispatch.py"", line 142, in process
  ServiceError: Dependency version mismatch in gRPC protobuf schema"
LOG-INC-8452-2,INC-8452,2026-09-16T10:50:26Z,INFO,[payment-gateway] Execution exception during request dispatch: Dependency version mismatch in gRPC protobuf schema,"Traceback (most recent call last):
  File ""app/handlers/dispatch.py"", line 142, in process
  ServiceError: Dependency version mismatch in gRPC protobuf schema"
LOG-INC-8453-1,INC-8453,2026-09-20T23:48:50Z,WARN,[user-profile] Execution exception during request dispatch: Slow query cascade triggering client connection timeout,"Traceback (most recent call last):
  File ""app/handlers/dispatch.py"", line 142, in process
  ServiceError: Slow query cascade triggering client connection timeout"
LOG-INC-8453-2,INC-8453,2026-09-20T23:48:27Z,ERROR,[user-profile] Execution exception during request dispatch: Slow query cascade triggering client connection timeout,"Traceback (most recent call last):
  File ""app/handlers/dispatch.py"", line 142, in process
  ServiceError: Slow query cascade triggering client connection timeout"
LOG-INC-8454-1,INC-8454,2026-08-30T05:39:36Z,INFO,[inventory-api] Execution exception during request dispatch: Pod memory limit hit triggering repeated OOMKilled events,"Traceback (most recent call last):
  File ""app/handlers/dispatch.py"", line 142, in process
  ServiceError: Pod memory limit hit triggering repeated OOMKilled events"
LOG-INC-8454-2,INC-8454,2026-08-30T05:39:46Z,INFO,[inventory-api] Execution exception during request dispatch: Pod memory limit hit triggering repeated OOMKilled events,"Traceback (most recent call last):
  File ""app/handlers/dispatch.py"", line 142, in process
  ServiceError: Pod memory limit hit triggering repeated OOMKilled events"
LOG-INC-8455-1,INC-8455,2026-08-13T05:40:47Z,ERROR,[user-profile] Execution exception during request dispatch: TLS certificate handshake timeout on third-party webhook,"Traceback (most recent call last):
  File ""app/handlers/dispatch.py"", line 142, in process
  ServiceError: TLS certificate handshake timeout on third-party webhook"
LOG-INC-8455-2,INC-8455,2026-08-13T05:40:27Z,ERROR,[user-profile] Execution exception during request dispatch: TLS certificate handshake timeout on third-party webhook,"Traceback (most recent call last):
  File ""app/handlers/dispatch.py"", line 142, in process
  ServiceError: TLS certificate handshake timeout on third-party webhook"
LOG-INC-8456-1,INC-8456,2026-08-25T10:07:07Z,INFO,[notification-worker] Execution exception during request dispatch: TCP socket connection reset by peer on egress gateway,"Traceback (most recent call last):
  File ""app/handlers/dispatch.py"", line 142, in process
  ServiceError: TCP socket connection reset by peer on egress gateway"
LOG-INC-8456-2,INC-8456,2026-08-25T10:08:42Z,ERROR,[notification-worker] Execution exception during request dispatch: TCP socket connection reset by peer on egress gateway,"Traceback (most recent call last):
  File ""app/handlers/dispatch.py"", line 142, in process
  ServiceError: TCP socket connection reset by peer on egress gateway"
LOG-INC-8457-1,INC-8457,2026-08-24T11:33:39Z,WARN,[user-profile] Execution exception during request dispatch: Unindexed query scan causing read replica CPU spike,"Traceback (most recent call last):
  File ""app/handlers/dispatch.py"", line 142, in process
  ServiceError: Unindexed query scan causing read replica CPU spike"
LOG-INC-8457-2,INC-8457,2026-08-24T11:32:22Z,WARN,[user-profile] Execution exception during request dispatch: Unindexed query scan causing read replica CPU spike,"Traceback (most recent call last):
  File ""app/handlers/dispatch.py"", line 142, in process
  ServiceError: Unindexed query scan causing read replica CPU spike"
LOG-INC-8457-3,INC-8457,2026-08-24T11:32:45Z,INFO,[user-profile] Execution exception during request dispatch: Unindexed query scan causing read replica CPU spike,"Traceback (most recent call last):
  File ""app/handlers/dispatch.py"", line 142, in process
  ServiceError: Unindexed query scan causing read replica CPU spike"
LOG-INC-8458-1,INC-8458,2026-09-10T21:24:11Z,INFO,[search-indexer] Execution exception during request dispatch: Pod memory limit hit triggering repeated OOMKilled events,"Traceback (most recent call last):
  File ""app/handlers/dispatch.py"", line 142, in process
  ServiceError: Pod memory limit hit triggering repeated OOMKilled events"
LOG-INC-8458-2,INC-8458,2026-09-10T21:24:36Z,INFO,[search-indexer] Execution exception during request dispatch: Pod memory limit hit triggering repeated OOMKilled events,"Traceback (most recent call last):
  File ""app/handlers/dispatch.py"", line 142, in process
  ServiceError: Pod memory limit hit triggering repeated OOMKilled events"
LOG-INC-8458-3,INC-8458,2026-09-10T21:25:34Z,INFO,[search-indexer] Execution exception during request dispatch: Pod memory limit hit triggering repeated OOMKilled events,"Traceback (most recent call last):
  File ""app/handlers/dispatch.py"", line 142, in process
  ServiceError: Pod memory limit hit triggering repeated OOMKilled events"
LOG-INC-8458-4,INC-8458,2026-09-10T21:24:33Z,INFO,[search-indexer] Execution exception during request dispatch: Pod memory limit hit triggering repeated OOMKilled events,"Traceback (most recent call last):
  File ""app/handlers/dispatch.py"", line 142, in process
  ServiceError: Pod memory limit hit triggering repeated OOMKilled events"
LOG-INC-8459-1,INC-8459,2026-09-22T07:33:51Z,ERROR,[notification-worker] Execution exception during request dispatch: Connection pool saturation under sustained transaction load,"Traceback (most recent call last):
  File ""app/handlers/dispatch.py"", line 142, in process
  ServiceError: Connection pool saturation under sustained transaction load"
LOG-INC-8459-2,INC-8459,2026-09-22T07:32:35Z,INFO,[notification-worker] Execution exception during request dispatch: Connection pool saturation under sustained transaction load,"Traceback (most recent call last):
  File ""app/handlers/dispatch.py"", line 142, in process
  ServiceError: Connection pool saturation under sustained transaction load"
LOG-INC-8459-3,INC-8459,2026-09-22T07:32:15Z,WARN,[notification-worker] Execution exception during request dispatch: Connection pool saturation under sustained transaction load,"Traceback (most recent call last):
  File ""app/handlers/dispatch.py"", line 142, in process
  ServiceError: Connection pool saturation under sustained transaction load"
LOG-INC-8459-4,INC-8459,2026-09-22T07:33:37Z,WARN,[notification-worker] Execution exception during request dispatch: Connection pool saturation under sustained transaction load,"Traceback (most recent call last):
  File ""app/handlers/dispatch.py"", line 142, in process
  ServiceError: Connection pool saturation under sustained transaction load"
LOG-INC-8460-1,INC-8460,2026-08-28T13:31:15Z,WARN,[order-processing] Execution exception during request dispatch: Slow query cascade triggering client connection timeout,"Traceback (most recent call last):
  File ""app/handlers/dispatch.py"", line 142, in process
  ServiceError: Slow query cascade triggering client connection timeout"
LOG-INC-8460-2,INC-8460,2026-08-28T13:31:55Z,WARN,[order-processing] Execution exception during request dispatch: Slow query cascade triggering client connection timeout,"Traceback (most recent call last):
  File ""app/handlers/dispatch.py"", line 142, in process
  ServiceError: Slow query cascade triggering client connection timeout"
LOG-INC-8460-3,INC-8460,2026-08-28T13:31:26Z,WARN,[order-processing] Execution exception during request dispatch: Slow query cascade triggering client connection timeout,"Traceback (most recent call last):
  File ""app/handlers/dispatch.py"", line 142, in process
  ServiceError: Slow query cascade triggering client connection timeout"
LOG-INC-8461-1,INC-8461,2026-09-07T00:57:21Z,INFO,[search-indexer] Execution exception during request dispatch: Unhandled arithmetic overflow in currency conversion,"Traceback (most recent call last):
  File ""app/handlers/dispatch.py"", line 142, in process
  ServiceError: Unhandled arithmetic overflow in currency conversion"
LOG-INC-8461-2,INC-8461,2026-09-07T00:56:24Z,INFO,[search-indexer] Execution exception during request dispatch: Unhandled arithmetic overflow in currency conversion,"Traceback (most recent call last):
  File ""app/handlers/dispatch.py"", line 142, in process
  ServiceError: Unhandled arithmetic overflow in currency conversion"
LOG-INC-8461-3,INC-8461,2026-09-07T00:57:38Z,ERROR,[search-indexer] Execution exception during request dispatch: Unhandled arithmetic overflow in currency conversion,"Traceback (most recent call last):
  File ""app/handlers/dispatch.py"", line 142, in process
  ServiceError: Unhandled arithmetic overflow in currency conversion"
LOG-INC-8462-1,INC-8462,2026-09-26T07:13:38Z,INFO,[notification-worker] Execution exception during request dispatch: Redis cluster shard memory limit eviction cascade,"Traceback (most recent call last):
  File ""app/handlers/dispatch.py"", line 142, in process
  ServiceError: Redis cluster shard memory limit eviction cascade"
LOG-INC-8462-2,INC-8462,2026-09-26T07:12:52Z,WARN,[notification-worker] Execution exception during request dispatch: Redis cluster shard memory limit eviction cascade,"Traceback (most recent call last):
  File ""app/handlers/dispatch.py"", line 142, in process
  ServiceError: Redis cluster shard memory limit eviction cascade"
LOG-INC-8462-3,INC-8462,2026-09-26T07:12:56Z,WARN,[notification-worker] Execution exception during request dispatch: Redis cluster shard memory limit eviction cascade,"Traceback (most recent call last):
  File ""app/handlers/dispatch.py"", line 142, in process
  ServiceError: Redis cluster shard memory limit eviction cascade"
LOG-INC-8462-4,INC-8462,2026-09-26T07:12:55Z,INFO,[notification-worker] Execution exception during request dispatch: Redis cluster shard memory limit eviction cascade,"Traceback (most recent call last):
  File ""app/handlers/dispatch.py"", line 142, in process
  ServiceError: Redis cluster shard memory limit eviction cascade"
LOG-INC-8463-1,INC-8463,2026-09-08T23:26:29Z,WARN,[inventory-api] Execution exception during request dispatch: Sudden traffic surge exceeding rate limiter bucket capacity,"Traceback (most recent call last):
  File ""app/handlers/dispatch.py"", line 142, in process
  ServiceError: Sudden traffic surge exceeding rate limiter bucket capacity"
LOG-INC-8463-2,INC-8463,2026-09-08T23:26:37Z,INFO,[inventory-api] Execution exception during request dispatch: Sudden traffic surge exceeding rate limiter bucket capacity,"Traceback (most recent call last):
  File ""app/handlers/dispatch.py"", line 142, in process
  ServiceError: Sudden traffic surge exceeding rate limiter bucket capacity"
LOG-INC-8464-1,INC-8464,2026-09-24T22:05:25Z,ERROR,[search-indexer] Execution exception during request dispatch: TCP socket connection reset by peer on egress gateway,"Traceback (most recent call last):
  File ""app/handlers/dispatch.py"", line 142, in process
  ServiceError: TCP socket connection reset by peer on egress gateway"
LOG-INC-8464-2,INC-8464,2026-09-24T22:05:35Z,ERROR,[search-indexer] Execution exception during request dispatch: TCP socket connection reset by peer on egress gateway,"Traceback (most recent call last):
  File ""app/handlers/dispatch.py"", line 142, in process
  ServiceError: TCP socket connection reset by peer on egress gateway"
LOG-INC-8464-3,INC-8464,2026-09-24T22:05:31Z,ERROR,[search-indexer] Execution exception during request dispatch: TCP socket connection reset by peer on egress gateway,"Traceback (most recent call last):
  File ""app/handlers/dispatch.py"", line 142, in process
  ServiceError: TCP socket connection reset by peer on egress gateway"
LOG-INC-8465-1,INC-8465,2026-09-19T03:27:27Z,ERROR,[notification-worker] Execution exception during request dispatch: Deadlock cycle in distributed checkout table lock,"Traceback (most recent call last):
  File ""app/handlers/dispatch.py"", line 142, in process
  ServiceError: Deadlock cycle in distributed checkout table lock"
LOG-INC-8465-2,INC-8465,2026-09-19T03:27:36Z,ERROR,[notification-worker] Execution exception during request dispatch: Deadlock cycle in distributed checkout table lock,"Traceback (most recent call last):
  File ""app/handlers/dispatch.py"", line 142, in process
  ServiceError: Deadlock cycle in distributed checkout table lock"
LOG-INC-8466-1,INC-8466,2026-08-30T19:37:41Z,INFO,[checkout-service] Execution exception during request dispatch: Ephemeral disk volume full due to unrotated application logs,"Traceback (most recent call last):
  File ""app/handlers/dispatch.py"", line 142, in process
  ServiceError: Ephemeral disk volume full due to unrotated application logs"
LOG-INC-8466-2,INC-8466,2026-08-30T19:37:56Z,ERROR,[checkout-service] Execution exception during request dispatch: Ephemeral disk volume full due to unrotated application logs,"Traceback (most recent call last):
  File ""app/handlers/dispatch.py"", line 142, in process
  ServiceError: Ephemeral disk volume full due to unrotated application logs"
LOG-INC-8466-3,INC-8466,2026-08-30T19:36:18Z,INFO,[checkout-service] Execution exception during request dispatch: Ephemeral disk volume full due to unrotated application logs,"Traceback (most recent call last):
  File ""app/handlers/dispatch.py"", line 142, in process
  ServiceError: Ephemeral disk volume full due to unrotated application logs"
LOG-INC-8467-1,INC-8467,2026-08-22T06:37:58Z,ERROR,[payment-gateway] Execution exception during request dispatch: Unhandled arithmetic overflow in currency conversion,"Traceback (most recent call last):
  File ""app/handlers/dispatch.py"", line 142, in process
  ServiceError: Unhandled arithmetic overflow in currency conversion"
LOG-INC-8467-2,INC-8467,2026-08-22T06:38:28Z,ERROR,[payment-gateway] Execution exception during request dispatch: Unhandled arithmetic overflow in currency conversion,"Traceback (most recent call last):
  File ""app/handlers/dispatch.py"", line 142, in process
  ServiceError: Unhandled arithmetic overflow in currency conversion"
LOG-INC-8467-3,INC-8467,2026-08-22T06:37:41Z,ERROR,[payment-gateway] Execution exception during request dispatch: Unhandled arithmetic overflow in currency conversion,"Traceback (most recent call last):
  File ""app/handlers/dispatch.py"", line 142, in process
  ServiceError: Unhandled arithmetic overflow in currency conversion"
LOG-INC-8467-4,INC-8467,2026-08-22T06:38:38Z,ERROR,[payment-gateway] Execution exception during request dispatch: Unhandled arithmetic overflow in currency conversion,"Traceback (most recent call last):
  File ""app/handlers/dispatch.py"", line 142, in process
  ServiceError: Unhandled arithmetic overflow in currency conversion"
LOG-INC-8468-1,INC-8468,2026-09-17T18:11:01Z,INFO,[auth-service] Execution exception during request dispatch: Unindexed query scan causing read replica CPU spike,"Traceback (most recent call last):
  File ""app/handlers/dispatch.py"", line 142, in process
  ServiceError: Unindexed query scan causing read replica CPU spike"
LOG-INC-8468-2,INC-8468,2026-09-17T18:11:24Z,ERROR,[auth-service] Execution exception during request dispatch: Unindexed query scan causing read replica CPU spike,"Traceback (most recent call last):
  File ""app/handlers/dispatch.py"", line 142, in process
  ServiceError: Unindexed query scan causing read replica CPU spike"
LOG-INC-8468-3,INC-8468,2026-09-17T18:11:56Z,INFO,[auth-service] Execution exception during request dispatch: Unindexed query scan causing read replica CPU spike,"Traceback (most recent call last):
  File ""app/handlers/dispatch.py"", line 142, in process
  ServiceError: Unindexed query scan causing read replica CPU spike"
LOG-INC-8469-1,INC-8469,2026-08-26T20:53:12Z,WARN,[search-indexer] Execution exception during request dispatch: Dependency version mismatch in gRPC protobuf schema,"Traceback (most recent call last):
  File ""app/handlers/dispatch.py"", line 142, in process
  ServiceError: Dependency version mismatch in gRPC protobuf schema"
LOG-INC-8469-2,INC-8469,2026-08-26T20:54:41Z,ERROR,[search-indexer] Execution exception during request dispatch: Dependency version mismatch in gRPC protobuf schema,"Traceback (most recent call last):
  File ""app/handlers/dispatch.py"", line 142, in process
  ServiceError: Dependency version mismatch in gRPC protobuf schema"
LOG-INC-8470-1,INC-8470,2026-09-12T03:28:30Z,WARN,[notification-worker] Execution exception during request dispatch: File descriptor limit reached on upstream reverse proxy,"Traceback (most recent call last):
  File ""app/handlers/dispatch.py"", line 142, in process
  ServiceError: File descriptor limit reached on upstream reverse proxy"
LOG-INC-8470-2,INC-8470,2026-09-12T03:27:53Z,INFO,[notification-worker] Execution exception during request dispatch: File descriptor limit reached on upstream reverse proxy,"Traceback (most recent call last):
  File ""app/handlers/dispatch.py"", line 142, in process
  ServiceError: File descriptor limit reached on upstream reverse proxy"
LOG-INC-8470-3,INC-8470,2026-09-12T03:27:12Z,WARN,[notification-worker] Execution exception during request dispatch: File descriptor limit reached on upstream reverse proxy,"Traceback (most recent call last):
  File ""app/handlers/dispatch.py"", line 142, in process
  ServiceError: File descriptor limit reached on upstream reverse proxy"
LOG-INC-8471-1,INC-8471,2026-09-09T17:21:29Z,WARN,[checkout-service] Execution exception during request dispatch: Database migration lock timeout during schema rollout,"Traceback (most recent call last):
  File ""app/handlers/dispatch.py"", line 142, in process
  ServiceError: Database migration lock timeout during schema rollout"
LOG-INC-8471-2,INC-8471,2026-09-09T17:21:10Z,WARN,[checkout-service] Execution exception during request dispatch: Database migration lock timeout during schema rollout,"Traceback (most recent call last):
  File ""app/handlers/dispatch.py"", line 142, in process
  ServiceError: Database migration lock timeout during schema rollout"
LOG-INC-8471-3,INC-8471,2026-09-09T17:21:29Z,ERROR,[checkout-service] Execution exception during request dispatch: Database migration lock timeout during schema rollout,"Traceback (most recent call last):
  File ""app/handlers/dispatch.py"", line 142, in process
  ServiceError: Database migration lock timeout during schema rollout"
LOG-INC-8471-4,INC-8471,2026-09-09T17:20:05Z,INFO,[checkout-service] Execution exception during request dispatch: Database migration lock timeout during schema rollout,"Traceback (most recent call last):
  File ""app/handlers/dispatch.py"", line 142, in process
  ServiceError: Database migration lock timeout during schema rollout"
LOG-INC-8472-1,INC-8472,2026-08-21T08:34:05Z,INFO,[notification-worker] Execution exception during request dispatch: Corrupted response payload format failing client validation,"Traceback (most recent call last):
  File ""app/handlers/dispatch.py"", line 142, in process
  ServiceError: Corrupted response payload format failing client validation"
LOG-INC-8472-2,INC-8472,2026-08-21T08:34:54Z,INFO,[notification-worker] Execution exception during request dispatch: Corrupted response payload format failing client validation,"Traceback (most recent call last):
  File ""app/handlers/dispatch.py"", line 142, in process
  ServiceError: Corrupted response payload format failing client validation"
LOG-INC-8472-3,INC-8472,2026-08-21T08:35:00Z,ERROR,[notification-worker] Execution exception during request dispatch: Corrupted response payload format failing client validation,"Traceback (most recent call last):
  File ""app/handlers/dispatch.py"", line 142, in process
  ServiceError: Corrupted response payload format failing client validation"
LOG-INC-8473-1,INC-8473,2026-08-12T13:28:59Z,WARN,[payment-gateway] Execution exception during request dispatch: Dependency version mismatch in gRPC protobuf schema,"Traceback (most recent call last):
  File ""app/handlers/dispatch.py"", line 142, in process
  ServiceError: Dependency version mismatch in gRPC protobuf schema"
LOG-INC-8473-2,INC-8473,2026-08-12T13:27:19Z,WARN,[payment-gateway] Execution exception during request dispatch: Dependency version mismatch in gRPC protobuf schema,"Traceback (most recent call last):
  File ""app/handlers/dispatch.py"", line 142, in process
  ServiceError: Dependency version mismatch in gRPC protobuf schema"
LOG-INC-8474-1,INC-8474,2026-08-22T14:45:37Z,ERROR,[search-indexer] Execution exception during request dispatch: Config flag default inversion causing request rejections,"Traceback (most recent call last):
  File ""app/handlers/dispatch.py"", line 142, in process
  ServiceError: Config flag default inversion causing request rejections"
LOG-INC-8474-2,INC-8474,2026-08-22T14:46:30Z,ERROR,[search-indexer] Execution exception during request dispatch: Config flag default inversion causing request rejections,"Traceback (most recent call last):
  File ""app/handlers/dispatch.py"", line 142, in process
  ServiceError: Config flag default inversion causing request rejections"
LOG-INC-8474-3,INC-8474,2026-08-22T14:46:05Z,ERROR,[search-indexer] Execution exception during request dispatch: Config flag default inversion causing request rejections,"Traceback (most recent call last):
  File ""app/handlers/dispatch.py"", line 142, in process
  ServiceError: Config flag default inversion causing request rejections"
LOG-INC-8474-4,INC-8474,2026-08-22T14:46:59Z,ERROR,[search-indexer] Execution exception during request dispatch: Config flag default inversion causing request rejections,"Traceback (most recent call last):
  File ""app/handlers/dispatch.py"", line 142, in process
  ServiceError: Config flag default inversion causing request rejections"
LOG-INC-8475-1,INC-8475,2026-08-23T23:52:27Z,ERROR,[order-processing] Execution exception during request dispatch: Sudden traffic surge exceeding rate limiter bucket capacity,"Traceback (most recent call last):
  File ""app/handlers/dispatch.py"", line 142, in process
  ServiceError: Sudden traffic surge exceeding rate limiter bucket capacity"
LOG-INC-8475-2,INC-8475,2026-08-23T23:52:45Z,ERROR,[order-processing] Execution exception during request dispatch: Sudden traffic surge exceeding rate limiter bucket capacity,"Traceback (most recent call last):
  File ""app/handlers/dispatch.py"", line 142, in process
  ServiceError: Sudden traffic surge exceeding rate limiter bucket capacity"
LOG-INC-8475-3,INC-8475,2026-08-23T23:52:16Z,ERROR,[order-processing] Execution exception during request dispatch: Sudden traffic surge exceeding rate limiter bucket capacity,"Traceback (most recent call last):
  File ""app/handlers/dispatch.py"", line 142, in process
  ServiceError: Sudden traffic surge exceeding rate limiter bucket capacity"
LOG-INC-8475-4,INC-8475,2026-08-23T23:52:54Z,ERROR,[order-processing] Execution exception during request dispatch: Sudden traffic surge exceeding rate limiter bucket capacity,"Traceback (most recent call last):
  File ""app/handlers/dispatch.py"", line 142, in process
  ServiceError: Sudden traffic surge exceeding rate limiter bucket capacity"
LOG-INC-8476-1,INC-8476,2026-09-09T04:29:44Z,ERROR,[user-profile] Execution exception during request dispatch: Connection pool saturation under sustained transaction load,"Traceback (most recent call last):
  File ""app/handlers/dispatch.py"", line 142, in process
  ServiceError: Connection pool saturation under sustained transaction load"
LOG-INC-8476-2,INC-8476,2026-09-09T04:30:20Z,INFO,[user-profile] Execution exception during request dispatch: Connection pool saturation under sustained transaction load,"Traceback (most recent call last):
  File ""app/handlers/dispatch.py"", line 142, in process
  ServiceError: Connection pool saturation under sustained transaction load"
LOG-INC-8477-1,INC-8477,2026-09-05T12:40:52Z,ERROR,[checkout-service] Execution exception during request dispatch: Spike in unauthenticated request probe flood,"Traceback (most recent call last):
  File ""app/handlers/dispatch.py"", line 142, in process
  ServiceError: Spike in unauthenticated request probe flood"
LOG-INC-8477-2,INC-8477,2026-09-05T12:40:08Z,INFO,[checkout-service] Execution exception during request dispatch: Spike in unauthenticated request probe flood,"Traceback (most recent call last):
  File ""app/handlers/dispatch.py"", line 142, in process
  ServiceError: Spike in unauthenticated request probe flood"
LOG-INC-8477-3,INC-8477,2026-09-05T12:40:03Z,ERROR,[checkout-service] Execution exception during request dispatch: Spike in unauthenticated request probe flood,"Traceback (most recent call last):
  File ""app/handlers/dispatch.py"", line 142, in process
  ServiceError: Spike in unauthenticated request probe flood"
LOG-INC-8478-1,INC-8478,2026-08-19T18:38:35Z,WARN,[auth-service] Execution exception during request dispatch: Network packet loss on Kubernetes overlay CNI bridge,"Traceback (most recent call last):
  File ""app/handlers/dispatch.py"", line 142, in process
  ServiceError: Network packet loss on Kubernetes overlay CNI bridge"
LOG-INC-8478-2,INC-8478,2026-08-19T18:37:12Z,WARN,[auth-service] Execution exception during request dispatch: Network packet loss on Kubernetes overlay CNI bridge,"Traceback (most recent call last):
  File ""app/handlers/dispatch.py"", line 142, in process
  ServiceError: Network packet loss on Kubernetes overlay CNI bridge"
LOG-INC-8478-3,INC-8478,2026-08-19T18:37:24Z,INFO,[auth-service] Execution exception during request dispatch: Network packet loss on Kubernetes overlay CNI bridge,"Traceback (most recent call last):
  File ""app/handlers/dispatch.py"", line 142, in process
  ServiceError: Network packet loss on Kubernetes overlay CNI bridge"
LOG-INC-8479-1,INC-8479,2026-09-12T21:05:53Z,ERROR,[order-processing] Execution exception during request dispatch: Config flag default inversion causing request rejections,"Traceback (most recent call last):
  File ""app/handlers/dispatch.py"", line 142, in process
  ServiceError: Config flag default inversion causing request rejections"
LOG-INC-8479-2,INC-8479,2026-09-12T21:04:07Z,INFO,[order-processing] Execution exception during request dispatch: Config flag default inversion causing request rejections,"Traceback (most recent call last):
  File ""app/handlers/dispatch.py"", line 142, in process
  ServiceError: Config flag default inversion causing request rejections"
LOG-INC-8479-3,INC-8479,2026-09-12T21:04:55Z,WARN,[order-processing] Execution exception during request dispatch: Config flag default inversion causing request rejections,"Traceback (most recent call last):
  File ""app/handlers/dispatch.py"", line 142, in process
  ServiceError: Config flag default inversion causing request rejections"
LOG-INC-8479-4,INC-8479,2026-09-12T21:04:59Z,INFO,[order-processing] Execution exception during request dispatch: Config flag default inversion causing request rejections,"Traceback (most recent call last):
  File ""app/handlers/dispatch.py"", line 142, in process
  ServiceError: Config flag default inversion causing request rejections"
LOG-INC-8480-1,INC-8480,2026-08-18T02:01:43Z,WARN,[order-processing] Execution exception during request dispatch: Batch data import job executed during peak consumer hours,"Traceback (most recent call last):
  File ""app/handlers/dispatch.py"", line 142, in process
  ServiceError: Batch data import job executed during peak consumer hours"
LOG-INC-8480-2,INC-8480,2026-08-18T02:02:28Z,ERROR,[order-processing] Execution exception during request dispatch: Batch data import job executed during peak consumer hours,"Traceback (most recent call last):
  File ""app/handlers/dispatch.py"", line 142, in process
  ServiceError: Batch data import job executed during peak consumer hours"
LOG-INC-8480-3,INC-8480,2026-08-18T02:02:18Z,ERROR,[order-processing] Execution exception during request dispatch: Batch data import job executed during peak consumer hours,"Traceback (most recent call last):
  File ""app/handlers/dispatch.py"", line 142, in process
  ServiceError: Batch data import job executed during peak consumer hours"
LOG-INC-8480-4,INC-8480,2026-08-18T02:02:01Z,INFO,[order-processing] Execution exception during request dispatch: Batch data import job executed during peak consumer hours,"Traceback (most recent call last):
  File ""app/handlers/dispatch.py"", line 142, in process
  ServiceError: Batch data import job executed during peak consumer hours"
LOG-INC-8481-1,INC-8481,2026-09-19T18:33:31Z,ERROR,[payment-gateway] Execution exception during request dispatch: Sudden traffic surge exceeding rate limiter bucket capacity,"Traceback (most recent call last):
  File ""app/handlers/dispatch.py"", line 142, in process
  ServiceError: Sudden traffic surge exceeding rate limiter bucket capacity"
LOG-INC-8481-2,INC-8481,2026-09-19T18:32:12Z,ERROR,[payment-gateway] Execution exception during request dispatch: Sudden traffic surge exceeding rate limiter bucket capacity,"Traceback (most recent call last):
  File ""app/handlers/dispatch.py"", line 142, in process
  ServiceError: Sudden traffic surge exceeding rate limiter bucket capacity"
LOG-INC-8481-3,INC-8481,2026-09-19T18:32:50Z,WARN,[payment-gateway] Execution exception during request dispatch: Sudden traffic surge exceeding rate limiter bucket capacity,"Traceback (most recent call last):
  File ""app/handlers/dispatch.py"", line 142, in process
  ServiceError: Sudden traffic surge exceeding rate limiter bucket capacity"
LOG-INC-8482-1,INC-8482,2026-09-21T02:00:43Z,ERROR,[search-indexer] Execution exception during request dispatch: TLS certificate handshake timeout on third-party webhook,"Traceback (most recent call last):
  File ""app/handlers/dispatch.py"", line 142, in process
  ServiceError: TLS certificate handshake timeout on third-party webhook"
LOG-INC-8482-2,INC-8482,2026-09-21T02:01:33Z,ERROR,[search-indexer] Execution exception during request dispatch: TLS certificate handshake timeout on third-party webhook,"Traceback (most recent call last):
  File ""app/handlers/dispatch.py"", line 142, in process
  ServiceError: TLS certificate handshake timeout on third-party webhook"
LOG-INC-8482-3,INC-8482,2026-09-21T02:01:21Z,ERROR,[search-indexer] Execution exception during request dispatch: TLS certificate handshake timeout on third-party webhook,"Traceback (most recent call last):
  File ""app/handlers/dispatch.py"", line 142, in process
  ServiceError: TLS certificate handshake timeout on third-party webhook"
LOG-INC-8483-1,INC-8483,2026-08-27T18:18:20Z,ERROR,[auth-service] Execution exception during request dispatch: TLS certificate handshake timeout on third-party webhook,"Traceback (most recent call last):
  File ""app/handlers/dispatch.py"", line 142, in process
  ServiceError: TLS certificate handshake timeout on third-party webhook"
LOG-INC-8483-2,INC-8483,2026-08-27T18:18:15Z,ERROR,[auth-service] Execution exception during request dispatch: TLS certificate handshake timeout on third-party webhook,"Traceback (most recent call last):
  File ""app/handlers/dispatch.py"", line 142, in process
  ServiceError: TLS certificate handshake timeout on third-party webhook"
LOG-INC-8484-1,INC-8484,2026-09-12T21:52:46Z,ERROR,[inventory-api] Execution exception during request dispatch: Database migration lock timeout during schema rollout,"Traceback (most recent call last):
  File ""app/handlers/dispatch.py"", line 142, in process
  ServiceError: Database migration lock timeout during schema rollout"
LOG-INC-8484-2,INC-8484,2026-09-12T21:53:36Z,INFO,[inventory-api] Execution exception during request dispatch: Database migration lock timeout during schema rollout,"Traceback (most recent call last):
  File ""app/handlers/dispatch.py"", line 142, in process
  ServiceError: Database migration lock timeout during schema rollout"
LOG-INC-8485-1,INC-8485,2026-09-20T20:14:29Z,ERROR,[notification-worker] Execution exception during request dispatch: Spike in unauthenticated request probe flood,"Traceback (most recent call last):
  File ""app/handlers/dispatch.py"", line 142, in process
  ServiceError: Spike in unauthenticated request probe flood"
LOG-INC-8485-2,INC-8485,2026-09-20T20:13:28Z,INFO,[notification-worker] Execution exception during request dispatch: Spike in unauthenticated request probe flood,"Traceback (most recent call last):
  File ""app/handlers/dispatch.py"", line 142, in process
  ServiceError: Spike in unauthenticated request probe flood"
LOG-INC-8486-1,INC-8486,2026-09-22T11:50:15Z,ERROR,[notification-worker] Execution exception during request dispatch: Null pointer exception in payload serialization post-release,"Traceback (most recent call last):
  File ""app/handlers/dispatch.py"", line 142, in process
  ServiceError: Null pointer exception in payload serialization post-release"
LOG-INC-8486-2,INC-8486,2026-09-22T11:51:09Z,WARN,[notification-worker] Execution exception during request dispatch: Null pointer exception in payload serialization post-release,"Traceback (most recent call last):
  File ""app/handlers/dispatch.py"", line 142, in process
  ServiceError: Null pointer exception in payload serialization post-release"
LOG-INC-8487-1,INC-8487,2026-08-25T20:32:22Z,INFO,[inventory-api] Execution exception during request dispatch: Recursive call in JSON parsing leading to stack exhaustion,"Traceback (most recent call last):
  File ""app/handlers/dispatch.py"", line 142, in process
  ServiceError: Recursive call in JSON parsing leading to stack exhaustion"
LOG-INC-8487-2,INC-8487,2026-08-25T20:32:10Z,ERROR,[inventory-api] Execution exception during request dispatch: Recursive call in JSON parsing leading to stack exhaustion,"Traceback (most recent call last):
  File ""app/handlers/dispatch.py"", line 142, in process
  ServiceError: Recursive call in JSON parsing leading to stack exhaustion"
LOG-INC-8487-3,INC-8487,2026-08-25T20:32:33Z,ERROR,[inventory-api] Execution exception during request dispatch: Recursive call in JSON parsing leading to stack exhaustion,"Traceback (most recent call last):
  File ""app/handlers/dispatch.py"", line 142, in process
  ServiceError: Recursive call in JSON parsing leading to stack exhaustion"
LOG-INC-8488-1,INC-8488,2026-09-01T08:45:40Z,ERROR,[order-processing] Execution exception during request dispatch: Deadlock cycle in distributed checkout table lock,"Traceback (most recent call last):
  File ""app/handlers/dispatch.py"", line 142, in process
  ServiceError: Deadlock cycle in distributed checkout table lock"
LOG-INC-8488-2,INC-8488,2026-09-01T08:46:38Z,INFO,[order-processing] Execution exception during request dispatch: Deadlock cycle in distributed checkout table lock,"Traceback (most recent call last):
  File ""app/handlers/dispatch.py"", line 142, in process
  ServiceError: Deadlock cycle in distributed checkout table lock"
LOG-INC-8488-3,INC-8488,2026-09-01T08:45:59Z,ERROR,[order-processing] Execution exception during request dispatch: Deadlock cycle in distributed checkout table lock,"Traceback (most recent call last):
  File ""app/handlers/dispatch.py"", line 142, in process
  ServiceError: Deadlock cycle in distributed checkout table lock"
LOG-INC-8489-1,INC-8489,2026-08-26T16:49:23Z,INFO,[search-indexer] Execution exception during request dispatch: Redis cluster shard memory limit eviction cascade,"Traceback (most recent call last):
  File ""app/handlers/dispatch.py"", line 142, in process
  ServiceError: Redis cluster shard memory limit eviction cascade"
LOG-INC-8489-2,INC-8489,2026-08-26T16:49:31Z,ERROR,[search-indexer] Execution exception during request dispatch: Redis cluster shard memory limit eviction cascade,"Traceback (most recent call last):
  File ""app/handlers/dispatch.py"", line 142, in process
  ServiceError: Redis cluster shard memory limit eviction cascade"
LOG-INC-8489-3,INC-8489,2026-08-26T16:50:25Z,INFO,[search-indexer] Execution exception during request dispatch: Redis cluster shard memory limit eviction cascade,"Traceback (most recent call last):
  File ""app/handlers/dispatch.py"", line 142, in process
  ServiceError: Redis cluster shard memory limit eviction cascade"
LOG-INC-8489-4,INC-8489,2026-08-26T16:49:39Z,INFO,[search-indexer] Execution exception during request dispatch: Redis cluster shard memory limit eviction cascade,"Traceback (most recent call last):
  File ""app/handlers/dispatch.py"", line 142, in process
  ServiceError: Redis cluster shard memory limit eviction cascade"
LOG-INC-8490-1,INC-8490,2026-08-30T00:27:20Z,INFO,[checkout-service] Execution exception during request dispatch: Deadlock cycle in distributed checkout table lock,"Traceback (most recent call last):
  File ""app/handlers/dispatch.py"", line 142, in process
  ServiceError: Deadlock cycle in distributed checkout table lock"
LOG-INC-8490-2,INC-8490,2026-08-30T00:27:19Z,INFO,[checkout-service] Execution exception during request dispatch: Deadlock cycle in distributed checkout table lock,"Traceback (most recent call last):
  File ""app/handlers/dispatch.py"", line 142, in process
  ServiceError: Deadlock cycle in distributed checkout table lock"
LOG-INC-8490-3,INC-8490,2026-08-30T00:28:15Z,WARN,[checkout-service] Execution exception during request dispatch: Deadlock cycle in distributed checkout table lock,"Traceback (most recent call last):
  File ""app/handlers/dispatch.py"", line 142, in process
  ServiceError: Deadlock cycle in distributed checkout table lock"
LOG-INC-8491-1,INC-8491,2026-09-09T06:11:27Z,INFO,[inventory-api] Execution exception during request dispatch: Deadlock cycle in distributed checkout table lock,"Traceback (most recent call last):
  File ""app/handlers/dispatch.py"", line 142, in process
  ServiceError: Deadlock cycle in distributed checkout table lock"
LOG-INC-8491-2,INC-8491,2026-09-09T06:12:38Z,WARN,[inventory-api] Execution exception during request dispatch: Deadlock cycle in distributed checkout table lock,"Traceback (most recent call last):
  File ""app/handlers/dispatch.py"", line 142, in process
  ServiceError: Deadlock cycle in distributed checkout table lock"
LOG-INC-8492-1,INC-8492,2026-08-16T16:29:41Z,WARN,[notification-worker] Execution exception during request dispatch: File descriptor limit reached on upstream reverse proxy,"Traceback (most recent call last):
  File ""app/handlers/dispatch.py"", line 142, in process
  ServiceError: File descriptor limit reached on upstream reverse proxy"
LOG-INC-8492-2,INC-8492,2026-08-16T16:28:28Z,WARN,[notification-worker] Execution exception during request dispatch: File descriptor limit reached on upstream reverse proxy,"Traceback (most recent call last):
  File ""app/handlers/dispatch.py"", line 142, in process
  ServiceError: File descriptor limit reached on upstream reverse proxy"
LOG-INC-8492-3,INC-8492,2026-08-16T16:29:48Z,INFO,[notification-worker] Execution exception during request dispatch: File descriptor limit reached on upstream reverse proxy,"Traceback (most recent call last):
  File ""app/handlers/dispatch.py"", line 142, in process
  ServiceError: File descriptor limit reached on upstream reverse proxy"
LOG-INC-8493-1,INC-8493,2026-09-20T17:45:39Z,WARN,[search-indexer] Execution exception during request dispatch: Deadlock cycle in distributed checkout table lock,"Traceback (most recent call last):
  File ""app/handlers/dispatch.py"", line 142, in process
  ServiceError: Deadlock cycle in distributed checkout table lock"
LOG-INC-8493-2,INC-8493,2026-09-20T17:44:11Z,INFO,[search-indexer] Execution exception during request dispatch: Deadlock cycle in distributed checkout table lock,"Traceback (most recent call last):
  File ""app/handlers/dispatch.py"", line 142, in process
  ServiceError: Deadlock cycle in distributed checkout table lock"
LOG-INC-8493-3,INC-8493,2026-09-20T17:45:26Z,WARN,[search-indexer] Execution exception during request dispatch: Deadlock cycle in distributed checkout table lock,"Traceback (most recent call last):
  File ""app/handlers/dispatch.py"", line 142, in process
  ServiceError: Deadlock cycle in distributed checkout table lock"
LOG-INC-8493-4,INC-8493,2026-09-20T17:45:35Z,ERROR,[search-indexer] Execution exception during request dispatch: Deadlock cycle in distributed checkout table lock,"Traceback (most recent call last):
  File ""app/handlers/dispatch.py"", line 142, in process
  ServiceError: Deadlock cycle in distributed checkout table lock"
LOG-INC-8494-1,INC-8494,2026-08-17T09:03:44Z,INFO,[inventory-api] Execution exception during request dispatch: Memory leak in unclosed HTTP response stream handler,"Traceback (most recent call last):
  File ""app/handlers/dispatch.py"", line 142, in process
  ServiceError: Memory leak in unclosed HTTP response stream handler"
LOG-INC-8494-2,INC-8494,2026-08-17T09:04:54Z,ERROR,[inventory-api] Execution exception during request dispatch: Memory leak in unclosed HTTP response stream handler,"Traceback (most recent call last):
  File ""app/handlers/dispatch.py"", line 142, in process
  ServiceError: Memory leak in unclosed HTTP response stream handler"
LOG-INC-8495-1,INC-8495,2026-08-20T16:51:31Z,INFO,[auth-service] Execution exception during request dispatch: Null pointer exception in payload serialization post-release,"Traceback (most recent call last):
  File ""app/handlers/dispatch.py"", line 142, in process
  ServiceError: Null pointer exception in payload serialization post-release"
LOG-INC-8495-2,INC-8495,2026-08-20T16:51:38Z,ERROR,[auth-service] Execution exception during request dispatch: Null pointer exception in payload serialization post-release,"Traceback (most recent call last):
  File ""app/handlers/dispatch.py"", line 142, in process
  ServiceError: Null pointer exception in payload serialization post-release"
LOG-INC-8495-3,INC-8495,2026-08-20T16:51:06Z,WARN,[auth-service] Execution exception during request dispatch: Null pointer exception in payload serialization post-release,"Traceback (most recent call last):
  File ""app/handlers/dispatch.py"", line 142, in process
  ServiceError: Null pointer exception in payload serialization post-release"
LOG-INC-8496-1,INC-8496,2026-09-15T09:01:50Z,INFO,[payment-gateway] Execution exception during request dispatch: Network packet loss on Kubernetes overlay CNI bridge,"Traceback (most recent call last):
  File ""app/handlers/dispatch.py"", line 142, in process
  ServiceError: Network packet loss on Kubernetes overlay CNI bridge"
LOG-INC-8496-2,INC-8496,2026-09-15T09:01:32Z,INFO,[payment-gateway] Execution exception during request dispatch: Network packet loss on Kubernetes overlay CNI bridge,"Traceback (most recent call last):
  File ""app/handlers/dispatch.py"", line 142, in process
  ServiceError: Network packet loss on Kubernetes overlay CNI bridge"
LOG-INC-8496-3,INC-8496,2026-09-15T09:00:10Z,INFO,[payment-gateway] Execution exception during request dispatch: Network packet loss on Kubernetes overlay CNI bridge,"Traceback (most recent call last):
  File ""app/handlers/dispatch.py"", line 142, in process
  ServiceError: Network packet loss on Kubernetes overlay CNI bridge"
LOG-INC-8496-4,INC-8496,2026-09-15T09:01:02Z,ERROR,[payment-gateway] Execution exception during request dispatch: Network packet loss on Kubernetes overlay CNI bridge,"Traceback (most recent call last):
  File ""app/handlers/dispatch.py"", line 142, in process
  ServiceError: Network packet loss on Kubernetes overlay CNI bridge"
LOG-INC-8497-1,INC-8497,2026-08-19T15:17:42Z,WARN,[search-indexer] Execution exception during request dispatch: Deadlock cycle in distributed checkout table lock,"Traceback (most recent call last):
  File ""app/handlers/dispatch.py"", line 142, in process
  ServiceError: Deadlock cycle in distributed checkout table lock"
LOG-INC-8497-2,INC-8497,2026-08-19T15:18:06Z,WARN,[search-indexer] Execution exception during request dispatch: Deadlock cycle in distributed checkout table lock,"Traceback (most recent call last):
  File ""app/handlers/dispatch.py"", line 142, in process
  ServiceError: Deadlock cycle in distributed checkout table lock"
LOG-INC-8498-1,INC-8498,2026-09-24T21:05:53Z,ERROR,[inventory-api] Execution exception during request dispatch: Network packet loss on Kubernetes overlay CNI bridge,"Traceback (most recent call last):
  File ""app/handlers/dispatch.py"", line 142, in process
  ServiceError: Network packet loss on Kubernetes overlay CNI bridge"
LOG-INC-8498-2,INC-8498,2026-09-24T21:05:07Z,ERROR,[inventory-api] Execution exception during request dispatch: Network packet loss on Kubernetes overlay CNI bridge,"Traceback (most recent call last):
  File ""app/handlers/dispatch.py"", line 142, in process
  ServiceError: Network packet loss on Kubernetes overlay CNI bridge"
LOG-INC-8498-3,INC-8498,2026-09-24T21:04:12Z,ERROR,[inventory-api] Execution exception during request dispatch: Network packet loss on Kubernetes overlay CNI bridge,"Traceback (most recent call last):
  File ""app/handlers/dispatch.py"", line 142, in process
  ServiceError: Network packet loss on Kubernetes overlay CNI bridge"
LOG-INC-8498-4,INC-8498,2026-09-24T21:04:50Z,ERROR,[inventory-api] Execution exception during request dispatch: Network packet loss on Kubernetes overlay CNI bridge,"Traceback (most recent call last):
  File ""app/handlers/dispatch.py"", line 142, in process
  ServiceError: Network packet loss on Kubernetes overlay CNI bridge"
LOG-INC-8499-1,INC-8499,2026-09-22T15:12:57Z,ERROR,[user-profile] Execution exception during request dispatch: Redis cluster shard memory limit eviction cascade,"Traceback (most recent call last):
  File ""app/handlers/dispatch.py"", line 142, in process
  ServiceError: Redis cluster shard memory limit eviction cascade"
LOG-INC-8499-2,INC-8499,2026-09-22T15:13:07Z,ERROR,[user-profile] Execution exception during request dispatch: Redis cluster shard memory limit eviction cascade,"Traceback (most recent call last):
  File ""app/handlers/dispatch.py"", line 142, in process
  ServiceError: Redis cluster shard memory limit eviction cascade"
LOG-INC-8500-1,INC-8500,2026-08-19T06:57:50Z,INFO,[inventory-api] Execution exception during request dispatch: Slow query cascade triggering client connection timeout,"Traceback (most recent call last):
  File ""app/handlers/dispatch.py"", line 142, in process
  ServiceError: Slow query cascade triggering client connection timeout"
LOG-INC-8500-2,INC-8500,2026-08-19T06:58:00Z,ERROR,[inventory-api] Execution exception during request dispatch: Slow query cascade triggering client connection timeout,"Traceback (most recent call last):
  File ""app/handlers/dispatch.py"", line 142, in process
  ServiceError: Slow query cascade triggering client connection timeout"
LOG-INC-8501-1,INC-8501,2026-08-27T05:08:58Z,WARN,[search-indexer] Execution exception during request dispatch: Pod memory limit hit triggering repeated OOMKilled events,"Traceback (most recent call last):
  File ""app/handlers/dispatch.py"", line 142, in process
  ServiceError: Pod memory limit hit triggering repeated OOMKilled events"
LOG-INC-8501-2,INC-8501,2026-08-27T05:09:15Z,WARN,[search-indexer] Execution exception during request dispatch: Pod memory limit hit triggering repeated OOMKilled events,"Traceback (most recent call last):
  File ""app/handlers/dispatch.py"", line 142, in process
  ServiceError: Pod memory limit hit triggering repeated OOMKilled events"
LOG-INC-8502-1,INC-8502,2026-08-22T13:35:31Z,WARN,[search-indexer] Execution exception during request dispatch: Null pointer exception in payload serialization post-release,"Traceback (most recent call last):
  File ""app/handlers/dispatch.py"", line 142, in process
  ServiceError: Null pointer exception in payload serialization post-release"
LOG-INC-8502-2,INC-8502,2026-08-22T13:34:59Z,INFO,[search-indexer] Execution exception during request dispatch: Null pointer exception in payload serialization post-release,"Traceback (most recent call last):
  File ""app/handlers/dispatch.py"", line 142, in process
  ServiceError: Null pointer exception in payload serialization post-release"
LOG-INC-8503-1,INC-8503,2026-08-25T14:08:30Z,WARN,[checkout-service] Execution exception during request dispatch: Unindexed query scan causing read replica CPU spike,"Traceback (most recent call last):
  File ""app/handlers/dispatch.py"", line 142, in process
  ServiceError: Unindexed query scan causing read replica CPU spike"
LOG-INC-8503-2,INC-8503,2026-08-25T14:09:35Z,ERROR,[checkout-service] Execution exception during request dispatch: Unindexed query scan causing read replica CPU spike,"Traceback (most recent call last):
  File ""app/handlers/dispatch.py"", line 142, in process
  ServiceError: Unindexed query scan causing read replica CPU spike"
LOG-INC-8503-3,INC-8503,2026-08-25T14:09:34Z,INFO,[checkout-service] Execution exception during request dispatch: Unindexed query scan causing read replica CPU spike,"Traceback (most recent call last):
  File ""app/handlers/dispatch.py"", line 142, in process
  ServiceError: Unindexed query scan causing read replica CPU spike"
LOG-INC-8504-1,INC-8504,2026-09-22T08:26:57Z,INFO,[checkout-service] Execution exception during request dispatch: High CPU throttling on Kubernetes node worker pool,"Traceback (most recent call last):
  File ""app/handlers/dispatch.py"", line 142, in process
  ServiceError: High CPU throttling on Kubernetes node worker pool"
LOG-INC-8504-2,INC-8504,2026-09-22T08:26:44Z,INFO,[checkout-service] Execution exception during request dispatch: High CPU throttling on Kubernetes node worker pool,"Traceback (most recent call last):
  File ""app/handlers/dispatch.py"", line 142, in process
  ServiceError: High CPU throttling on Kubernetes node worker pool"
LOG-INC-8504-3,INC-8504,2026-09-22T08:27:26Z,ERROR,[checkout-service] Execution exception during request dispatch: High CPU throttling on Kubernetes node worker pool,"Traceback (most recent call last):
  File ""app/handlers/dispatch.py"", line 142, in process
  ServiceError: High CPU throttling on Kubernetes node worker pool"
LOG-INC-8505-1,INC-8505,2026-09-07T11:07:28Z,ERROR,[search-indexer] Execution exception during request dispatch: Pod memory limit hit triggering repeated OOMKilled events,"Traceback (most recent call last):
  File ""app/handlers/dispatch.py"", line 142, in process
  ServiceError: Pod memory limit hit triggering repeated OOMKilled events"
LOG-INC-8505-2,INC-8505,2026-09-07T11:07:05Z,ERROR,[search-indexer] Execution exception during request dispatch: Pod memory limit hit triggering repeated OOMKilled events,"Traceback (most recent call last):
  File ""app/handlers/dispatch.py"", line 142, in process
  ServiceError: Pod memory limit hit triggering repeated OOMKilled events"
LOG-INC-8506-1,INC-8506,2026-09-11T06:39:30Z,ERROR,[notification-worker] Execution exception during request dispatch: Sudden traffic surge exceeding rate limiter bucket capacity,"Traceback (most recent call last):
  File ""app/handlers/dispatch.py"", line 142, in process
  ServiceError: Sudden traffic surge exceeding rate limiter bucket capacity"
LOG-INC-8506-2,INC-8506,2026-09-11T06:39:32Z,INFO,[notification-worker] Execution exception during request dispatch: Sudden traffic surge exceeding rate limiter bucket capacity,"Traceback (most recent call last):
  File ""app/handlers/dispatch.py"", line 142, in process
  ServiceError: Sudden traffic surge exceeding rate limiter bucket capacity"
LOG-INC-8507-1,INC-8507,2026-09-16T22:22:58Z,ERROR,[user-profile] Execution exception during request dispatch: File descriptor limit reached on upstream reverse proxy,"Traceback (most recent call last):
  File ""app/handlers/dispatch.py"", line 142, in process
  ServiceError: File descriptor limit reached on upstream reverse proxy"
LOG-INC-8507-2,INC-8507,2026-09-16T22:21:21Z,INFO,[user-profile] Execution exception during request dispatch: File descriptor limit reached on upstream reverse proxy,"Traceback (most recent call last):
  File ""app/handlers/dispatch.py"", line 142, in process
  ServiceError: File descriptor limit reached on upstream reverse proxy"
LOG-INC-8508-1,INC-8508,2026-09-17T07:07:10Z,ERROR,[auth-service] Execution exception during request dispatch: Spike in unauthenticated request probe flood,"Traceback (most recent call last):
  File ""app/handlers/dispatch.py"", line 142, in process
  ServiceError: Spike in unauthenticated request probe flood"
LOG-INC-8508-2,INC-8508,2026-09-17T07:07:29Z,WARN,[auth-service] Execution exception during request dispatch: Spike in unauthenticated request probe flood,"Traceback (most recent call last):
  File ""app/handlers/dispatch.py"", line 142, in process
  ServiceError: Spike in unauthenticated request probe flood"
LOG-INC-8509-1,INC-8509,2026-09-23T09:49:09Z,ERROR,[user-profile] Execution exception during request dispatch: Unhandled arithmetic overflow in currency conversion,"Traceback (most recent call last):
  File ""app/handlers/dispatch.py"", line 142, in process
  ServiceError: Unhandled arithmetic overflow in currency conversion"
LOG-INC-8509-2,INC-8509,2026-09-23T09:48:26Z,INFO,[user-profile] Execution exception during request dispatch: Unhandled arithmetic overflow in currency conversion,"Traceback (most recent call last):
  File ""app/handlers/dispatch.py"", line 142, in process
  ServiceError: Unhandled arithmetic overflow in currency conversion"
LOG-INC-8509-3,INC-8509,2026-09-23T09:48:40Z,INFO,[user-profile] Execution exception during request dispatch: Unhandled arithmetic overflow in currency conversion,"Traceback (most recent call last):
  File ""app/handlers/dispatch.py"", line 142, in process
  ServiceError: Unhandled arithmetic overflow in currency conversion"
LOG-INC-8509-4,INC-8509,2026-09-23T09:48:21Z,WARN,[user-profile] Execution exception during request dispatch: Unhandled arithmetic overflow in currency conversion,"Traceback (most recent call last):
  File ""app/handlers/dispatch.py"", line 142, in process
  ServiceError: Unhandled arithmetic overflow in currency conversion"
LOG-INC-8510-1,INC-8510,2026-09-09T00:10:56Z,INFO,[search-indexer] Execution exception during request dispatch: Spike in unauthenticated request probe flood,"Traceback (most recent call last):
  File ""app/handlers/dispatch.py"", line 142, in process
  ServiceError: Spike in unauthenticated request probe flood"
LOG-INC-8510-2,INC-8510,2026-09-09T00:10:39Z,ERROR,[search-indexer] Execution exception during request dispatch: Spike in unauthenticated request probe flood,"Traceback (most recent call last):
  File ""app/handlers/dispatch.py"", line 142, in process
  ServiceError: Spike in unauthenticated request probe flood"
LOG-INC-8510-3,INC-8510,2026-09-09T00:10:28Z,ERROR,[search-indexer] Execution exception during request dispatch: Spike in unauthenticated request probe flood,"Traceback (most recent call last):
  File ""app/handlers/dispatch.py"", line 142, in process
  ServiceError: Spike in unauthenticated request probe flood"
LOG-INC-8511-1,INC-8511,2026-08-18T16:38:39Z,INFO,[notification-worker] Execution exception during request dispatch: Network packet loss on Kubernetes overlay CNI bridge,"Traceback (most recent call last):
  File ""app/handlers/dispatch.py"", line 142, in process
  ServiceError: Network packet loss on Kubernetes overlay CNI bridge"
LOG-INC-8511-2,INC-8511,2026-08-18T16:38:20Z,ERROR,[notification-worker] Execution exception during request dispatch: Network packet loss on Kubernetes overlay CNI bridge,"Traceback (most recent call last):
  File ""app/handlers/dispatch.py"", line 142, in process
  ServiceError: Network packet loss on Kubernetes overlay CNI bridge"
LOG-INC-8511-3,INC-8511,2026-08-18T16:38:33Z,ERROR,[notification-worker] Execution exception during request dispatch: Network packet loss on Kubernetes overlay CNI bridge,"Traceback (most recent call last):
  File ""app/handlers/dispatch.py"", line 142, in process
  ServiceError: Network packet loss on Kubernetes overlay CNI bridge"
LOG-INC-8511-4,INC-8511,2026-08-18T16:39:13Z,ERROR,[notification-worker] Execution exception during request dispatch: Network packet loss on Kubernetes overlay CNI bridge,"Traceback (most recent call last):
  File ""app/handlers/dispatch.py"", line 142, in process
  ServiceError: Network packet loss on Kubernetes overlay CNI bridge"
LOG-INC-8512-1,INC-8512,2026-08-29T22:46:15Z,INFO,[payment-gateway] Execution exception during request dispatch: Unindexed query scan causing read replica CPU spike,"Traceback (most recent call last):
  File ""app/handlers/dispatch.py"", line 142, in process
  ServiceError: Unindexed query scan causing read replica CPU spike"
LOG-INC-8512-2,INC-8512,2026-08-29T22:47:58Z,INFO,[payment-gateway] Execution exception during request dispatch: Unindexed query scan causing read replica CPU spike,"Traceback (most recent call last):
  File ""app/handlers/dispatch.py"", line 142, in process
  ServiceError: Unindexed query scan causing read replica CPU spike"
LOG-INC-8512-3,INC-8512,2026-08-29T22:46:38Z,INFO,[payment-gateway] Execution exception during request dispatch: Unindexed query scan causing read replica CPU spike,"Traceback (most recent call last):
  File ""app/handlers/dispatch.py"", line 142, in process
  ServiceError: Unindexed query scan causing read replica CPU spike"
LOG-INC-8513-1,INC-8513,2026-09-02T00:47:18Z,INFO,[payment-gateway] Execution exception during request dispatch: Deadlock cycle in distributed checkout table lock,"Traceback (most recent call last):
  File ""app/handlers/dispatch.py"", line 142, in process
  ServiceError: Deadlock cycle in distributed checkout table lock"
LOG-INC-8513-2,INC-8513,2026-09-02T00:48:40Z,INFO,[payment-gateway] Execution exception during request dispatch: Deadlock cycle in distributed checkout table lock,"Traceback (most recent call last):
  File ""app/handlers/dispatch.py"", line 142, in process
  ServiceError: Deadlock cycle in distributed checkout table lock"
LOG-INC-8513-3,INC-8513,2026-09-02T00:47:53Z,INFO,[payment-gateway] Execution exception during request dispatch: Deadlock cycle in distributed checkout table lock,"Traceback (most recent call last):
  File ""app/handlers/dispatch.py"", line 142, in process
  ServiceError: Deadlock cycle in distributed checkout table lock"
LOG-INC-8513-4,INC-8513,2026-09-02T00:47:37Z,INFO,[payment-gateway] Execution exception during request dispatch: Deadlock cycle in distributed checkout table lock,"Traceback (most recent call last):
  File ""app/handlers/dispatch.py"", line 142, in process
  ServiceError: Deadlock cycle in distributed checkout table lock"
LOG-INC-8514-1,INC-8514,2026-09-22T05:25:28Z,ERROR,[search-indexer] Execution exception during request dispatch: Redis cluster shard memory limit eviction cascade,"Traceback (most recent call last):
  File ""app/handlers/dispatch.py"", line 142, in process
  ServiceError: Redis cluster shard memory limit eviction cascade"
LOG-INC-8514-2,INC-8514,2026-09-22T05:25:29Z,INFO,[search-indexer] Execution exception during request dispatch: Redis cluster shard memory limit eviction cascade,"Traceback (most recent call last):
  File ""app/handlers/dispatch.py"", line 142, in process
  ServiceError: Redis cluster shard memory limit eviction cascade"
LOG-INC-8514-3,INC-8514,2026-09-22T05:26:07Z,INFO,[search-indexer] Execution exception during request dispatch: Redis cluster shard memory limit eviction cascade,"Traceback (most recent call last):
  File ""app/handlers/dispatch.py"", line 142, in process
  ServiceError: Redis cluster shard memory limit eviction cascade"
LOG-INC-8515-1,INC-8515,2026-09-19T23:01:03Z,INFO,[checkout-service] Execution exception during request dispatch: Network packet loss on Kubernetes overlay CNI bridge,"Traceback (most recent call last):
  File ""app/handlers/dispatch.py"", line 142, in process
  ServiceError: Network packet loss on Kubernetes overlay CNI bridge"
LOG-INC-8515-2,INC-8515,2026-09-19T23:00:56Z,ERROR,[checkout-service] Execution exception during request dispatch: Network packet loss on Kubernetes overlay CNI bridge,"Traceback (most recent call last):
  File ""app/handlers/dispatch.py"", line 142, in process
  ServiceError: Network packet loss on Kubernetes overlay CNI bridge"
LOG-INC-8516-1,INC-8516,2026-08-22T10:36:25Z,INFO,[payment-gateway] Execution exception during request dispatch: DNS resolution timeouts between VPC private subnets,"Traceback (most recent call last):
  File ""app/handlers/dispatch.py"", line 142, in process
  ServiceError: DNS resolution timeouts between VPC private subnets"
LOG-INC-8516-2,INC-8516,2026-08-22T10:35:06Z,ERROR,[payment-gateway] Execution exception during request dispatch: DNS resolution timeouts between VPC private subnets,"Traceback (most recent call last):
  File ""app/handlers/dispatch.py"", line 142, in process
  ServiceError: DNS resolution timeouts between VPC private subnets"
LOG-INC-8517-1,INC-8517,2026-08-20T09:04:06Z,ERROR,[auth-service] Execution exception during request dispatch: Memory leak in unclosed HTTP response stream handler,"Traceback (most recent call last):
  File ""app/handlers/dispatch.py"", line 142, in process
  ServiceError: Memory leak in unclosed HTTP response stream handler"
LOG-INC-8517-2,INC-8517,2026-08-20T09:03:36Z,ERROR,[auth-service] Execution exception during request dispatch: Memory leak in unclosed HTTP response stream handler,"Traceback (most recent call last):
  File ""app/handlers/dispatch.py"", line 142, in process
  ServiceError: Memory leak in unclosed HTTP response stream handler"
LOG-INC-8517-3,INC-8517,2026-08-20T09:04:14Z,INFO,[auth-service] Execution exception during request dispatch: Memory leak in unclosed HTTP response stream handler,"Traceback (most recent call last):
  File ""app/handlers/dispatch.py"", line 142, in process
  ServiceError: Memory leak in unclosed HTTP response stream handler"
LOG-INC-8518-1,INC-8518,2026-09-20T00:50:08Z,ERROR,[auth-service] Execution exception during request dispatch: Null pointer exception in payload serialization post-release,"Traceback (most recent call last):
  File ""app/handlers/dispatch.py"", line 142, in process
  ServiceError: Null pointer exception in payload serialization post-release"
LOG-INC-8518-2,INC-8518,2026-09-20T00:50:59Z,WARN,[auth-service] Execution exception during request dispatch: Null pointer exception in payload serialization post-release,"Traceback (most recent call last):
  File ""app/handlers/dispatch.py"", line 142, in process
  ServiceError: Null pointer exception in payload serialization post-release"
LOG-INC-8519-1,INC-8519,2026-08-24T22:58:07Z,ERROR,[order-processing] Execution exception during request dispatch: TLS certificate handshake timeout on third-party webhook,"Traceback (most recent call last):
  File ""app/handlers/dispatch.py"", line 142, in process
  ServiceError: TLS certificate handshake timeout on third-party webhook"
LOG-INC-8519-2,INC-8519,2026-08-24T22:57:26Z,ERROR,[order-processing] Execution exception during request dispatch: TLS certificate handshake timeout on third-party webhook,"Traceback (most recent call last):
  File ""app/handlers/dispatch.py"", line 142, in process
  ServiceError: TLS certificate handshake timeout on third-party webhook"
LOG-INC-8520-1,INC-8520,2026-09-11T06:01:59Z,ERROR,[auth-service] Execution exception during request dispatch: Null pointer exception in payload serialization post-release,"Traceback (most recent call last):
  File ""app/handlers/dispatch.py"", line 142, in process
  ServiceError: Null pointer exception in payload serialization post-release"
LOG-INC-8520-2,INC-8520,2026-09-11T06:02:59Z,INFO,[auth-service] Execution exception during request dispatch: Null pointer exception in payload serialization post-release,"Traceback (most recent call last):
  File ""app/handlers/dispatch.py"", line 142, in process
  ServiceError: Null pointer exception in payload serialization post-release"
LOG-INC-8520-3,INC-8520,2026-09-11T06:02:32Z,WARN,[auth-service] Execution exception during request dispatch: Null pointer exception in payload serialization post-release,"Traceback (most recent call last):
  File ""app/handlers/dispatch.py"", line 142, in process
  ServiceError: Null pointer exception in payload serialization post-release"
LOG-INC-8520-4,INC-8520,2026-09-11T06:02:24Z,WARN,[auth-service] Execution exception during request dispatch: Null pointer exception in payload serialization post-release,"Traceback (most recent call last):
  File ""app/handlers/dispatch.py"", line 142, in process
  ServiceError: Null pointer exception in payload serialization post-release"
LOG-INC-8521-1,INC-8521,2026-08-21T17:44:19Z,INFO,[auth-service] Execution exception during request dispatch: Unindexed query scan causing read replica CPU spike,"Traceback (most recent call last):
  File ""app/handlers/dispatch.py"", line 142, in process
  ServiceError: Unindexed query scan causing read replica CPU spike"
LOG-INC-8521-2,INC-8521,2026-08-21T17:44:59Z,INFO,[auth-service] Execution exception during request dispatch: Unindexed query scan causing read replica CPU spike,"Traceback (most recent call last):
  File ""app/handlers/dispatch.py"", line 142, in process
  ServiceError: Unindexed query scan causing read replica CPU spike"
LOG-INC-8522-1,INC-8522,2026-08-28T12:25:36Z,WARN,[user-profile] Execution exception during request dispatch: Corrupted response payload format failing client validation,"Traceback (most recent call last):
  File ""app/handlers/dispatch.py"", line 142, in process
  ServiceError: Corrupted response payload format failing client validation"
LOG-INC-8522-2,INC-8522,2026-08-28T12:25:58Z,INFO,[user-profile] Execution exception during request dispatch: Corrupted response payload format failing client validation,"Traceback (most recent call last):
  File ""app/handlers/dispatch.py"", line 142, in process
  ServiceError: Corrupted response payload format failing client validation"
LOG-INC-8522-3,INC-8522,2026-08-28T12:26:08Z,INFO,[user-profile] Execution exception during request dispatch: Corrupted response payload format failing client validation,"Traceback (most recent call last):
  File ""app/handlers/dispatch.py"", line 142, in process
  ServiceError: Corrupted response payload format failing client validation"
LOG-INC-8522-4,INC-8522,2026-08-28T12:26:13Z,WARN,[user-profile] Execution exception during request dispatch: Corrupted response payload format failing client validation,"Traceback (most recent call last):
  File ""app/handlers/dispatch.py"", line 142, in process
  ServiceError: Corrupted response payload format failing client validation"
LOG-INC-8523-1,INC-8523,2026-09-25T17:01:22Z,ERROR,[order-processing] Execution exception during request dispatch: Deadlock cycle in distributed checkout table lock,"Traceback (most recent call last):
  File ""app/handlers/dispatch.py"", line 142, in process
  ServiceError: Deadlock cycle in distributed checkout table lock"
LOG-INC-8523-2,INC-8523,2026-09-25T17:01:12Z,WARN,[order-processing] Execution exception during request dispatch: Deadlock cycle in distributed checkout table lock,"Traceback (most recent call last):
  File ""app/handlers/dispatch.py"", line 142, in process
  ServiceError: Deadlock cycle in distributed checkout table lock"
LOG-INC-8523-3,INC-8523,2026-09-25T17:01:51Z,ERROR,[order-processing] Execution exception during request dispatch: Deadlock cycle in distributed checkout table lock,"Traceback (most recent call last):
  File ""app/handlers/dispatch.py"", line 142, in process
  ServiceError: Deadlock cycle in distributed checkout table lock"
LOG-INC-8524-1,INC-8524,2026-09-25T06:59:52Z,ERROR,[order-processing] Execution exception during request dispatch: Connection pool saturation under sustained transaction load,"Traceback (most recent call last):
  File ""app/handlers/dispatch.py"", line 142, in process
  ServiceError: Connection pool saturation under sustained transaction load"
LOG-INC-8524-2,INC-8524,2026-09-25T07:00:34Z,ERROR,[order-processing] Execution exception during request dispatch: Connection pool saturation under sustained transaction load,"Traceback (most recent call last):
  File ""app/handlers/dispatch.py"", line 142, in process
  ServiceError: Connection pool saturation under sustained transaction load"
LOG-INC-8524-3,INC-8524,2026-09-25T07:00:29Z,INFO,[order-processing] Execution exception during request dispatch: Connection pool saturation under sustained transaction load,"Traceback (most recent call last):
  File ""app/handlers/dispatch.py"", line 142, in process
  ServiceError: Connection pool saturation under sustained transaction load"
LOG-INC-8525-1,INC-8525,2026-08-20T10:59:05Z,INFO,[checkout-service] Execution exception during request dispatch: High CPU throttling on Kubernetes node worker pool,"Traceback (most recent call last):
  File ""app/handlers/dispatch.py"", line 142, in process
  ServiceError: High CPU throttling on Kubernetes node worker pool"
LOG-INC-8525-2,INC-8525,2026-08-20T10:58:22Z,INFO,[checkout-service] Execution exception during request dispatch: High CPU throttling on Kubernetes node worker pool,"Traceback (most recent call last):
  File ""app/handlers/dispatch.py"", line 142, in process
  ServiceError: High CPU throttling on Kubernetes node worker pool"
LOG-INC-8526-1,INC-8526,2026-09-19T09:29:09Z,INFO,[notification-worker] Execution exception during request dispatch: Garbage collection pause duration exceeding 1500ms,"Traceback (most recent call last):
  File ""app/handlers/dispatch.py"", line 142, in process
  ServiceError: Garbage collection pause duration exceeding 1500ms"
LOG-INC-8526-2,INC-8526,2026-09-19T09:30:41Z,ERROR,[notification-worker] Execution exception during request dispatch: Garbage collection pause duration exceeding 1500ms,"Traceback (most recent call last):
  File ""app/handlers/dispatch.py"", line 142, in process
  ServiceError: Garbage collection pause duration exceeding 1500ms"
LOG-INC-8526-3,INC-8526,2026-09-19T09:30:09Z,ERROR,[notification-worker] Execution exception during request dispatch: Garbage collection pause duration exceeding 1500ms,"Traceback (most recent call last):
  File ""app/handlers/dispatch.py"", line 142, in process
  ServiceError: Garbage collection pause duration exceeding 1500ms"
LOG-INC-8526-4,INC-8526,2026-09-19T09:29:06Z,WARN,[notification-worker] Execution exception during request dispatch: Garbage collection pause duration exceeding 1500ms,"Traceback (most recent call last):
  File ""app/handlers/dispatch.py"", line 142, in process
  ServiceError: Garbage collection pause duration exceeding 1500ms"
LOG-INC-8527-1,INC-8527,2026-09-07T05:00:16Z,INFO,[notification-worker] Execution exception during request dispatch: File descriptor limit reached on upstream reverse proxy,"Traceback (most recent call last):
  File ""app/handlers/dispatch.py"", line 142, in process
  ServiceError: File descriptor limit reached on upstream reverse proxy"
LOG-INC-8527-2,INC-8527,2026-09-07T05:00:53Z,ERROR,[notification-worker] Execution exception during request dispatch: File descriptor limit reached on upstream reverse proxy,"Traceback (most recent call last):
  File ""app/handlers/dispatch.py"", line 142, in process
  ServiceError: File descriptor limit reached on upstream reverse proxy"
LOG-INC-8527-3,INC-8527,2026-09-07T05:01:40Z,ERROR,[notification-worker] Execution exception during request dispatch: File descriptor limit reached on upstream reverse proxy,"Traceback (most recent call last):
  File ""app/handlers/dispatch.py"", line 142, in process
  ServiceError: File descriptor limit reached on upstream reverse proxy"
LOG-INC-8528-1,INC-8528,2026-08-28T06:39:26Z,ERROR,[auth-service] Execution exception during request dispatch: Corrupted response payload format failing client validation,"Traceback (most recent call last):
  File ""app/handlers/dispatch.py"", line 142, in process
  ServiceError: Corrupted response payload format failing client validation"
LOG-INC-8528-2,INC-8528,2026-08-28T06:40:47Z,WARN,[auth-service] Execution exception during request dispatch: Corrupted response payload format failing client validation,"Traceback (most recent call last):
  File ""app/handlers/dispatch.py"", line 142, in process
  ServiceError: Corrupted response payload format failing client validation"
LOG-INC-8528-3,INC-8528,2026-08-28T06:40:27Z,WARN,[auth-service] Execution exception during request dispatch: Corrupted response payload format failing client validation,"Traceback (most recent call last):
  File ""app/handlers/dispatch.py"", line 142, in process
  ServiceError: Corrupted response payload format failing client validation"
LOG-INC-8529-1,INC-8529,2026-08-23T01:27:15Z,ERROR,[user-profile] Execution exception during request dispatch: High CPU throttling on Kubernetes node worker pool,"Traceback (most recent call last):
  File ""app/handlers/dispatch.py"", line 142, in process
  ServiceError: High CPU throttling on Kubernetes node worker pool"
LOG-INC-8529-2,INC-8529,2026-08-23T01:27:26Z,ERROR,[user-profile] Execution exception during request dispatch: High CPU throttling on Kubernetes node worker pool,"Traceback (most recent call last):
  File ""app/handlers/dispatch.py"", line 142, in process
  ServiceError: High CPU throttling on Kubernetes node worker pool"
LOG-INC-8530-1,INC-8530,2026-09-22T05:57:50Z,WARN,[payment-gateway] Execution exception during request dispatch: Unhandled arithmetic overflow in currency conversion,"Traceback (most recent call last):
  File ""app/handlers/dispatch.py"", line 142, in process
  ServiceError: Unhandled arithmetic overflow in currency conversion"
LOG-INC-8530-2,INC-8530,2026-09-22T05:57:55Z,INFO,[payment-gateway] Execution exception during request dispatch: Unhandled arithmetic overflow in currency conversion,"Traceback (most recent call last):
  File ""app/handlers/dispatch.py"", line 142, in process
  ServiceError: Unhandled arithmetic overflow in currency conversion"
LOG-INC-8531-1,INC-8531,2026-08-20T17:47:20Z,WARN,[auth-service] Execution exception during request dispatch: Network packet loss on Kubernetes overlay CNI bridge,"Traceback (most recent call last):
  File ""app/handlers/dispatch.py"", line 142, in process
  ServiceError: Network packet loss on Kubernetes overlay CNI bridge"
LOG-INC-8531-2,INC-8531,2026-08-20T17:47:06Z,INFO,[auth-service] Execution exception during request dispatch: Network packet loss on Kubernetes overlay CNI bridge,"Traceback (most recent call last):
  File ""app/handlers/dispatch.py"", line 142, in process
  ServiceError: Network packet loss on Kubernetes overlay CNI bridge"
LOG-INC-8532-1,INC-8532,2026-09-22T05:53:58Z,ERROR,[checkout-service] Execution exception during request dispatch: Unhandled arithmetic overflow in currency conversion,"Traceback (most recent call last):
  File ""app/handlers/dispatch.py"", line 142, in process
  ServiceError: Unhandled arithmetic overflow in currency conversion"
LOG-INC-8532-2,INC-8532,2026-09-22T05:53:48Z,INFO,[checkout-service] Execution exception during request dispatch: Unhandled arithmetic overflow in currency conversion,"Traceback (most recent call last):
  File ""app/handlers/dispatch.py"", line 142, in process
  ServiceError: Unhandled arithmetic overflow in currency conversion"
LOG-INC-8533-1,INC-8533,2026-08-22T12:12:48Z,ERROR,[checkout-service] Execution exception during request dispatch: Spike in unauthenticated request probe flood,"Traceback (most recent call last):
  File ""app/handlers/dispatch.py"", line 142, in process
  ServiceError: Spike in unauthenticated request probe flood"
LOG-INC-8533-2,INC-8533,2026-08-22T12:12:42Z,ERROR,[checkout-service] Execution exception during request dispatch: Spike in unauthenticated request probe flood,"Traceback (most recent call last):
  File ""app/handlers/dispatch.py"", line 142, in process
  ServiceError: Spike in unauthenticated request probe flood"
LOG-INC-8534-1,INC-8534,2026-09-12T09:40:08Z,ERROR,[auth-service] Execution exception during request dispatch: Batch data import job executed during peak consumer hours,"Traceback (most recent call last):
  File ""app/handlers/dispatch.py"", line 142, in process
  ServiceError: Batch data import job executed during peak consumer hours"
LOG-INC-8534-2,INC-8534,2026-09-12T09:39:17Z,ERROR,[auth-service] Execution exception during request dispatch: Batch data import job executed during peak consumer hours,"Traceback (most recent call last):
  File ""app/handlers/dispatch.py"", line 142, in process
  ServiceError: Batch data import job executed during peak consumer hours"
LOG-INC-8535-1,INC-8535,2026-09-04T22:51:28Z,ERROR,[auth-service] Execution exception during request dispatch: TLS certificate handshake timeout on third-party webhook,"Traceback (most recent call last):
  File ""app/handlers/dispatch.py"", line 142, in process
  ServiceError: TLS certificate handshake timeout on third-party webhook"
LOG-INC-8535-2,INC-8535,2026-09-04T22:50:20Z,INFO,[auth-service] Execution exception during request dispatch: TLS certificate handshake timeout on third-party webhook,"Traceback (most recent call last):
  File ""app/handlers/dispatch.py"", line 142, in process
  ServiceError: TLS certificate handshake timeout on third-party webhook"
LOG-INC-8535-3,INC-8535,2026-09-04T22:51:07Z,ERROR,[auth-service] Execution exception during request dispatch: TLS certificate handshake timeout on third-party webhook,"Traceback (most recent call last):
  File ""app/handlers/dispatch.py"", line 142, in process
  ServiceError: TLS certificate handshake timeout on third-party webhook"
LOG-INC-8536-1,INC-8536,2026-09-12T05:10:57Z,INFO,[search-indexer] Execution exception during request dispatch: Flash sale burst traffic causing ingress queue build-up,"Traceback (most recent call last):
  File ""app/handlers/dispatch.py"", line 142, in process
  ServiceError: Flash sale burst traffic causing ingress queue build-up"
LOG-INC-8536-2,INC-8536,2026-09-12T05:11:02Z,WARN,[search-indexer] Execution exception during request dispatch: Flash sale burst traffic causing ingress queue build-up,"Traceback (most recent call last):
  File ""app/handlers/dispatch.py"", line 142, in process
  ServiceError: Flash sale burst traffic causing ingress queue build-up"
LOG-INC-8536-3,INC-8536,2026-09-12T05:11:57Z,INFO,[search-indexer] Execution exception during request dispatch: Flash sale burst traffic causing ingress queue build-up,"Traceback (most recent call last):
  File ""app/handlers/dispatch.py"", line 142, in process
  ServiceError: Flash sale burst traffic causing ingress queue build-up"
LOG-INC-8536-4,INC-8536,2026-09-12T05:10:10Z,INFO,[search-indexer] Execution exception during request dispatch: Flash sale burst traffic causing ingress queue build-up,"Traceback (most recent call last):
  File ""app/handlers/dispatch.py"", line 142, in process
  ServiceError: Flash sale burst traffic causing ingress queue build-up"
LOG-INC-8537-1,INC-8537,2026-09-10T14:39:13Z,WARN,[checkout-service] Execution exception during request dispatch: Config flag default inversion causing request rejections,"Traceback (most recent call last):
  File ""app/handlers/dispatch.py"", line 142, in process
  ServiceError: Config flag default inversion causing request rejections"
LOG-INC-8537-2,INC-8537,2026-09-10T14:38:18Z,ERROR,[checkout-service] Execution exception during request dispatch: Config flag default inversion causing request rejections,"Traceback (most recent call last):
  File ""app/handlers/dispatch.py"", line 142, in process
  ServiceError: Config flag default inversion causing request rejections"
LOG-INC-8537-3,INC-8537,2026-09-10T14:38:28Z,INFO,[checkout-service] Execution exception during request dispatch: Config flag default inversion causing request rejections,"Traceback (most recent call last):
  File ""app/handlers/dispatch.py"", line 142, in process
  ServiceError: Config flag default inversion causing request rejections"
LOG-INC-8537-4,INC-8537,2026-09-10T14:38:18Z,WARN,[checkout-service] Execution exception during request dispatch: Config flag default inversion causing request rejections,"Traceback (most recent call last):
  File ""app/handlers/dispatch.py"", line 142, in process
  ServiceError: Config flag default inversion causing request rejections"
LOG-INC-8538-1,INC-8538,2026-09-24T17:57:23Z,INFO,[order-processing] Execution exception during request dispatch: Unhandled arithmetic overflow in currency conversion,"Traceback (most recent call last):
  File ""app/handlers/dispatch.py"", line 142, in process
  ServiceError: Unhandled arithmetic overflow in currency conversion"
LOG-INC-8538-2,INC-8538,2026-09-24T17:57:32Z,WARN,[order-processing] Execution exception during request dispatch: Unhandled arithmetic overflow in currency conversion,"Traceback (most recent call last):
  File ""app/handlers/dispatch.py"", line 142, in process
  ServiceError: Unhandled arithmetic overflow in currency conversion"
LOG-INC-8538-3,INC-8538,2026-09-24T17:58:17Z,ERROR,[order-processing] Execution exception during request dispatch: Unhandled arithmetic overflow in currency conversion,"Traceback (most recent call last):
  File ""app/handlers/dispatch.py"", line 142, in process
  ServiceError: Unhandled arithmetic overflow in currency conversion"
LOG-INC-8539-1,INC-8539,2026-09-23T08:07:43Z,INFO,[search-indexer] Execution exception during request dispatch: TCP socket connection reset by peer on egress gateway,"Traceback (most recent call last):
  File ""app/handlers/dispatch.py"", line 142, in process
  ServiceError: TCP socket connection reset by peer on egress gateway"
LOG-INC-8539-2,INC-8539,2026-09-23T08:08:02Z,WARN,[search-indexer] Execution exception during request dispatch: TCP socket connection reset by peer on egress gateway,"Traceback (most recent call last):
  File ""app/handlers/dispatch.py"", line 142, in process
  ServiceError: TCP socket connection reset by peer on egress gateway"
LOG-INC-8540-1,INC-8540,2026-08-13T13:06:33Z,INFO,[inventory-api] Execution exception during request dispatch: Garbage collection pause duration exceeding 1500ms,"Traceback (most recent call last):
  File ""app/handlers/dispatch.py"", line 142, in process
  ServiceError: Garbage collection pause duration exceeding 1500ms"
LOG-INC-8540-2,INC-8540,2026-08-13T13:05:54Z,ERROR,[inventory-api] Execution exception during request dispatch: Garbage collection pause duration exceeding 1500ms,"Traceback (most recent call last):
  File ""app/handlers/dispatch.py"", line 142, in process
  ServiceError: Garbage collection pause duration exceeding 1500ms"
LOG-INC-8540-3,INC-8540,2026-08-13T13:06:16Z,INFO,[inventory-api] Execution exception during request dispatch: Garbage collection pause duration exceeding 1500ms,"Traceback (most recent call last):
  File ""app/handlers/dispatch.py"", line 142, in process
  ServiceError: Garbage collection pause duration exceeding 1500ms"
LOG-INC-8541-1,INC-8541,2026-08-16T16:33:08Z,WARN,[checkout-service] Execution exception during request dispatch: Inter-region transit latency degradation exceeding SLA,"Traceback (most recent call last):
  File ""app/handlers/dispatch.py"", line 142, in process
  ServiceError: Inter-region transit latency degradation exceeding SLA"
LOG-INC-8541-2,INC-8541,2026-08-16T16:32:19Z,INFO,[checkout-service] Execution exception during request dispatch: Inter-region transit latency degradation exceeding SLA,"Traceback (most recent call last):
  File ""app/handlers/dispatch.py"", line 142, in process
  ServiceError: Inter-region transit latency degradation exceeding SLA"
LOG-INC-8542-1,INC-8542,2026-09-16T12:58:58Z,INFO,[checkout-service] Execution exception during request dispatch: Network packet loss on Kubernetes overlay CNI bridge,"Traceback (most recent call last):
  File ""app/handlers/dispatch.py"", line 142, in process
  ServiceError: Network packet loss on Kubernetes overlay CNI bridge"
LOG-INC-8542-2,INC-8542,2026-09-16T12:59:14Z,ERROR,[checkout-service] Execution exception during request dispatch: Network packet loss on Kubernetes overlay CNI bridge,"Traceback (most recent call last):
  File ""app/handlers/dispatch.py"", line 142, in process
  ServiceError: Network packet loss on Kubernetes overlay CNI bridge"
LOG-INC-8543-1,INC-8543,2026-09-05T17:41:50Z,INFO,[user-profile] Execution exception during request dispatch: File descriptor limit reached on upstream reverse proxy,"Traceback (most recent call last):
  File ""app/handlers/dispatch.py"", line 142, in process
  ServiceError: File descriptor limit reached on upstream reverse proxy"
LOG-INC-8543-2,INC-8543,2026-09-05T17:41:59Z,INFO,[user-profile] Execution exception during request dispatch: File descriptor limit reached on upstream reverse proxy,"Traceback (most recent call last):
  File ""app/handlers/dispatch.py"", line 142, in process
  ServiceError: File descriptor limit reached on upstream reverse proxy"
LOG-INC-8543-3,INC-8543,2026-09-05T17:42:42Z,WARN,[user-profile] Execution exception during request dispatch: File descriptor limit reached on upstream reverse proxy,"Traceback (most recent call last):
  File ""app/handlers/dispatch.py"", line 142, in process
  ServiceError: File descriptor limit reached on upstream reverse proxy"
LOG-INC-8544-1,INC-8544,2026-08-19T00:43:00Z,INFO,[notification-worker] Execution exception during request dispatch: Slow query cascade triggering client connection timeout,"Traceback (most recent call last):
  File ""app/handlers/dispatch.py"", line 142, in process
  ServiceError: Slow query cascade triggering client connection timeout"
LOG-INC-8544-2,INC-8544,2026-08-19T00:42:41Z,INFO,[notification-worker] Execution exception during request dispatch: Slow query cascade triggering client connection timeout,"Traceback (most recent call last):
  File ""app/handlers/dispatch.py"", line 142, in process
  ServiceError: Slow query cascade triggering client connection timeout"
LOG-INC-8544-3,INC-8544,2026-08-19T00:43:24Z,ERROR,[notification-worker] Execution exception during request dispatch: Slow query cascade triggering client connection timeout,"Traceback (most recent call last):
  File ""app/handlers/dispatch.py"", line 142, in process
  ServiceError: Slow query cascade triggering client connection timeout"
LOG-INC-8544-4,INC-8544,2026-08-19T00:42:16Z,ERROR,[notification-worker] Execution exception during request dispatch: Slow query cascade triggering client connection timeout,"Traceback (most recent call last):
  File ""app/handlers/dispatch.py"", line 142, in process
  ServiceError: Slow query cascade triggering client connection timeout"
LOG-INC-8545-1,INC-8545,2026-09-16T20:21:15Z,WARN,[auth-service] Execution exception during request dispatch: Spike in unauthenticated request probe flood,"Traceback (most recent call last):
  File ""app/handlers/dispatch.py"", line 142, in process
  ServiceError: Spike in unauthenticated request probe flood"
LOG-INC-8545-2,INC-8545,2026-09-16T20:20:19Z,ERROR,[auth-service] Execution exception during request dispatch: Spike in unauthenticated request probe flood,"Traceback (most recent call last):
  File ""app/handlers/dispatch.py"", line 142, in process
  ServiceError: Spike in unauthenticated request probe flood"
LOG-INC-8545-3,INC-8545,2026-09-16T20:21:54Z,WARN,[auth-service] Execution exception during request dispatch: Spike in unauthenticated request probe flood,"Traceback (most recent call last):
  File ""app/handlers/dispatch.py"", line 142, in process
  ServiceError: Spike in unauthenticated request probe flood"
LOG-INC-8546-1,INC-8546,2026-09-12T12:01:31Z,ERROR,[search-indexer] Execution exception during request dispatch: High CPU throttling on Kubernetes node worker pool,"Traceback (most recent call last):
  File ""app/handlers/dispatch.py"", line 142, in process
  ServiceError: High CPU throttling on Kubernetes node worker pool"
LOG-INC-8546-2,INC-8546,2026-09-12T12:00:05Z,WARN,[search-indexer] Execution exception during request dispatch: High CPU throttling on Kubernetes node worker pool,"Traceback (most recent call last):
  File ""app/handlers/dispatch.py"", line 142, in process
  ServiceError: High CPU throttling on Kubernetes node worker pool"
LOG-INC-8546-3,INC-8546,2026-09-12T12:00:09Z,ERROR,[search-indexer] Execution exception during request dispatch: High CPU throttling on Kubernetes node worker pool,"Traceback (most recent call last):
  File ""app/handlers/dispatch.py"", line 142, in process
  ServiceError: High CPU throttling on Kubernetes node worker pool"
LOG-INC-8547-1,INC-8547,2026-09-06T22:04:29Z,INFO,[user-profile] Execution exception during request dispatch: Spike in unauthenticated request probe flood,"Traceback (most recent call last):
  File ""app/handlers/dispatch.py"", line 142, in process
  ServiceError: Spike in unauthenticated request probe flood"
LOG-INC-8547-2,INC-8547,2026-09-06T22:05:27Z,WARN,[user-profile] Execution exception during request dispatch: Spike in unauthenticated request probe flood,"Traceback (most recent call last):
  File ""app/handlers/dispatch.py"", line 142, in process
  ServiceError: Spike in unauthenticated request probe flood"
LOG-INC-8547-3,INC-8547,2026-09-06T22:05:51Z,ERROR,[user-profile] Execution exception during request dispatch: Spike in unauthenticated request probe flood,"Traceback (most recent call last):
  File ""app/handlers/dispatch.py"", line 142, in process
  ServiceError: Spike in unauthenticated request probe flood"
LOG-INC-8548-1,INC-8548,2026-08-19T02:58:52Z,INFO,[checkout-service] Execution exception during request dispatch: Config flag default inversion causing request rejections,"Traceback (most recent call last):
  File ""app/handlers/dispatch.py"", line 142, in process
  ServiceError: Config flag default inversion causing request rejections"
LOG-INC-8548-2,INC-8548,2026-08-19T02:57:25Z,WARN,[checkout-service] Execution exception during request dispatch: Config flag default inversion causing request rejections,"Traceback (most recent call last):
  File ""app/handlers/dispatch.py"", line 142, in process
  ServiceError: Config flag default inversion causing request rejections"
LOG-INC-8548-3,INC-8548,2026-08-19T02:57:31Z,ERROR,[checkout-service] Execution exception during request dispatch: Config flag default inversion causing request rejections,"Traceback (most recent call last):
  File ""app/handlers/dispatch.py"", line 142, in process
  ServiceError: Config flag default inversion causing request rejections"
LOG-INC-8549-1,INC-8549,2026-08-12T17:37:44Z,WARN,[payment-gateway] Execution exception during request dispatch: Sudden traffic surge exceeding rate limiter bucket capacity,"Traceback (most recent call last):
  File ""app/handlers/dispatch.py"", line 142, in process
  ServiceError: Sudden traffic surge exceeding rate limiter bucket capacity"
LOG-INC-8549-2,INC-8549,2026-08-12T17:36:28Z,ERROR,[payment-gateway] Execution exception during request dispatch: Sudden traffic surge exceeding rate limiter bucket capacity,"Traceback (most recent call last):
  File ""app/handlers/dispatch.py"", line 142, in process
  ServiceError: Sudden traffic surge exceeding rate limiter bucket capacity"
LOG-INC-8549-3,INC-8549,2026-08-12T17:37:28Z,ERROR,[payment-gateway] Execution exception during request dispatch: Sudden traffic surge exceeding rate limiter bucket capacity,"Traceback (most recent call last):
  File ""app/handlers/dispatch.py"", line 142, in process
  ServiceError: Sudden traffic surge exceeding rate limiter bucket capacity"
LOG-INC-8549-4,INC-8549,2026-08-12T17:36:43Z,ERROR,[payment-gateway] Execution exception during request dispatch: Sudden traffic surge exceeding rate limiter bucket capacity,"Traceback (most recent call last):
  File ""app/handlers/dispatch.py"", line 142, in process
  ServiceError: Sudden traffic surge exceeding rate limiter bucket capacity"
LOG-INC-8550-1,INC-8550,2026-09-20T21:45:38Z,ERROR,[payment-gateway] Execution exception during request dispatch: Sudden traffic surge exceeding rate limiter bucket capacity,"Traceback (most recent call last):
  File ""app/handlers/dispatch.py"", line 142, in process
  ServiceError: Sudden traffic surge exceeding rate limiter bucket capacity"
LOG-INC-8550-2,INC-8550,2026-09-20T21:45:16Z,ERROR,[payment-gateway] Execution exception during request dispatch: Sudden traffic surge exceeding rate limiter bucket capacity,"Traceback (most recent call last):
  File ""app/handlers/dispatch.py"", line 142, in process
  ServiceError: Sudden traffic surge exceeding rate limiter bucket capacity"
LOG-INC-8550-3,INC-8550,2026-09-20T21:46:08Z,WARN,[payment-gateway] Execution exception during request dispatch: Sudden traffic surge exceeding rate limiter bucket capacity,"Traceback (most recent call last):
  File ""app/handlers/dispatch.py"", line 142, in process
  ServiceError: Sudden traffic surge exceeding rate limiter bucket capacity"
LOG-INC-8551-1,INC-8551,2026-09-07T09:07:26Z,WARN,[auth-service] Execution exception during request dispatch: DNS resolution timeouts between VPC private subnets,"Traceback (most recent call last):
  File ""app/handlers/dispatch.py"", line 142, in process
  ServiceError: DNS resolution timeouts between VPC private subnets"
LOG-INC-8551-2,INC-8551,2026-09-07T09:07:48Z,ERROR,[auth-service] Execution exception during request dispatch: DNS resolution timeouts between VPC private subnets,"Traceback (most recent call last):
  File ""app/handlers/dispatch.py"", line 142, in process
  ServiceError: DNS resolution timeouts between VPC private subnets"
LOG-INC-8551-3,INC-8551,2026-09-07T09:06:28Z,WARN,[auth-service] Execution exception during request dispatch: DNS resolution timeouts between VPC private subnets,"Traceback (most recent call last):
  File ""app/handlers/dispatch.py"", line 142, in process
  ServiceError: DNS resolution timeouts between VPC private subnets"
LOG-INC-8552-1,INC-8552,2026-09-19T06:45:20Z,ERROR,[payment-gateway] Execution exception during request dispatch: Ephemeral disk volume full due to unrotated application logs,"Traceback (most recent call last):
  File ""app/handlers/dispatch.py"", line 142, in process
  ServiceError: Ephemeral disk volume full due to unrotated application logs"
LOG-INC-8552-2,INC-8552,2026-09-19T06:46:22Z,ERROR,[payment-gateway] Execution exception during request dispatch: Ephemeral disk volume full due to unrotated application logs,"Traceback (most recent call last):
  File ""app/handlers/dispatch.py"", line 142, in process
  ServiceError: Ephemeral disk volume full due to unrotated application logs"
LOG-INC-8552-3,INC-8552,2026-09-19T06:46:13Z,ERROR,[payment-gateway] Execution exception during request dispatch: Ephemeral disk volume full due to unrotated application logs,"Traceback (most recent call last):
  File ""app/handlers/dispatch.py"", line 142, in process
  ServiceError: Ephemeral disk volume full due to unrotated application logs"
LOG-INC-8553-1,INC-8553,2026-08-25T06:22:04Z,INFO,[auth-service] Execution exception during request dispatch: Deadlock cycle in distributed checkout table lock,"Traceback (most recent call last):
  File ""app/handlers/dispatch.py"", line 142, in process
  ServiceError: Deadlock cycle in distributed checkout table lock"
LOG-INC-8553-2,INC-8553,2026-08-25T06:22:48Z,WARN,[auth-service] Execution exception during request dispatch: Deadlock cycle in distributed checkout table lock,"Traceback (most recent call last):
  File ""app/handlers/dispatch.py"", line 142, in process
  ServiceError: Deadlock cycle in distributed checkout table lock"
LOG-INC-8553-3,INC-8553,2026-08-25T06:22:00Z,INFO,[auth-service] Execution exception during request dispatch: Deadlock cycle in distributed checkout table lock,"Traceback (most recent call last):
  File ""app/handlers/dispatch.py"", line 142, in process
  ServiceError: Deadlock cycle in distributed checkout table lock"
LOG-INC-8554-1,INC-8554,2026-08-21T08:24:07Z,ERROR,[inventory-api] Execution exception during request dispatch: Database migration lock timeout during schema rollout,"Traceback (most recent call last):
  File ""app/handlers/dispatch.py"", line 142, in process
  ServiceError: Database migration lock timeout during schema rollout"
LOG-INC-8554-2,INC-8554,2026-08-21T08:24:00Z,ERROR,[inventory-api] Execution exception during request dispatch: Database migration lock timeout during schema rollout,"Traceback (most recent call last):
  File ""app/handlers/dispatch.py"", line 142, in process
  ServiceError: Database migration lock timeout during schema rollout"
LOG-INC-8554-3,INC-8554,2026-08-21T08:24:58Z,ERROR,[inventory-api] Execution exception during request dispatch: Database migration lock timeout during schema rollout,"Traceback (most recent call last):
  File ""app/handlers/dispatch.py"", line 142, in process
  ServiceError: Database migration lock timeout during schema rollout"
LOG-INC-8554-4,INC-8554,2026-08-21T08:24:02Z,ERROR,[inventory-api] Execution exception during request dispatch: Database migration lock timeout during schema rollout,"Traceback (most recent call last):
  File ""app/handlers/dispatch.py"", line 142, in process
  ServiceError: Database migration lock timeout during schema rollout"
LOG-INC-8555-1,INC-8555,2026-09-06T00:54:10Z,WARN,[search-indexer] Execution exception during request dispatch: Ephemeral disk volume full due to unrotated application logs,"Traceback (most recent call last):
  File ""app/handlers/dispatch.py"", line 142, in process
  ServiceError: Ephemeral disk volume full due to unrotated application logs"
LOG-INC-8555-2,INC-8555,2026-09-06T00:54:20Z,WARN,[search-indexer] Execution exception during request dispatch: Ephemeral disk volume full due to unrotated application logs,"Traceback (most recent call last):
  File ""app/handlers/dispatch.py"", line 142, in process
  ServiceError: Ephemeral disk volume full due to unrotated application logs"
LOG-INC-8556-1,INC-8556,2026-09-10T05:01:29Z,WARN,[user-profile] Execution exception during request dispatch: Config flag default inversion causing request rejections,"Traceback (most recent call last):
  File ""app/handlers/dispatch.py"", line 142, in process
  ServiceError: Config flag default inversion causing request rejections"
LOG-INC-8556-2,INC-8556,2026-09-10T05:00:52Z,ERROR,[user-profile] Execution exception during request dispatch: Config flag default inversion causing request rejections,"Traceback (most recent call last):
  File ""app/handlers/dispatch.py"", line 142, in process
  ServiceError: Config flag default inversion causing request rejections"
LOG-INC-8557-1,INC-8557,2026-09-02T11:51:40Z,INFO,[notification-worker] Execution exception during request dispatch: High CPU throttling on Kubernetes node worker pool,"Traceback (most recent call last):
  File ""app/handlers/dispatch.py"", line 142, in process
  ServiceError: High CPU throttling on Kubernetes node worker pool"
LOG-INC-8557-2,INC-8557,2026-09-02T11:52:22Z,INFO,[notification-worker] Execution exception during request dispatch: High CPU throttling on Kubernetes node worker pool,"Traceback (most recent call last):
  File ""app/handlers/dispatch.py"", line 142, in process
  ServiceError: High CPU throttling on Kubernetes node worker pool"
LOG-INC-8557-3,INC-8557,2026-09-02T11:51:14Z,INFO,[notification-worker] Execution exception during request dispatch: High CPU throttling on Kubernetes node worker pool,"Traceback (most recent call last):
  File ""app/handlers/dispatch.py"", line 142, in process
  ServiceError: High CPU throttling on Kubernetes node worker pool"
LOG-INC-8557-4,INC-8557,2026-09-02T11:52:59Z,INFO,[notification-worker] Execution exception during request dispatch: High CPU throttling on Kubernetes node worker pool,"Traceback (most recent call last):
  File ""app/handlers/dispatch.py"", line 142, in process
  ServiceError: High CPU throttling on Kubernetes node worker pool"
LOG-INC-8558-1,INC-8558,2026-08-30T14:03:07Z,WARN,[notification-worker] Execution exception during request dispatch: Garbage collection pause duration exceeding 1500ms,"Traceback (most recent call last):
  File ""app/handlers/dispatch.py"", line 142, in process
  ServiceError: Garbage collection pause duration exceeding 1500ms"
LOG-INC-8558-2,INC-8558,2026-08-30T14:03:07Z,INFO,[notification-worker] Execution exception during request dispatch: Garbage collection pause duration exceeding 1500ms,"Traceback (most recent call last):
  File ""app/handlers/dispatch.py"", line 142, in process
  ServiceError: Garbage collection pause duration exceeding 1500ms"
LOG-INC-8558-3,INC-8558,2026-08-30T14:04:45Z,INFO,[notification-worker] Execution exception during request dispatch: Garbage collection pause duration exceeding 1500ms,"Traceback (most recent call last):
  File ""app/handlers/dispatch.py"", line 142, in process
  ServiceError: Garbage collection pause duration exceeding 1500ms"
LOG-INC-8558-4,INC-8558,2026-08-30T14:03:05Z,WARN,[notification-worker] Execution exception during request dispatch: Garbage collection pause duration exceeding 1500ms,"Traceback (most recent call last):
  File ""app/handlers/dispatch.py"", line 142, in process
  ServiceError: Garbage collection pause duration exceeding 1500ms"
LOG-INC-8559-1,INC-8559,2026-08-24T13:47:41Z,WARN,[user-profile] Execution exception during request dispatch: Stale cache invalidation logic deployed in Canary,"Traceback (most recent call last):
  File ""app/handlers/dispatch.py"", line 142, in process
  ServiceError: Stale cache invalidation logic deployed in Canary"
LOG-INC-8559-2,INC-8559,2026-08-24T13:46:56Z,ERROR,[user-profile] Execution exception during request dispatch: Stale cache invalidation logic deployed in Canary,"Traceback (most recent call last):
  File ""app/handlers/dispatch.py"", line 142, in process
  ServiceError: Stale cache invalidation logic deployed in Canary"
LOG-INC-8559-3,INC-8559,2026-08-24T13:47:16Z,WARN,[user-profile] Execution exception during request dispatch: Stale cache invalidation logic deployed in Canary,"Traceback (most recent call last):
  File ""app/handlers/dispatch.py"", line 142, in process
  ServiceError: Stale cache invalidation logic deployed in Canary"
LOG-INC-8560-1,INC-8560,2026-09-21T16:56:37Z,WARN,[auth-service] Execution exception during request dispatch: Sudden traffic surge exceeding rate limiter bucket capacity,"Traceback (most recent call last):
  File ""app/handlers/dispatch.py"", line 142, in process
  ServiceError: Sudden traffic surge exceeding rate limiter bucket capacity"
LOG-INC-8560-2,INC-8560,2026-09-21T16:55:33Z,ERROR,[auth-service] Execution exception during request dispatch: Sudden traffic surge exceeding rate limiter bucket capacity,"Traceback (most recent call last):
  File ""app/handlers/dispatch.py"", line 142, in process
  ServiceError: Sudden traffic surge exceeding rate limiter bucket capacity"
LOG-INC-8560-3,INC-8560,2026-09-21T16:55:16Z,ERROR,[auth-service] Execution exception during request dispatch: Sudden traffic surge exceeding rate limiter bucket capacity,"Traceback (most recent call last):
  File ""app/handlers/dispatch.py"", line 142, in process
  ServiceError: Sudden traffic surge exceeding rate limiter bucket capacity"
LOG-INC-8560-4,INC-8560,2026-09-21T16:56:37Z,WARN,[auth-service] Execution exception during request dispatch: Sudden traffic surge exceeding rate limiter bucket capacity,"Traceback (most recent call last):
  File ""app/handlers/dispatch.py"", line 142, in process
  ServiceError: Sudden traffic surge exceeding rate limiter bucket capacity"
LOG-INC-8561-1,INC-8561,2026-09-19T18:07:26Z,WARN,[search-indexer] Execution exception during request dispatch: Unindexed query scan causing read replica CPU spike,"Traceback (most recent call last):
  File ""app/handlers/dispatch.py"", line 142, in process
  ServiceError: Unindexed query scan causing read replica CPU spike"
LOG-INC-8561-2,INC-8561,2026-09-19T18:07:30Z,ERROR,[search-indexer] Execution exception during request dispatch: Unindexed query scan causing read replica CPU spike,"Traceback (most recent call last):
  File ""app/handlers/dispatch.py"", line 142, in process
  ServiceError: Unindexed query scan causing read replica CPU spike"
LOG-INC-8561-3,INC-8561,2026-09-19T18:07:11Z,INFO,[search-indexer] Execution exception during request dispatch: Unindexed query scan causing read replica CPU spike,"Traceback (most recent call last):
  File ""app/handlers/dispatch.py"", line 142, in process
  ServiceError: Unindexed query scan causing read replica CPU spike"
LOG-INC-8562-1,INC-8562,2026-09-22T17:20:29Z,ERROR,[notification-worker] Execution exception during request dispatch: Garbage collection pause duration exceeding 1500ms,"Traceback (most recent call last):
  File ""app/handlers/dispatch.py"", line 142, in process
  ServiceError: Garbage collection pause duration exceeding 1500ms"
LOG-INC-8562-2,INC-8562,2026-09-22T17:20:27Z,ERROR,[notification-worker] Execution exception during request dispatch: Garbage collection pause duration exceeding 1500ms,"Traceback (most recent call last):
  File ""app/handlers/dispatch.py"", line 142, in process
  ServiceError: Garbage collection pause duration exceeding 1500ms"
LOG-INC-8563-1,INC-8563,2026-09-10T23:55:42Z,INFO,[order-processing] Execution exception during request dispatch: Recursive call in JSON parsing leading to stack exhaustion,"Traceback (most recent call last):
  File ""app/handlers/dispatch.py"", line 142, in process
  ServiceError: Recursive call in JSON parsing leading to stack exhaustion"
LOG-INC-8563-2,INC-8563,2026-09-10T23:55:10Z,WARN,[order-processing] Execution exception during request dispatch: Recursive call in JSON parsing leading to stack exhaustion,"Traceback (most recent call last):
  File ""app/handlers/dispatch.py"", line 142, in process
  ServiceError: Recursive call in JSON parsing leading to stack exhaustion"
LOG-INC-8563-3,INC-8563,2026-09-10T23:55:42Z,WARN,[order-processing] Execution exception during request dispatch: Recursive call in JSON parsing leading to stack exhaustion,"Traceback (most recent call last):
  File ""app/handlers/dispatch.py"", line 142, in process
  ServiceError: Recursive call in JSON parsing leading to stack exhaustion"
LOG-INC-8563-4,INC-8563,2026-09-10T23:55:35Z,WARN,[order-processing] Execution exception during request dispatch: Recursive call in JSON parsing leading to stack exhaustion,"Traceback (most recent call last):
  File ""app/handlers/dispatch.py"", line 142, in process
  ServiceError: Recursive call in JSON parsing leading to stack exhaustion"
LOG-INC-8564-1,INC-8564,2026-08-17T21:40:23Z,WARN,[order-processing] Execution exception during request dispatch: Connection pool saturation under sustained transaction load,"Traceback (most recent call last):
  File ""app/handlers/dispatch.py"", line 142, in process
  ServiceError: Connection pool saturation under sustained transaction load"
LOG-INC-8564-2,INC-8564,2026-08-17T21:41:57Z,ERROR,[order-processing] Execution exception during request dispatch: Connection pool saturation under sustained transaction load,"Traceback (most recent call last):
  File ""app/handlers/dispatch.py"", line 142, in process
  ServiceError: Connection pool saturation under sustained transaction load"
LOG-INC-8565-1,INC-8565,2026-09-08T10:12:47Z,ERROR,[notification-worker] Execution exception during request dispatch: Database migration lock timeout during schema rollout,"Traceback (most recent call last):
  File ""app/handlers/dispatch.py"", line 142, in process
  ServiceError: Database migration lock timeout during schema rollout"
LOG-INC-8565-2,INC-8565,2026-09-08T10:13:01Z,WARN,[notification-worker] Execution exception during request dispatch: Database migration lock timeout during schema rollout,"Traceback (most recent call last):
  File ""app/handlers/dispatch.py"", line 142, in process
  ServiceError: Database migration lock timeout during schema rollout"
LOG-INC-8565-3,INC-8565,2026-09-08T10:12:52Z,ERROR,[notification-worker] Execution exception during request dispatch: Database migration lock timeout during schema rollout,"Traceback (most recent call last):
  File ""app/handlers/dispatch.py"", line 142, in process
  ServiceError: Database migration lock timeout during schema rollout"
LOG-INC-8565-4,INC-8565,2026-09-08T10:12:11Z,INFO,[notification-worker] Execution exception during request dispatch: Database migration lock timeout during schema rollout,"Traceback (most recent call last):
  File ""app/handlers/dispatch.py"", line 142, in process
  ServiceError: Database migration lock timeout during schema rollout"
LOG-INC-8566-1,INC-8566,2026-09-02T09:21:00Z,ERROR,[order-processing] Execution exception during request dispatch: Recursive call in JSON parsing leading to stack exhaustion,"Traceback (most recent call last):
  File ""app/handlers/dispatch.py"", line 142, in process
  ServiceError: Recursive call in JSON parsing leading to stack exhaustion"
LOG-INC-8566-2,INC-8566,2026-09-02T09:21:32Z,ERROR,[order-processing] Execution exception during request dispatch: Recursive call in JSON parsing leading to stack exhaustion,"Traceback (most recent call last):
  File ""app/handlers/dispatch.py"", line 142, in process
  ServiceError: Recursive call in JSON parsing leading to stack exhaustion"
LOG-INC-8566-3,INC-8566,2026-09-02T09:21:27Z,ERROR,[order-processing] Execution exception during request dispatch: Recursive call in JSON parsing leading to stack exhaustion,"Traceback (most recent call last):
  File ""app/handlers/dispatch.py"", line 142, in process
  ServiceError: Recursive call in JSON parsing leading to stack exhaustion"
LOG-INC-8566-4,INC-8566,2026-09-02T09:20:19Z,ERROR,[order-processing] Execution exception during request dispatch: Recursive call in JSON parsing leading to stack exhaustion,"Traceback (most recent call last):
  File ""app/handlers/dispatch.py"", line 142, in process
  ServiceError: Recursive call in JSON parsing leading to stack exhaustion"
LOG-INC-8567-1,INC-8567,2026-08-25T15:42:55Z,ERROR,[inventory-api] Execution exception during request dispatch: Sudden traffic surge exceeding rate limiter bucket capacity,"Traceback (most recent call last):
  File ""app/handlers/dispatch.py"", line 142, in process
  ServiceError: Sudden traffic surge exceeding rate limiter bucket capacity"
LOG-INC-8567-2,INC-8567,2026-08-25T15:42:33Z,INFO,[inventory-api] Execution exception during request dispatch: Sudden traffic surge exceeding rate limiter bucket capacity,"Traceback (most recent call last):
  File ""app/handlers/dispatch.py"", line 142, in process
  ServiceError: Sudden traffic surge exceeding rate limiter bucket capacity"
LOG-INC-8567-3,INC-8567,2026-08-25T15:43:50Z,INFO,[inventory-api] Execution exception during request dispatch: Sudden traffic surge exceeding rate limiter bucket capacity,"Traceback (most recent call last):
  File ""app/handlers/dispatch.py"", line 142, in process
  ServiceError: Sudden traffic surge exceeding rate limiter bucket capacity"
LOG-INC-8568-1,INC-8568,2026-09-18T01:37:24Z,WARN,[checkout-service] Execution exception during request dispatch: Ephemeral disk volume full due to unrotated application logs,"Traceback (most recent call last):
  File ""app/handlers/dispatch.py"", line 142, in process
  ServiceError: Ephemeral disk volume full due to unrotated application logs"
LOG-INC-8568-2,INC-8568,2026-09-18T01:37:39Z,WARN,[checkout-service] Execution exception during request dispatch: Ephemeral disk volume full due to unrotated application logs,"Traceback (most recent call last):
  File ""app/handlers/dispatch.py"", line 142, in process
  ServiceError: Ephemeral disk volume full due to unrotated application logs"
LOG-INC-8568-3,INC-8568,2026-09-18T01:37:54Z,INFO,[checkout-service] Execution exception during request dispatch: Ephemeral disk volume full due to unrotated application logs,"Traceback (most recent call last):
  File ""app/handlers/dispatch.py"", line 142, in process
  ServiceError: Ephemeral disk volume full due to unrotated application logs"
LOG-INC-8568-4,INC-8568,2026-09-18T01:36:35Z,ERROR,[checkout-service] Execution exception during request dispatch: Ephemeral disk volume full due to unrotated application logs,"Traceback (most recent call last):
  File ""app/handlers/dispatch.py"", line 142, in process
  ServiceError: Ephemeral disk volume full due to unrotated application logs"
LOG-INC-8569-1,INC-8569,2026-08-13T03:29:26Z,INFO,[payment-gateway] Execution exception during request dispatch: Race condition in concurrent token refresh logic,"Traceback (most recent call last):
  File ""app/handlers/dispatch.py"", line 142, in process
  ServiceError: Race condition in concurrent token refresh logic"
LOG-INC-8569-2,INC-8569,2026-08-13T03:30:42Z,ERROR,[payment-gateway] Execution exception during request dispatch: Race condition in concurrent token refresh logic,"Traceback (most recent call last):
  File ""app/handlers/dispatch.py"", line 142, in process
  ServiceError: Race condition in concurrent token refresh logic"
LOG-INC-8570-1,INC-8570,2026-09-22T05:11:47Z,WARN,[payment-gateway] Execution exception during request dispatch: High CPU throttling on Kubernetes node worker pool,"Traceback (most recent call last):
  File ""app/handlers/dispatch.py"", line 142, in process
  ServiceError: High CPU throttling on Kubernetes node worker pool"
LOG-INC-8570-2,INC-8570,2026-09-22T05:12:07Z,INFO,[payment-gateway] Execution exception during request dispatch: High CPU throttling on Kubernetes node worker pool,"Traceback (most recent call last):
  File ""app/handlers/dispatch.py"", line 142, in process
  ServiceError: High CPU throttling on Kubernetes node worker pool"
LOG-INC-8570-3,INC-8570,2026-09-22T05:11:49Z,INFO,[payment-gateway] Execution exception during request dispatch: High CPU throttling on Kubernetes node worker pool,"Traceback (most recent call last):
  File ""app/handlers/dispatch.py"", line 142, in process
  ServiceError: High CPU throttling on Kubernetes node worker pool"
LOG-INC-8570-4,INC-8570,2026-09-22T05:11:37Z,INFO,[payment-gateway] Execution exception during request dispatch: High CPU throttling on Kubernetes node worker pool,"Traceback (most recent call last):
  File ""app/handlers/dispatch.py"", line 142, in process
  ServiceError: High CPU throttling on Kubernetes node worker pool"
LOG-INC-8571-1,INC-8571,2026-09-14T04:56:26Z,ERROR,[user-profile] Execution exception during request dispatch: Network packet loss on Kubernetes overlay CNI bridge,"Traceback (most recent call last):
  File ""app/handlers/dispatch.py"", line 142, in process
  ServiceError: Network packet loss on Kubernetes overlay CNI bridge"
LOG-INC-8571-2,INC-8571,2026-09-14T04:55:23Z,WARN,[user-profile] Execution exception during request dispatch: Network packet loss on Kubernetes overlay CNI bridge,"Traceback (most recent call last):
  File ""app/handlers/dispatch.py"", line 142, in process
  ServiceError: Network packet loss on Kubernetes overlay CNI bridge"
LOG-INC-8571-3,INC-8571,2026-09-14T04:56:54Z,ERROR,[user-profile] Execution exception during request dispatch: Network packet loss on Kubernetes overlay CNI bridge,"Traceback (most recent call last):
  File ""app/handlers/dispatch.py"", line 142, in process
  ServiceError: Network packet loss on Kubernetes overlay CNI bridge"
LOG-INC-8571-4,INC-8571,2026-09-14T04:56:29Z,ERROR,[user-profile] Execution exception during request dispatch: Network packet loss on Kubernetes overlay CNI bridge,"Traceback (most recent call last):
  File ""app/handlers/dispatch.py"", line 142, in process
  ServiceError: Network packet loss on Kubernetes overlay CNI bridge"
LOG-INC-8572-1,INC-8572,2026-08-17T13:43:00Z,WARN,[auth-service] Execution exception during request dispatch: Unhandled arithmetic overflow in currency conversion,"Traceback (most recent call last):
  File ""app/handlers/dispatch.py"", line 142, in process
  ServiceError: Unhandled arithmetic overflow in currency conversion"
LOG-INC-8572-2,INC-8572,2026-08-17T13:42:57Z,INFO,[auth-service] Execution exception during request dispatch: Unhandled arithmetic overflow in currency conversion,"Traceback (most recent call last):
  File ""app/handlers/dispatch.py"", line 142, in process
  ServiceError: Unhandled arithmetic overflow in currency conversion"
LOG-INC-8572-3,INC-8572,2026-08-17T13:41:27Z,WARN,[auth-service] Execution exception during request dispatch: Unhandled arithmetic overflow in currency conversion,"Traceback (most recent call last):
  File ""app/handlers/dispatch.py"", line 142, in process
  ServiceError: Unhandled arithmetic overflow in currency conversion"
LOG-INC-8572-4,INC-8572,2026-08-17T13:42:31Z,WARN,[auth-service] Execution exception during request dispatch: Unhandled arithmetic overflow in currency conversion,"Traceback (most recent call last):
  File ""app/handlers/dispatch.py"", line 142, in process
  ServiceError: Unhandled arithmetic overflow in currency conversion"
LOG-INC-8573-1,INC-8573,2026-09-13T08:45:08Z,INFO,[user-profile] Execution exception during request dispatch: Stale cache invalidation logic deployed in Canary,"Traceback (most recent call last):
  File ""app/handlers/dispatch.py"", line 142, in process
  ServiceError: Stale cache invalidation logic deployed in Canary"
LOG-INC-8573-2,INC-8573,2026-09-13T08:44:23Z,WARN,[user-profile] Execution exception during request dispatch: Stale cache invalidation logic deployed in Canary,"Traceback (most recent call last):
  File ""app/handlers/dispatch.py"", line 142, in process
  ServiceError: Stale cache invalidation logic deployed in Canary"
LOG-INC-8574-1,INC-8574,2026-09-20T20:56:05Z,WARN,[auth-service] Execution exception during request dispatch: Stale cache invalidation logic deployed in Canary,"Traceback (most recent call last):
  File ""app/handlers/dispatch.py"", line 142, in process
  ServiceError: Stale cache invalidation logic deployed in Canary"
LOG-INC-8574-2,INC-8574,2026-09-20T20:56:50Z,INFO,[auth-service] Execution exception during request dispatch: Stale cache invalidation logic deployed in Canary,"Traceback (most recent call last):
  File ""app/handlers/dispatch.py"", line 142, in process
  ServiceError: Stale cache invalidation logic deployed in Canary"
LOG-INC-8574-3,INC-8574,2026-09-20T20:57:51Z,ERROR,[auth-service] Execution exception during request dispatch: Stale cache invalidation logic deployed in Canary,"Traceback (most recent call last):
  File ""app/handlers/dispatch.py"", line 142, in process
  ServiceError: Stale cache invalidation logic deployed in Canary"
LOG-INC-8575-1,INC-8575,2026-08-24T03:04:15Z,ERROR,[checkout-service] Execution exception during request dispatch: Inter-region transit latency degradation exceeding SLA,"Traceback (most recent call last):
  File ""app/handlers/dispatch.py"", line 142, in process
  ServiceError: Inter-region transit latency degradation exceeding SLA"
LOG-INC-8575-2,INC-8575,2026-08-24T03:04:42Z,ERROR,[checkout-service] Execution exception during request dispatch: Inter-region transit latency degradation exceeding SLA,"Traceback (most recent call last):
  File ""app/handlers/dispatch.py"", line 142, in process
  ServiceError: Inter-region transit latency degradation exceeding SLA"
LOG-INC-8575-3,INC-8575,2026-08-24T03:04:33Z,ERROR,[checkout-service] Execution exception during request dispatch: Inter-region transit latency degradation exceeding SLA,"Traceback (most recent call last):
  File ""app/handlers/dispatch.py"", line 142, in process
  ServiceError: Inter-region transit latency degradation exceeding SLA"
LOG-INC-8575-4,INC-8575,2026-08-24T03:04:09Z,ERROR,[checkout-service] Execution exception during request dispatch: Inter-region transit latency degradation exceeding SLA,"Traceback (most recent call last):
  File ""app/handlers/dispatch.py"", line 142, in process
  ServiceError: Inter-region transit latency degradation exceeding SLA"
LOG-INC-8576-1,INC-8576,2026-08-20T21:11:43Z,ERROR,[inventory-api] Execution exception during request dispatch: Distributed crawler burst triggering endpoint 429 retries,"Traceback (most recent call last):
  File ""app/handlers/dispatch.py"", line 142, in process
  ServiceError: Distributed crawler burst triggering endpoint 429 retries"
LOG-INC-8576-2,INC-8576,2026-08-20T21:10:30Z,ERROR,[inventory-api] Execution exception during request dispatch: Distributed crawler burst triggering endpoint 429 retries,"Traceback (most recent call last):
  File ""app/handlers/dispatch.py"", line 142, in process
  ServiceError: Distributed crawler burst triggering endpoint 429 retries"
LOG-INC-8576-3,INC-8576,2026-08-20T21:10:37Z,ERROR,[inventory-api] Execution exception during request dispatch: Distributed crawler burst triggering endpoint 429 retries,"Traceback (most recent call last):
  File ""app/handlers/dispatch.py"", line 142, in process
  ServiceError: Distributed crawler burst triggering endpoint 429 retries"
LOG-INC-8576-4,INC-8576,2026-08-20T21:10:22Z,ERROR,[inventory-api] Execution exception during request dispatch: Distributed crawler burst triggering endpoint 429 retries,"Traceback (most recent call last):
  File ""app/handlers/dispatch.py"", line 142, in process
  ServiceError: Distributed crawler burst triggering endpoint 429 retries"
LOG-INC-8577-1,INC-8577,2026-09-02T12:37:09Z,INFO,[notification-worker] Execution exception during request dispatch: Corrupted response payload format failing client validation,"Traceback (most recent call last):
  File ""app/handlers/dispatch.py"", line 142, in process
  ServiceError: Corrupted response payload format failing client validation"
LOG-INC-8577-2,INC-8577,2026-09-02T12:37:36Z,WARN,[notification-worker] Execution exception during request dispatch: Corrupted response payload format failing client validation,"Traceback (most recent call last):
  File ""app/handlers/dispatch.py"", line 142, in process
  ServiceError: Corrupted response payload format failing client validation"
LOG-INC-8577-3,INC-8577,2026-09-02T12:37:04Z,WARN,[notification-worker] Execution exception during request dispatch: Corrupted response payload format failing client validation,"Traceback (most recent call last):
  File ""app/handlers/dispatch.py"", line 142, in process
  ServiceError: Corrupted response payload format failing client validation"
LOG-INC-8578-1,INC-8578,2026-08-31T01:54:24Z,INFO,[search-indexer] Execution exception during request dispatch: Slow query cascade triggering client connection timeout,"Traceback (most recent call last):
  File ""app/handlers/dispatch.py"", line 142, in process
  ServiceError: Slow query cascade triggering client connection timeout"
LOG-INC-8578-2,INC-8578,2026-08-31T01:55:00Z,INFO,[search-indexer] Execution exception during request dispatch: Slow query cascade triggering client connection timeout,"Traceback (most recent call last):
  File ""app/handlers/dispatch.py"", line 142, in process
  ServiceError: Slow query cascade triggering client connection timeout"
LOG-INC-8579-1,INC-8579,2026-09-21T14:51:50Z,WARN,[notification-worker] Execution exception during request dispatch: Null pointer exception in payload serialization post-release,"Traceback (most recent call last):
  File ""app/handlers/dispatch.py"", line 142, in process
  ServiceError: Null pointer exception in payload serialization post-release"
LOG-INC-8579-2,INC-8579,2026-09-21T14:51:17Z,WARN,[notification-worker] Execution exception during request dispatch: Null pointer exception in payload serialization post-release,"Traceback (most recent call last):
  File ""app/handlers/dispatch.py"", line 142, in process
  ServiceError: Null pointer exception in payload serialization post-release"
LOG-INC-8580-1,INC-8580,2026-08-28T09:05:25Z,WARN,[order-processing] Execution exception during request dispatch: Batch data import job executed during peak consumer hours,"Traceback (most recent call last):
  File ""app/handlers/dispatch.py"", line 142, in process
  ServiceError: Batch data import job executed during peak consumer hours"
LOG-INC-8580-2,INC-8580,2026-08-28T09:05:37Z,ERROR,[order-processing] Execution exception during request dispatch: Batch data import job executed during peak consumer hours,"Traceback (most recent call last):
  File ""app/handlers/dispatch.py"", line 142, in process
  ServiceError: Batch data import job executed during peak consumer hours"
LOG-INC-8580-3,INC-8580,2026-08-28T09:05:48Z,WARN,[order-processing] Execution exception during request dispatch: Batch data import job executed during peak consumer hours,"Traceback (most recent call last):
  File ""app/handlers/dispatch.py"", line 142, in process
  ServiceError: Batch data import job executed during peak consumer hours"
LOG-INC-8581-1,INC-8581,2026-09-23T22:58:56Z,WARN,[auth-service] Execution exception during request dispatch: Stale cache invalidation logic deployed in Canary,"Traceback (most recent call last):
  File ""app/handlers/dispatch.py"", line 142, in process
  ServiceError: Stale cache invalidation logic deployed in Canary"
LOG-INC-8581-2,INC-8581,2026-09-23T22:58:28Z,ERROR,[auth-service] Execution exception during request dispatch: Stale cache invalidation logic deployed in Canary,"Traceback (most recent call last):
  File ""app/handlers/dispatch.py"", line 142, in process
  ServiceError: Stale cache invalidation logic deployed in Canary"
LOG-INC-8581-3,INC-8581,2026-09-23T22:59:52Z,INFO,[auth-service] Execution exception during request dispatch: Stale cache invalidation logic deployed in Canary,"Traceback (most recent call last):
  File ""app/handlers/dispatch.py"", line 142, in process
  ServiceError: Stale cache invalidation logic deployed in Canary"
LOG-INC-8582-1,INC-8582,2026-08-23T17:41:05Z,WARN,[payment-gateway] Execution exception during request dispatch: TCP socket connection reset by peer on egress gateway,"Traceback (most recent call last):
  File ""app/handlers/dispatch.py"", line 142, in process
  ServiceError: TCP socket connection reset by peer on egress gateway"
LOG-INC-8582-2,INC-8582,2026-08-23T17:40:42Z,WARN,[payment-gateway] Execution exception during request dispatch: TCP socket connection reset by peer on egress gateway,"Traceback (most recent call last):
  File ""app/handlers/dispatch.py"", line 142, in process
  ServiceError: TCP socket connection reset by peer on egress gateway"
LOG-INC-8583-1,INC-8583,2026-09-05T16:30:06Z,INFO,[auth-service] Execution exception during request dispatch: Recursive call in JSON parsing leading to stack exhaustion,"Traceback (most recent call last):
  File ""app/handlers/dispatch.py"", line 142, in process
  ServiceError: Recursive call in JSON parsing leading to stack exhaustion"
LOG-INC-8583-2,INC-8583,2026-09-05T16:30:43Z,ERROR,[auth-service] Execution exception during request dispatch: Recursive call in JSON parsing leading to stack exhaustion,"Traceback (most recent call last):
  File ""app/handlers/dispatch.py"", line 142, in process
  ServiceError: Recursive call in JSON parsing leading to stack exhaustion"
LOG-INC-8583-3,INC-8583,2026-09-05T16:31:27Z,INFO,[auth-service] Execution exception during request dispatch: Recursive call in JSON parsing leading to stack exhaustion,"Traceback (most recent call last):
  File ""app/handlers/dispatch.py"", line 142, in process
  ServiceError: Recursive call in JSON parsing leading to stack exhaustion"
LOG-INC-8584-1,INC-8584,2026-09-16T21:33:12Z,WARN,[inventory-api] Execution exception during request dispatch: Deadlock cycle in distributed checkout table lock,"Traceback (most recent call last):
  File ""app/handlers/dispatch.py"", line 142, in process
  ServiceError: Deadlock cycle in distributed checkout table lock"
LOG-INC-8584-2,INC-8584,2026-09-16T21:33:10Z,ERROR,[inventory-api] Execution exception during request dispatch: Deadlock cycle in distributed checkout table lock,"Traceback (most recent call last):
  File ""app/handlers/dispatch.py"", line 142, in process
  ServiceError: Deadlock cycle in distributed checkout table lock"
LOG-INC-8584-3,INC-8584,2026-09-16T21:32:27Z,INFO,[inventory-api] Execution exception during request dispatch: Deadlock cycle in distributed checkout table lock,"Traceback (most recent call last):
  File ""app/handlers/dispatch.py"", line 142, in process
  ServiceError: Deadlock cycle in distributed checkout table lock"
LOG-INC-8584-4,INC-8584,2026-09-16T21:32:24Z,WARN,[inventory-api] Execution exception during request dispatch: Deadlock cycle in distributed checkout table lock,"Traceback (most recent call last):
  File ""app/handlers/dispatch.py"", line 142, in process
  ServiceError: Deadlock cycle in distributed checkout table lock"
LOG-INC-8585-1,INC-8585,2026-09-23T09:16:06Z,WARN,[user-profile] Execution exception during request dispatch: Deadlock cycle in distributed checkout table lock,"Traceback (most recent call last):
  File ""app/handlers/dispatch.py"", line 142, in process
  ServiceError: Deadlock cycle in distributed checkout table lock"
LOG-INC-8585-2,INC-8585,2026-09-23T09:16:05Z,INFO,[user-profile] Execution exception during request dispatch: Deadlock cycle in distributed checkout table lock,"Traceback (most recent call last):
  File ""app/handlers/dispatch.py"", line 142, in process
  ServiceError: Deadlock cycle in distributed checkout table lock"
LOG-INC-8585-3,INC-8585,2026-09-23T09:16:29Z,ERROR,[user-profile] Execution exception during request dispatch: Deadlock cycle in distributed checkout table lock,"Traceback (most recent call last):
  File ""app/handlers/dispatch.py"", line 142, in process
  ServiceError: Deadlock cycle in distributed checkout table lock"
LOG-INC-8585-4,INC-8585,2026-09-23T09:16:18Z,INFO,[user-profile] Execution exception during request dispatch: Deadlock cycle in distributed checkout table lock,"Traceback (most recent call last):
  File ""app/handlers/dispatch.py"", line 142, in process
  ServiceError: Deadlock cycle in distributed checkout table lock"
LOG-INC-8586-1,INC-8586,2026-08-14T23:21:42Z,ERROR,[search-indexer] Execution exception during request dispatch: Config flag default inversion causing request rejections,"Traceback (most recent call last):
  File ""app/handlers/dispatch.py"", line 142, in process
  ServiceError: Config flag default inversion causing request rejections"
LOG-INC-8586-2,INC-8586,2026-08-14T23:21:43Z,INFO,[search-indexer] Execution exception during request dispatch: Config flag default inversion causing request rejections,"Traceback (most recent call last):
  File ""app/handlers/dispatch.py"", line 142, in process
  ServiceError: Config flag default inversion causing request rejections"
LOG-INC-8586-3,INC-8586,2026-08-14T23:21:46Z,ERROR,[search-indexer] Execution exception during request dispatch: Config flag default inversion causing request rejections,"Traceback (most recent call last):
  File ""app/handlers/dispatch.py"", line 142, in process
  ServiceError: Config flag default inversion causing request rejections"
LOG-INC-8587-1,INC-8587,2026-09-06T09:30:25Z,ERROR,[auth-service] Execution exception during request dispatch: Pod memory limit hit triggering repeated OOMKilled events,"Traceback (most recent call last):
  File ""app/handlers/dispatch.py"", line 142, in process
  ServiceError: Pod memory limit hit triggering repeated OOMKilled events"
LOG-INC-8587-2,INC-8587,2026-09-06T09:29:27Z,WARN,[auth-service] Execution exception during request dispatch: Pod memory limit hit triggering repeated OOMKilled events,"Traceback (most recent call last):
  File ""app/handlers/dispatch.py"", line 142, in process
  ServiceError: Pod memory limit hit triggering repeated OOMKilled events"
LOG-INC-8587-3,INC-8587,2026-09-06T09:29:18Z,INFO,[auth-service] Execution exception during request dispatch: Pod memory limit hit triggering repeated OOMKilled events,"Traceback (most recent call last):
  File ""app/handlers/dispatch.py"", line 142, in process
  ServiceError: Pod memory limit hit triggering repeated OOMKilled events"
LOG-INC-8587-4,INC-8587,2026-09-06T09:30:02Z,WARN,[auth-service] Execution exception during request dispatch: Pod memory limit hit triggering repeated OOMKilled events,"Traceback (most recent call last):
  File ""app/handlers/dispatch.py"", line 142, in process
  ServiceError: Pod memory limit hit triggering repeated OOMKilled events"
LOG-INC-8588-1,INC-8588,2026-09-16T05:28:00Z,INFO,[order-processing] Execution exception during request dispatch: Corrupted response payload format failing client validation,"Traceback (most recent call last):
  File ""app/handlers/dispatch.py"", line 142, in process
  ServiceError: Corrupted response payload format failing client validation"
LOG-INC-8588-2,INC-8588,2026-09-16T05:28:48Z,ERROR,[order-processing] Execution exception during request dispatch: Corrupted response payload format failing client validation,"Traceback (most recent call last):
  File ""app/handlers/dispatch.py"", line 142, in process
  ServiceError: Corrupted response payload format failing client validation"
LOG-INC-8589-1,INC-8589,2026-09-23T05:10:38Z,INFO,[auth-service] Execution exception during request dispatch: Connection pool saturation under sustained transaction load,"Traceback (most recent call last):
  File ""app/handlers/dispatch.py"", line 142, in process
  ServiceError: Connection pool saturation under sustained transaction load"
LOG-INC-8589-2,INC-8589,2026-09-23T05:10:27Z,INFO,[auth-service] Execution exception during request dispatch: Connection pool saturation under sustained transaction load,"Traceback (most recent call last):
  File ""app/handlers/dispatch.py"", line 142, in process
  ServiceError: Connection pool saturation under sustained transaction load"
LOG-INC-8589-3,INC-8589,2026-09-23T05:10:08Z,ERROR,[auth-service] Execution exception during request dispatch: Connection pool saturation under sustained transaction load,"Traceback (most recent call last):
  File ""app/handlers/dispatch.py"", line 142, in process
  ServiceError: Connection pool saturation under sustained transaction load"
LOG-INC-8589-4,INC-8589,2026-09-23T05:10:51Z,ERROR,[auth-service] Execution exception during request dispatch: Connection pool saturation under sustained transaction load,"Traceback (most recent call last):
  File ""app/handlers/dispatch.py"", line 142, in process
  ServiceError: Connection pool saturation under sustained transaction load"
LOG-INC-8590-1,INC-8590,2026-08-17T17:09:21Z,INFO,[user-profile] Execution exception during request dispatch: Flash sale burst traffic causing ingress queue build-up,"Traceback (most recent call last):
  File ""app/handlers/dispatch.py"", line 142, in process
  ServiceError: Flash sale burst traffic causing ingress queue build-up"
LOG-INC-8590-2,INC-8590,2026-08-17T17:09:43Z,ERROR,[user-profile] Execution exception during request dispatch: Flash sale burst traffic causing ingress queue build-up,"Traceback (most recent call last):
  File ""app/handlers/dispatch.py"", line 142, in process
  ServiceError: Flash sale burst traffic causing ingress queue build-up"
LOG-INC-8591-1,INC-8591,2026-09-19T07:21:13Z,INFO,[user-profile] Execution exception during request dispatch: Ephemeral disk volume full due to unrotated application logs,"Traceback (most recent call last):
  File ""app/handlers/dispatch.py"", line 142, in process
  ServiceError: Ephemeral disk volume full due to unrotated application logs"
LOG-INC-8591-2,INC-8591,2026-09-19T07:20:35Z,INFO,[user-profile] Execution exception during request dispatch: Ephemeral disk volume full due to unrotated application logs,"Traceback (most recent call last):
  File ""app/handlers/dispatch.py"", line 142, in process
  ServiceError: Ephemeral disk volume full due to unrotated application logs"
LOG-INC-8592-1,INC-8592,2026-08-17T01:48:31Z,ERROR,[notification-worker] Execution exception during request dispatch: Pod memory limit hit triggering repeated OOMKilled events,"Traceback (most recent call last):
  File ""app/handlers/dispatch.py"", line 142, in process
  ServiceError: Pod memory limit hit triggering repeated OOMKilled events"
LOG-INC-8592-2,INC-8592,2026-08-17T01:49:15Z,ERROR,[notification-worker] Execution exception during request dispatch: Pod memory limit hit triggering repeated OOMKilled events,"Traceback (most recent call last):
  File ""app/handlers/dispatch.py"", line 142, in process
  ServiceError: Pod memory limit hit triggering repeated OOMKilled events"
LOG-INC-8593-1,INC-8593,2026-08-17T02:21:39Z,INFO,[payment-gateway] Execution exception during request dispatch: Stale cache invalidation logic deployed in Canary,"Traceback (most recent call last):
  File ""app/handlers/dispatch.py"", line 142, in process
  ServiceError: Stale cache invalidation logic deployed in Canary"
LOG-INC-8593-2,INC-8593,2026-08-17T02:21:10Z,ERROR,[payment-gateway] Execution exception during request dispatch: Stale cache invalidation logic deployed in Canary,"Traceback (most recent call last):
  File ""app/handlers/dispatch.py"", line 142, in process
  ServiceError: Stale cache invalidation logic deployed in Canary"
LOG-INC-8594-1,INC-8594,2026-08-20T13:33:55Z,WARN,[user-profile] Execution exception during request dispatch: High CPU throttling on Kubernetes node worker pool,"Traceback (most recent call last):
  File ""app/handlers/dispatch.py"", line 142, in process
  ServiceError: High CPU throttling on Kubernetes node worker pool"
LOG-INC-8594-2,INC-8594,2026-08-20T13:33:32Z,INFO,[user-profile] Execution exception during request dispatch: High CPU throttling on Kubernetes node worker pool,"Traceback (most recent call last):
  File ""app/handlers/dispatch.py"", line 142, in process
  ServiceError: High CPU throttling on Kubernetes node worker pool"
LOG-INC-8594-3,INC-8594,2026-08-20T13:33:39Z,ERROR,[user-profile] Execution exception during request dispatch: High CPU throttling on Kubernetes node worker pool,"Traceback (most recent call last):
  File ""app/handlers/dispatch.py"", line 142, in process
  ServiceError: High CPU throttling on Kubernetes node worker pool"
LOG-INC-8594-4,INC-8594,2026-08-20T13:33:15Z,WARN,[user-profile] Execution exception during request dispatch: High CPU throttling on Kubernetes node worker pool,"Traceback (most recent call last):
  File ""app/handlers/dispatch.py"", line 142, in process
  ServiceError: High CPU throttling on Kubernetes node worker pool"
LOG-INC-8595-1,INC-8595,2026-09-10T11:31:12Z,ERROR,[search-indexer] Execution exception during request dispatch: Stale cache invalidation logic deployed in Canary,"Traceback (most recent call last):
  File ""app/handlers/dispatch.py"", line 142, in process
  ServiceError: Stale cache invalidation logic deployed in Canary"
LOG-INC-8595-2,INC-8595,2026-09-10T11:31:34Z,ERROR,[search-indexer] Execution exception during request dispatch: Stale cache invalidation logic deployed in Canary,"Traceback (most recent call last):
  File ""app/handlers/dispatch.py"", line 142, in process
  ServiceError: Stale cache invalidation logic deployed in Canary"
LOG-INC-8595-3,INC-8595,2026-09-10T11:32:20Z,ERROR,[search-indexer] Execution exception during request dispatch: Stale cache invalidation logic deployed in Canary,"Traceback (most recent call last):
  File ""app/handlers/dispatch.py"", line 142, in process
  ServiceError: Stale cache invalidation logic deployed in Canary"
LOG-INC-8596-1,INC-8596,2026-09-06T12:44:45Z,ERROR,[payment-gateway] Execution exception during request dispatch: Config flag default inversion causing request rejections,"Traceback (most recent call last):
  File ""app/handlers/dispatch.py"", line 142, in process
  ServiceError: Config flag default inversion causing request rejections"
LOG-INC-8596-2,INC-8596,2026-09-06T12:44:49Z,ERROR,[payment-gateway] Execution exception during request dispatch: Config flag default inversion causing request rejections,"Traceback (most recent call last):
  File ""app/handlers/dispatch.py"", line 142, in process
  ServiceError: Config flag default inversion causing request rejections"
LOG-INC-8597-1,INC-8597,2026-08-15T20:14:36Z,WARN,[auth-service] Execution exception during request dispatch: Flash sale burst traffic causing ingress queue build-up,"Traceback (most recent call last):
  File ""app/handlers/dispatch.py"", line 142, in process
  ServiceError: Flash sale burst traffic causing ingress queue build-up"
LOG-INC-8597-2,INC-8597,2026-08-15T20:13:51Z,INFO,[auth-service] Execution exception during request dispatch: Flash sale burst traffic causing ingress queue build-up,"Traceback (most recent call last):
  File ""app/handlers/dispatch.py"", line 142, in process
  ServiceError: Flash sale burst traffic causing ingress queue build-up"
LOG-INC-8597-3,INC-8597,2026-08-15T20:13:42Z,INFO,[auth-service] Execution exception during request dispatch: Flash sale burst traffic causing ingress queue build-up,"Traceback (most recent call last):
  File ""app/handlers/dispatch.py"", line 142, in process
  ServiceError: Flash sale burst traffic causing ingress queue build-up"
LOG-INC-8598-1,INC-8598,2026-09-22T22:05:52Z,INFO,[auth-service] Execution exception during request dispatch: Memory leak in unclosed HTTP response stream handler,"Traceback (most recent call last):
  File ""app/handlers/dispatch.py"", line 142, in process
  ServiceError: Memory leak in unclosed HTTP response stream handler"
LOG-INC-8598-2,INC-8598,2026-09-22T22:04:34Z,WARN,[auth-service] Execution exception during request dispatch: Memory leak in unclosed HTTP response stream handler,"Traceback (most recent call last):
  File ""app/handlers/dispatch.py"", line 142, in process
  ServiceError: Memory leak in unclosed HTTP response stream handler"
LOG-INC-8599-1,INC-8599,2026-09-05T20:09:08Z,ERROR,[auth-service] Execution exception during request dispatch: Connection pool saturation under sustained transaction load,"Traceback (most recent call last):
  File ""app/handlers/dispatch.py"", line 142, in process
  ServiceError: Connection pool saturation under sustained transaction load"
LOG-INC-8599-2,INC-8599,2026-09-05T20:08:39Z,WARN,[auth-service] Execution exception during request dispatch: Connection pool saturation under sustained transaction load,"Traceback (most recent call last):
  File ""app/handlers/dispatch.py"", line 142, in process
  ServiceError: Connection pool saturation under sustained transaction load"
LOG-INC-8600-1,INC-8600,2026-09-08T23:36:31Z,WARN,[auth-service] Execution exception during request dispatch: Batch data import job executed during peak consumer hours,"Traceback (most recent call last):
  File ""app/handlers/dispatch.py"", line 142, in process
  ServiceError: Batch data import job executed during peak consumer hours"
LOG-INC-8600-2,INC-8600,2026-09-08T23:36:28Z,INFO,[auth-service] Execution exception during request dispatch: Batch data import job executed during peak consumer hours,"Traceback (most recent call last):
  File ""app/handlers/dispatch.py"", line 142, in process
  ServiceError: Batch data import job executed during peak consumer hours"
LOG-INC-8601-1,INC-8601,2026-09-11T04:32:48Z,INFO,[inventory-api] Execution exception during request dispatch: Pod memory limit hit triggering repeated OOMKilled events,"Traceback (most recent call last):
  File ""app/handlers/dispatch.py"", line 142, in process
  ServiceError: Pod memory limit hit triggering repeated OOMKilled events"
LOG-INC-8601-2,INC-8601,2026-09-11T04:31:32Z,ERROR,[inventory-api] Execution exception during request dispatch: Pod memory limit hit triggering repeated OOMKilled events,"Traceback (most recent call last):
  File ""app/handlers/dispatch.py"", line 142, in process
  ServiceError: Pod memory limit hit triggering repeated OOMKilled events"
LOG-INC-8601-3,INC-8601,2026-09-11T04:31:48Z,INFO,[inventory-api] Execution exception during request dispatch: Pod memory limit hit triggering repeated OOMKilled events,"Traceback (most recent call last):
  File ""app/handlers/dispatch.py"", line 142, in process
  ServiceError: Pod memory limit hit triggering repeated OOMKilled events"
LOG-INC-8602-1,INC-8602,2026-09-01T07:26:31Z,WARN,[search-indexer] Execution exception during request dispatch: DNS resolution timeouts between VPC private subnets,"Traceback (most recent call last):
  File ""app/handlers/dispatch.py"", line 142, in process
  ServiceError: DNS resolution timeouts between VPC private subnets"
LOG-INC-8602-2,INC-8602,2026-09-01T07:26:54Z,INFO,[search-indexer] Execution exception during request dispatch: DNS resolution timeouts between VPC private subnets,"Traceback (most recent call last):
  File ""app/handlers/dispatch.py"", line 142, in process
  ServiceError: DNS resolution timeouts between VPC private subnets"
LOG-INC-8602-3,INC-8602,2026-09-01T07:26:04Z,WARN,[search-indexer] Execution exception during request dispatch: DNS resolution timeouts between VPC private subnets,"Traceback (most recent call last):
  File ""app/handlers/dispatch.py"", line 142, in process
  ServiceError: DNS resolution timeouts between VPC private subnets"
LOG-INC-8602-4,INC-8602,2026-09-01T07:26:18Z,INFO,[search-indexer] Execution exception during request dispatch: DNS resolution timeouts between VPC private subnets,"Traceback (most recent call last):
  File ""app/handlers/dispatch.py"", line 142, in process
  ServiceError: DNS resolution timeouts between VPC private subnets"
LOG-INC-8603-1,INC-8603,2026-09-13T00:38:09Z,INFO,[inventory-api] Execution exception during request dispatch: Pod memory limit hit triggering repeated OOMKilled events,"Traceback (most recent call last):
  File ""app/handlers/dispatch.py"", line 142, in process
  ServiceError: Pod memory limit hit triggering repeated OOMKilled events"
LOG-INC-8603-2,INC-8603,2026-09-13T00:38:40Z,WARN,[inventory-api] Execution exception during request dispatch: Pod memory limit hit triggering repeated OOMKilled events,"Traceback (most recent call last):
  File ""app/handlers/dispatch.py"", line 142, in process
  ServiceError: Pod memory limit hit triggering repeated OOMKilled events"
LOG-INC-8603-3,INC-8603,2026-09-13T00:38:39Z,INFO,[inventory-api] Execution exception during request dispatch: Pod memory limit hit triggering repeated OOMKilled events,"Traceback (most recent call last):
  File ""app/handlers/dispatch.py"", line 142, in process
  ServiceError: Pod memory limit hit triggering repeated OOMKilled events"
LOG-INC-8604-1,INC-8604,2026-09-26T02:05:06Z,INFO,[inventory-api] Execution exception during request dispatch: Corrupted response payload format failing client validation,"Traceback (most recent call last):
  File ""app/handlers/dispatch.py"", line 142, in process
  ServiceError: Corrupted response payload format failing client validation"
LOG-INC-8604-2,INC-8604,2026-09-26T02:05:53Z,INFO,[inventory-api] Execution exception during request dispatch: Corrupted response payload format failing client validation,"Traceback (most recent call last):
  File ""app/handlers/dispatch.py"", line 142, in process
  ServiceError: Corrupted response payload format failing client validation"
LOG-INC-8604-3,INC-8604,2026-09-26T02:04:32Z,WARN,[inventory-api] Execution exception during request dispatch: Corrupted response payload format failing client validation,"Traceback (most recent call last):
  File ""app/handlers/dispatch.py"", line 142, in process
  ServiceError: Corrupted response payload format failing client validation"
LOG-INC-8605-1,INC-8605,2026-09-18T13:11:28Z,ERROR,[auth-service] Execution exception during request dispatch: Ephemeral disk volume full due to unrotated application logs,"Traceback (most recent call last):
  File ""app/handlers/dispatch.py"", line 142, in process
  ServiceError: Ephemeral disk volume full due to unrotated application logs"
LOG-INC-8605-2,INC-8605,2026-09-18T13:10:34Z,ERROR,[auth-service] Execution exception during request dispatch: Ephemeral disk volume full due to unrotated application logs,"Traceback (most recent call last):
  File ""app/handlers/dispatch.py"", line 142, in process
  ServiceError: Ephemeral disk volume full due to unrotated application logs"
LOG-INC-8605-3,INC-8605,2026-09-18T13:11:28Z,ERROR,[auth-service] Execution exception during request dispatch: Ephemeral disk volume full due to unrotated application logs,"Traceback (most recent call last):
  File ""app/handlers/dispatch.py"", line 142, in process
  ServiceError: Ephemeral disk volume full due to unrotated application logs"
LOG-INC-8605-4,INC-8605,2026-09-18T13:10:28Z,INFO,[auth-service] Execution exception during request dispatch: Ephemeral disk volume full due to unrotated application logs,"Traceback (most recent call last):
  File ""app/handlers/dispatch.py"", line 142, in process
  ServiceError: Ephemeral disk volume full due to unrotated application logs"
LOG-INC-8606-1,INC-8606,2026-09-22T23:09:10Z,ERROR,[inventory-api] Execution exception during request dispatch: File descriptor limit reached on upstream reverse proxy,"Traceback (most recent call last):
  File ""app/handlers/dispatch.py"", line 142, in process
  ServiceError: File descriptor limit reached on upstream reverse proxy"
LOG-INC-8606-2,INC-8606,2026-09-22T23:08:35Z,ERROR,[inventory-api] Execution exception during request dispatch: File descriptor limit reached on upstream reverse proxy,"Traceback (most recent call last):
  File ""app/handlers/dispatch.py"", line 142, in process
  ServiceError: File descriptor limit reached on upstream reverse proxy"
LOG-INC-8607-1,INC-8607,2026-08-27T19:38:24Z,ERROR,[inventory-api] Execution exception during request dispatch: File descriptor limit reached on upstream reverse proxy,"Traceback (most recent call last):
  File ""app/handlers/dispatch.py"", line 142, in process
  ServiceError: File descriptor limit reached on upstream reverse proxy"
LOG-INC-8607-2,INC-8607,2026-08-27T19:37:25Z,WARN,[inventory-api] Execution exception during request dispatch: File descriptor limit reached on upstream reverse proxy,"Traceback (most recent call last):
  File ""app/handlers/dispatch.py"", line 142, in process
  ServiceError: File descriptor limit reached on upstream reverse proxy"
LOG-INC-8607-3,INC-8607,2026-08-27T19:37:10Z,WARN,[inventory-api] Execution exception during request dispatch: File descriptor limit reached on upstream reverse proxy,"Traceback (most recent call last):
  File ""app/handlers/dispatch.py"", line 142, in process
  ServiceError: File descriptor limit reached on upstream reverse proxy"
LOG-INC-8608-1,INC-8608,2026-09-03T08:41:49Z,ERROR,[payment-gateway] Execution exception during request dispatch: Deadlock cycle in distributed checkout table lock,"Traceback (most recent call last):
  File ""app/handlers/dispatch.py"", line 142, in process
  ServiceError: Deadlock cycle in distributed checkout table lock"
LOG-INC-8608-2,INC-8608,2026-09-03T08:41:53Z,INFO,[payment-gateway] Execution exception during request dispatch: Deadlock cycle in distributed checkout table lock,"Traceback (most recent call last):
  File ""app/handlers/dispatch.py"", line 142, in process
  ServiceError: Deadlock cycle in distributed checkout table lock"
LOG-INC-8608-3,INC-8608,2026-09-03T08:41:09Z,INFO,[payment-gateway] Execution exception during request dispatch: Deadlock cycle in distributed checkout table lock,"Traceback (most recent call last):
  File ""app/handlers/dispatch.py"", line 142, in process
  ServiceError: Deadlock cycle in distributed checkout table lock"
LOG-INC-8608-4,INC-8608,2026-09-03T08:42:37Z,ERROR,[payment-gateway] Execution exception during request dispatch: Deadlock cycle in distributed checkout table lock,"Traceback (most recent call last):
  File ""app/handlers/dispatch.py"", line 142, in process
  ServiceError: Deadlock cycle in distributed checkout table lock"
LOG-INC-8609-1,INC-8609,2026-09-07T11:07:53Z,ERROR,[auth-service] Execution exception during request dispatch: Slow query cascade triggering client connection timeout,"Traceback (most recent call last):
  File ""app/handlers/dispatch.py"", line 142, in process
  ServiceError: Slow query cascade triggering client connection timeout"
LOG-INC-8609-2,INC-8609,2026-09-07T11:07:57Z,ERROR,[auth-service] Execution exception during request dispatch: Slow query cascade triggering client connection timeout,"Traceback (most recent call last):
  File ""app/handlers/dispatch.py"", line 142, in process
  ServiceError: Slow query cascade triggering client connection timeout"
LOG-INC-8610-1,INC-8610,2026-09-15T23:34:19Z,ERROR,[inventory-api] Execution exception during request dispatch: High CPU throttling on Kubernetes node worker pool,"Traceback (most recent call last):
  File ""app/handlers/dispatch.py"", line 142, in process
  ServiceError: High CPU throttling on Kubernetes node worker pool"
LOG-INC-8610-2,INC-8610,2026-09-15T23:35:33Z,ERROR,[inventory-api] Execution exception during request dispatch: High CPU throttling on Kubernetes node worker pool,"Traceback (most recent call last):
  File ""app/handlers/dispatch.py"", line 142, in process
  ServiceError: High CPU throttling on Kubernetes node worker pool"
LOG-INC-8610-3,INC-8610,2026-09-15T23:34:35Z,ERROR,[inventory-api] Execution exception during request dispatch: High CPU throttling on Kubernetes node worker pool,"Traceback (most recent call last):
  File ""app/handlers/dispatch.py"", line 142, in process
  ServiceError: High CPU throttling on Kubernetes node worker pool"
LOG-INC-8610-4,INC-8610,2026-09-15T23:35:01Z,ERROR,[inventory-api] Execution exception during request dispatch: High CPU throttling on Kubernetes node worker pool,"Traceback (most recent call last):
  File ""app/handlers/dispatch.py"", line 142, in process
  ServiceError: High CPU throttling on Kubernetes node worker pool"
LOG-INC-8611-1,INC-8611,2026-08-19T19:34:13Z,ERROR,[notification-worker] Execution exception during request dispatch: Corrupted response payload format failing client validation,"Traceback (most recent call last):
  File ""app/handlers/dispatch.py"", line 142, in process
  ServiceError: Corrupted response payload format failing client validation"
LOG-INC-8611-2,INC-8611,2026-08-19T19:34:44Z,WARN,[notification-worker] Execution exception during request dispatch: Corrupted response payload format failing client validation,"Traceback (most recent call last):
  File ""app/handlers/dispatch.py"", line 142, in process
  ServiceError: Corrupted response payload format failing client validation"
LOG-INC-8612-1,INC-8612,2026-08-16T12:51:06Z,ERROR,[auth-service] Execution exception during request dispatch: Flash sale burst traffic causing ingress queue build-up,"Traceback (most recent call last):
  File ""app/handlers/dispatch.py"", line 142, in process
  ServiceError: Flash sale burst traffic causing ingress queue build-up"
LOG-INC-8612-2,INC-8612,2026-08-16T12:51:20Z,WARN,[auth-service] Execution exception during request dispatch: Flash sale burst traffic causing ingress queue build-up,"Traceback (most recent call last):
  File ""app/handlers/dispatch.py"", line 142, in process
  ServiceError: Flash sale burst traffic causing ingress queue build-up"
LOG-INC-8612-3,INC-8612,2026-08-16T12:51:38Z,INFO,[auth-service] Execution exception during request dispatch: Flash sale burst traffic causing ingress queue build-up,"Traceback (most recent call last):
  File ""app/handlers/dispatch.py"", line 142, in process
  ServiceError: Flash sale burst traffic causing ingress queue build-up"
LOG-INC-8613-1,INC-8613,2026-09-01T03:26:20Z,WARN,[checkout-service] Execution exception during request dispatch: Batch data import job executed during peak consumer hours,"Traceback (most recent call last):
  File ""app/handlers/dispatch.py"", line 142, in process
  ServiceError: Batch data import job executed during peak consumer hours"
LOG-INC-8613-2,INC-8613,2026-09-01T03:27:59Z,WARN,[checkout-service] Execution exception during request dispatch: Batch data import job executed during peak consumer hours,"Traceback (most recent call last):
  File ""app/handlers/dispatch.py"", line 142, in process
  ServiceError: Batch data import job executed during peak consumer hours"
LOG-INC-8613-3,INC-8613,2026-09-01T03:27:20Z,INFO,[checkout-service] Execution exception during request dispatch: Batch data import job executed during peak consumer hours,"Traceback (most recent call last):
  File ""app/handlers/dispatch.py"", line 142, in process
  ServiceError: Batch data import job executed during peak consumer hours"
LOG-INC-8614-1,INC-8614,2026-08-24T13:17:15Z,ERROR,[search-indexer] Execution exception during request dispatch: Recursive call in JSON parsing leading to stack exhaustion,"Traceback (most recent call last):
  File ""app/handlers/dispatch.py"", line 142, in process
  ServiceError: Recursive call in JSON parsing leading to stack exhaustion"
LOG-INC-8614-2,INC-8614,2026-08-24T13:18:59Z,ERROR,[search-indexer] Execution exception during request dispatch: Recursive call in JSON parsing leading to stack exhaustion,"Traceback (most recent call last):
  File ""app/handlers/dispatch.py"", line 142, in process
  ServiceError: Recursive call in JSON parsing leading to stack exhaustion"
LOG-INC-8614-3,INC-8614,2026-08-24T13:18:20Z,INFO,[search-indexer] Execution exception during request dispatch: Recursive call in JSON parsing leading to stack exhaustion,"Traceback (most recent call last):
  File ""app/handlers/dispatch.py"", line 142, in process
  ServiceError: Recursive call in JSON parsing leading to stack exhaustion"
LOG-INC-8614-4,INC-8614,2026-08-24T13:17:52Z,INFO,[search-indexer] Execution exception during request dispatch: Recursive call in JSON parsing leading to stack exhaustion,"Traceback (most recent call last):
  File ""app/handlers/dispatch.py"", line 142, in process
  ServiceError: Recursive call in JSON parsing leading to stack exhaustion"
LOG-INC-8615-1,INC-8615,2026-09-02T22:20:10Z,WARN,[auth-service] Execution exception during request dispatch: Race condition in concurrent token refresh logic,"Traceback (most recent call last):
  File ""app/handlers/dispatch.py"", line 142, in process
  ServiceError: Race condition in concurrent token refresh logic"
LOG-INC-8615-2,INC-8615,2026-09-02T22:19:41Z,WARN,[auth-service] Execution exception during request dispatch: Race condition in concurrent token refresh logic,"Traceback (most recent call last):
  File ""app/handlers/dispatch.py"", line 142, in process
  ServiceError: Race condition in concurrent token refresh logic"
LOG-INC-8615-3,INC-8615,2026-09-02T22:19:54Z,WARN,[auth-service] Execution exception during request dispatch: Race condition in concurrent token refresh logic,"Traceback (most recent call last):
  File ""app/handlers/dispatch.py"", line 142, in process
  ServiceError: Race condition in concurrent token refresh logic"
LOG-INC-8615-4,INC-8615,2026-09-02T22:20:41Z,ERROR,[auth-service] Execution exception during request dispatch: Race condition in concurrent token refresh logic,"Traceback (most recent call last):
  File ""app/handlers/dispatch.py"", line 142, in process
  ServiceError: Race condition in concurrent token refresh logic"
LOG-INC-8616-1,INC-8616,2026-09-18T22:54:07Z,WARN,[order-processing] Execution exception during request dispatch: File descriptor limit reached on upstream reverse proxy,"Traceback (most recent call last):
  File ""app/handlers/dispatch.py"", line 142, in process
  ServiceError: File descriptor limit reached on upstream reverse proxy"
LOG-INC-8616-2,INC-8616,2026-09-18T22:53:33Z,ERROR,[order-processing] Execution exception during request dispatch: File descriptor limit reached on upstream reverse proxy,"Traceback (most recent call last):
  File ""app/handlers/dispatch.py"", line 142, in process
  ServiceError: File descriptor limit reached on upstream reverse proxy"
LOG-INC-8616-3,INC-8616,2026-09-18T22:53:41Z,WARN,[order-processing] Execution exception during request dispatch: File descriptor limit reached on upstream reverse proxy,"Traceback (most recent call last):
  File ""app/handlers/dispatch.py"", line 142, in process
  ServiceError: File descriptor limit reached on upstream reverse proxy"
LOG-INC-8617-1,INC-8617,2026-08-19T14:26:31Z,WARN,[checkout-service] Execution exception during request dispatch: Database migration lock timeout during schema rollout,"Traceback (most recent call last):
  File ""app/handlers/dispatch.py"", line 142, in process
  ServiceError: Database migration lock timeout during schema rollout"
LOG-INC-8617-2,INC-8617,2026-08-19T14:27:18Z,WARN,[checkout-service] Execution exception during request dispatch: Database migration lock timeout during schema rollout,"Traceback (most recent call last):
  File ""app/handlers/dispatch.py"", line 142, in process
  ServiceError: Database migration lock timeout during schema rollout"
LOG-INC-8617-3,INC-8617,2026-08-19T14:27:38Z,WARN,[checkout-service] Execution exception during request dispatch: Database migration lock timeout during schema rollout,"Traceback (most recent call last):
  File ""app/handlers/dispatch.py"", line 142, in process
  ServiceError: Database migration lock timeout during schema rollout"
LOG-INC-8618-1,INC-8618,2026-09-06T19:38:55Z,ERROR,[inventory-api] Execution exception during request dispatch: DNS resolution timeouts between VPC private subnets,"Traceback (most recent call last):
  File ""app/handlers/dispatch.py"", line 142, in process
  ServiceError: DNS resolution timeouts between VPC private subnets"
LOG-INC-8618-2,INC-8618,2026-09-06T19:37:22Z,ERROR,[inventory-api] Execution exception during request dispatch: DNS resolution timeouts between VPC private subnets,"Traceback (most recent call last):
  File ""app/handlers/dispatch.py"", line 142, in process
  ServiceError: DNS resolution timeouts between VPC private subnets"
LOG-INC-8619-1,INC-8619,2026-08-22T03:01:45Z,ERROR,[auth-service] Execution exception during request dispatch: Distributed crawler burst triggering endpoint 429 retries,"Traceback (most recent call last):
  File ""app/handlers/dispatch.py"", line 142, in process
  ServiceError: Distributed crawler burst triggering endpoint 429 retries"
LOG-INC-8619-2,INC-8619,2026-08-22T03:02:00Z,ERROR,[auth-service] Execution exception during request dispatch: Distributed crawler burst triggering endpoint 429 retries,"Traceback (most recent call last):
  File ""app/handlers/dispatch.py"", line 142, in process
  ServiceError: Distributed crawler burst triggering endpoint 429 retries"
LOG-INC-8619-3,INC-8619,2026-08-22T03:02:35Z,INFO,[auth-service] Execution exception during request dispatch: Distributed crawler burst triggering endpoint 429 retries,"Traceback (most recent call last):
  File ""app/handlers/dispatch.py"", line 142, in process
  ServiceError: Distributed crawler burst triggering endpoint 429 retries"
LOG-INC-8619-4,INC-8619,2026-08-22T03:01:45Z,ERROR,[auth-service] Execution exception during request dispatch: Distributed crawler burst triggering endpoint 429 retries,"Traceback (most recent call last):
  File ""app/handlers/dispatch.py"", line 142, in process
  ServiceError: Distributed crawler burst triggering endpoint 429 retries"
LOG-INC-8620-1,INC-8620,2026-08-30T19:20:31Z,ERROR,[payment-gateway] Execution exception during request dispatch: DNS resolution timeouts between VPC private subnets,"Traceback (most recent call last):
  File ""app/handlers/dispatch.py"", line 142, in process
  ServiceError: DNS resolution timeouts between VPC private subnets"
LOG-INC-8620-2,INC-8620,2026-08-30T19:19:30Z,ERROR,[payment-gateway] Execution exception during request dispatch: DNS resolution timeouts between VPC private subnets,"Traceback (most recent call last):
  File ""app/handlers/dispatch.py"", line 142, in process
  ServiceError: DNS resolution timeouts between VPC private subnets"
LOG-INC-8621-1,INC-8621,2026-09-23T10:17:31Z,ERROR,[auth-service] Execution exception during request dispatch: TCP socket connection reset by peer on egress gateway,"Traceback (most recent call last):
  File ""app/handlers/dispatch.py"", line 142, in process
  ServiceError: TCP socket connection reset by peer on egress gateway"
LOG-INC-8621-2,INC-8621,2026-09-23T10:18:35Z,ERROR,[auth-service] Execution exception during request dispatch: TCP socket connection reset by peer on egress gateway,"Traceback (most recent call last):
  File ""app/handlers/dispatch.py"", line 142, in process
  ServiceError: TCP socket connection reset by peer on egress gateway"
LOG-INC-8621-3,INC-8621,2026-09-23T10:17:27Z,ERROR,[auth-service] Execution exception during request dispatch: TCP socket connection reset by peer on egress gateway,"Traceback (most recent call last):
  File ""app/handlers/dispatch.py"", line 142, in process
  ServiceError: TCP socket connection reset by peer on egress gateway"
LOG-INC-8621-4,INC-8621,2026-09-23T10:17:09Z,ERROR,[auth-service] Execution exception during request dispatch: TCP socket connection reset by peer on egress gateway,"Traceback (most recent call last):
  File ""app/handlers/dispatch.py"", line 142, in process
  ServiceError: TCP socket connection reset by peer on egress gateway"
LOG-INC-8622-1,INC-8622,2026-08-27T02:09:55Z,INFO,[notification-worker] Execution exception during request dispatch: Deadlock cycle in distributed checkout table lock,"Traceback (most recent call last):
  File ""app/handlers/dispatch.py"", line 142, in process
  ServiceError: Deadlock cycle in distributed checkout table lock"
LOG-INC-8622-2,INC-8622,2026-08-27T02:09:50Z,INFO,[notification-worker] Execution exception during request dispatch: Deadlock cycle in distributed checkout table lock,"Traceback (most recent call last):
  File ""app/handlers/dispatch.py"", line 142, in process
  ServiceError: Deadlock cycle in distributed checkout table lock"
LOG-INC-8622-3,INC-8622,2026-08-27T02:10:06Z,WARN,[notification-worker] Execution exception during request dispatch: Deadlock cycle in distributed checkout table lock,"Traceback (most recent call last):
  File ""app/handlers/dispatch.py"", line 142, in process
  ServiceError: Deadlock cycle in distributed checkout table lock"
LOG-INC-8622-4,INC-8622,2026-08-27T02:09:17Z,ERROR,[notification-worker] Execution exception during request dispatch: Deadlock cycle in distributed checkout table lock,"Traceback (most recent call last):
  File ""app/handlers/dispatch.py"", line 142, in process
  ServiceError: Deadlock cycle in distributed checkout table lock"
LOG-INC-8623-1,INC-8623,2026-09-10T16:07:21Z,WARN,[search-indexer] Execution exception during request dispatch: Race condition in concurrent token refresh logic,"Traceback (most recent call last):
  File ""app/handlers/dispatch.py"", line 142, in process
  ServiceError: Race condition in concurrent token refresh logic"
LOG-INC-8623-2,INC-8623,2026-09-10T16:08:52Z,WARN,[search-indexer] Execution exception during request dispatch: Race condition in concurrent token refresh logic,"Traceback (most recent call last):
  File ""app/handlers/dispatch.py"", line 142, in process
  ServiceError: Race condition in concurrent token refresh logic"
LOG-INC-8623-3,INC-8623,2026-09-10T16:08:21Z,WARN,[search-indexer] Execution exception during request dispatch: Race condition in concurrent token refresh logic,"Traceback (most recent call last):
  File ""app/handlers/dispatch.py"", line 142, in process
  ServiceError: Race condition in concurrent token refresh logic"
LOG-INC-8623-4,INC-8623,2026-09-10T16:08:32Z,ERROR,[search-indexer] Execution exception during request dispatch: Race condition in concurrent token refresh logic,"Traceback (most recent call last):
  File ""app/handlers/dispatch.py"", line 142, in process
  ServiceError: Race condition in concurrent token refresh logic"
LOG-INC-8624-1,INC-8624,2026-09-11T18:45:57Z,WARN,[order-processing] Execution exception during request dispatch: Unhandled arithmetic overflow in currency conversion,"Traceback (most recent call last):
  File ""app/handlers/dispatch.py"", line 142, in process
  ServiceError: Unhandled arithmetic overflow in currency conversion"
LOG-INC-8624-2,INC-8624,2026-09-11T18:46:48Z,WARN,[order-processing] Execution exception during request dispatch: Unhandled arithmetic overflow in currency conversion,"Traceback (most recent call last):
  File ""app/handlers/dispatch.py"", line 142, in process
  ServiceError: Unhandled arithmetic overflow in currency conversion"
LOG-INC-8624-3,INC-8624,2026-09-11T18:45:59Z,WARN,[order-processing] Execution exception during request dispatch: Unhandled arithmetic overflow in currency conversion,"Traceback (most recent call last):
  File ""app/handlers/dispatch.py"", line 142, in process
  ServiceError: Unhandled arithmetic overflow in currency conversion"
LOG-INC-8625-1,INC-8625,2026-09-18T21:51:19Z,INFO,[payment-gateway] Execution exception during request dispatch: Recursive call in JSON parsing leading to stack exhaustion,"Traceback (most recent call last):
  File ""app/handlers/dispatch.py"", line 142, in process
  ServiceError: Recursive call in JSON parsing leading to stack exhaustion"
LOG-INC-8625-2,INC-8625,2026-09-18T21:52:23Z,WARN,[payment-gateway] Execution exception during request dispatch: Recursive call in JSON parsing leading to stack exhaustion,"Traceback (most recent call last):
  File ""app/handlers/dispatch.py"", line 142, in process
  ServiceError: Recursive call in JSON parsing leading to stack exhaustion"
LOG-INC-8625-3,INC-8625,2026-09-18T21:51:21Z,INFO,[payment-gateway] Execution exception during request dispatch: Recursive call in JSON parsing leading to stack exhaustion,"Traceback (most recent call last):
  File ""app/handlers/dispatch.py"", line 142, in process
  ServiceError: Recursive call in JSON parsing leading to stack exhaustion"
LOG-INC-8625-4,INC-8625,2026-09-18T21:52:14Z,ERROR,[payment-gateway] Execution exception during request dispatch: Recursive call in JSON parsing leading to stack exhaustion,"Traceback (most recent call last):
  File ""app/handlers/dispatch.py"", line 142, in process
  ServiceError: Recursive call in JSON parsing leading to stack exhaustion"
LOG-INC-8626-1,INC-8626,2026-08-22T14:11:28Z,ERROR,[search-indexer] Execution exception during request dispatch: Inter-region transit latency degradation exceeding SLA,"Traceback (most recent call last):
  File ""app/handlers/dispatch.py"", line 142, in process
  ServiceError: Inter-region transit latency degradation exceeding SLA"
LOG-INC-8626-2,INC-8626,2026-08-22T14:11:11Z,ERROR,[search-indexer] Execution exception during request dispatch: Inter-region transit latency degradation exceeding SLA,"Traceback (most recent call last):
  File ""app/handlers/dispatch.py"", line 142, in process
  ServiceError: Inter-region transit latency degradation exceeding SLA"
LOG-INC-8627-1,INC-8627,2026-08-14T17:02:41Z,INFO,[order-processing] Execution exception during request dispatch: Deadlock cycle in distributed checkout table lock,"Traceback (most recent call last):
  File ""app/handlers/dispatch.py"", line 142, in process
  ServiceError: Deadlock cycle in distributed checkout table lock"
LOG-INC-8627-2,INC-8627,2026-08-14T17:01:18Z,INFO,[order-processing] Execution exception during request dispatch: Deadlock cycle in distributed checkout table lock,"Traceback (most recent call last):
  File ""app/handlers/dispatch.py"", line 142, in process
  ServiceError: Deadlock cycle in distributed checkout table lock"
LOG-INC-8628-1,INC-8628,2026-09-14T02:11:28Z,WARN,[checkout-service] Execution exception during request dispatch: Config flag default inversion causing request rejections,"Traceback (most recent call last):
  File ""app/handlers/dispatch.py"", line 142, in process
  ServiceError: Config flag default inversion causing request rejections"
LOG-INC-8628-2,INC-8628,2026-09-14T02:10:21Z,INFO,[checkout-service] Execution exception during request dispatch: Config flag default inversion causing request rejections,"Traceback (most recent call last):
  File ""app/handlers/dispatch.py"", line 142, in process
  ServiceError: Config flag default inversion causing request rejections"
LOG-INC-8628-3,INC-8628,2026-09-14T02:11:57Z,WARN,[checkout-service] Execution exception during request dispatch: Config flag default inversion causing request rejections,"Traceback (most recent call last):
  File ""app/handlers/dispatch.py"", line 142, in process
  ServiceError: Config flag default inversion causing request rejections"
LOG-INC-8629-1,INC-8629,2026-09-19T13:55:46Z,WARN,[search-indexer] Execution exception during request dispatch: Network packet loss on Kubernetes overlay CNI bridge,"Traceback (most recent call last):
  File ""app/handlers/dispatch.py"", line 142, in process
  ServiceError: Network packet loss on Kubernetes overlay CNI bridge"
LOG-INC-8629-2,INC-8629,2026-09-19T13:54:29Z,INFO,[search-indexer] Execution exception during request dispatch: Network packet loss on Kubernetes overlay CNI bridge,"Traceback (most recent call last):
  File ""app/handlers/dispatch.py"", line 142, in process
  ServiceError: Network packet loss on Kubernetes overlay CNI bridge"
LOG-INC-8629-3,INC-8629,2026-09-19T13:55:54Z,WARN,[search-indexer] Execution exception during request dispatch: Network packet loss on Kubernetes overlay CNI bridge,"Traceback (most recent call last):
  File ""app/handlers/dispatch.py"", line 142, in process
  ServiceError: Network packet loss on Kubernetes overlay CNI bridge"
LOG-INC-8629-4,INC-8629,2026-09-19T13:55:45Z,WARN,[search-indexer] Execution exception during request dispatch: Network packet loss on Kubernetes overlay CNI bridge,"Traceback (most recent call last):
  File ""app/handlers/dispatch.py"", line 142, in process
  ServiceError: Network packet loss on Kubernetes overlay CNI bridge"
LOG-INC-8630-1,INC-8630,2026-09-13T05:39:57Z,INFO,[auth-service] Execution exception during request dispatch: Network packet loss on Kubernetes overlay CNI bridge,"Traceback (most recent call last):
  File ""app/handlers/dispatch.py"", line 142, in process
  ServiceError: Network packet loss on Kubernetes overlay CNI bridge"
LOG-INC-8630-2,INC-8630,2026-09-13T05:39:40Z,WARN,[auth-service] Execution exception during request dispatch: Network packet loss on Kubernetes overlay CNI bridge,"Traceback (most recent call last):
  File ""app/handlers/dispatch.py"", line 142, in process
  ServiceError: Network packet loss on Kubernetes overlay CNI bridge"
LOG-INC-8631-1,INC-8631,2026-08-22T09:25:06Z,ERROR,[search-indexer] Execution exception during request dispatch: Sudden traffic surge exceeding rate limiter bucket capacity,"Traceback (most recent call last):
  File ""app/handlers/dispatch.py"", line 142, in process
  ServiceError: Sudden traffic surge exceeding rate limiter bucket capacity"
LOG-INC-8631-2,INC-8631,2026-08-22T09:25:17Z,ERROR,[search-indexer] Execution exception during request dispatch: Sudden traffic surge exceeding rate limiter bucket capacity,"Traceback (most recent call last):
  File ""app/handlers/dispatch.py"", line 142, in process
  ServiceError: Sudden traffic surge exceeding rate limiter bucket capacity"
LOG-INC-8631-3,INC-8631,2026-08-22T09:24:18Z,ERROR,[search-indexer] Execution exception during request dispatch: Sudden traffic surge exceeding rate limiter bucket capacity,"Traceback (most recent call last):
  File ""app/handlers/dispatch.py"", line 142, in process
  ServiceError: Sudden traffic surge exceeding rate limiter bucket capacity"
LOG-INC-8632-1,INC-8632,2026-09-02T16:05:42Z,ERROR,[order-processing] Execution exception during request dispatch: Memory leak in unclosed HTTP response stream handler,"Traceback (most recent call last):
  File ""app/handlers/dispatch.py"", line 142, in process
  ServiceError: Memory leak in unclosed HTTP response stream handler"
LOG-INC-8632-2,INC-8632,2026-09-02T16:04:12Z,WARN,[order-processing] Execution exception during request dispatch: Memory leak in unclosed HTTP response stream handler,"Traceback (most recent call last):
  File ""app/handlers/dispatch.py"", line 142, in process
  ServiceError: Memory leak in unclosed HTTP response stream handler"
LOG-INC-8632-3,INC-8632,2026-09-02T16:04:37Z,WARN,[order-processing] Execution exception during request dispatch: Memory leak in unclosed HTTP response stream handler,"Traceback (most recent call last):
  File ""app/handlers/dispatch.py"", line 142, in process
  ServiceError: Memory leak in unclosed HTTP response stream handler"
LOG-INC-8632-4,INC-8632,2026-09-02T16:04:44Z,INFO,[order-processing] Execution exception during request dispatch: Memory leak in unclosed HTTP response stream handler,"Traceback (most recent call last):
  File ""app/handlers/dispatch.py"", line 142, in process
  ServiceError: Memory leak in unclosed HTTP response stream handler"
LOG-INC-8633-1,INC-8633,2026-08-31T21:28:08Z,WARN,[user-profile] Execution exception during request dispatch: Batch data import job executed during peak consumer hours,"Traceback (most recent call last):
  File ""app/handlers/dispatch.py"", line 142, in process
  ServiceError: Batch data import job executed during peak consumer hours"
LOG-INC-8633-2,INC-8633,2026-08-31T21:28:28Z,ERROR,[user-profile] Execution exception during request dispatch: Batch data import job executed during peak consumer hours,"Traceback (most recent call last):
  File ""app/handlers/dispatch.py"", line 142, in process
  ServiceError: Batch data import job executed during peak consumer hours"
LOG-INC-8633-3,INC-8633,2026-08-31T21:27:46Z,WARN,[user-profile] Execution exception during request dispatch: Batch data import job executed during peak consumer hours,"Traceback (most recent call last):
  File ""app/handlers/dispatch.py"", line 142, in process
  ServiceError: Batch data import job executed during peak consumer hours"
LOG-INC-8633-4,INC-8633,2026-08-31T21:28:35Z,WARN,[user-profile] Execution exception during request dispatch: Batch data import job executed during peak consumer hours,"Traceback (most recent call last):
  File ""app/handlers/dispatch.py"", line 142, in process
  ServiceError: Batch data import job executed during peak consumer hours"
LOG-INC-8634-1,INC-8634,2026-09-06T13:47:09Z,WARN,[payment-gateway] Execution exception during request dispatch: DNS resolution timeouts between VPC private subnets,"Traceback (most recent call last):
  File ""app/handlers/dispatch.py"", line 142, in process
  ServiceError: DNS resolution timeouts between VPC private subnets"
LOG-INC-8634-2,INC-8634,2026-09-06T13:48:08Z,ERROR,[payment-gateway] Execution exception during request dispatch: DNS resolution timeouts between VPC private subnets,"Traceback (most recent call last):
  File ""app/handlers/dispatch.py"", line 142, in process
  ServiceError: DNS resolution timeouts between VPC private subnets"
LOG-INC-8635-1,INC-8635,2026-09-13T02:23:39Z,INFO,[checkout-service] Execution exception during request dispatch: Batch data import job executed during peak consumer hours,"Traceback (most recent call last):
  File ""app/handlers/dispatch.py"", line 142, in process
  ServiceError: Batch data import job executed during peak consumer hours"
LOG-INC-8635-2,INC-8635,2026-09-13T02:23:46Z,INFO,[checkout-service] Execution exception during request dispatch: Batch data import job executed during peak consumer hours,"Traceback (most recent call last):
  File ""app/handlers/dispatch.py"", line 142, in process
  ServiceError: Batch data import job executed during peak consumer hours"
LOG-INC-8635-3,INC-8635,2026-09-13T02:24:58Z,WARN,[checkout-service] Execution exception during request dispatch: Batch data import job executed during peak consumer hours,"Traceback (most recent call last):
  File ""app/handlers/dispatch.py"", line 142, in process
  ServiceError: Batch data import job executed during peak consumer hours"
LOG-INC-8635-4,INC-8635,2026-09-13T02:24:17Z,INFO,[checkout-service] Execution exception during request dispatch: Batch data import job executed during peak consumer hours,"Traceback (most recent call last):
  File ""app/handlers/dispatch.py"", line 142, in process
  ServiceError: Batch data import job executed during peak consumer hours"
LOG-INC-8636-1,INC-8636,2026-08-15T07:08:26Z,INFO,[user-profile] Execution exception during request dispatch: Garbage collection pause duration exceeding 1500ms,"Traceback (most recent call last):
  File ""app/handlers/dispatch.py"", line 142, in process
  ServiceError: Garbage collection pause duration exceeding 1500ms"
LOG-INC-8636-2,INC-8636,2026-08-15T07:09:36Z,WARN,[user-profile] Execution exception during request dispatch: Garbage collection pause duration exceeding 1500ms,"Traceback (most recent call last):
  File ""app/handlers/dispatch.py"", line 142, in process
  ServiceError: Garbage collection pause duration exceeding 1500ms"
LOG-INC-8637-1,INC-8637,2026-09-02T00:25:12Z,ERROR,[auth-service] Execution exception during request dispatch: Dependency version mismatch in gRPC protobuf schema,"Traceback (most recent call last):
  File ""app/handlers/dispatch.py"", line 142, in process
  ServiceError: Dependency version mismatch in gRPC protobuf schema"
LOG-INC-8637-2,INC-8637,2026-09-02T00:26:24Z,ERROR,[auth-service] Execution exception during request dispatch: Dependency version mismatch in gRPC protobuf schema,"Traceback (most recent call last):
  File ""app/handlers/dispatch.py"", line 142, in process
  ServiceError: Dependency version mismatch in gRPC protobuf schema"
LOG-INC-8638-1,INC-8638,2026-08-30T21:23:24Z,ERROR,[payment-gateway] Execution exception during request dispatch: Ephemeral disk volume full due to unrotated application logs,"Traceback (most recent call last):
  File ""app/handlers/dispatch.py"", line 142, in process
  ServiceError: Ephemeral disk volume full due to unrotated application logs"
LOG-INC-8638-2,INC-8638,2026-08-30T21:23:43Z,ERROR,[payment-gateway] Execution exception during request dispatch: Ephemeral disk volume full due to unrotated application logs,"Traceback (most recent call last):
  File ""app/handlers/dispatch.py"", line 142, in process
  ServiceError: Ephemeral disk volume full due to unrotated application logs"
LOG-INC-8638-3,INC-8638,2026-08-30T21:22:56Z,ERROR,[payment-gateway] Execution exception during request dispatch: Ephemeral disk volume full due to unrotated application logs,"Traceback (most recent call last):
  File ""app/handlers/dispatch.py"", line 142, in process
  ServiceError: Ephemeral disk volume full due to unrotated application logs"
LOG-INC-8639-1,INC-8639,2026-08-30T18:15:47Z,INFO,[auth-service] Execution exception during request dispatch: High CPU throttling on Kubernetes node worker pool,"Traceback (most recent call last):
  File ""app/handlers/dispatch.py"", line 142, in process
  ServiceError: High CPU throttling on Kubernetes node worker pool"
LOG-INC-8639-2,INC-8639,2026-08-30T18:16:43Z,INFO,[auth-service] Execution exception during request dispatch: High CPU throttling on Kubernetes node worker pool,"Traceback (most recent call last):
  File ""app/handlers/dispatch.py"", line 142, in process
  ServiceError: High CPU throttling on Kubernetes node worker pool"
LOG-INC-8639-3,INC-8639,2026-08-30T18:16:22Z,WARN,[auth-service] Execution exception during request dispatch: High CPU throttling on Kubernetes node worker pool,"Traceback (most recent call last):
  File ""app/handlers/dispatch.py"", line 142, in process
  ServiceError: High CPU throttling on Kubernetes node worker pool"
LOG-INC-8640-1,INC-8640,2026-08-16T17:09:10Z,WARN,[checkout-service] Execution exception during request dispatch: Unhandled arithmetic overflow in currency conversion,"Traceback (most recent call last):
  File ""app/handlers/dispatch.py"", line 142, in process
  ServiceError: Unhandled arithmetic overflow in currency conversion"
LOG-INC-8640-2,INC-8640,2026-08-16T17:08:59Z,INFO,[checkout-service] Execution exception during request dispatch: Unhandled arithmetic overflow in currency conversion,"Traceback (most recent call last):
  File ""app/handlers/dispatch.py"", line 142, in process
  ServiceError: Unhandled arithmetic overflow in currency conversion"
LOG-INC-8641-1,INC-8641,2026-08-25T08:22:52Z,INFO,[auth-service] Execution exception during request dispatch: Corrupted response payload format failing client validation,"Traceback (most recent call last):
  File ""app/handlers/dispatch.py"", line 142, in process
  ServiceError: Corrupted response payload format failing client validation"
LOG-INC-8641-2,INC-8641,2026-08-25T08:21:45Z,INFO,[auth-service] Execution exception during request dispatch: Corrupted response payload format failing client validation,"Traceback (most recent call last):
  File ""app/handlers/dispatch.py"", line 142, in process
  ServiceError: Corrupted response payload format failing client validation"
LOG-INC-8641-3,INC-8641,2026-08-25T08:21:15Z,INFO,[auth-service] Execution exception during request dispatch: Corrupted response payload format failing client validation,"Traceback (most recent call last):
  File ""app/handlers/dispatch.py"", line 142, in process
  ServiceError: Corrupted response payload format failing client validation"
LOG-INC-8642-1,INC-8642,2026-08-25T20:31:20Z,INFO,[inventory-api] Execution exception during request dispatch: Memory leak in unclosed HTTP response stream handler,"Traceback (most recent call last):
  File ""app/handlers/dispatch.py"", line 142, in process
  ServiceError: Memory leak in unclosed HTTP response stream handler"
LOG-INC-8642-2,INC-8642,2026-08-25T20:33:00Z,WARN,[inventory-api] Execution exception during request dispatch: Memory leak in unclosed HTTP response stream handler,"Traceback (most recent call last):
  File ""app/handlers/dispatch.py"", line 142, in process
  ServiceError: Memory leak in unclosed HTTP response stream handler"
LOG-INC-8642-3,INC-8642,2026-08-25T20:32:28Z,WARN,[inventory-api] Execution exception during request dispatch: Memory leak in unclosed HTTP response stream handler,"Traceback (most recent call last):
  File ""app/handlers/dispatch.py"", line 142, in process
  ServiceError: Memory leak in unclosed HTTP response stream handler"
LOG-INC-8642-4,INC-8642,2026-08-25T20:31:27Z,ERROR,[inventory-api] Execution exception during request dispatch: Memory leak in unclosed HTTP response stream handler,"Traceback (most recent call last):
  File ""app/handlers/dispatch.py"", line 142, in process
  ServiceError: Memory leak in unclosed HTTP response stream handler"
LOG-INC-8643-1,INC-8643,2026-08-30T19:29:52Z,WARN,[order-processing] Execution exception during request dispatch: Connection pool saturation under sustained transaction load,"Traceback (most recent call last):
  File ""app/handlers/dispatch.py"", line 142, in process
  ServiceError: Connection pool saturation under sustained transaction load"
LOG-INC-8643-2,INC-8643,2026-08-30T19:30:09Z,ERROR,[order-processing] Execution exception during request dispatch: Connection pool saturation under sustained transaction load,"Traceback (most recent call last):
  File ""app/handlers/dispatch.py"", line 142, in process
  ServiceError: Connection pool saturation under sustained transaction load"
LOG-INC-8644-1,INC-8644,2026-08-15T06:37:25Z,WARN,[inventory-api] Execution exception during request dispatch: Database migration lock timeout during schema rollout,"Traceback (most recent call last):
  File ""app/handlers/dispatch.py"", line 142, in process
  ServiceError: Database migration lock timeout during schema rollout"
LOG-INC-8644-2,INC-8644,2026-08-15T06:37:07Z,ERROR,[inventory-api] Execution exception during request dispatch: Database migration lock timeout during schema rollout,"Traceback (most recent call last):
  File ""app/handlers/dispatch.py"", line 142, in process
  ServiceError: Database migration lock timeout during schema rollout"
LOG-INC-8644-3,INC-8644,2026-08-15T06:37:05Z,INFO,[inventory-api] Execution exception during request dispatch: Database migration lock timeout during schema rollout,"Traceback (most recent call last):
  File ""app/handlers/dispatch.py"", line 142, in process
  ServiceError: Database migration lock timeout during schema rollout"
LOG-INC-8644-4,INC-8644,2026-08-15T06:37:56Z,INFO,[inventory-api] Execution exception during request dispatch: Database migration lock timeout during schema rollout,"Traceback (most recent call last):
  File ""app/handlers/dispatch.py"", line 142, in process
  ServiceError: Database migration lock timeout during schema rollout"
LOG-INC-8645-1,INC-8645,2026-09-23T22:32:12Z,WARN,[checkout-service] Execution exception during request dispatch: Connection pool saturation under sustained transaction load,"Traceback (most recent call last):
  File ""app/handlers/dispatch.py"", line 142, in process
  ServiceError: Connection pool saturation under sustained transaction load"
LOG-INC-8645-2,INC-8645,2026-09-23T22:32:17Z,INFO,[checkout-service] Execution exception during request dispatch: Connection pool saturation under sustained transaction load,"Traceback (most recent call last):
  File ""app/handlers/dispatch.py"", line 142, in process
  ServiceError: Connection pool saturation under sustained transaction load"
LOG-INC-8645-3,INC-8645,2026-09-23T22:32:40Z,ERROR,[checkout-service] Execution exception during request dispatch: Connection pool saturation under sustained transaction load,"Traceback (most recent call last):
  File ""app/handlers/dispatch.py"", line 142, in process
  ServiceError: Connection pool saturation under sustained transaction load"
LOG-INC-8645-4,INC-8645,2026-09-23T22:33:28Z,INFO,[checkout-service] Execution exception during request dispatch: Connection pool saturation under sustained transaction load,"Traceback (most recent call last):
  File ""app/handlers/dispatch.py"", line 142, in process
  ServiceError: Connection pool saturation under sustained transaction load"
LOG-INC-8646-1,INC-8646,2026-08-27T00:21:50Z,ERROR,[payment-gateway] Execution exception during request dispatch: Corrupted response payload format failing client validation,"Traceback (most recent call last):
  File ""app/handlers/dispatch.py"", line 142, in process
  ServiceError: Corrupted response payload format failing client validation"
LOG-INC-8646-2,INC-8646,2026-08-27T00:21:42Z,ERROR,[payment-gateway] Execution exception during request dispatch: Corrupted response payload format failing client validation,"Traceback (most recent call last):
  File ""app/handlers/dispatch.py"", line 142, in process
  ServiceError: Corrupted response payload format failing client validation"
LOG-INC-8647-1,INC-8647,2026-08-19T03:56:44Z,WARN,[order-processing] Execution exception during request dispatch: Recursive call in JSON parsing leading to stack exhaustion,"Traceback (most recent call last):
  File ""app/handlers/dispatch.py"", line 142, in process
  ServiceError: Recursive call in JSON parsing leading to stack exhaustion"
LOG-INC-8647-2,INC-8647,2026-08-19T03:57:16Z,WARN,[order-processing] Execution exception during request dispatch: Recursive call in JSON parsing leading to stack exhaustion,"Traceback (most recent call last):
  File ""app/handlers/dispatch.py"", line 142, in process
  ServiceError: Recursive call in JSON parsing leading to stack exhaustion"
LOG-INC-8648-1,INC-8648,2026-08-28T23:20:45Z,ERROR,[notification-worker] Execution exception during request dispatch: Config flag default inversion causing request rejections,"Traceback (most recent call last):
  File ""app/handlers/dispatch.py"", line 142, in process
  ServiceError: Config flag default inversion causing request rejections"
LOG-INC-8648-2,INC-8648,2026-08-28T23:19:32Z,INFO,[notification-worker] Execution exception during request dispatch: Config flag default inversion causing request rejections,"Traceback (most recent call last):
  File ""app/handlers/dispatch.py"", line 142, in process
  ServiceError: Config flag default inversion causing request rejections"
LOG-INC-8649-1,INC-8649,2026-08-23T21:33:53Z,INFO,[order-processing] Execution exception during request dispatch: TCP socket connection reset by peer on egress gateway,"Traceback (most recent call last):
  File ""app/handlers/dispatch.py"", line 142, in process
  ServiceError: TCP socket connection reset by peer on egress gateway"
LOG-INC-8649-2,INC-8649,2026-08-23T21:33:41Z,ERROR,[order-processing] Execution exception during request dispatch: TCP socket connection reset by peer on egress gateway,"Traceback (most recent call last):
  File ""app/handlers/dispatch.py"", line 142, in process
  ServiceError: TCP socket connection reset by peer on egress gateway"
LOG-INC-8650-1,INC-8650,2026-08-25T17:51:07Z,WARN,[search-indexer] Execution exception during request dispatch: Deadlock cycle in distributed checkout table lock,"Traceback (most recent call last):
  File ""app/handlers/dispatch.py"", line 142, in process
  ServiceError: Deadlock cycle in distributed checkout table lock"
LOG-INC-8650-2,INC-8650,2026-08-25T17:51:19Z,WARN,[search-indexer] Execution exception during request dispatch: Deadlock cycle in distributed checkout table lock,"Traceback (most recent call last):
  File ""app/handlers/dispatch.py"", line 142, in process
  ServiceError: Deadlock cycle in distributed checkout table lock"
LOG-INC-8651-1,INC-8651,2026-09-06T17:53:46Z,ERROR,[payment-gateway] Execution exception during request dispatch: Batch data import job executed during peak consumer hours,"Traceback (most recent call last):
  File ""app/handlers/dispatch.py"", line 142, in process
  ServiceError: Batch data import job executed during peak consumer hours"
LOG-INC-8651-2,INC-8651,2026-09-06T17:52:41Z,ERROR,[payment-gateway] Execution exception during request dispatch: Batch data import job executed during peak consumer hours,"Traceback (most recent call last):
  File ""app/handlers/dispatch.py"", line 142, in process
  ServiceError: Batch data import job executed during peak consumer hours"
LOG-INC-8651-3,INC-8651,2026-09-06T17:52:31Z,ERROR,[payment-gateway] Execution exception during request dispatch: Batch data import job executed during peak consumer hours,"Traceback (most recent call last):
  File ""app/handlers/dispatch.py"", line 142, in process
  ServiceError: Batch data import job executed during peak consumer hours"
LOG-INC-8651-4,INC-8651,2026-09-06T17:52:48Z,ERROR,[payment-gateway] Execution exception during request dispatch: Batch data import job executed during peak consumer hours,"Traceback (most recent call last):
  File ""app/handlers/dispatch.py"", line 142, in process
  ServiceError: Batch data import job executed during peak consumer hours"
LOG-INC-8652-1,INC-8652,2026-09-05T05:25:17Z,WARN,[inventory-api] Execution exception during request dispatch: Database migration lock timeout during schema rollout,"Traceback (most recent call last):
  File ""app/handlers/dispatch.py"", line 142, in process
  ServiceError: Database migration lock timeout during schema rollout"
LOG-INC-8652-2,INC-8652,2026-09-05T05:25:29Z,INFO,[inventory-api] Execution exception during request dispatch: Database migration lock timeout during schema rollout,"Traceback (most recent call last):
  File ""app/handlers/dispatch.py"", line 142, in process
  ServiceError: Database migration lock timeout during schema rollout"
LOG-INC-8652-3,INC-8652,2026-09-05T05:26:00Z,ERROR,[inventory-api] Execution exception during request dispatch: Database migration lock timeout during schema rollout,"Traceback (most recent call last):
  File ""app/handlers/dispatch.py"", line 142, in process
  ServiceError: Database migration lock timeout during schema rollout"
LOG-INC-8653-1,INC-8653,2026-09-01T14:33:01Z,INFO,[search-indexer] Execution exception during request dispatch: Pod memory limit hit triggering repeated OOMKilled events,"Traceback (most recent call last):
  File ""app/handlers/dispatch.py"", line 142, in process
  ServiceError: Pod memory limit hit triggering repeated OOMKilled events"
LOG-INC-8653-2,INC-8653,2026-09-01T14:33:03Z,INFO,[search-indexer] Execution exception during request dispatch: Pod memory limit hit triggering repeated OOMKilled events,"Traceback (most recent call last):
  File ""app/handlers/dispatch.py"", line 142, in process
  ServiceError: Pod memory limit hit triggering repeated OOMKilled events"
LOG-INC-8654-1,INC-8654,2026-08-15T05:03:18Z,WARN,[user-profile] Execution exception during request dispatch: Race condition in concurrent token refresh logic,"Traceback (most recent call last):
  File ""app/handlers/dispatch.py"", line 142, in process
  ServiceError: Race condition in concurrent token refresh logic"
LOG-INC-8654-2,INC-8654,2026-08-15T05:03:59Z,WARN,[user-profile] Execution exception during request dispatch: Race condition in concurrent token refresh logic,"Traceback (most recent call last):
  File ""app/handlers/dispatch.py"", line 142, in process
  ServiceError: Race condition in concurrent token refresh logic"
LOG-INC-8654-3,INC-8654,2026-08-15T05:04:18Z,WARN,[user-profile] Execution exception during request dispatch: Race condition in concurrent token refresh logic,"Traceback (most recent call last):
  File ""app/handlers/dispatch.py"", line 142, in process
  ServiceError: Race condition in concurrent token refresh logic"
LOG-INC-8654-4,INC-8654,2026-08-15T05:04:20Z,ERROR,[user-profile] Execution exception during request dispatch: Race condition in concurrent token refresh logic,"Traceback (most recent call last):
  File ""app/handlers/dispatch.py"", line 142, in process
  ServiceError: Race condition in concurrent token refresh logic"
LOG-INC-8655-1,INC-8655,2026-08-13T07:55:47Z,ERROR,[order-processing] Execution exception during request dispatch: Flash sale burst traffic causing ingress queue build-up,"Traceback (most recent call last):
  File ""app/handlers/dispatch.py"", line 142, in process
  ServiceError: Flash sale burst traffic causing ingress queue build-up"
LOG-INC-8655-2,INC-8655,2026-08-13T07:54:49Z,ERROR,[order-processing] Execution exception during request dispatch: Flash sale burst traffic causing ingress queue build-up,"Traceback (most recent call last):
  File ""app/handlers/dispatch.py"", line 142, in process
  ServiceError: Flash sale burst traffic causing ingress queue build-up"
LOG-INC-8656-1,INC-8656,2026-09-19T11:24:05Z,WARN,[inventory-api] Execution exception during request dispatch: Unindexed query scan causing read replica CPU spike,"Traceback (most recent call last):
  File ""app/handlers/dispatch.py"", line 142, in process
  ServiceError: Unindexed query scan causing read replica CPU spike"
LOG-INC-8656-2,INC-8656,2026-09-19T11:24:25Z,WARN,[inventory-api] Execution exception during request dispatch: Unindexed query scan causing read replica CPU spike,"Traceback (most recent call last):
  File ""app/handlers/dispatch.py"", line 142, in process
  ServiceError: Unindexed query scan causing read replica CPU spike"
LOG-INC-8656-3,INC-8656,2026-09-19T11:24:17Z,WARN,[inventory-api] Execution exception during request dispatch: Unindexed query scan causing read replica CPU spike,"Traceback (most recent call last):
  File ""app/handlers/dispatch.py"", line 142, in process
  ServiceError: Unindexed query scan causing read replica CPU spike"
LOG-INC-8657-1,INC-8657,2026-08-25T08:22:54Z,ERROR,[order-processing] Execution exception during request dispatch: TLS certificate handshake timeout on third-party webhook,"Traceback (most recent call last):
  File ""app/handlers/dispatch.py"", line 142, in process
  ServiceError: TLS certificate handshake timeout on third-party webhook"
LOG-INC-8657-2,INC-8657,2026-08-25T08:22:21Z,ERROR,[order-processing] Execution exception during request dispatch: TLS certificate handshake timeout on third-party webhook,"Traceback (most recent call last):
  File ""app/handlers/dispatch.py"", line 142, in process
  ServiceError: TLS certificate handshake timeout on third-party webhook"
LOG-INC-8658-1,INC-8658,2026-09-25T06:23:27Z,ERROR,[search-indexer] Execution exception during request dispatch: Garbage collection pause duration exceeding 1500ms,"Traceback (most recent call last):
  File ""app/handlers/dispatch.py"", line 142, in process
  ServiceError: Garbage collection pause duration exceeding 1500ms"
LOG-INC-8658-2,INC-8658,2026-09-25T06:23:52Z,WARN,[search-indexer] Execution exception during request dispatch: Garbage collection pause duration exceeding 1500ms,"Traceback (most recent call last):
  File ""app/handlers/dispatch.py"", line 142, in process
  ServiceError: Garbage collection pause duration exceeding 1500ms"
LOG-INC-8658-3,INC-8658,2026-09-25T06:23:48Z,INFO,[search-indexer] Execution exception during request dispatch: Garbage collection pause duration exceeding 1500ms,"Traceback (most recent call last):
  File ""app/handlers/dispatch.py"", line 142, in process
  ServiceError: Garbage collection pause duration exceeding 1500ms"
LOG-INC-8658-4,INC-8658,2026-09-25T06:24:50Z,ERROR,[search-indexer] Execution exception during request dispatch: Garbage collection pause duration exceeding 1500ms,"Traceback (most recent call last):
  File ""app/handlers/dispatch.py"", line 142, in process
  ServiceError: Garbage collection pause duration exceeding 1500ms"
LOG-INC-8659-1,INC-8659,2026-09-13T12:31:50Z,WARN,[order-processing] Execution exception during request dispatch: Dependency version mismatch in gRPC protobuf schema,"Traceback (most recent call last):
  File ""app/handlers/dispatch.py"", line 142, in process
  ServiceError: Dependency version mismatch in gRPC protobuf schema"
LOG-INC-8659-2,INC-8659,2026-09-13T12:30:09Z,WARN,[order-processing] Execution exception during request dispatch: Dependency version mismatch in gRPC protobuf schema,"Traceback (most recent call last):
  File ""app/handlers/dispatch.py"", line 142, in process
  ServiceError: Dependency version mismatch in gRPC protobuf schema"
LOG-INC-8659-3,INC-8659,2026-09-13T12:30:58Z,ERROR,[order-processing] Execution exception during request dispatch: Dependency version mismatch in gRPC protobuf schema,"Traceback (most recent call last):
  File ""app/handlers/dispatch.py"", line 142, in process
  ServiceError: Dependency version mismatch in gRPC protobuf schema"
LOG-INC-8659-4,INC-8659,2026-09-13T12:30:25Z,WARN,[order-processing] Execution exception during request dispatch: Dependency version mismatch in gRPC protobuf schema,"Traceback (most recent call last):
  File ""app/handlers/dispatch.py"", line 142, in process
  ServiceError: Dependency version mismatch in gRPC protobuf schema"
LOG-INC-8660-1,INC-8660,2026-09-19T04:03:09Z,WARN,[notification-worker] Execution exception during request dispatch: Pod memory limit hit triggering repeated OOMKilled events,"Traceback (most recent call last):
  File ""app/handlers/dispatch.py"", line 142, in process
  ServiceError: Pod memory limit hit triggering repeated OOMKilled events"
LOG-INC-8660-2,INC-8660,2026-09-19T04:03:32Z,WARN,[notification-worker] Execution exception during request dispatch: Pod memory limit hit triggering repeated OOMKilled events,"Traceback (most recent call last):
  File ""app/handlers/dispatch.py"", line 142, in process
  ServiceError: Pod memory limit hit triggering repeated OOMKilled events"
LOG-INC-8660-3,INC-8660,2026-09-19T04:02:06Z,WARN,[notification-worker] Execution exception during request dispatch: Pod memory limit hit triggering repeated OOMKilled events,"Traceback (most recent call last):
  File ""app/handlers/dispatch.py"", line 142, in process
  ServiceError: Pod memory limit hit triggering repeated OOMKilled events"
LOG-INC-8660-4,INC-8660,2026-09-19T04:03:28Z,INFO,[notification-worker] Execution exception during request dispatch: Pod memory limit hit triggering repeated OOMKilled events,"Traceback (most recent call last):
  File ""app/handlers/dispatch.py"", line 142, in process
  ServiceError: Pod memory limit hit triggering repeated OOMKilled events"
LOG-INC-8661-1,INC-8661,2026-08-13T06:20:59Z,INFO,[notification-worker] Execution exception during request dispatch: Race condition in concurrent token refresh logic,"Traceback (most recent call last):
  File ""app/handlers/dispatch.py"", line 142, in process
  ServiceError: Race condition in concurrent token refresh logic"
LOG-INC-8661-2,INC-8661,2026-08-13T06:21:42Z,WARN,[notification-worker] Execution exception during request dispatch: Race condition in concurrent token refresh logic,"Traceback (most recent call last):
  File ""app/handlers/dispatch.py"", line 142, in process
  ServiceError: Race condition in concurrent token refresh logic"
LOG-INC-8662-1,INC-8662,2026-08-17T23:47:11Z,INFO,[notification-worker] Execution exception during request dispatch: Race condition in concurrent token refresh logic,"Traceback (most recent call last):
  File ""app/handlers/dispatch.py"", line 142, in process
  ServiceError: Race condition in concurrent token refresh logic"
LOG-INC-8662-2,INC-8662,2026-08-17T23:48:32Z,WARN,[notification-worker] Execution exception during request dispatch: Race condition in concurrent token refresh logic,"Traceback (most recent call last):
  File ""app/handlers/dispatch.py"", line 142, in process
  ServiceError: Race condition in concurrent token refresh logic"
LOG-INC-8662-3,INC-8662,2026-08-17T23:47:37Z,WARN,[notification-worker] Execution exception during request dispatch: Race condition in concurrent token refresh logic,"Traceback (most recent call last):
  File ""app/handlers/dispatch.py"", line 142, in process
  ServiceError: Race condition in concurrent token refresh logic"
LOG-INC-8663-1,INC-8663,2026-09-24T20:52:38Z,ERROR,[user-profile] Execution exception during request dispatch: Race condition in concurrent token refresh logic,"Traceback (most recent call last):
  File ""app/handlers/dispatch.py"", line 142, in process
  ServiceError: Race condition in concurrent token refresh logic"
LOG-INC-8663-2,INC-8663,2026-09-24T20:52:13Z,INFO,[user-profile] Execution exception during request dispatch: Race condition in concurrent token refresh logic,"Traceback (most recent call last):
  File ""app/handlers/dispatch.py"", line 142, in process
  ServiceError: Race condition in concurrent token refresh logic"
LOG-INC-8663-3,INC-8663,2026-09-24T20:51:55Z,ERROR,[user-profile] Execution exception during request dispatch: Race condition in concurrent token refresh logic,"Traceback (most recent call last):
  File ""app/handlers/dispatch.py"", line 142, in process
  ServiceError: Race condition in concurrent token refresh logic"
LOG-INC-8664-1,INC-8664,2026-08-19T22:02:50Z,INFO,[notification-worker] Execution exception during request dispatch: Ephemeral disk volume full due to unrotated application logs,"Traceback (most recent call last):
  File ""app/handlers/dispatch.py"", line 142, in process
  ServiceError: Ephemeral disk volume full due to unrotated application logs"
LOG-INC-8664-2,INC-8664,2026-08-19T22:02:17Z,WARN,[notification-worker] Execution exception during request dispatch: Ephemeral disk volume full due to unrotated application logs,"Traceback (most recent call last):
  File ""app/handlers/dispatch.py"", line 142, in process
  ServiceError: Ephemeral disk volume full due to unrotated application logs"
LOG-INC-8664-3,INC-8664,2026-08-19T22:01:10Z,ERROR,[notification-worker] Execution exception during request dispatch: Ephemeral disk volume full due to unrotated application logs,"Traceback (most recent call last):
  File ""app/handlers/dispatch.py"", line 142, in process
  ServiceError: Ephemeral disk volume full due to unrotated application logs"
LOG-INC-8664-4,INC-8664,2026-08-19T22:01:46Z,WARN,[notification-worker] Execution exception during request dispatch: Ephemeral disk volume full due to unrotated application logs,"Traceback (most recent call last):
  File ""app/handlers/dispatch.py"", line 142, in process
  ServiceError: Ephemeral disk volume full due to unrotated application logs"
LOG-INC-8665-1,INC-8665,2026-08-28T12:16:56Z,ERROR,[auth-service] Execution exception during request dispatch: DNS resolution timeouts between VPC private subnets,"Traceback (most recent call last):
  File ""app/handlers/dispatch.py"", line 142, in process
  ServiceError: DNS resolution timeouts between VPC private subnets"
LOG-INC-8665-2,INC-8665,2026-08-28T12:16:28Z,INFO,[auth-service] Execution exception during request dispatch: DNS resolution timeouts between VPC private subnets,"Traceback (most recent call last):
  File ""app/handlers/dispatch.py"", line 142, in process
  ServiceError: DNS resolution timeouts between VPC private subnets"
LOG-INC-8665-3,INC-8665,2026-08-28T12:16:37Z,INFO,[auth-service] Execution exception during request dispatch: DNS resolution timeouts between VPC private subnets,"Traceback (most recent call last):
  File ""app/handlers/dispatch.py"", line 142, in process
  ServiceError: DNS resolution timeouts between VPC private subnets"
LOG-INC-8666-1,INC-8666,2026-09-13T23:37:40Z,INFO,[order-processing] Execution exception during request dispatch: Dependency version mismatch in gRPC protobuf schema,"Traceback (most recent call last):
  File ""app/handlers/dispatch.py"", line 142, in process
  ServiceError: Dependency version mismatch in gRPC protobuf schema"
LOG-INC-8666-2,INC-8666,2026-09-13T23:38:30Z,ERROR,[order-processing] Execution exception during request dispatch: Dependency version mismatch in gRPC protobuf schema,"Traceback (most recent call last):
  File ""app/handlers/dispatch.py"", line 142, in process
  ServiceError: Dependency version mismatch in gRPC protobuf schema"
LOG-INC-8667-1,INC-8667,2026-08-28T14:20:33Z,ERROR,[search-indexer] Execution exception during request dispatch: Ephemeral disk volume full due to unrotated application logs,"Traceback (most recent call last):
  File ""app/handlers/dispatch.py"", line 142, in process
  ServiceError: Ephemeral disk volume full due to unrotated application logs"
LOG-INC-8667-2,INC-8667,2026-08-28T14:21:35Z,WARN,[search-indexer] Execution exception during request dispatch: Ephemeral disk volume full due to unrotated application logs,"Traceback (most recent call last):
  File ""app/handlers/dispatch.py"", line 142, in process
  ServiceError: Ephemeral disk volume full due to unrotated application logs"
LOG-INC-8668-1,INC-8668,2026-09-08T18:49:06Z,WARN,[notification-worker] Execution exception during request dispatch: Network packet loss on Kubernetes overlay CNI bridge,"Traceback (most recent call last):
  File ""app/handlers/dispatch.py"", line 142, in process
  ServiceError: Network packet loss on Kubernetes overlay CNI bridge"
LOG-INC-8668-2,INC-8668,2026-09-08T18:49:48Z,WARN,[notification-worker] Execution exception during request dispatch: Network packet loss on Kubernetes overlay CNI bridge,"Traceback (most recent call last):
  File ""app/handlers/dispatch.py"", line 142, in process
  ServiceError: Network packet loss on Kubernetes overlay CNI bridge"
LOG-INC-8668-3,INC-8668,2026-09-08T18:49:49Z,WARN,[notification-worker] Execution exception during request dispatch: Network packet loss on Kubernetes overlay CNI bridge,"Traceback (most recent call last):
  File ""app/handlers/dispatch.py"", line 142, in process
  ServiceError: Network packet loss on Kubernetes overlay CNI bridge"
LOG-INC-8668-4,INC-8668,2026-09-08T18:49:24Z,WARN,[notification-worker] Execution exception during request dispatch: Network packet loss on Kubernetes overlay CNI bridge,"Traceback (most recent call last):
  File ""app/handlers/dispatch.py"", line 142, in process
  ServiceError: Network packet loss on Kubernetes overlay CNI bridge"
LOG-INC-8669-1,INC-8669,2026-09-12T15:41:02Z,INFO,[auth-service] Execution exception during request dispatch: Distributed crawler burst triggering endpoint 429 retries,"Traceback (most recent call last):
  File ""app/handlers/dispatch.py"", line 142, in process
  ServiceError: Distributed crawler burst triggering endpoint 429 retries"
LOG-INC-8669-2,INC-8669,2026-09-12T15:41:04Z,ERROR,[auth-service] Execution exception during request dispatch: Distributed crawler burst triggering endpoint 429 retries,"Traceback (most recent call last):
  File ""app/handlers/dispatch.py"", line 142, in process
  ServiceError: Distributed crawler burst triggering endpoint 429 retries"
LOG-INC-8669-3,INC-8669,2026-09-12T15:40:24Z,INFO,[auth-service] Execution exception during request dispatch: Distributed crawler burst triggering endpoint 429 retries,"Traceback (most recent call last):
  File ""app/handlers/dispatch.py"", line 142, in process
  ServiceError: Distributed crawler burst triggering endpoint 429 retries"
LOG-INC-8670-1,INC-8670,2026-08-29T20:37:17Z,ERROR,[notification-worker] Execution exception during request dispatch: Memory leak in unclosed HTTP response stream handler,"Traceback (most recent call last):
  File ""app/handlers/dispatch.py"", line 142, in process
  ServiceError: Memory leak in unclosed HTTP response stream handler"
LOG-INC-8670-2,INC-8670,2026-08-29T20:37:55Z,ERROR,[notification-worker] Execution exception during request dispatch: Memory leak in unclosed HTTP response stream handler,"Traceback (most recent call last):
  File ""app/handlers/dispatch.py"", line 142, in process
  ServiceError: Memory leak in unclosed HTTP response stream handler"
LOG-INC-8671-1,INC-8671,2026-09-10T11:17:00Z,INFO,[checkout-service] Execution exception during request dispatch: TLS certificate handshake timeout on third-party webhook,"Traceback (most recent call last):
  File ""app/handlers/dispatch.py"", line 142, in process
  ServiceError: TLS certificate handshake timeout on third-party webhook"
LOG-INC-8671-2,INC-8671,2026-09-10T11:15:40Z,WARN,[checkout-service] Execution exception during request dispatch: TLS certificate handshake timeout on third-party webhook,"Traceback (most recent call last):
  File ""app/handlers/dispatch.py"", line 142, in process
  ServiceError: TLS certificate handshake timeout on third-party webhook"
LOG-INC-8671-3,INC-8671,2026-09-10T11:16:43Z,WARN,[checkout-service] Execution exception during request dispatch: TLS certificate handshake timeout on third-party webhook,"Traceback (most recent call last):
  File ""app/handlers/dispatch.py"", line 142, in process
  ServiceError: TLS certificate handshake timeout on third-party webhook"
LOG-INC-8672-1,INC-8672,2026-08-15T09:54:56Z,WARN,[order-processing] Execution exception during request dispatch: Corrupted response payload format failing client validation,"Traceback (most recent call last):
  File ""app/handlers/dispatch.py"", line 142, in process
  ServiceError: Corrupted response payload format failing client validation"
LOG-INC-8672-2,INC-8672,2026-08-15T09:54:05Z,INFO,[order-processing] Execution exception during request dispatch: Corrupted response payload format failing client validation,"Traceback (most recent call last):
  File ""app/handlers/dispatch.py"", line 142, in process
  ServiceError: Corrupted response payload format failing client validation"
LOG-INC-8673-1,INC-8673,2026-08-29T07:48:24Z,ERROR,[search-indexer] Execution exception during request dispatch: Recursive call in JSON parsing leading to stack exhaustion,"Traceback (most recent call last):
  File ""app/handlers/dispatch.py"", line 142, in process
  ServiceError: Recursive call in JSON parsing leading to stack exhaustion"
LOG-INC-8673-2,INC-8673,2026-08-29T07:48:09Z,ERROR,[search-indexer] Execution exception during request dispatch: Recursive call in JSON parsing leading to stack exhaustion,"Traceback (most recent call last):
  File ""app/handlers/dispatch.py"", line 142, in process
  ServiceError: Recursive call in JSON parsing leading to stack exhaustion"
LOG-INC-8673-3,INC-8673,2026-08-29T07:47:15Z,ERROR,[search-indexer] Execution exception during request dispatch: Recursive call in JSON parsing leading to stack exhaustion,"Traceback (most recent call last):
  File ""app/handlers/dispatch.py"", line 142, in process
  ServiceError: Recursive call in JSON parsing leading to stack exhaustion"
LOG-INC-8673-4,INC-8673,2026-08-29T07:48:21Z,ERROR,[search-indexer] Execution exception during request dispatch: Recursive call in JSON parsing leading to stack exhaustion,"Traceback (most recent call last):
  File ""app/handlers/dispatch.py"", line 142, in process
  ServiceError: Recursive call in JSON parsing leading to stack exhaustion"
LOG-INC-8674-1,INC-8674,2026-09-03T05:16:03Z,ERROR,[auth-service] Execution exception during request dispatch: Database migration lock timeout during schema rollout,"Traceback (most recent call last):
  File ""app/handlers/dispatch.py"", line 142, in process
  ServiceError: Database migration lock timeout during schema rollout"
LOG-INC-8674-2,INC-8674,2026-09-03T05:15:52Z,ERROR,[auth-service] Execution exception during request dispatch: Database migration lock timeout during schema rollout,"Traceback (most recent call last):
  File ""app/handlers/dispatch.py"", line 142, in process
  ServiceError: Database migration lock timeout during schema rollout"
LOG-INC-8675-1,INC-8675,2026-08-30T00:52:46Z,ERROR,[payment-gateway] Execution exception during request dispatch: Corrupted response payload format failing client validation,"Traceback (most recent call last):
  File ""app/handlers/dispatch.py"", line 142, in process
  ServiceError: Corrupted response payload format failing client validation"
LOG-INC-8675-2,INC-8675,2026-08-30T00:52:04Z,INFO,[payment-gateway] Execution exception during request dispatch: Corrupted response payload format failing client validation,"Traceback (most recent call last):
  File ""app/handlers/dispatch.py"", line 142, in process
  ServiceError: Corrupted response payload format failing client validation"
LOG-INC-8676-1,INC-8676,2026-08-18T06:02:38Z,INFO,[payment-gateway] Execution exception during request dispatch: Memory leak in unclosed HTTP response stream handler,"Traceback (most recent call last):
  File ""app/handlers/dispatch.py"", line 142, in process
  ServiceError: Memory leak in unclosed HTTP response stream handler"
LOG-INC-8676-2,INC-8676,2026-08-18T06:03:13Z,ERROR,[payment-gateway] Execution exception during request dispatch: Memory leak in unclosed HTTP response stream handler,"Traceback (most recent call last):
  File ""app/handlers/dispatch.py"", line 142, in process
  ServiceError: Memory leak in unclosed HTTP response stream handler"
LOG-INC-8676-3,INC-8676,2026-08-18T06:03:36Z,INFO,[payment-gateway] Execution exception during request dispatch: Memory leak in unclosed HTTP response stream handler,"Traceback (most recent call last):
  File ""app/handlers/dispatch.py"", line 142, in process
  ServiceError: Memory leak in unclosed HTTP response stream handler"
LOG-INC-8677-1,INC-8677,2026-09-06T11:07:18Z,ERROR,[payment-gateway] Execution exception during request dispatch: Network packet loss on Kubernetes overlay CNI bridge,"Traceback (most recent call last):
  File ""app/handlers/dispatch.py"", line 142, in process
  ServiceError: Network packet loss on Kubernetes overlay CNI bridge"
LOG-INC-8677-2,INC-8677,2026-09-06T11:08:53Z,WARN,[payment-gateway] Execution exception during request dispatch: Network packet loss on Kubernetes overlay CNI bridge,"Traceback (most recent call last):
  File ""app/handlers/dispatch.py"", line 142, in process
  ServiceError: Network packet loss on Kubernetes overlay CNI bridge"
LOG-INC-8678-1,INC-8678,2026-08-16T13:37:41Z,WARN,[order-processing] Execution exception during request dispatch: Deadlock cycle in distributed checkout table lock,"Traceback (most recent call last):
  File ""app/handlers/dispatch.py"", line 142, in process
  ServiceError: Deadlock cycle in distributed checkout table lock"
LOG-INC-8678-2,INC-8678,2026-08-16T13:36:48Z,WARN,[order-processing] Execution exception during request dispatch: Deadlock cycle in distributed checkout table lock,"Traceback (most recent call last):
  File ""app/handlers/dispatch.py"", line 142, in process
  ServiceError: Deadlock cycle in distributed checkout table lock"
LOG-INC-8679-1,INC-8679,2026-09-12T12:49:17Z,INFO,[checkout-service] Execution exception during request dispatch: Config flag default inversion causing request rejections,"Traceback (most recent call last):
  File ""app/handlers/dispatch.py"", line 142, in process
  ServiceError: Config flag default inversion causing request rejections"
LOG-INC-8679-2,INC-8679,2026-09-12T12:48:44Z,WARN,[checkout-service] Execution exception during request dispatch: Config flag default inversion causing request rejections,"Traceback (most recent call last):
  File ""app/handlers/dispatch.py"", line 142, in process
  ServiceError: Config flag default inversion causing request rejections"
LOG-INC-8680-1,INC-8680,2026-09-25T22:36:10Z,INFO,[search-indexer] Execution exception during request dispatch: Connection pool saturation under sustained transaction load,"Traceback (most recent call last):
  File ""app/handlers/dispatch.py"", line 142, in process
  ServiceError: Connection pool saturation under sustained transaction load"
LOG-INC-8680-2,INC-8680,2026-09-25T22:36:56Z,INFO,[search-indexer] Execution exception during request dispatch: Connection pool saturation under sustained transaction load,"Traceback (most recent call last):
  File ""app/handlers/dispatch.py"", line 142, in process
  ServiceError: Connection pool saturation under sustained transaction load"
LOG-INC-8680-3,INC-8680,2026-09-25T22:35:56Z,WARN,[search-indexer] Execution exception during request dispatch: Connection pool saturation under sustained transaction load,"Traceback (most recent call last):
  File ""app/handlers/dispatch.py"", line 142, in process
  ServiceError: Connection pool saturation under sustained transaction load"
LOG-INC-8680-4,INC-8680,2026-09-25T22:36:24Z,ERROR,[search-indexer] Execution exception during request dispatch: Connection pool saturation under sustained transaction load,"Traceback (most recent call last):
  File ""app/handlers/dispatch.py"", line 142, in process
  ServiceError: Connection pool saturation under sustained transaction load"
LOG-INC-8681-1,INC-8681,2026-09-04T13:14:06Z,INFO,[search-indexer] Execution exception during request dispatch: Recursive call in JSON parsing leading to stack exhaustion,"Traceback (most recent call last):
  File ""app/handlers/dispatch.py"", line 142, in process
  ServiceError: Recursive call in JSON parsing leading to stack exhaustion"
LOG-INC-8681-2,INC-8681,2026-09-04T13:14:13Z,WARN,[search-indexer] Execution exception during request dispatch: Recursive call in JSON parsing leading to stack exhaustion,"Traceback (most recent call last):
  File ""app/handlers/dispatch.py"", line 142, in process
  ServiceError: Recursive call in JSON parsing leading to stack exhaustion"
LOG-INC-8681-3,INC-8681,2026-09-04T13:14:33Z,WARN,[search-indexer] Execution exception during request dispatch: Recursive call in JSON parsing leading to stack exhaustion,"Traceback (most recent call last):
  File ""app/handlers/dispatch.py"", line 142, in process
  ServiceError: Recursive call in JSON parsing leading to stack exhaustion"
LOG-INC-8682-1,INC-8682,2026-08-16T05:51:53Z,INFO,[auth-service] Execution exception during request dispatch: Garbage collection pause duration exceeding 1500ms,"Traceback (most recent call last):
  File ""app/handlers/dispatch.py"", line 142, in process
  ServiceError: Garbage collection pause duration exceeding 1500ms"
LOG-INC-8682-2,INC-8682,2026-08-16T05:51:59Z,ERROR,[auth-service] Execution exception during request dispatch: Garbage collection pause duration exceeding 1500ms,"Traceback (most recent call last):
  File ""app/handlers/dispatch.py"", line 142, in process
  ServiceError: Garbage collection pause duration exceeding 1500ms"
LOG-INC-8682-3,INC-8682,2026-08-16T05:51:39Z,ERROR,[auth-service] Execution exception during request dispatch: Garbage collection pause duration exceeding 1500ms,"Traceback (most recent call last):
  File ""app/handlers/dispatch.py"", line 142, in process
  ServiceError: Garbage collection pause duration exceeding 1500ms"
LOG-INC-8682-4,INC-8682,2026-08-16T05:50:51Z,INFO,[auth-service] Execution exception during request dispatch: Garbage collection pause duration exceeding 1500ms,"Traceback (most recent call last):
  File ""app/handlers/dispatch.py"", line 142, in process
  ServiceError: Garbage collection pause duration exceeding 1500ms"
LOG-INC-8683-1,INC-8683,2026-09-23T22:37:36Z,ERROR,[inventory-api] Execution exception during request dispatch: Spike in unauthenticated request probe flood,"Traceback (most recent call last):
  File ""app/handlers/dispatch.py"", line 142, in process
  ServiceError: Spike in unauthenticated request probe flood"
LOG-INC-8683-2,INC-8683,2026-09-23T22:37:37Z,INFO,[inventory-api] Execution exception during request dispatch: Spike in unauthenticated request probe flood,"Traceback (most recent call last):
  File ""app/handlers/dispatch.py"", line 142, in process
  ServiceError: Spike in unauthenticated request probe flood"
LOG-INC-8683-3,INC-8683,2026-09-23T22:37:28Z,INFO,[inventory-api] Execution exception during request dispatch: Spike in unauthenticated request probe flood,"Traceback (most recent call last):
  File ""app/handlers/dispatch.py"", line 142, in process
  ServiceError: Spike in unauthenticated request probe flood"
LOG-INC-8683-4,INC-8683,2026-09-23T22:38:28Z,ERROR,[inventory-api] Execution exception during request dispatch: Spike in unauthenticated request probe flood,"Traceback (most recent call last):
  File ""app/handlers/dispatch.py"", line 142, in process
  ServiceError: Spike in unauthenticated request probe flood"
LOG-INC-8684-1,INC-8684,2026-08-19T16:26:11Z,WARN,[notification-worker] Execution exception during request dispatch: Distributed crawler burst triggering endpoint 429 retries,"Traceback (most recent call last):
  File ""app/handlers/dispatch.py"", line 142, in process
  ServiceError: Distributed crawler burst triggering endpoint 429 retries"
LOG-INC-8684-2,INC-8684,2026-08-19T16:25:12Z,ERROR,[notification-worker] Execution exception during request dispatch: Distributed crawler burst triggering endpoint 429 retries,"Traceback (most recent call last):
  File ""app/handlers/dispatch.py"", line 142, in process
  ServiceError: Distributed crawler burst triggering endpoint 429 retries"
LOG-INC-8685-1,INC-8685,2026-09-21T04:37:30Z,ERROR,[auth-service] Execution exception during request dispatch: Dependency version mismatch in gRPC protobuf schema,"Traceback (most recent call last):
  File ""app/handlers/dispatch.py"", line 142, in process
  ServiceError: Dependency version mismatch in gRPC protobuf schema"
LOG-INC-8685-2,INC-8685,2026-09-21T04:38:14Z,INFO,[auth-service] Execution exception during request dispatch: Dependency version mismatch in gRPC protobuf schema,"Traceback (most recent call last):
  File ""app/handlers/dispatch.py"", line 142, in process
  ServiceError: Dependency version mismatch in gRPC protobuf schema"
LOG-INC-8685-3,INC-8685,2026-09-21T04:37:32Z,INFO,[auth-service] Execution exception during request dispatch: Dependency version mismatch in gRPC protobuf schema,"Traceback (most recent call last):
  File ""app/handlers/dispatch.py"", line 142, in process
  ServiceError: Dependency version mismatch in gRPC protobuf schema"
LOG-INC-8686-1,INC-8686,2026-09-26T11:14:21Z,WARN,[notification-worker] Execution exception during request dispatch: Slow query cascade triggering client connection timeout,"Traceback (most recent call last):
  File ""app/handlers/dispatch.py"", line 142, in process
  ServiceError: Slow query cascade triggering client connection timeout"
LOG-INC-8686-2,INC-8686,2026-09-26T11:14:08Z,INFO,[notification-worker] Execution exception during request dispatch: Slow query cascade triggering client connection timeout,"Traceback (most recent call last):
  File ""app/handlers/dispatch.py"", line 142, in process
  ServiceError: Slow query cascade triggering client connection timeout"
LOG-INC-8686-3,INC-8686,2026-09-26T11:13:27Z,WARN,[notification-worker] Execution exception during request dispatch: Slow query cascade triggering client connection timeout,"Traceback (most recent call last):
  File ""app/handlers/dispatch.py"", line 142, in process
  ServiceError: Slow query cascade triggering client connection timeout"
LOG-INC-8687-1,INC-8687,2026-09-05T01:50:13Z,WARN,[inventory-api] Execution exception during request dispatch: Config flag default inversion causing request rejections,"Traceback (most recent call last):
  File ""app/handlers/dispatch.py"", line 142, in process
  ServiceError: Config flag default inversion causing request rejections"
LOG-INC-8687-2,INC-8687,2026-09-05T01:51:31Z,WARN,[inventory-api] Execution exception during request dispatch: Config flag default inversion causing request rejections,"Traceback (most recent call last):
  File ""app/handlers/dispatch.py"", line 142, in process
  ServiceError: Config flag default inversion causing request rejections"
LOG-INC-8688-1,INC-8688,2026-08-22T14:38:32Z,WARN,[checkout-service] Execution exception during request dispatch: Config flag default inversion causing request rejections,"Traceback (most recent call last):
  File ""app/handlers/dispatch.py"", line 142, in process
  ServiceError: Config flag default inversion causing request rejections"
LOG-INC-8688-2,INC-8688,2026-08-22T14:38:23Z,ERROR,[checkout-service] Execution exception during request dispatch: Config flag default inversion causing request rejections,"Traceback (most recent call last):
  File ""app/handlers/dispatch.py"", line 142, in process
  ServiceError: Config flag default inversion causing request rejections"
LOG-INC-8689-1,INC-8689,2026-08-22T00:03:38Z,WARN,[checkout-service] Execution exception during request dispatch: Batch data import job executed during peak consumer hours,"Traceback (most recent call last):
  File ""app/handlers/dispatch.py"", line 142, in process
  ServiceError: Batch data import job executed during peak consumer hours"
LOG-INC-8689-2,INC-8689,2026-08-22T00:04:54Z,WARN,[checkout-service] Execution exception during request dispatch: Batch data import job executed during peak consumer hours,"Traceback (most recent call last):
  File ""app/handlers/dispatch.py"", line 142, in process
  ServiceError: Batch data import job executed during peak consumer hours"
LOG-INC-8690-1,INC-8690,2026-09-07T12:09:12Z,WARN,[user-profile] Execution exception during request dispatch: Memory leak in unclosed HTTP response stream handler,"Traceback (most recent call last):
  File ""app/handlers/dispatch.py"", line 142, in process
  ServiceError: Memory leak in unclosed HTTP response stream handler"
LOG-INC-8690-2,INC-8690,2026-09-07T12:09:50Z,INFO,[user-profile] Execution exception during request dispatch: Memory leak in unclosed HTTP response stream handler,"Traceback (most recent call last):
  File ""app/handlers/dispatch.py"", line 142, in process
  ServiceError: Memory leak in unclosed HTTP response stream handler"
LOG-INC-8690-3,INC-8690,2026-09-07T12:10:48Z,ERROR,[user-profile] Execution exception during request dispatch: Memory leak in unclosed HTTP response stream handler,"Traceback (most recent call last):
  File ""app/handlers/dispatch.py"", line 142, in process
  ServiceError: Memory leak in unclosed HTTP response stream handler"
LOG-INC-8691-1,INC-8691,2026-09-11T16:01:30Z,ERROR,[inventory-api] Execution exception during request dispatch: Pod memory limit hit triggering repeated OOMKilled events,"Traceback (most recent call last):
  File ""app/handlers/dispatch.py"", line 142, in process
  ServiceError: Pod memory limit hit triggering repeated OOMKilled events"
LOG-INC-8691-2,INC-8691,2026-09-11T16:02:24Z,INFO,[inventory-api] Execution exception during request dispatch: Pod memory limit hit triggering repeated OOMKilled events,"Traceback (most recent call last):
  File ""app/handlers/dispatch.py"", line 142, in process
  ServiceError: Pod memory limit hit triggering repeated OOMKilled events"
LOG-INC-8691-3,INC-8691,2026-09-11T16:02:01Z,WARN,[inventory-api] Execution exception during request dispatch: Pod memory limit hit triggering repeated OOMKilled events,"Traceback (most recent call last):
  File ""app/handlers/dispatch.py"", line 142, in process
  ServiceError: Pod memory limit hit triggering repeated OOMKilled events"
LOG-INC-8691-4,INC-8691,2026-09-11T16:01:18Z,ERROR,[inventory-api] Execution exception during request dispatch: Pod memory limit hit triggering repeated OOMKilled events,"Traceback (most recent call last):
  File ""app/handlers/dispatch.py"", line 142, in process
  ServiceError: Pod memory limit hit triggering repeated OOMKilled events"
LOG-INC-8692-1,INC-8692,2026-08-21T22:28:35Z,ERROR,[notification-worker] Execution exception during request dispatch: Batch data import job executed during peak consumer hours,"Traceback (most recent call last):
  File ""app/handlers/dispatch.py"", line 142, in process
  ServiceError: Batch data import job executed during peak consumer hours"
LOG-INC-8692-2,INC-8692,2026-08-21T22:28:07Z,ERROR,[notification-worker] Execution exception during request dispatch: Batch data import job executed during peak consumer hours,"Traceback (most recent call last):
  File ""app/handlers/dispatch.py"", line 142, in process
  ServiceError: Batch data import job executed during peak consumer hours"
LOG-INC-8692-3,INC-8692,2026-08-21T22:27:36Z,ERROR,[notification-worker] Execution exception during request dispatch: Batch data import job executed during peak consumer hours,"Traceback (most recent call last):
  File ""app/handlers/dispatch.py"", line 142, in process
  ServiceError: Batch data import job executed during peak consumer hours"
LOG-INC-8692-4,INC-8692,2026-08-21T22:27:40Z,ERROR,[notification-worker] Execution exception during request dispatch: Batch data import job executed during peak consumer hours,"Traceback (most recent call last):
  File ""app/handlers/dispatch.py"", line 142, in process
  ServiceError: Batch data import job executed during peak consumer hours"
LOG-INC-8693-1,INC-8693,2026-09-07T15:49:20Z,WARN,[inventory-api] Execution exception during request dispatch: Connection pool saturation under sustained transaction load,"Traceback (most recent call last):
  File ""app/handlers/dispatch.py"", line 142, in process
  ServiceError: Connection pool saturation under sustained transaction load"
LOG-INC-8693-2,INC-8693,2026-09-07T15:49:18Z,ERROR,[inventory-api] Execution exception during request dispatch: Connection pool saturation under sustained transaction load,"Traceback (most recent call last):
  File ""app/handlers/dispatch.py"", line 142, in process
  ServiceError: Connection pool saturation under sustained transaction load"
LOG-INC-8694-1,INC-8694,2026-08-26T02:35:56Z,INFO,[order-processing] Execution exception during request dispatch: Distributed crawler burst triggering endpoint 429 retries,"Traceback (most recent call last):
  File ""app/handlers/dispatch.py"", line 142, in process
  ServiceError: Distributed crawler burst triggering endpoint 429 retries"
LOG-INC-8694-2,INC-8694,2026-08-26T02:35:36Z,INFO,[order-processing] Execution exception during request dispatch: Distributed crawler burst triggering endpoint 429 retries,"Traceback (most recent call last):
  File ""app/handlers/dispatch.py"", line 142, in process
  ServiceError: Distributed crawler burst triggering endpoint 429 retries"
LOG-INC-8695-1,INC-8695,2026-09-14T20:50:22Z,ERROR,[order-processing] Execution exception during request dispatch: High CPU throttling on Kubernetes node worker pool,"Traceback (most recent call last):
  File ""app/handlers/dispatch.py"", line 142, in process
  ServiceError: High CPU throttling on Kubernetes node worker pool"
LOG-INC-8695-2,INC-8695,2026-09-14T20:51:27Z,WARN,[order-processing] Execution exception during request dispatch: High CPU throttling on Kubernetes node worker pool,"Traceback (most recent call last):
  File ""app/handlers/dispatch.py"", line 142, in process
  ServiceError: High CPU throttling on Kubernetes node worker pool"
LOG-INC-8696-1,INC-8696,2026-08-17T18:08:07Z,WARN,[user-profile] Execution exception during request dispatch: Unhandled arithmetic overflow in currency conversion,"Traceback (most recent call last):
  File ""app/handlers/dispatch.py"", line 142, in process
  ServiceError: Unhandled arithmetic overflow in currency conversion"
LOG-INC-8696-2,INC-8696,2026-08-17T18:08:18Z,WARN,[user-profile] Execution exception during request dispatch: Unhandled arithmetic overflow in currency conversion,"Traceback (most recent call last):
  File ""app/handlers/dispatch.py"", line 142, in process
  ServiceError: Unhandled arithmetic overflow in currency conversion"
LOG-INC-8696-3,INC-8696,2026-08-17T18:08:26Z,ERROR,[user-profile] Execution exception during request dispatch: Unhandled arithmetic overflow in currency conversion,"Traceback (most recent call last):
  File ""app/handlers/dispatch.py"", line 142, in process
  ServiceError: Unhandled arithmetic overflow in currency conversion"
LOG-INC-8696-4,INC-8696,2026-08-17T18:08:39Z,ERROR,[user-profile] Execution exception during request dispatch: Unhandled arithmetic overflow in currency conversion,"Traceback (most recent call last):
  File ""app/handlers/dispatch.py"", line 142, in process
  ServiceError: Unhandled arithmetic overflow in currency conversion"
LOG-INC-8697-1,INC-8697,2026-09-17T19:16:00Z,WARN,[auth-service] Execution exception during request dispatch: Sudden traffic surge exceeding rate limiter bucket capacity,"Traceback (most recent call last):
  File ""app/handlers/dispatch.py"", line 142, in process
  ServiceError: Sudden traffic surge exceeding rate limiter bucket capacity"
LOG-INC-8697-2,INC-8697,2026-09-17T19:16:04Z,WARN,[auth-service] Execution exception during request dispatch: Sudden traffic surge exceeding rate limiter bucket capacity,"Traceback (most recent call last):
  File ""app/handlers/dispatch.py"", line 142, in process
  ServiceError: Sudden traffic surge exceeding rate limiter bucket capacity"
LOG-INC-8697-3,INC-8697,2026-09-17T19:16:58Z,INFO,[auth-service] Execution exception during request dispatch: Sudden traffic surge exceeding rate limiter bucket capacity,"Traceback (most recent call last):
  File ""app/handlers/dispatch.py"", line 142, in process
  ServiceError: Sudden traffic surge exceeding rate limiter bucket capacity"
LOG-INC-8697-4,INC-8697,2026-09-17T19:15:24Z,INFO,[auth-service] Execution exception during request dispatch: Sudden traffic surge exceeding rate limiter bucket capacity,"Traceback (most recent call last):
  File ""app/handlers/dispatch.py"", line 142, in process
  ServiceError: Sudden traffic surge exceeding rate limiter bucket capacity"
LOG-INC-8698-1,INC-8698,2026-08-29T02:31:06Z,ERROR,[search-indexer] Execution exception during request dispatch: Memory leak in unclosed HTTP response stream handler,"Traceback (most recent call last):
  File ""app/handlers/dispatch.py"", line 142, in process
  ServiceError: Memory leak in unclosed HTTP response stream handler"
LOG-INC-8698-2,INC-8698,2026-08-29T02:31:46Z,WARN,[search-indexer] Execution exception during request dispatch: Memory leak in unclosed HTTP response stream handler,"Traceback (most recent call last):
  File ""app/handlers/dispatch.py"", line 142, in process
  ServiceError: Memory leak in unclosed HTTP response stream handler"
LOG-INC-8699-1,INC-8699,2026-08-24T22:54:29Z,ERROR,[notification-worker] Execution exception during request dispatch: Slow query cascade triggering client connection timeout,"Traceback (most recent call last):
  File ""app/handlers/dispatch.py"", line 142, in process
  ServiceError: Slow query cascade triggering client connection timeout"
LOG-INC-8699-2,INC-8699,2026-08-24T22:54:31Z,WARN,[notification-worker] Execution exception during request dispatch: Slow query cascade triggering client connection timeout,"Traceback (most recent call last):
  File ""app/handlers/dispatch.py"", line 142, in process
  ServiceError: Slow query cascade triggering client connection timeout"
LOG-INC-8700-1,INC-8700,2026-09-16T00:25:43Z,ERROR,[payment-gateway] Execution exception during request dispatch: Distributed crawler burst triggering endpoint 429 retries,"Traceback (most recent call last):
  File ""app/handlers/dispatch.py"", line 142, in process
  ServiceError: Distributed crawler burst triggering endpoint 429 retries"
LOG-INC-8700-2,INC-8700,2026-09-16T00:25:59Z,WARN,[payment-gateway] Execution exception during request dispatch: Distributed crawler burst triggering endpoint 429 retries,"Traceback (most recent call last):
  File ""app/handlers/dispatch.py"", line 142, in process
  ServiceError: Distributed crawler burst triggering endpoint 429 retries"
LOG-INC-8701-1,INC-8701,2026-08-23T15:10:53Z,ERROR,[notification-worker] Execution exception during request dispatch: Unhandled arithmetic overflow in currency conversion,"Traceback (most recent call last):
  File ""app/handlers/dispatch.py"", line 142, in process
  ServiceError: Unhandled arithmetic overflow in currency conversion"
LOG-INC-8701-2,INC-8701,2026-08-23T15:11:02Z,WARN,[notification-worker] Execution exception during request dispatch: Unhandled arithmetic overflow in currency conversion,"Traceback (most recent call last):
  File ""app/handlers/dispatch.py"", line 142, in process
  ServiceError: Unhandled arithmetic overflow in currency conversion"
LOG-INC-8702-1,INC-8702,2026-09-12T01:38:16Z,INFO,[auth-service] Execution exception during request dispatch: Connection pool saturation under sustained transaction load,"Traceback (most recent call last):
  File ""app/handlers/dispatch.py"", line 142, in process
  ServiceError: Connection pool saturation under sustained transaction load"
LOG-INC-8702-2,INC-8702,2026-09-12T01:38:51Z,WARN,[auth-service] Execution exception during request dispatch: Connection pool saturation under sustained transaction load,"Traceback (most recent call last):
  File ""app/handlers/dispatch.py"", line 142, in process
  ServiceError: Connection pool saturation under sustained transaction load"
LOG-INC-8703-1,INC-8703,2026-08-18T11:09:44Z,ERROR,[notification-worker] Execution exception during request dispatch: Corrupted response payload format failing client validation,"Traceback (most recent call last):
  File ""app/handlers/dispatch.py"", line 142, in process
  ServiceError: Corrupted response payload format failing client validation"
LOG-INC-8703-2,INC-8703,2026-08-18T11:10:00Z,INFO,[notification-worker] Execution exception during request dispatch: Corrupted response payload format failing client validation,"Traceback (most recent call last):
  File ""app/handlers/dispatch.py"", line 142, in process
  ServiceError: Corrupted response payload format failing client validation"
LOG-INC-8703-3,INC-8703,2026-08-18T11:09:43Z,ERROR,[notification-worker] Execution exception during request dispatch: Corrupted response payload format failing client validation,"Traceback (most recent call last):
  File ""app/handlers/dispatch.py"", line 142, in process
  ServiceError: Corrupted response payload format failing client validation"
LOG-INC-8704-1,INC-8704,2026-09-24T10:12:27Z,INFO,[search-indexer] Execution exception during request dispatch: Dependency version mismatch in gRPC protobuf schema,"Traceback (most recent call last):
  File ""app/handlers/dispatch.py"", line 142, in process
  ServiceError: Dependency version mismatch in gRPC protobuf schema"
LOG-INC-8704-2,INC-8704,2026-09-24T10:12:06Z,ERROR,[search-indexer] Execution exception during request dispatch: Dependency version mismatch in gRPC protobuf schema,"Traceback (most recent call last):
  File ""app/handlers/dispatch.py"", line 142, in process
  ServiceError: Dependency version mismatch in gRPC protobuf schema"
LOG-INC-8705-1,INC-8705,2026-09-18T13:01:39Z,INFO,[inventory-api] Execution exception during request dispatch: Recursive call in JSON parsing leading to stack exhaustion,"Traceback (most recent call last):
  File ""app/handlers/dispatch.py"", line 142, in process
  ServiceError: Recursive call in JSON parsing leading to stack exhaustion"
LOG-INC-8705-2,INC-8705,2026-09-18T13:00:28Z,WARN,[inventory-api] Execution exception during request dispatch: Recursive call in JSON parsing leading to stack exhaustion,"Traceback (most recent call last):
  File ""app/handlers/dispatch.py"", line 142, in process
  ServiceError: Recursive call in JSON parsing leading to stack exhaustion"
LOG-INC-8706-1,INC-8706,2026-09-11T09:35:09Z,ERROR,[user-profile] Execution exception during request dispatch: File descriptor limit reached on upstream reverse proxy,"Traceback (most recent call last):
  File ""app/handlers/dispatch.py"", line 142, in process
  ServiceError: File descriptor limit reached on upstream reverse proxy"
LOG-INC-8706-2,INC-8706,2026-09-11T09:36:39Z,ERROR,[user-profile] Execution exception during request dispatch: File descriptor limit reached on upstream reverse proxy,"Traceback (most recent call last):
  File ""app/handlers/dispatch.py"", line 142, in process
  ServiceError: File descriptor limit reached on upstream reverse proxy"
LOG-INC-8706-3,INC-8706,2026-09-11T09:36:56Z,ERROR,[user-profile] Execution exception during request dispatch: File descriptor limit reached on upstream reverse proxy,"Traceback (most recent call last):
  File ""app/handlers/dispatch.py"", line 142, in process
  ServiceError: File descriptor limit reached on upstream reverse proxy"
LOG-INC-8707-1,INC-8707,2026-09-21T08:59:58Z,INFO,[checkout-service] Execution exception during request dispatch: Dependency version mismatch in gRPC protobuf schema,"Traceback (most recent call last):
  File ""app/handlers/dispatch.py"", line 142, in process
  ServiceError: Dependency version mismatch in gRPC protobuf schema"
LOG-INC-8707-2,INC-8707,2026-09-21T09:00:01Z,ERROR,[checkout-service] Execution exception during request dispatch: Dependency version mismatch in gRPC protobuf schema,"Traceback (most recent call last):
  File ""app/handlers/dispatch.py"", line 142, in process
  ServiceError: Dependency version mismatch in gRPC protobuf schema"
LOG-INC-8707-3,INC-8707,2026-09-21T09:00:54Z,INFO,[checkout-service] Execution exception during request dispatch: Dependency version mismatch in gRPC protobuf schema,"Traceback (most recent call last):
  File ""app/handlers/dispatch.py"", line 142, in process
  ServiceError: Dependency version mismatch in gRPC protobuf schema"
LOG-INC-8708-1,INC-8708,2026-08-27T01:40:08Z,INFO,[notification-worker] Execution exception during request dispatch: High CPU throttling on Kubernetes node worker pool,"Traceback (most recent call last):
  File ""app/handlers/dispatch.py"", line 142, in process
  ServiceError: High CPU throttling on Kubernetes node worker pool"
LOG-INC-8708-2,INC-8708,2026-08-27T01:40:51Z,INFO,[notification-worker] Execution exception during request dispatch: High CPU throttling on Kubernetes node worker pool,"Traceback (most recent call last):
  File ""app/handlers/dispatch.py"", line 142, in process
  ServiceError: High CPU throttling on Kubernetes node worker pool"
LOG-INC-8708-3,INC-8708,2026-08-27T01:39:30Z,ERROR,[notification-worker] Execution exception during request dispatch: High CPU throttling on Kubernetes node worker pool,"Traceback (most recent call last):
  File ""app/handlers/dispatch.py"", line 142, in process
  ServiceError: High CPU throttling on Kubernetes node worker pool"
LOG-INC-8709-1,INC-8709,2026-08-29T12:00:37Z,ERROR,[auth-service] Execution exception during request dispatch: TLS certificate handshake timeout on third-party webhook,"Traceback (most recent call last):
  File ""app/handlers/dispatch.py"", line 142, in process
  ServiceError: TLS certificate handshake timeout on third-party webhook"
LOG-INC-8709-2,INC-8709,2026-08-29T12:01:38Z,INFO,[auth-service] Execution exception during request dispatch: TLS certificate handshake timeout on third-party webhook,"Traceback (most recent call last):
  File ""app/handlers/dispatch.py"", line 142, in process
  ServiceError: TLS certificate handshake timeout on third-party webhook"
LOG-INC-8710-1,INC-8710,2026-08-14T22:56:00Z,WARN,[inventory-api] Execution exception during request dispatch: Deadlock cycle in distributed checkout table lock,"Traceback (most recent call last):
  File ""app/handlers/dispatch.py"", line 142, in process
  ServiceError: Deadlock cycle in distributed checkout table lock"
LOG-INC-8710-2,INC-8710,2026-08-14T22:55:25Z,ERROR,[inventory-api] Execution exception during request dispatch: Deadlock cycle in distributed checkout table lock,"Traceback (most recent call last):
  File ""app/handlers/dispatch.py"", line 142, in process
  ServiceError: Deadlock cycle in distributed checkout table lock"
LOG-INC-8710-3,INC-8710,2026-08-14T22:55:46Z,ERROR,[inventory-api] Execution exception during request dispatch: Deadlock cycle in distributed checkout table lock,"Traceback (most recent call last):
  File ""app/handlers/dispatch.py"", line 142, in process
  ServiceError: Deadlock cycle in distributed checkout table lock"
LOG-INC-8710-4,INC-8710,2026-08-14T22:54:28Z,ERROR,[inventory-api] Execution exception during request dispatch: Deadlock cycle in distributed checkout table lock,"Traceback (most recent call last):
  File ""app/handlers/dispatch.py"", line 142, in process
  ServiceError: Deadlock cycle in distributed checkout table lock"
LOG-INC-8711-1,INC-8711,2026-08-20T07:24:02Z,ERROR,[search-indexer] Execution exception during request dispatch: Batch data import job executed during peak consumer hours,"Traceback (most recent call last):
  File ""app/handlers/dispatch.py"", line 142, in process
  ServiceError: Batch data import job executed during peak consumer hours"
LOG-INC-8711-2,INC-8711,2026-08-20T07:24:03Z,INFO,[search-indexer] Execution exception during request dispatch: Batch data import job executed during peak consumer hours,"Traceback (most recent call last):
  File ""app/handlers/dispatch.py"", line 142, in process
  ServiceError: Batch data import job executed during peak consumer hours"
LOG-INC-8711-3,INC-8711,2026-08-20T07:23:38Z,INFO,[search-indexer] Execution exception during request dispatch: Batch data import job executed during peak consumer hours,"Traceback (most recent call last):
  File ""app/handlers/dispatch.py"", line 142, in process
  ServiceError: Batch data import job executed during peak consumer hours"
LOG-INC-8712-1,INC-8712,2026-08-22T08:31:17Z,INFO,[user-profile] Execution exception during request dispatch: Deadlock cycle in distributed checkout table lock,"Traceback (most recent call last):
  File ""app/handlers/dispatch.py"", line 142, in process
  ServiceError: Deadlock cycle in distributed checkout table lock"
LOG-INC-8712-2,INC-8712,2026-08-22T08:32:54Z,WARN,[user-profile] Execution exception during request dispatch: Deadlock cycle in distributed checkout table lock,"Traceback (most recent call last):
  File ""app/handlers/dispatch.py"", line 142, in process
  ServiceError: Deadlock cycle in distributed checkout table lock"
LOG-INC-8712-3,INC-8712,2026-08-22T08:32:42Z,INFO,[user-profile] Execution exception during request dispatch: Deadlock cycle in distributed checkout table lock,"Traceback (most recent call last):
  File ""app/handlers/dispatch.py"", line 142, in process
  ServiceError: Deadlock cycle in distributed checkout table lock"
LOG-INC-8712-4,INC-8712,2026-08-22T08:31:38Z,ERROR,[user-profile] Execution exception during request dispatch: Deadlock cycle in distributed checkout table lock,"Traceback (most recent call last):
  File ""app/handlers/dispatch.py"", line 142, in process
  ServiceError: Deadlock cycle in distributed checkout table lock"
LOG-INC-8713-1,INC-8713,2026-09-01T10:31:56Z,ERROR,[payment-gateway] Execution exception during request dispatch: Connection pool saturation under sustained transaction load,"Traceback (most recent call last):
  File ""app/handlers/dispatch.py"", line 142, in process
  ServiceError: Connection pool saturation under sustained transaction load"
LOG-INC-8713-2,INC-8713,2026-09-01T10:30:49Z,ERROR,[payment-gateway] Execution exception during request dispatch: Connection pool saturation under sustained transaction load,"Traceback (most recent call last):
  File ""app/handlers/dispatch.py"", line 142, in process
  ServiceError: Connection pool saturation under sustained transaction load"
LOG-INC-8714-1,INC-8714,2026-09-17T10:46:12Z,INFO,[order-processing] Execution exception during request dispatch: TCP socket connection reset by peer on egress gateway,"Traceback (most recent call last):
  File ""app/handlers/dispatch.py"", line 142, in process
  ServiceError: TCP socket connection reset by peer on egress gateway"
LOG-INC-8714-2,INC-8714,2026-09-17T10:46:44Z,ERROR,[order-processing] Execution exception during request dispatch: TCP socket connection reset by peer on egress gateway,"Traceback (most recent call last):
  File ""app/handlers/dispatch.py"", line 142, in process
  ServiceError: TCP socket connection reset by peer on egress gateway"
LOG-INC-8714-3,INC-8714,2026-09-17T10:46:17Z,INFO,[order-processing] Execution exception during request dispatch: TCP socket connection reset by peer on egress gateway,"Traceback (most recent call last):
  File ""app/handlers/dispatch.py"", line 142, in process
  ServiceError: TCP socket connection reset by peer on egress gateway"
LOG-INC-8715-1,INC-8715,2026-09-19T06:23:26Z,INFO,[user-profile] Execution exception during request dispatch: Network packet loss on Kubernetes overlay CNI bridge,"Traceback (most recent call last):
  File ""app/handlers/dispatch.py"", line 142, in process
  ServiceError: Network packet loss on Kubernetes overlay CNI bridge"
LOG-INC-8715-2,INC-8715,2026-09-19T06:23:54Z,INFO,[user-profile] Execution exception during request dispatch: Network packet loss on Kubernetes overlay CNI bridge,"Traceback (most recent call last):
  File ""app/handlers/dispatch.py"", line 142, in process
  ServiceError: Network packet loss on Kubernetes overlay CNI bridge"
LOG-INC-8716-1,INC-8716,2026-09-02T17:53:04Z,WARN,[order-processing] Execution exception during request dispatch: Race condition in concurrent token refresh logic,"Traceback (most recent call last):
  File ""app/handlers/dispatch.py"", line 142, in process
  ServiceError: Race condition in concurrent token refresh logic"
LOG-INC-8716-2,INC-8716,2026-09-02T17:52:22Z,INFO,[order-processing] Execution exception during request dispatch: Race condition in concurrent token refresh logic,"Traceback (most recent call last):
  File ""app/handlers/dispatch.py"", line 142, in process
  ServiceError: Race condition in concurrent token refresh logic"
LOG-INC-8716-3,INC-8716,2026-09-02T17:52:43Z,ERROR,[order-processing] Execution exception during request dispatch: Race condition in concurrent token refresh logic,"Traceback (most recent call last):
  File ""app/handlers/dispatch.py"", line 142, in process
  ServiceError: Race condition in concurrent token refresh logic"
LOG-INC-8717-1,INC-8717,2026-09-19T22:43:42Z,ERROR,[order-processing] Execution exception during request dispatch: Spike in unauthenticated request probe flood,"Traceback (most recent call last):
  File ""app/handlers/dispatch.py"", line 142, in process
  ServiceError: Spike in unauthenticated request probe flood"
LOG-INC-8717-2,INC-8717,2026-09-19T22:43:48Z,ERROR,[order-processing] Execution exception during request dispatch: Spike in unauthenticated request probe flood,"Traceback (most recent call last):
  File ""app/handlers/dispatch.py"", line 142, in process
  ServiceError: Spike in unauthenticated request probe flood"
LOG-INC-8718-1,INC-8718,2026-09-20T02:23:37Z,INFO,[order-processing] Execution exception during request dispatch: Pod memory limit hit triggering repeated OOMKilled events,"Traceback (most recent call last):
  File ""app/handlers/dispatch.py"", line 142, in process
  ServiceError: Pod memory limit hit triggering repeated OOMKilled events"
LOG-INC-8718-2,INC-8718,2026-09-20T02:23:19Z,INFO,[order-processing] Execution exception during request dispatch: Pod memory limit hit triggering repeated OOMKilled events,"Traceback (most recent call last):
  File ""app/handlers/dispatch.py"", line 142, in process
  ServiceError: Pod memory limit hit triggering repeated OOMKilled events"
LOG-INC-8719-1,INC-8719,2026-08-22T08:54:34Z,INFO,[checkout-service] Execution exception during request dispatch: Pod memory limit hit triggering repeated OOMKilled events,"Traceback (most recent call last):
  File ""app/handlers/dispatch.py"", line 142, in process
  ServiceError: Pod memory limit hit triggering repeated OOMKilled events"
LOG-INC-8719-2,INC-8719,2026-08-22T08:55:01Z,WARN,[checkout-service] Execution exception during request dispatch: Pod memory limit hit triggering repeated OOMKilled events,"Traceback (most recent call last):
  File ""app/handlers/dispatch.py"", line 142, in process
  ServiceError: Pod memory limit hit triggering repeated OOMKilled events"
LOG-INC-8719-3,INC-8719,2026-08-22T08:55:50Z,ERROR,[checkout-service] Execution exception during request dispatch: Pod memory limit hit triggering repeated OOMKilled events,"Traceback (most recent call last):
  File ""app/handlers/dispatch.py"", line 142, in process
  ServiceError: Pod memory limit hit triggering repeated OOMKilled events"
LOG-INC-8720-1,INC-8720,2026-08-14T06:41:52Z,WARN,[notification-worker] Execution exception during request dispatch: Inter-region transit latency degradation exceeding SLA,"Traceback (most recent call last):
  File ""app/handlers/dispatch.py"", line 142, in process
  ServiceError: Inter-region transit latency degradation exceeding SLA"
LOG-INC-8720-2,INC-8720,2026-08-14T06:40:19Z,INFO,[notification-worker] Execution exception during request dispatch: Inter-region transit latency degradation exceeding SLA,"Traceback (most recent call last):
  File ""app/handlers/dispatch.py"", line 142, in process
  ServiceError: Inter-region transit latency degradation exceeding SLA"
LOG-INC-8720-3,INC-8720,2026-08-14T06:41:04Z,WARN,[notification-worker] Execution exception during request dispatch: Inter-region transit latency degradation exceeding SLA,"Traceback (most recent call last):
  File ""app/handlers/dispatch.py"", line 142, in process
  ServiceError: Inter-region transit latency degradation exceeding SLA"
LOG-INC-8721-1,INC-8721,2026-08-30T00:47:35Z,INFO,[notification-worker] Execution exception during request dispatch: Slow query cascade triggering client connection timeout,"Traceback (most recent call last):
  File ""app/handlers/dispatch.py"", line 142, in process
  ServiceError: Slow query cascade triggering client connection timeout"
LOG-INC-8721-2,INC-8721,2026-08-30T00:48:08Z,INFO,[notification-worker] Execution exception during request dispatch: Slow query cascade triggering client connection timeout,"Traceback (most recent call last):
  File ""app/handlers/dispatch.py"", line 142, in process
  ServiceError: Slow query cascade triggering client connection timeout"
LOG-INC-8721-3,INC-8721,2026-08-30T00:48:00Z,WARN,[notification-worker] Execution exception during request dispatch: Slow query cascade triggering client connection timeout,"Traceback (most recent call last):
  File ""app/handlers/dispatch.py"", line 142, in process
  ServiceError: Slow query cascade triggering client connection timeout"
LOG-INC-8722-1,INC-8722,2026-08-27T03:14:15Z,ERROR,[inventory-api] Execution exception during request dispatch: Network packet loss on Kubernetes overlay CNI bridge,"Traceback (most recent call last):
  File ""app/handlers/dispatch.py"", line 142, in process
  ServiceError: Network packet loss on Kubernetes overlay CNI bridge"
LOG-INC-8722-2,INC-8722,2026-08-27T03:14:06Z,ERROR,[inventory-api] Execution exception during request dispatch: Network packet loss on Kubernetes overlay CNI bridge,"Traceback (most recent call last):
  File ""app/handlers/dispatch.py"", line 142, in process
  ServiceError: Network packet loss on Kubernetes overlay CNI bridge"
LOG-INC-8722-3,INC-8722,2026-08-27T03:14:17Z,ERROR,[inventory-api] Execution exception during request dispatch: Network packet loss on Kubernetes overlay CNI bridge,"Traceback (most recent call last):
  File ""app/handlers/dispatch.py"", line 142, in process
  ServiceError: Network packet loss on Kubernetes overlay CNI bridge"
LOG-INC-8723-1,INC-8723,2026-08-27T02:36:18Z,INFO,[notification-worker] Execution exception during request dispatch: Batch data import job executed during peak consumer hours,"Traceback (most recent call last):
  File ""app/handlers/dispatch.py"", line 142, in process
  ServiceError: Batch data import job executed during peak consumer hours"
LOG-INC-8723-2,INC-8723,2026-08-27T02:37:52Z,INFO,[notification-worker] Execution exception during request dispatch: Batch data import job executed during peak consumer hours,"Traceback (most recent call last):
  File ""app/handlers/dispatch.py"", line 142, in process
  ServiceError: Batch data import job executed during peak consumer hours"
LOG-INC-8723-3,INC-8723,2026-08-27T02:36:17Z,INFO,[notification-worker] Execution exception during request dispatch: Batch data import job executed during peak consumer hours,"Traceback (most recent call last):
  File ""app/handlers/dispatch.py"", line 142, in process
  ServiceError: Batch data import job executed during peak consumer hours"
LOG-INC-8723-4,INC-8723,2026-08-27T02:36:17Z,ERROR,[notification-worker] Execution exception during request dispatch: Batch data import job executed during peak consumer hours,"Traceback (most recent call last):
  File ""app/handlers/dispatch.py"", line 142, in process
  ServiceError: Batch data import job executed during peak consumer hours"
LOG-INC-8724-1,INC-8724,2026-08-21T14:55:18Z,INFO,[search-indexer] Execution exception during request dispatch: DNS resolution timeouts between VPC private subnets,"Traceback (most recent call last):
  File ""app/handlers/dispatch.py"", line 142, in process
  ServiceError: DNS resolution timeouts between VPC private subnets"
LOG-INC-8724-2,INC-8724,2026-08-21T14:54:09Z,WARN,[search-indexer] Execution exception during request dispatch: DNS resolution timeouts between VPC private subnets,"Traceback (most recent call last):
  File ""app/handlers/dispatch.py"", line 142, in process
  ServiceError: DNS resolution timeouts between VPC private subnets"
LOG-INC-8724-3,INC-8724,2026-08-21T14:55:49Z,INFO,[search-indexer] Execution exception during request dispatch: DNS resolution timeouts between VPC private subnets,"Traceback (most recent call last):
  File ""app/handlers/dispatch.py"", line 142, in process
  ServiceError: DNS resolution timeouts between VPC private subnets"
LOG-INC-8725-1,INC-8725,2026-09-14T22:51:49Z,WARN,[search-indexer] Execution exception during request dispatch: TLS certificate handshake timeout on third-party webhook,"Traceback (most recent call last):
  File ""app/handlers/dispatch.py"", line 142, in process
  ServiceError: TLS certificate handshake timeout on third-party webhook"
LOG-INC-8725-2,INC-8725,2026-09-14T22:51:36Z,WARN,[search-indexer] Execution exception during request dispatch: TLS certificate handshake timeout on third-party webhook,"Traceback (most recent call last):
  File ""app/handlers/dispatch.py"", line 142, in process
  ServiceError: TLS certificate handshake timeout on third-party webhook"
LOG-INC-8725-3,INC-8725,2026-09-14T22:52:02Z,ERROR,[search-indexer] Execution exception during request dispatch: TLS certificate handshake timeout on third-party webhook,"Traceback (most recent call last):
  File ""app/handlers/dispatch.py"", line 142, in process
  ServiceError: TLS certificate handshake timeout on third-party webhook"
LOG-INC-8725-4,INC-8725,2026-09-14T22:51:46Z,WARN,[search-indexer] Execution exception during request dispatch: TLS certificate handshake timeout on third-party webhook,"Traceback (most recent call last):
  File ""app/handlers/dispatch.py"", line 142, in process
  ServiceError: TLS certificate handshake timeout on third-party webhook"
LOG-INC-8726-1,INC-8726,2026-08-23T19:38:45Z,WARN,[user-profile] Execution exception during request dispatch: Redis cluster shard memory limit eviction cascade,"Traceback (most recent call last):
  File ""app/handlers/dispatch.py"", line 142, in process
  ServiceError: Redis cluster shard memory limit eviction cascade"
LOG-INC-8726-2,INC-8726,2026-08-23T19:38:17Z,INFO,[user-profile] Execution exception during request dispatch: Redis cluster shard memory limit eviction cascade,"Traceback (most recent call last):
  File ""app/handlers/dispatch.py"", line 142, in process
  ServiceError: Redis cluster shard memory limit eviction cascade"
LOG-INC-8727-1,INC-8727,2026-08-20T19:31:41Z,ERROR,[search-indexer] Execution exception during request dispatch: TLS certificate handshake timeout on third-party webhook,"Traceback (most recent call last):
  File ""app/handlers/dispatch.py"", line 142, in process
  ServiceError: TLS certificate handshake timeout on third-party webhook"
LOG-INC-8727-2,INC-8727,2026-08-20T19:30:26Z,WARN,[search-indexer] Execution exception during request dispatch: TLS certificate handshake timeout on third-party webhook,"Traceback (most recent call last):
  File ""app/handlers/dispatch.py"", line 142, in process
  ServiceError: TLS certificate handshake timeout on third-party webhook"
LOG-INC-8727-3,INC-8727,2026-08-20T19:30:07Z,ERROR,[search-indexer] Execution exception during request dispatch: TLS certificate handshake timeout on third-party webhook,"Traceback (most recent call last):
  File ""app/handlers/dispatch.py"", line 142, in process
  ServiceError: TLS certificate handshake timeout on third-party webhook"
LOG-INC-8728-1,INC-8728,2026-09-22T08:52:56Z,WARN,[inventory-api] Execution exception during request dispatch: Flash sale burst traffic causing ingress queue build-up,"Traceback (most recent call last):
  File ""app/handlers/dispatch.py"", line 142, in process
  ServiceError: Flash sale burst traffic causing ingress queue build-up"
LOG-INC-8728-2,INC-8728,2026-09-22T08:52:23Z,INFO,[inventory-api] Execution exception during request dispatch: Flash sale burst traffic causing ingress queue build-up,"Traceback (most recent call last):
  File ""app/handlers/dispatch.py"", line 142, in process
  ServiceError: Flash sale burst traffic causing ingress queue build-up"
LOG-INC-8728-3,INC-8728,2026-09-22T08:52:48Z,INFO,[inventory-api] Execution exception during request dispatch: Flash sale burst traffic causing ingress queue build-up,"Traceback (most recent call last):
  File ""app/handlers/dispatch.py"", line 142, in process
  ServiceError: Flash sale burst traffic causing ingress queue build-up"
LOG-INC-8728-4,INC-8728,2026-09-22T08:52:50Z,WARN,[inventory-api] Execution exception during request dispatch: Flash sale burst traffic causing ingress queue build-up,"Traceback (most recent call last):
  File ""app/handlers/dispatch.py"", line 142, in process
  ServiceError: Flash sale burst traffic causing ingress queue build-up"
LOG-INC-8729-1,INC-8729,2026-09-15T07:10:40Z,ERROR,[inventory-api] Execution exception during request dispatch: Dependency version mismatch in gRPC protobuf schema,"Traceback (most recent call last):
  File ""app/handlers/dispatch.py"", line 142, in process
  ServiceError: Dependency version mismatch in gRPC protobuf schema"
LOG-INC-8729-2,INC-8729,2026-09-15T07:11:08Z,ERROR,[inventory-api] Execution exception during request dispatch: Dependency version mismatch in gRPC protobuf schema,"Traceback (most recent call last):
  File ""app/handlers/dispatch.py"", line 142, in process
  ServiceError: Dependency version mismatch in gRPC protobuf schema"
LOG-INC-8729-3,INC-8729,2026-09-15T07:11:51Z,INFO,[inventory-api] Execution exception during request dispatch: Dependency version mismatch in gRPC protobuf schema,"Traceback (most recent call last):
  File ""app/handlers/dispatch.py"", line 142, in process
  ServiceError: Dependency version mismatch in gRPC protobuf schema"
LOG-INC-8729-4,INC-8729,2026-09-15T07:10:33Z,ERROR,[inventory-api] Execution exception during request dispatch: Dependency version mismatch in gRPC protobuf schema,"Traceback (most recent call last):
  File ""app/handlers/dispatch.py"", line 142, in process
  ServiceError: Dependency version mismatch in gRPC protobuf schema"
LOG-INC-8730-1,INC-8730,2026-09-01T09:40:57Z,ERROR,[inventory-api] Execution exception during request dispatch: Database migration lock timeout during schema rollout,"Traceback (most recent call last):
  File ""app/handlers/dispatch.py"", line 142, in process
  ServiceError: Database migration lock timeout during schema rollout"
LOG-INC-8730-2,INC-8730,2026-09-01T09:41:53Z,INFO,[inventory-api] Execution exception during request dispatch: Database migration lock timeout during schema rollout,"Traceback (most recent call last):
  File ""app/handlers/dispatch.py"", line 142, in process
  ServiceError: Database migration lock timeout during schema rollout"
LOG-INC-8731-1,INC-8731,2026-09-20T08:51:36Z,INFO,[inventory-api] Execution exception during request dispatch: High CPU throttling on Kubernetes node worker pool,"Traceback (most recent call last):
  File ""app/handlers/dispatch.py"", line 142, in process
  ServiceError: High CPU throttling on Kubernetes node worker pool"
LOG-INC-8731-2,INC-8731,2026-09-20T08:52:19Z,ERROR,[inventory-api] Execution exception during request dispatch: High CPU throttling on Kubernetes node worker pool,"Traceback (most recent call last):
  File ""app/handlers/dispatch.py"", line 142, in process
  ServiceError: High CPU throttling on Kubernetes node worker pool"
LOG-INC-8731-3,INC-8731,2026-09-20T08:51:17Z,INFO,[inventory-api] Execution exception during request dispatch: High CPU throttling on Kubernetes node worker pool,"Traceback (most recent call last):
  File ""app/handlers/dispatch.py"", line 142, in process
  ServiceError: High CPU throttling on Kubernetes node worker pool"
LOG-INC-8731-4,INC-8731,2026-09-20T08:52:35Z,WARN,[inventory-api] Execution exception during request dispatch: High CPU throttling on Kubernetes node worker pool,"Traceback (most recent call last):
  File ""app/handlers/dispatch.py"", line 142, in process
  ServiceError: High CPU throttling on Kubernetes node worker pool"
LOG-INC-8732-1,INC-8732,2026-09-16T07:09:52Z,ERROR,[order-processing] Execution exception during request dispatch: Network packet loss on Kubernetes overlay CNI bridge,"Traceback (most recent call last):
  File ""app/handlers/dispatch.py"", line 142, in process
  ServiceError: Network packet loss on Kubernetes overlay CNI bridge"
LOG-INC-8732-2,INC-8732,2026-09-16T07:09:03Z,INFO,[order-processing] Execution exception during request dispatch: Network packet loss on Kubernetes overlay CNI bridge,"Traceback (most recent call last):
  File ""app/handlers/dispatch.py"", line 142, in process
  ServiceError: Network packet loss on Kubernetes overlay CNI bridge"
LOG-INC-8732-3,INC-8732,2026-09-16T07:09:01Z,WARN,[order-processing] Execution exception during request dispatch: Network packet loss on Kubernetes overlay CNI bridge,"Traceback (most recent call last):
  File ""app/handlers/dispatch.py"", line 142, in process
  ServiceError: Network packet loss on Kubernetes overlay CNI bridge"
LOG-INC-8732-4,INC-8732,2026-09-16T07:09:20Z,WARN,[order-processing] Execution exception during request dispatch: Network packet loss on Kubernetes overlay CNI bridge,"Traceback (most recent call last):
  File ""app/handlers/dispatch.py"", line 142, in process
  ServiceError: Network packet loss on Kubernetes overlay CNI bridge"
LOG-INC-8733-1,INC-8733,2026-09-10T08:39:40Z,INFO,[payment-gateway] Execution exception during request dispatch: Recursive call in JSON parsing leading to stack exhaustion,"Traceback (most recent call last):
  File ""app/handlers/dispatch.py"", line 142, in process
  ServiceError: Recursive call in JSON parsing leading to stack exhaustion"
LOG-INC-8733-2,INC-8733,2026-09-10T08:39:37Z,INFO,[payment-gateway] Execution exception during request dispatch: Recursive call in JSON parsing leading to stack exhaustion,"Traceback (most recent call last):
  File ""app/handlers/dispatch.py"", line 142, in process
  ServiceError: Recursive call in JSON parsing leading to stack exhaustion"
LOG-INC-8733-3,INC-8733,2026-09-10T08:39:08Z,INFO,[payment-gateway] Execution exception during request dispatch: Recursive call in JSON parsing leading to stack exhaustion,"Traceback (most recent call last):
  File ""app/handlers/dispatch.py"", line 142, in process
  ServiceError: Recursive call in JSON parsing leading to stack exhaustion"
LOG-INC-8733-4,INC-8733,2026-09-10T08:40:21Z,WARN,[payment-gateway] Execution exception during request dispatch: Recursive call in JSON parsing leading to stack exhaustion,"Traceback (most recent call last):
  File ""app/handlers/dispatch.py"", line 142, in process
  ServiceError: Recursive call in JSON parsing leading to stack exhaustion"
LOG-INC-8734-1,INC-8734,2026-08-26T11:35:23Z,ERROR,[inventory-api] Execution exception during request dispatch: Spike in unauthenticated request probe flood,"Traceback (most recent call last):
  File ""app/handlers/dispatch.py"", line 142, in process
  ServiceError: Spike in unauthenticated request probe flood"
LOG-INC-8734-2,INC-8734,2026-08-26T11:35:36Z,WARN,[inventory-api] Execution exception during request dispatch: Spike in unauthenticated request probe flood,"Traceback (most recent call last):
  File ""app/handlers/dispatch.py"", line 142, in process
  ServiceError: Spike in unauthenticated request probe flood"
LOG-INC-8735-1,INC-8735,2026-08-30T02:45:51Z,ERROR,[auth-service] Execution exception during request dispatch: Batch data import job executed during peak consumer hours,"Traceback (most recent call last):
  File ""app/handlers/dispatch.py"", line 142, in process
  ServiceError: Batch data import job executed during peak consumer hours"
LOG-INC-8735-2,INC-8735,2026-08-30T02:44:08Z,INFO,[auth-service] Execution exception during request dispatch: Batch data import job executed during peak consumer hours,"Traceback (most recent call last):
  File ""app/handlers/dispatch.py"", line 142, in process
  ServiceError: Batch data import job executed during peak consumer hours"
LOG-INC-8736-1,INC-8736,2026-09-10T20:47:50Z,ERROR,[search-indexer] Execution exception during request dispatch: Corrupted response payload format failing client validation,"Traceback (most recent call last):
  File ""app/handlers/dispatch.py"", line 142, in process
  ServiceError: Corrupted response payload format failing client validation"
LOG-INC-8736-2,INC-8736,2026-09-10T20:48:35Z,WARN,[search-indexer] Execution exception during request dispatch: Corrupted response payload format failing client validation,"Traceback (most recent call last):
  File ""app/handlers/dispatch.py"", line 142, in process
  ServiceError: Corrupted response payload format failing client validation"
LOG-INC-8736-3,INC-8736,2026-09-10T20:48:57Z,WARN,[search-indexer] Execution exception during request dispatch: Corrupted response payload format failing client validation,"Traceback (most recent call last):
  File ""app/handlers/dispatch.py"", line 142, in process
  ServiceError: Corrupted response payload format failing client validation"
LOG-INC-8737-1,INC-8737,2026-09-23T17:15:32Z,WARN,[auth-service] Execution exception during request dispatch: Database migration lock timeout during schema rollout,"Traceback (most recent call last):
  File ""app/handlers/dispatch.py"", line 142, in process
  ServiceError: Database migration lock timeout during schema rollout"
LOG-INC-8737-2,INC-8737,2026-09-23T17:14:17Z,ERROR,[auth-service] Execution exception during request dispatch: Database migration lock timeout during schema rollout,"Traceback (most recent call last):
  File ""app/handlers/dispatch.py"", line 142, in process
  ServiceError: Database migration lock timeout during schema rollout"
LOG-INC-8738-1,INC-8738,2026-08-28T12:34:13Z,ERROR,[inventory-api] Execution exception during request dispatch: Spike in unauthenticated request probe flood,"Traceback (most recent call last):
  File ""app/handlers/dispatch.py"", line 142, in process
  ServiceError: Spike in unauthenticated request probe flood"
LOG-INC-8738-2,INC-8738,2026-08-28T12:33:49Z,ERROR,[inventory-api] Execution exception during request dispatch: Spike in unauthenticated request probe flood,"Traceback (most recent call last):
  File ""app/handlers/dispatch.py"", line 142, in process
  ServiceError: Spike in unauthenticated request probe flood"
LOG-INC-8739-1,INC-8739,2026-09-18T09:53:08Z,INFO,[checkout-service] Execution exception during request dispatch: Flash sale burst traffic causing ingress queue build-up,"Traceback (most recent call last):
  File ""app/handlers/dispatch.py"", line 142, in process
  ServiceError: Flash sale burst traffic causing ingress queue build-up"
LOG-INC-8739-2,INC-8739,2026-09-18T09:53:09Z,INFO,[checkout-service] Execution exception during request dispatch: Flash sale burst traffic causing ingress queue build-up,"Traceback (most recent call last):
  File ""app/handlers/dispatch.py"", line 142, in process
  ServiceError: Flash sale burst traffic causing ingress queue build-up"
LOG-INC-8739-3,INC-8739,2026-09-18T09:54:58Z,ERROR,[checkout-service] Execution exception during request dispatch: Flash sale burst traffic causing ingress queue build-up,"Traceback (most recent call last):
  File ""app/handlers/dispatch.py"", line 142, in process
  ServiceError: Flash sale burst traffic causing ingress queue build-up"
LOG-INC-8740-1,INC-8740,2026-08-14T19:26:15Z,WARN,[auth-service] Execution exception during request dispatch: Flash sale burst traffic causing ingress queue build-up,"Traceback (most recent call last):
  File ""app/handlers/dispatch.py"", line 142, in process
  ServiceError: Flash sale burst traffic causing ingress queue build-up"
LOG-INC-8740-2,INC-8740,2026-08-14T19:26:45Z,WARN,[auth-service] Execution exception during request dispatch: Flash sale burst traffic causing ingress queue build-up,"Traceback (most recent call last):
  File ""app/handlers/dispatch.py"", line 142, in process
  ServiceError: Flash sale burst traffic causing ingress queue build-up"
LOG-INC-8740-3,INC-8740,2026-08-14T19:25:19Z,INFO,[auth-service] Execution exception during request dispatch: Flash sale burst traffic causing ingress queue build-up,"Traceback (most recent call last):
  File ""app/handlers/dispatch.py"", line 142, in process
  ServiceError: Flash sale burst traffic causing ingress queue build-up"
LOG-INC-8740-4,INC-8740,2026-08-14T19:26:15Z,ERROR,[auth-service] Execution exception during request dispatch: Flash sale burst traffic causing ingress queue build-up,"Traceback (most recent call last):
  File ""app/handlers/dispatch.py"", line 142, in process
  ServiceError: Flash sale burst traffic causing ingress queue build-up"
LOG-INC-8741-1,INC-8741,2026-08-25T06:50:17Z,INFO,[search-indexer] Execution exception during request dispatch: Stale cache invalidation logic deployed in Canary,"Traceback (most recent call last):
  File ""app/handlers/dispatch.py"", line 142, in process
  ServiceError: Stale cache invalidation logic deployed in Canary"
LOG-INC-8741-2,INC-8741,2026-08-25T06:50:16Z,INFO,[search-indexer] Execution exception during request dispatch: Stale cache invalidation logic deployed in Canary,"Traceback (most recent call last):
  File ""app/handlers/dispatch.py"", line 142, in process
  ServiceError: Stale cache invalidation logic deployed in Canary"
LOG-INC-8741-3,INC-8741,2026-08-25T06:51:28Z,WARN,[search-indexer] Execution exception during request dispatch: Stale cache invalidation logic deployed in Canary,"Traceback (most recent call last):
  File ""app/handlers/dispatch.py"", line 142, in process
  ServiceError: Stale cache invalidation logic deployed in Canary"
LOG-INC-8741-4,INC-8741,2026-08-25T06:51:12Z,INFO,[search-indexer] Execution exception during request dispatch: Stale cache invalidation logic deployed in Canary,"Traceback (most recent call last):
  File ""app/handlers/dispatch.py"", line 142, in process
  ServiceError: Stale cache invalidation logic deployed in Canary"
LOG-INC-8742-1,INC-8742,2026-09-20T07:47:42Z,INFO,[search-indexer] Execution exception during request dispatch: TCP socket connection reset by peer on egress gateway,"Traceback (most recent call last):
  File ""app/handlers/dispatch.py"", line 142, in process
  ServiceError: TCP socket connection reset by peer on egress gateway"
LOG-INC-8742-2,INC-8742,2026-09-20T07:47:59Z,WARN,[search-indexer] Execution exception during request dispatch: TCP socket connection reset by peer on egress gateway,"Traceback (most recent call last):
  File ""app/handlers/dispatch.py"", line 142, in process
  ServiceError: TCP socket connection reset by peer on egress gateway"
LOG-INC-8743-1,INC-8743,2026-09-12T12:20:00Z,INFO,[search-indexer] Execution exception during request dispatch: Pod memory limit hit triggering repeated OOMKilled events,"Traceback (most recent call last):
  File ""app/handlers/dispatch.py"", line 142, in process
  ServiceError: Pod memory limit hit triggering repeated OOMKilled events"
LOG-INC-8743-2,INC-8743,2026-09-12T12:19:14Z,ERROR,[search-indexer] Execution exception during request dispatch: Pod memory limit hit triggering repeated OOMKilled events,"Traceback (most recent call last):
  File ""app/handlers/dispatch.py"", line 142, in process
  ServiceError: Pod memory limit hit triggering repeated OOMKilled events"
LOG-INC-8743-3,INC-8743,2026-09-12T12:19:27Z,WARN,[search-indexer] Execution exception during request dispatch: Pod memory limit hit triggering repeated OOMKilled events,"Traceback (most recent call last):
  File ""app/handlers/dispatch.py"", line 142, in process
  ServiceError: Pod memory limit hit triggering repeated OOMKilled events"
LOG-INC-8743-4,INC-8743,2026-09-12T12:19:39Z,ERROR,[search-indexer] Execution exception during request dispatch: Pod memory limit hit triggering repeated OOMKilled events,"Traceback (most recent call last):
  File ""app/handlers/dispatch.py"", line 142, in process
  ServiceError: Pod memory limit hit triggering repeated OOMKilled events"
LOG-INC-8744-1,INC-8744,2026-09-16T17:29:59Z,ERROR,[search-indexer] Execution exception during request dispatch: Flash sale burst traffic causing ingress queue build-up,"Traceback (most recent call last):
  File ""app/handlers/dispatch.py"", line 142, in process
  ServiceError: Flash sale burst traffic causing ingress queue build-up"
LOG-INC-8744-2,INC-8744,2026-09-16T17:29:36Z,WARN,[search-indexer] Execution exception during request dispatch: Flash sale burst traffic causing ingress queue build-up,"Traceback (most recent call last):
  File ""app/handlers/dispatch.py"", line 142, in process
  ServiceError: Flash sale burst traffic causing ingress queue build-up"
LOG-INC-8745-1,INC-8745,2026-09-21T04:44:00Z,ERROR,[payment-gateway] Execution exception during request dispatch: Recursive call in JSON parsing leading to stack exhaustion,"Traceback (most recent call last):
  File ""app/handlers/dispatch.py"", line 142, in process
  ServiceError: Recursive call in JSON parsing leading to stack exhaustion"
LOG-INC-8745-2,INC-8745,2026-09-21T04:43:29Z,WARN,[payment-gateway] Execution exception during request dispatch: Recursive call in JSON parsing leading to stack exhaustion,"Traceback (most recent call last):
  File ""app/handlers/dispatch.py"", line 142, in process
  ServiceError: Recursive call in JSON parsing leading to stack exhaustion"
LOG-INC-8746-1,INC-8746,2026-08-26T12:35:44Z,ERROR,[payment-gateway] Execution exception during request dispatch: Flash sale burst traffic causing ingress queue build-up,"Traceback (most recent call last):
  File ""app/handlers/dispatch.py"", line 142, in process
  ServiceError: Flash sale burst traffic causing ingress queue build-up"
LOG-INC-8746-2,INC-8746,2026-08-26T12:36:57Z,INFO,[payment-gateway] Execution exception during request dispatch: Flash sale burst traffic causing ingress queue build-up,"Traceback (most recent call last):
  File ""app/handlers/dispatch.py"", line 142, in process
  ServiceError: Flash sale burst traffic causing ingress queue build-up"
LOG-INC-8746-3,INC-8746,2026-08-26T12:36:39Z,WARN,[payment-gateway] Execution exception during request dispatch: Flash sale burst traffic causing ingress queue build-up,"Traceback (most recent call last):
  File ""app/handlers/dispatch.py"", line 142, in process
  ServiceError: Flash sale burst traffic causing ingress queue build-up"
LOG-INC-8746-4,INC-8746,2026-08-26T12:35:57Z,INFO,[payment-gateway] Execution exception during request dispatch: Flash sale burst traffic causing ingress queue build-up,"Traceback (most recent call last):
  File ""app/handlers/dispatch.py"", line 142, in process
  ServiceError: Flash sale burst traffic causing ingress queue build-up"
LOG-INC-8747-1,INC-8747,2026-09-24T14:06:21Z,INFO,[search-indexer] Execution exception during request dispatch: Redis cluster shard memory limit eviction cascade,"Traceback (most recent call last):
  File ""app/handlers/dispatch.py"", line 142, in process
  ServiceError: Redis cluster shard memory limit eviction cascade"
LOG-INC-8747-2,INC-8747,2026-09-24T14:07:33Z,ERROR,[search-indexer] Execution exception during request dispatch: Redis cluster shard memory limit eviction cascade,"Traceback (most recent call last):
  File ""app/handlers/dispatch.py"", line 142, in process
  ServiceError: Redis cluster shard memory limit eviction cascade"
LOG-INC-8747-3,INC-8747,2026-09-24T14:06:14Z,INFO,[search-indexer] Execution exception during request dispatch: Redis cluster shard memory limit eviction cascade,"Traceback (most recent call last):
  File ""app/handlers/dispatch.py"", line 142, in process
  ServiceError: Redis cluster shard memory limit eviction cascade"
LOG-INC-8748-1,INC-8748,2026-08-15T03:17:13Z,WARN,[auth-service] Execution exception during request dispatch: High CPU throttling on Kubernetes node worker pool,"Traceback (most recent call last):
  File ""app/handlers/dispatch.py"", line 142, in process
  ServiceError: High CPU throttling on Kubernetes node worker pool"
LOG-INC-8748-2,INC-8748,2026-08-15T03:16:41Z,INFO,[auth-service] Execution exception during request dispatch: High CPU throttling on Kubernetes node worker pool,"Traceback (most recent call last):
  File ""app/handlers/dispatch.py"", line 142, in process
  ServiceError: High CPU throttling on Kubernetes node worker pool"
LOG-INC-8748-3,INC-8748,2026-08-15T03:16:38Z,ERROR,[auth-service] Execution exception during request dispatch: High CPU throttling on Kubernetes node worker pool,"Traceback (most recent call last):
  File ""app/handlers/dispatch.py"", line 142, in process
  ServiceError: High CPU throttling on Kubernetes node worker pool"
LOG-INC-8749-1,INC-8749,2026-09-04T16:46:09Z,ERROR,[order-processing] Execution exception during request dispatch: Batch data import job executed during peak consumer hours,"Traceback (most recent call last):
  File ""app/handlers/dispatch.py"", line 142, in process
  ServiceError: Batch data import job executed during peak consumer hours"
LOG-INC-8749-2,INC-8749,2026-09-04T16:47:51Z,ERROR,[order-processing] Execution exception during request dispatch: Batch data import job executed during peak consumer hours,"Traceback (most recent call last):
  File ""app/handlers/dispatch.py"", line 142, in process
  ServiceError: Batch data import job executed during peak consumer hours"
LOG-INC-8750-1,INC-8750,2026-08-27T07:44:43Z,ERROR,[notification-worker] Execution exception during request dispatch: Memory leak in unclosed HTTP response stream handler,"Traceback (most recent call last):
  File ""app/handlers/dispatch.py"", line 142, in process
  ServiceError: Memory leak in unclosed HTTP response stream handler"
LOG-INC-8750-2,INC-8750,2026-08-27T07:44:37Z,WARN,[notification-worker] Execution exception during request dispatch: Memory leak in unclosed HTTP response stream handler,"Traceback (most recent call last):
  File ""app/handlers/dispatch.py"", line 142, in process
  ServiceError: Memory leak in unclosed HTTP response stream handler"
LOG-INC-8751-1,INC-8751,2026-09-19T12:32:13Z,ERROR,[inventory-api] Execution exception during request dispatch: Garbage collection pause duration exceeding 1500ms,"Traceback (most recent call last):
  File ""app/handlers/dispatch.py"", line 142, in process
  ServiceError: Garbage collection pause duration exceeding 1500ms"
LOG-INC-8751-2,INC-8751,2026-09-19T12:32:33Z,ERROR,[inventory-api] Execution exception during request dispatch: Garbage collection pause duration exceeding 1500ms,"Traceback (most recent call last):
  File ""app/handlers/dispatch.py"", line 142, in process
  ServiceError: Garbage collection pause duration exceeding 1500ms"
LOG-INC-8751-3,INC-8751,2026-09-19T12:32:28Z,ERROR,[inventory-api] Execution exception during request dispatch: Garbage collection pause duration exceeding 1500ms,"Traceback (most recent call last):
  File ""app/handlers/dispatch.py"", line 142, in process
  ServiceError: Garbage collection pause duration exceeding 1500ms"
LOG-INC-8751-4,INC-8751,2026-09-19T12:33:25Z,ERROR,[inventory-api] Execution exception during request dispatch: Garbage collection pause duration exceeding 1500ms,"Traceback (most recent call last):
  File ""app/handlers/dispatch.py"", line 142, in process
  ServiceError: Garbage collection pause duration exceeding 1500ms"
LOG-INC-8752-1,INC-8752,2026-09-12T00:54:13Z,WARN,[auth-service] Execution exception during request dispatch: Spike in unauthenticated request probe flood,"Traceback (most recent call last):
  File ""app/handlers/dispatch.py"", line 142, in process
  ServiceError: Spike in unauthenticated request probe flood"
LOG-INC-8752-2,INC-8752,2026-09-12T00:55:11Z,INFO,[auth-service] Execution exception during request dispatch: Spike in unauthenticated request probe flood,"Traceback (most recent call last):
  File ""app/handlers/dispatch.py"", line 142, in process
  ServiceError: Spike in unauthenticated request probe flood"
LOG-INC-8752-3,INC-8752,2026-09-12T00:54:07Z,INFO,[auth-service] Execution exception during request dispatch: Spike in unauthenticated request probe flood,"Traceback (most recent call last):
  File ""app/handlers/dispatch.py"", line 142, in process
  ServiceError: Spike in unauthenticated request probe flood"
LOG-INC-8752-4,INC-8752,2026-09-12T00:55:37Z,ERROR,[auth-service] Execution exception during request dispatch: Spike in unauthenticated request probe flood,"Traceback (most recent call last):
  File ""app/handlers/dispatch.py"", line 142, in process
  ServiceError: Spike in unauthenticated request probe flood"
LOG-INC-8753-1,INC-8753,2026-09-24T21:19:07Z,INFO,[payment-gateway] Execution exception during request dispatch: Sudden traffic surge exceeding rate limiter bucket capacity,"Traceback (most recent call last):
  File ""app/handlers/dispatch.py"", line 142, in process
  ServiceError: Sudden traffic surge exceeding rate limiter bucket capacity"
LOG-INC-8753-2,INC-8753,2026-09-24T21:20:50Z,WARN,[payment-gateway] Execution exception during request dispatch: Sudden traffic surge exceeding rate limiter bucket capacity,"Traceback (most recent call last):
  File ""app/handlers/dispatch.py"", line 142, in process
  ServiceError: Sudden traffic surge exceeding rate limiter bucket capacity"
LOG-INC-8754-1,INC-8754,2026-09-05T19:38:33Z,ERROR,[notification-worker] Execution exception during request dispatch: Garbage collection pause duration exceeding 1500ms,"Traceback (most recent call last):
  File ""app/handlers/dispatch.py"", line 142, in process
  ServiceError: Garbage collection pause duration exceeding 1500ms"
LOG-INC-8754-2,INC-8754,2026-09-05T19:38:41Z,INFO,[notification-worker] Execution exception during request dispatch: Garbage collection pause duration exceeding 1500ms,"Traceback (most recent call last):
  File ""app/handlers/dispatch.py"", line 142, in process
  ServiceError: Garbage collection pause duration exceeding 1500ms"
LOG-INC-8754-3,INC-8754,2026-09-05T19:39:38Z,ERROR,[notification-worker] Execution exception during request dispatch: Garbage collection pause duration exceeding 1500ms,"Traceback (most recent call last):
  File ""app/handlers/dispatch.py"", line 142, in process
  ServiceError: Garbage collection pause duration exceeding 1500ms"
LOG-INC-8755-1,INC-8755,2026-09-01T20:18:21Z,INFO,[inventory-api] Execution exception during request dispatch: Corrupted response payload format failing client validation,"Traceback (most recent call last):
  File ""app/handlers/dispatch.py"", line 142, in process
  ServiceError: Corrupted response payload format failing client validation"
LOG-INC-8755-2,INC-8755,2026-09-01T20:18:50Z,ERROR,[inventory-api] Execution exception during request dispatch: Corrupted response payload format failing client validation,"Traceback (most recent call last):
  File ""app/handlers/dispatch.py"", line 142, in process
  ServiceError: Corrupted response payload format failing client validation"
LOG-INC-8755-3,INC-8755,2026-09-01T20:18:56Z,WARN,[inventory-api] Execution exception during request dispatch: Corrupted response payload format failing client validation,"Traceback (most recent call last):
  File ""app/handlers/dispatch.py"", line 142, in process
  ServiceError: Corrupted response payload format failing client validation"
LOG-INC-8756-1,INC-8756,2026-09-11T15:41:37Z,INFO,[notification-worker] Execution exception during request dispatch: Corrupted response payload format failing client validation,"Traceback (most recent call last):
  File ""app/handlers/dispatch.py"", line 142, in process
  ServiceError: Corrupted response payload format failing client validation"
LOG-INC-8756-2,INC-8756,2026-09-11T15:40:31Z,ERROR,[notification-worker] Execution exception during request dispatch: Corrupted response payload format failing client validation,"Traceback (most recent call last):
  File ""app/handlers/dispatch.py"", line 142, in process
  ServiceError: Corrupted response payload format failing client validation"
LOG-INC-8757-1,INC-8757,2026-09-05T02:09:02Z,ERROR,[user-profile] Execution exception during request dispatch: Batch data import job executed during peak consumer hours,"Traceback (most recent call last):
  File ""app/handlers/dispatch.py"", line 142, in process
  ServiceError: Batch data import job executed during peak consumer hours"
LOG-INC-8757-2,INC-8757,2026-09-05T02:08:43Z,ERROR,[user-profile] Execution exception during request dispatch: Batch data import job executed during peak consumer hours,"Traceback (most recent call last):
  File ""app/handlers/dispatch.py"", line 142, in process
  ServiceError: Batch data import job executed during peak consumer hours"
LOG-INC-8757-3,INC-8757,2026-09-05T02:10:00Z,ERROR,[user-profile] Execution exception during request dispatch: Batch data import job executed during peak consumer hours,"Traceback (most recent call last):
  File ""app/handlers/dispatch.py"", line 142, in process
  ServiceError: Batch data import job executed during peak consumer hours"
LOG-INC-8757-4,INC-8757,2026-09-05T02:09:51Z,ERROR,[user-profile] Execution exception during request dispatch: Batch data import job executed during peak consumer hours,"Traceback (most recent call last):
  File ""app/handlers/dispatch.py"", line 142, in process
  ServiceError: Batch data import job executed during peak consumer hours"
LOG-INC-8758-1,INC-8758,2026-09-08T22:11:39Z,INFO,[search-indexer] Execution exception during request dispatch: Unhandled arithmetic overflow in currency conversion,"Traceback (most recent call last):
  File ""app/handlers/dispatch.py"", line 142, in process
  ServiceError: Unhandled arithmetic overflow in currency conversion"
LOG-INC-8758-2,INC-8758,2026-09-08T22:12:32Z,INFO,[search-indexer] Execution exception during request dispatch: Unhandled arithmetic overflow in currency conversion,"Traceback (most recent call last):
  File ""app/handlers/dispatch.py"", line 142, in process
  ServiceError: Unhandled arithmetic overflow in currency conversion"
LOG-INC-8759-1,INC-8759,2026-08-22T18:47:23Z,INFO,[order-processing] Execution exception during request dispatch: Garbage collection pause duration exceeding 1500ms,"Traceback (most recent call last):
  File ""app/handlers/dispatch.py"", line 142, in process
  ServiceError: Garbage collection pause duration exceeding 1500ms"
LOG-INC-8759-2,INC-8759,2026-08-22T18:47:12Z,INFO,[order-processing] Execution exception during request dispatch: Garbage collection pause duration exceeding 1500ms,"Traceback (most recent call last):
  File ""app/handlers/dispatch.py"", line 142, in process
  ServiceError: Garbage collection pause duration exceeding 1500ms"
LOG-INC-8759-3,INC-8759,2026-08-22T18:47:25Z,ERROR,[order-processing] Execution exception during request dispatch: Garbage collection pause duration exceeding 1500ms,"Traceback (most recent call last):
  File ""app/handlers/dispatch.py"", line 142, in process
  ServiceError: Garbage collection pause duration exceeding 1500ms"
LOG-INC-8760-1,INC-8760,2026-09-12T11:50:24Z,ERROR,[user-profile] Execution exception during request dispatch: High CPU throttling on Kubernetes node worker pool,"Traceback (most recent call last):
  File ""app/handlers/dispatch.py"", line 142, in process
  ServiceError: High CPU throttling on Kubernetes node worker pool"
LOG-INC-8760-2,INC-8760,2026-09-12T11:49:45Z,ERROR,[user-profile] Execution exception during request dispatch: High CPU throttling on Kubernetes node worker pool,"Traceback (most recent call last):
  File ""app/handlers/dispatch.py"", line 142, in process
  ServiceError: High CPU throttling on Kubernetes node worker pool"
LOG-INC-8760-3,INC-8760,2026-09-12T11:50:19Z,ERROR,[user-profile] Execution exception during request dispatch: High CPU throttling on Kubernetes node worker pool,"Traceback (most recent call last):
  File ""app/handlers/dispatch.py"", line 142, in process
  ServiceError: High CPU throttling on Kubernetes node worker pool"
LOG-INC-8761-1,INC-8761,2026-09-19T06:53:05Z,ERROR,[checkout-service] Execution exception during request dispatch: Unindexed query scan causing read replica CPU spike,"Traceback (most recent call last):
  File ""app/handlers/dispatch.py"", line 142, in process
  ServiceError: Unindexed query scan causing read replica CPU spike"
LOG-INC-8761-2,INC-8761,2026-09-19T06:53:34Z,ERROR,[checkout-service] Execution exception during request dispatch: Unindexed query scan causing read replica CPU spike,"Traceback (most recent call last):
  File ""app/handlers/dispatch.py"", line 142, in process
  ServiceError: Unindexed query scan causing read replica CPU spike"
LOG-INC-8761-3,INC-8761,2026-09-19T06:52:40Z,ERROR,[checkout-service] Execution exception during request dispatch: Unindexed query scan causing read replica CPU spike,"Traceback (most recent call last):
  File ""app/handlers/dispatch.py"", line 142, in process
  ServiceError: Unindexed query scan causing read replica CPU spike"
LOG-INC-8761-4,INC-8761,2026-09-19T06:53:33Z,ERROR,[checkout-service] Execution exception during request dispatch: Unindexed query scan causing read replica CPU spike,"Traceback (most recent call last):
  File ""app/handlers/dispatch.py"", line 142, in process
  ServiceError: Unindexed query scan causing read replica CPU spike"
LOG-INC-8762-1,INC-8762,2026-09-18T17:35:33Z,WARN,[payment-gateway] Execution exception during request dispatch: Corrupted response payload format failing client validation,"Traceback (most recent call last):
  File ""app/handlers/dispatch.py"", line 142, in process
  ServiceError: Corrupted response payload format failing client validation"
LOG-INC-8762-2,INC-8762,2026-09-18T17:35:01Z,INFO,[payment-gateway] Execution exception during request dispatch: Corrupted response payload format failing client validation,"Traceback (most recent call last):
  File ""app/handlers/dispatch.py"", line 142, in process
  ServiceError: Corrupted response payload format failing client validation"
LOG-INC-8762-3,INC-8762,2026-09-18T17:35:18Z,ERROR,[payment-gateway] Execution exception during request dispatch: Corrupted response payload format failing client validation,"Traceback (most recent call last):
  File ""app/handlers/dispatch.py"", line 142, in process
  ServiceError: Corrupted response payload format failing client validation"
LOG-INC-8762-4,INC-8762,2026-09-18T17:35:02Z,ERROR,[payment-gateway] Execution exception during request dispatch: Corrupted response payload format failing client validation,"Traceback (most recent call last):
  File ""app/handlers/dispatch.py"", line 142, in process
  ServiceError: Corrupted response payload format failing client validation"
LOG-INC-8763-1,INC-8763,2026-09-21T10:33:30Z,INFO,[auth-service] Execution exception during request dispatch: Distributed crawler burst triggering endpoint 429 retries,"Traceback (most recent call last):
  File ""app/handlers/dispatch.py"", line 142, in process
  ServiceError: Distributed crawler burst triggering endpoint 429 retries"
LOG-INC-8763-2,INC-8763,2026-09-21T10:33:46Z,WARN,[auth-service] Execution exception during request dispatch: Distributed crawler burst triggering endpoint 429 retries,"Traceback (most recent call last):
  File ""app/handlers/dispatch.py"", line 142, in process
  ServiceError: Distributed crawler burst triggering endpoint 429 retries"
LOG-INC-8763-3,INC-8763,2026-09-21T10:34:36Z,ERROR,[auth-service] Execution exception during request dispatch: Distributed crawler burst triggering endpoint 429 retries,"Traceback (most recent call last):
  File ""app/handlers/dispatch.py"", line 142, in process
  ServiceError: Distributed crawler burst triggering endpoint 429 retries"
LOG-INC-8763-4,INC-8763,2026-09-21T10:33:50Z,INFO,[auth-service] Execution exception during request dispatch: Distributed crawler burst triggering endpoint 429 retries,"Traceback (most recent call last):
  File ""app/handlers/dispatch.py"", line 142, in process
  ServiceError: Distributed crawler burst triggering endpoint 429 retries"
LOG-INC-8764-1,INC-8764,2026-09-18T21:30:34Z,WARN,[inventory-api] Execution exception during request dispatch: File descriptor limit reached on upstream reverse proxy,"Traceback (most recent call last):
  File ""app/handlers/dispatch.py"", line 142, in process
  ServiceError: File descriptor limit reached on upstream reverse proxy"
LOG-INC-8764-2,INC-8764,2026-09-18T21:29:38Z,WARN,[inventory-api] Execution exception during request dispatch: File descriptor limit reached on upstream reverse proxy,"Traceback (most recent call last):
  File ""app/handlers/dispatch.py"", line 142, in process
  ServiceError: File descriptor limit reached on upstream reverse proxy"
LOG-INC-8765-1,INC-8765,2026-09-26T00:06:43Z,WARN,[auth-service] Execution exception during request dispatch: Config flag default inversion causing request rejections,"Traceback (most recent call last):
  File ""app/handlers/dispatch.py"", line 142, in process
  ServiceError: Config flag default inversion causing request rejections"
LOG-INC-8765-2,INC-8765,2026-09-26T00:06:30Z,WARN,[auth-service] Execution exception during request dispatch: Config flag default inversion causing request rejections,"Traceback (most recent call last):
  File ""app/handlers/dispatch.py"", line 142, in process
  ServiceError: Config flag default inversion causing request rejections"
LOG-INC-8766-1,INC-8766,2026-08-21T19:17:48Z,ERROR,[inventory-api] Execution exception during request dispatch: Ephemeral disk volume full due to unrotated application logs,"Traceback (most recent call last):
  File ""app/handlers/dispatch.py"", line 142, in process
  ServiceError: Ephemeral disk volume full due to unrotated application logs"
LOG-INC-8766-2,INC-8766,2026-08-21T19:17:49Z,INFO,[inventory-api] Execution exception during request dispatch: Ephemeral disk volume full due to unrotated application logs,"Traceback (most recent call last):
  File ""app/handlers/dispatch.py"", line 142, in process
  ServiceError: Ephemeral disk volume full due to unrotated application logs"
LOG-INC-8766-3,INC-8766,2026-08-21T19:17:38Z,INFO,[inventory-api] Execution exception during request dispatch: Ephemeral disk volume full due to unrotated application logs,"Traceback (most recent call last):
  File ""app/handlers/dispatch.py"", line 142, in process
  ServiceError: Ephemeral disk volume full due to unrotated application logs"
LOG-INC-8766-4,INC-8766,2026-08-21T19:17:29Z,WARN,[inventory-api] Execution exception during request dispatch: Ephemeral disk volume full due to unrotated application logs,"Traceback (most recent call last):
  File ""app/handlers/dispatch.py"", line 142, in process
  ServiceError: Ephemeral disk volume full due to unrotated application logs"
LOG-INC-8767-1,INC-8767,2026-09-21T14:50:52Z,ERROR,[user-profile] Execution exception during request dispatch: Null pointer exception in payload serialization post-release,"Traceback (most recent call last):
  File ""app/handlers/dispatch.py"", line 142, in process
  ServiceError: Null pointer exception in payload serialization post-release"
LOG-INC-8767-2,INC-8767,2026-09-21T14:50:24Z,INFO,[user-profile] Execution exception during request dispatch: Null pointer exception in payload serialization post-release,"Traceback (most recent call last):
  File ""app/handlers/dispatch.py"", line 142, in process
  ServiceError: Null pointer exception in payload serialization post-release"
LOG-INC-8768-1,INC-8768,2026-09-05T12:30:45Z,INFO,[user-profile] Execution exception during request dispatch: Sudden traffic surge exceeding rate limiter bucket capacity,"Traceback (most recent call last):
  File ""app/handlers/dispatch.py"", line 142, in process
  ServiceError: Sudden traffic surge exceeding rate limiter bucket capacity"
LOG-INC-8768-2,INC-8768,2026-09-05T12:29:18Z,INFO,[user-profile] Execution exception during request dispatch: Sudden traffic surge exceeding rate limiter bucket capacity,"Traceback (most recent call last):
  File ""app/handlers/dispatch.py"", line 142, in process
  ServiceError: Sudden traffic surge exceeding rate limiter bucket capacity"
LOG-INC-8768-3,INC-8768,2026-09-05T12:29:20Z,ERROR,[user-profile] Execution exception during request dispatch: Sudden traffic surge exceeding rate limiter bucket capacity,"Traceback (most recent call last):
  File ""app/handlers/dispatch.py"", line 142, in process
  ServiceError: Sudden traffic surge exceeding rate limiter bucket capacity"
LOG-INC-8769-1,INC-8769,2026-08-29T00:37:49Z,ERROR,[order-processing] Execution exception during request dispatch: DNS resolution timeouts between VPC private subnets,"Traceback (most recent call last):
  File ""app/handlers/dispatch.py"", line 142, in process
  ServiceError: DNS resolution timeouts between VPC private subnets"
LOG-INC-8769-2,INC-8769,2026-08-29T00:37:35Z,WARN,[order-processing] Execution exception during request dispatch: DNS resolution timeouts between VPC private subnets,"Traceback (most recent call last):
  File ""app/handlers/dispatch.py"", line 142, in process
  ServiceError: DNS resolution timeouts between VPC private subnets"
LOG-INC-8769-3,INC-8769,2026-08-29T00:37:22Z,INFO,[order-processing] Execution exception during request dispatch: DNS resolution timeouts between VPC private subnets,"Traceback (most recent call last):
  File ""app/handlers/dispatch.py"", line 142, in process
  ServiceError: DNS resolution timeouts between VPC private subnets"
LOG-INC-8770-1,INC-8770,2026-09-14T12:13:18Z,ERROR,[payment-gateway] Execution exception during request dispatch: Sudden traffic surge exceeding rate limiter bucket capacity,"Traceback (most recent call last):
  File ""app/handlers/dispatch.py"", line 142, in process
  ServiceError: Sudden traffic surge exceeding rate limiter bucket capacity"
LOG-INC-8770-2,INC-8770,2026-09-14T12:13:34Z,ERROR,[payment-gateway] Execution exception during request dispatch: Sudden traffic surge exceeding rate limiter bucket capacity,"Traceback (most recent call last):
  File ""app/handlers/dispatch.py"", line 142, in process
  ServiceError: Sudden traffic surge exceeding rate limiter bucket capacity"
LOG-INC-8770-3,INC-8770,2026-09-14T12:13:34Z,ERROR,[payment-gateway] Execution exception during request dispatch: Sudden traffic surge exceeding rate limiter bucket capacity,"Traceback (most recent call last):
  File ""app/handlers/dispatch.py"", line 142, in process
  ServiceError: Sudden traffic surge exceeding rate limiter bucket capacity"
LOG-INC-8770-4,INC-8770,2026-09-14T12:12:29Z,ERROR,[payment-gateway] Execution exception during request dispatch: Sudden traffic surge exceeding rate limiter bucket capacity,"Traceback (most recent call last):
  File ""app/handlers/dispatch.py"", line 142, in process
  ServiceError: Sudden traffic surge exceeding rate limiter bucket capacity"
LOG-INC-8771-1,INC-8771,2026-08-24T00:28:28Z,INFO,[search-indexer] Execution exception during request dispatch: High CPU throttling on Kubernetes node worker pool,"Traceback (most recent call last):
  File ""app/handlers/dispatch.py"", line 142, in process
  ServiceError: High CPU throttling on Kubernetes node worker pool"
LOG-INC-8771-2,INC-8771,2026-08-24T00:27:37Z,WARN,[search-indexer] Execution exception during request dispatch: High CPU throttling on Kubernetes node worker pool,"Traceback (most recent call last):
  File ""app/handlers/dispatch.py"", line 142, in process
  ServiceError: High CPU throttling on Kubernetes node worker pool"
LOG-INC-8772-1,INC-8772,2026-08-16T14:13:40Z,INFO,[payment-gateway] Execution exception during request dispatch: Unhandled arithmetic overflow in currency conversion,"Traceback (most recent call last):
  File ""app/handlers/dispatch.py"", line 142, in process
  ServiceError: Unhandled arithmetic overflow in currency conversion"
LOG-INC-8772-2,INC-8772,2026-08-16T14:12:16Z,WARN,[payment-gateway] Execution exception during request dispatch: Unhandled arithmetic overflow in currency conversion,"Traceback (most recent call last):
  File ""app/handlers/dispatch.py"", line 142, in process
  ServiceError: Unhandled arithmetic overflow in currency conversion"
LOG-INC-8773-1,INC-8773,2026-09-12T19:50:14Z,INFO,[user-profile] Execution exception during request dispatch: TLS certificate handshake timeout on third-party webhook,"Traceback (most recent call last):
  File ""app/handlers/dispatch.py"", line 142, in process
  ServiceError: TLS certificate handshake timeout on third-party webhook"
LOG-INC-8773-2,INC-8773,2026-09-12T19:49:29Z,ERROR,[user-profile] Execution exception during request dispatch: TLS certificate handshake timeout on third-party webhook,"Traceback (most recent call last):
  File ""app/handlers/dispatch.py"", line 142, in process
  ServiceError: TLS certificate handshake timeout on third-party webhook"
LOG-INC-8773-3,INC-8773,2026-09-12T19:50:20Z,ERROR,[user-profile] Execution exception during request dispatch: TLS certificate handshake timeout on third-party webhook,"Traceback (most recent call last):
  File ""app/handlers/dispatch.py"", line 142, in process
  ServiceError: TLS certificate handshake timeout on third-party webhook"
LOG-INC-8774-1,INC-8774,2026-08-23T21:49:08Z,ERROR,[search-indexer] Execution exception during request dispatch: Corrupted response payload format failing client validation,"Traceback (most recent call last):
  File ""app/handlers/dispatch.py"", line 142, in process
  ServiceError: Corrupted response payload format failing client validation"
LOG-INC-8774-2,INC-8774,2026-08-23T21:50:45Z,WARN,[search-indexer] Execution exception during request dispatch: Corrupted response payload format failing client validation,"Traceback (most recent call last):
  File ""app/handlers/dispatch.py"", line 142, in process
  ServiceError: Corrupted response payload format failing client validation"
LOG-INC-8774-3,INC-8774,2026-08-23T21:49:53Z,INFO,[search-indexer] Execution exception during request dispatch: Corrupted response payload format failing client validation,"Traceback (most recent call last):
  File ""app/handlers/dispatch.py"", line 142, in process
  ServiceError: Corrupted response payload format failing client validation"
LOG-INC-8775-1,INC-8775,2026-09-11T03:19:55Z,ERROR,[checkout-service] Execution exception during request dispatch: Unindexed query scan causing read replica CPU spike,"Traceback (most recent call last):
  File ""app/handlers/dispatch.py"", line 142, in process
  ServiceError: Unindexed query scan causing read replica CPU spike"
LOG-INC-8775-2,INC-8775,2026-09-11T03:19:43Z,INFO,[checkout-service] Execution exception during request dispatch: Unindexed query scan causing read replica CPU spike,"Traceback (most recent call last):
  File ""app/handlers/dispatch.py"", line 142, in process
  ServiceError: Unindexed query scan causing read replica CPU spike"
LOG-INC-8775-3,INC-8775,2026-09-11T03:19:40Z,ERROR,[checkout-service] Execution exception during request dispatch: Unindexed query scan causing read replica CPU spike,"Traceback (most recent call last):
  File ""app/handlers/dispatch.py"", line 142, in process
  ServiceError: Unindexed query scan causing read replica CPU spike"
LOG-INC-8776-1,INC-8776,2026-09-23T10:42:06Z,ERROR,[search-indexer] Execution exception during request dispatch: Redis cluster shard memory limit eviction cascade,"Traceback (most recent call last):
  File ""app/handlers/dispatch.py"", line 142, in process
  ServiceError: Redis cluster shard memory limit eviction cascade"
LOG-INC-8776-2,INC-8776,2026-09-23T10:42:22Z,ERROR,[search-indexer] Execution exception during request dispatch: Redis cluster shard memory limit eviction cascade,"Traceback (most recent call last):
  File ""app/handlers/dispatch.py"", line 142, in process
  ServiceError: Redis cluster shard memory limit eviction cascade"
LOG-INC-8776-3,INC-8776,2026-09-23T10:41:42Z,ERROR,[search-indexer] Execution exception during request dispatch: Redis cluster shard memory limit eviction cascade,"Traceback (most recent call last):
  File ""app/handlers/dispatch.py"", line 142, in process
  ServiceError: Redis cluster shard memory limit eviction cascade"
LOG-INC-8776-4,INC-8776,2026-09-23T10:41:23Z,ERROR,[search-indexer] Execution exception during request dispatch: Redis cluster shard memory limit eviction cascade,"Traceback (most recent call last):
  File ""app/handlers/dispatch.py"", line 142, in process
  ServiceError: Redis cluster shard memory limit eviction cascade"
LOG-INC-8777-1,INC-8777,2026-09-20T14:24:37Z,WARN,[inventory-api] Execution exception during request dispatch: Ephemeral disk volume full due to unrotated application logs,"Traceback (most recent call last):
  File ""app/handlers/dispatch.py"", line 142, in process
  ServiceError: Ephemeral disk volume full due to unrotated application logs"
LOG-INC-8777-2,INC-8777,2026-09-20T14:24:48Z,INFO,[inventory-api] Execution exception during request dispatch: Ephemeral disk volume full due to unrotated application logs,"Traceback (most recent call last):
  File ""app/handlers/dispatch.py"", line 142, in process
  ServiceError: Ephemeral disk volume full due to unrotated application logs"
LOG-INC-8777-3,INC-8777,2026-09-20T14:24:55Z,ERROR,[inventory-api] Execution exception during request dispatch: Ephemeral disk volume full due to unrotated application logs,"Traceback (most recent call last):
  File ""app/handlers/dispatch.py"", line 142, in process
  ServiceError: Ephemeral disk volume full due to unrotated application logs"
LOG-INC-8778-1,INC-8778,2026-08-28T15:25:45Z,WARN,[order-processing] Execution exception during request dispatch: High CPU throttling on Kubernetes node worker pool,"Traceback (most recent call last):
  File ""app/handlers/dispatch.py"", line 142, in process
  ServiceError: High CPU throttling on Kubernetes node worker pool"
LOG-INC-8778-2,INC-8778,2026-08-28T15:25:16Z,WARN,[order-processing] Execution exception during request dispatch: High CPU throttling on Kubernetes node worker pool,"Traceback (most recent call last):
  File ""app/handlers/dispatch.py"", line 142, in process
  ServiceError: High CPU throttling on Kubernetes node worker pool"
LOG-INC-8778-3,INC-8778,2026-08-28T15:25:18Z,WARN,[order-processing] Execution exception during request dispatch: High CPU throttling on Kubernetes node worker pool,"Traceback (most recent call last):
  File ""app/handlers/dispatch.py"", line 142, in process
  ServiceError: High CPU throttling on Kubernetes node worker pool"
LOG-INC-8779-1,INC-8779,2026-08-17T09:47:24Z,WARN,[order-processing] Execution exception during request dispatch: Unhandled arithmetic overflow in currency conversion,"Traceback (most recent call last):
  File ""app/handlers/dispatch.py"", line 142, in process
  ServiceError: Unhandled arithmetic overflow in currency conversion"
LOG-INC-8779-2,INC-8779,2026-08-17T09:46:15Z,INFO,[order-processing] Execution exception during request dispatch: Unhandled arithmetic overflow in currency conversion,"Traceback (most recent call last):
  File ""app/handlers/dispatch.py"", line 142, in process
  ServiceError: Unhandled arithmetic overflow in currency conversion"
LOG-INC-8780-1,INC-8780,2026-09-04T22:18:05Z,WARN,[order-processing] Execution exception during request dispatch: High CPU throttling on Kubernetes node worker pool,"Traceback (most recent call last):
  File ""app/handlers/dispatch.py"", line 142, in process
  ServiceError: High CPU throttling on Kubernetes node worker pool"
LOG-INC-8780-2,INC-8780,2026-09-04T22:18:50Z,INFO,[order-processing] Execution exception during request dispatch: High CPU throttling on Kubernetes node worker pool,"Traceback (most recent call last):
  File ""app/handlers/dispatch.py"", line 142, in process
  ServiceError: High CPU throttling on Kubernetes node worker pool"
LOG-INC-8780-3,INC-8780,2026-09-04T22:19:06Z,INFO,[order-processing] Execution exception during request dispatch: High CPU throttling on Kubernetes node worker pool,"Traceback (most recent call last):
  File ""app/handlers/dispatch.py"", line 142, in process
  ServiceError: High CPU throttling on Kubernetes node worker pool"
LOG-INC-8780-4,INC-8780,2026-09-04T22:18:23Z,WARN,[order-processing] Execution exception during request dispatch: High CPU throttling on Kubernetes node worker pool,"Traceback (most recent call last):
  File ""app/handlers/dispatch.py"", line 142, in process
  ServiceError: High CPU throttling on Kubernetes node worker pool"
LOG-INC-8781-1,INC-8781,2026-08-21T12:07:49Z,ERROR,[auth-service] Execution exception during request dispatch: Config flag default inversion causing request rejections,"Traceback (most recent call last):
  File ""app/handlers/dispatch.py"", line 142, in process
  ServiceError: Config flag default inversion causing request rejections"
LOG-INC-8781-2,INC-8781,2026-08-21T12:06:43Z,WARN,[auth-service] Execution exception during request dispatch: Config flag default inversion causing request rejections,"Traceback (most recent call last):
  File ""app/handlers/dispatch.py"", line 142, in process
  ServiceError: Config flag default inversion causing request rejections"
LOG-INC-8781-3,INC-8781,2026-08-21T12:06:31Z,ERROR,[auth-service] Execution exception during request dispatch: Config flag default inversion causing request rejections,"Traceback (most recent call last):
  File ""app/handlers/dispatch.py"", line 142, in process
  ServiceError: Config flag default inversion causing request rejections"
LOG-INC-8781-4,INC-8781,2026-08-21T12:06:42Z,ERROR,[auth-service] Execution exception during request dispatch: Config flag default inversion causing request rejections,"Traceback (most recent call last):
  File ""app/handlers/dispatch.py"", line 142, in process
  ServiceError: Config flag default inversion causing request rejections"
LOG-INC-8782-1,INC-8782,2026-09-09T02:30:01Z,WARN,[search-indexer] Execution exception during request dispatch: Recursive call in JSON parsing leading to stack exhaustion,"Traceback (most recent call last):
  File ""app/handlers/dispatch.py"", line 142, in process
  ServiceError: Recursive call in JSON parsing leading to stack exhaustion"
LOG-INC-8782-2,INC-8782,2026-09-09T02:29:18Z,WARN,[search-indexer] Execution exception during request dispatch: Recursive call in JSON parsing leading to stack exhaustion,"Traceback (most recent call last):
  File ""app/handlers/dispatch.py"", line 142, in process
  ServiceError: Recursive call in JSON parsing leading to stack exhaustion"
LOG-INC-8782-3,INC-8782,2026-09-09T02:30:03Z,WARN,[search-indexer] Execution exception during request dispatch: Recursive call in JSON parsing leading to stack exhaustion,"Traceback (most recent call last):
  File ""app/handlers/dispatch.py"", line 142, in process
  ServiceError: Recursive call in JSON parsing leading to stack exhaustion"
LOG-INC-8782-4,INC-8782,2026-09-09T02:29:30Z,INFO,[search-indexer] Execution exception during request dispatch: Recursive call in JSON parsing leading to stack exhaustion,"Traceback (most recent call last):
  File ""app/handlers/dispatch.py"", line 142, in process
  ServiceError: Recursive call in JSON parsing leading to stack exhaustion"
LOG-INC-8783-1,INC-8783,2026-09-09T16:54:53Z,INFO,[checkout-service] Execution exception during request dispatch: Null pointer exception in payload serialization post-release,"Traceback (most recent call last):
  File ""app/handlers/dispatch.py"", line 142, in process
  ServiceError: Null pointer exception in payload serialization post-release"
LOG-INC-8783-2,INC-8783,2026-09-09T16:54:08Z,INFO,[checkout-service] Execution exception during request dispatch: Null pointer exception in payload serialization post-release,"Traceback (most recent call last):
  File ""app/handlers/dispatch.py"", line 142, in process
  ServiceError: Null pointer exception in payload serialization post-release"
LOG-INC-8783-3,INC-8783,2026-09-09T16:55:00Z,INFO,[checkout-service] Execution exception during request dispatch: Null pointer exception in payload serialization post-release,"Traceback (most recent call last):
  File ""app/handlers/dispatch.py"", line 142, in process
  ServiceError: Null pointer exception in payload serialization post-release"
LOG-INC-8783-4,INC-8783,2026-09-09T16:54:46Z,WARN,[checkout-service] Execution exception during request dispatch: Null pointer exception in payload serialization post-release,"Traceback (most recent call last):
  File ""app/handlers/dispatch.py"", line 142, in process
  ServiceError: Null pointer exception in payload serialization post-release"
LOG-INC-8784-1,INC-8784,2026-08-24T14:19:08Z,ERROR,[payment-gateway] Execution exception during request dispatch: File descriptor limit reached on upstream reverse proxy,"Traceback (most recent call last):
  File ""app/handlers/dispatch.py"", line 142, in process
  ServiceError: File descriptor limit reached on upstream reverse proxy"
LOG-INC-8784-2,INC-8784,2026-08-24T14:18:13Z,ERROR,[payment-gateway] Execution exception during request dispatch: File descriptor limit reached on upstream reverse proxy,"Traceback (most recent call last):
  File ""app/handlers/dispatch.py"", line 142, in process
  ServiceError: File descriptor limit reached on upstream reverse proxy"
LOG-INC-8785-1,INC-8785,2026-09-08T06:14:58Z,INFO,[auth-service] Execution exception during request dispatch: Ephemeral disk volume full due to unrotated application logs,"Traceback (most recent call last):
  File ""app/handlers/dispatch.py"", line 142, in process
  ServiceError: Ephemeral disk volume full due to unrotated application logs"
LOG-INC-8785-2,INC-8785,2026-09-08T06:15:46Z,WARN,[auth-service] Execution exception during request dispatch: Ephemeral disk volume full due to unrotated application logs,"Traceback (most recent call last):
  File ""app/handlers/dispatch.py"", line 142, in process
  ServiceError: Ephemeral disk volume full due to unrotated application logs"
LOG-INC-8785-3,INC-8785,2026-09-08T06:15:33Z,ERROR,[auth-service] Execution exception during request dispatch: Ephemeral disk volume full due to unrotated application logs,"Traceback (most recent call last):
  File ""app/handlers/dispatch.py"", line 142, in process
  ServiceError: Ephemeral disk volume full due to unrotated application logs"
LOG-INC-8785-4,INC-8785,2026-09-08T06:15:15Z,ERROR,[auth-service] Execution exception during request dispatch: Ephemeral disk volume full due to unrotated application logs,"Traceback (most recent call last):
  File ""app/handlers/dispatch.py"", line 142, in process
  ServiceError: Ephemeral disk volume full due to unrotated application logs"
LOG-INC-8786-1,INC-8786,2026-09-04T16:55:42Z,ERROR,[inventory-api] Execution exception during request dispatch: Database migration lock timeout during schema rollout,"Traceback (most recent call last):
  File ""app/handlers/dispatch.py"", line 142, in process
  ServiceError: Database migration lock timeout during schema rollout"
LOG-INC-8786-2,INC-8786,2026-09-04T16:54:24Z,ERROR,[inventory-api] Execution exception during request dispatch: Database migration lock timeout during schema rollout,"Traceback (most recent call last):
  File ""app/handlers/dispatch.py"", line 142, in process
  ServiceError: Database migration lock timeout during schema rollout"
LOG-INC-8787-1,INC-8787,2026-09-24T15:56:31Z,ERROR,[notification-worker] Execution exception during request dispatch: TLS certificate handshake timeout on third-party webhook,"Traceback (most recent call last):
  File ""app/handlers/dispatch.py"", line 142, in process
  ServiceError: TLS certificate handshake timeout on third-party webhook"
LOG-INC-8787-2,INC-8787,2026-09-24T15:57:19Z,WARN,[notification-worker] Execution exception during request dispatch: TLS certificate handshake timeout on third-party webhook,"Traceback (most recent call last):
  File ""app/handlers/dispatch.py"", line 142, in process
  ServiceError: TLS certificate handshake timeout on third-party webhook"
LOG-INC-8788-1,INC-8788,2026-08-23T14:51:16Z,WARN,[user-profile] Execution exception during request dispatch: Redis cluster shard memory limit eviction cascade,"Traceback (most recent call last):
  File ""app/handlers/dispatch.py"", line 142, in process
  ServiceError: Redis cluster shard memory limit eviction cascade"
LOG-INC-8788-2,INC-8788,2026-08-23T14:51:10Z,WARN,[user-profile] Execution exception during request dispatch: Redis cluster shard memory limit eviction cascade,"Traceback (most recent call last):
  File ""app/handlers/dispatch.py"", line 142, in process
  ServiceError: Redis cluster shard memory limit eviction cascade"
LOG-INC-8788-3,INC-8788,2026-08-23T14:50:25Z,ERROR,[user-profile] Execution exception during request dispatch: Redis cluster shard memory limit eviction cascade,"Traceback (most recent call last):
  File ""app/handlers/dispatch.py"", line 142, in process
  ServiceError: Redis cluster shard memory limit eviction cascade"
LOG-INC-8789-1,INC-8789,2026-09-08T20:34:56Z,ERROR,[notification-worker] Execution exception during request dispatch: Spike in unauthenticated request probe flood,"Traceback (most recent call last):
  File ""app/handlers/dispatch.py"", line 142, in process
  ServiceError: Spike in unauthenticated request probe flood"
LOG-INC-8789-2,INC-8789,2026-09-08T20:33:30Z,INFO,[notification-worker] Execution exception during request dispatch: Spike in unauthenticated request probe flood,"Traceback (most recent call last):
  File ""app/handlers/dispatch.py"", line 142, in process
  ServiceError: Spike in unauthenticated request probe flood"
LOG-INC-8789-3,INC-8789,2026-09-08T20:34:39Z,INFO,[notification-worker] Execution exception during request dispatch: Spike in unauthenticated request probe flood,"Traceback (most recent call last):
  File ""app/handlers/dispatch.py"", line 142, in process
  ServiceError: Spike in unauthenticated request probe flood"
LOG-INC-8789-4,INC-8789,2026-09-08T20:33:43Z,INFO,[notification-worker] Execution exception during request dispatch: Spike in unauthenticated request probe flood,"Traceback (most recent call last):
  File ""app/handlers/dispatch.py"", line 142, in process
  ServiceError: Spike in unauthenticated request probe flood"
LOG-INC-8790-1,INC-8790,2026-09-15T00:09:44Z,ERROR,[inventory-api] Execution exception during request dispatch: Config flag default inversion causing request rejections,"Traceback (most recent call last):
  File ""app/handlers/dispatch.py"", line 142, in process
  ServiceError: Config flag default inversion causing request rejections"
LOG-INC-8790-2,INC-8790,2026-09-15T00:09:32Z,ERROR,[inventory-api] Execution exception during request dispatch: Config flag default inversion causing request rejections,"Traceback (most recent call last):
  File ""app/handlers/dispatch.py"", line 142, in process
  ServiceError: Config flag default inversion causing request rejections"
LOG-INC-8791-1,INC-8791,2026-08-21T07:24:14Z,ERROR,[checkout-service] Execution exception during request dispatch: Memory leak in unclosed HTTP response stream handler,"Traceback (most recent call last):
  File ""app/handlers/dispatch.py"", line 142, in process
  ServiceError: Memory leak in unclosed HTTP response stream handler"
LOG-INC-8791-2,INC-8791,2026-08-21T07:25:23Z,ERROR,[checkout-service] Execution exception during request dispatch: Memory leak in unclosed HTTP response stream handler,"Traceback (most recent call last):
  File ""app/handlers/dispatch.py"", line 142, in process
  ServiceError: Memory leak in unclosed HTTP response stream handler"
LOG-INC-8792-1,INC-8792,2026-09-24T01:17:29Z,ERROR,[inventory-api] Execution exception during request dispatch: Garbage collection pause duration exceeding 1500ms,"Traceback (most recent call last):
  File ""app/handlers/dispatch.py"", line 142, in process
  ServiceError: Garbage collection pause duration exceeding 1500ms"
LOG-INC-8792-2,INC-8792,2026-09-24T01:17:59Z,ERROR,[inventory-api] Execution exception during request dispatch: Garbage collection pause duration exceeding 1500ms,"Traceback (most recent call last):
  File ""app/handlers/dispatch.py"", line 142, in process
  ServiceError: Garbage collection pause duration exceeding 1500ms"
LOG-INC-8792-3,INC-8792,2026-09-24T01:18:39Z,ERROR,[inventory-api] Execution exception during request dispatch: Garbage collection pause duration exceeding 1500ms,"Traceback (most recent call last):
  File ""app/handlers/dispatch.py"", line 142, in process
  ServiceError: Garbage collection pause duration exceeding 1500ms"
LOG-INC-8792-4,INC-8792,2026-09-24T01:18:57Z,ERROR,[inventory-api] Execution exception during request dispatch: Garbage collection pause duration exceeding 1500ms,"Traceback (most recent call last):
  File ""app/handlers/dispatch.py"", line 142, in process
  ServiceError: Garbage collection pause duration exceeding 1500ms"
LOG-INC-8793-1,INC-8793,2026-08-21T01:21:26Z,INFO,[auth-service] Execution exception during request dispatch: Garbage collection pause duration exceeding 1500ms,"Traceback (most recent call last):
  File ""app/handlers/dispatch.py"", line 142, in process
  ServiceError: Garbage collection pause duration exceeding 1500ms"
LOG-INC-8793-2,INC-8793,2026-08-21T01:21:32Z,ERROR,[auth-service] Execution exception during request dispatch: Garbage collection pause duration exceeding 1500ms,"Traceback (most recent call last):
  File ""app/handlers/dispatch.py"", line 142, in process
  ServiceError: Garbage collection pause duration exceeding 1500ms"
LOG-INC-8794-1,INC-8794,2026-08-24T04:50:13Z,WARN,[inventory-api] Execution exception during request dispatch: Network packet loss on Kubernetes overlay CNI bridge,"Traceback (most recent call last):
  File ""app/handlers/dispatch.py"", line 142, in process
  ServiceError: Network packet loss on Kubernetes overlay CNI bridge"
LOG-INC-8794-2,INC-8794,2026-08-24T04:51:31Z,WARN,[inventory-api] Execution exception during request dispatch: Network packet loss on Kubernetes overlay CNI bridge,"Traceback (most recent call last):
  File ""app/handlers/dispatch.py"", line 142, in process
  ServiceError: Network packet loss on Kubernetes overlay CNI bridge"
LOG-INC-8795-1,INC-8795,2026-08-17T14:32:37Z,ERROR,[checkout-service] Execution exception during request dispatch: Sudden traffic surge exceeding rate limiter bucket capacity,"Traceback (most recent call last):
  File ""app/handlers/dispatch.py"", line 142, in process
  ServiceError: Sudden traffic surge exceeding rate limiter bucket capacity"
LOG-INC-8795-2,INC-8795,2026-08-17T14:32:06Z,ERROR,[checkout-service] Execution exception during request dispatch: Sudden traffic surge exceeding rate limiter bucket capacity,"Traceback (most recent call last):
  File ""app/handlers/dispatch.py"", line 142, in process
  ServiceError: Sudden traffic surge exceeding rate limiter bucket capacity"
LOG-INC-8795-3,INC-8795,2026-08-17T14:31:30Z,ERROR,[checkout-service] Execution exception during request dispatch: Sudden traffic surge exceeding rate limiter bucket capacity,"Traceback (most recent call last):
  File ""app/handlers/dispatch.py"", line 142, in process
  ServiceError: Sudden traffic surge exceeding rate limiter bucket capacity"
LOG-INC-8796-1,INC-8796,2026-09-04T06:10:53Z,INFO,[payment-gateway] Execution exception during request dispatch: Memory leak in unclosed HTTP response stream handler,"Traceback (most recent call last):
  File ""app/handlers/dispatch.py"", line 142, in process
  ServiceError: Memory leak in unclosed HTTP response stream handler"
LOG-INC-8796-2,INC-8796,2026-09-04T06:09:11Z,WARN,[payment-gateway] Execution exception during request dispatch: Memory leak in unclosed HTTP response stream handler,"Traceback (most recent call last):
  File ""app/handlers/dispatch.py"", line 142, in process
  ServiceError: Memory leak in unclosed HTTP response stream handler"
LOG-INC-8796-3,INC-8796,2026-09-04T06:09:51Z,ERROR,[payment-gateway] Execution exception during request dispatch: Memory leak in unclosed HTTP response stream handler,"Traceback (most recent call last):
  File ""app/handlers/dispatch.py"", line 142, in process
  ServiceError: Memory leak in unclosed HTTP response stream handler"
LOG-INC-8796-4,INC-8796,2026-09-04T06:10:21Z,WARN,[payment-gateway] Execution exception during request dispatch: Memory leak in unclosed HTTP response stream handler,"Traceback (most recent call last):
  File ""app/handlers/dispatch.py"", line 142, in process
  ServiceError: Memory leak in unclosed HTTP response stream handler"
LOG-INC-8797-1,INC-8797,2026-08-31T02:01:49Z,WARN,[checkout-service] Execution exception during request dispatch: Inter-region transit latency degradation exceeding SLA,"Traceback (most recent call last):
  File ""app/handlers/dispatch.py"", line 142, in process
  ServiceError: Inter-region transit latency degradation exceeding SLA"
LOG-INC-8797-2,INC-8797,2026-08-31T02:01:23Z,INFO,[checkout-service] Execution exception during request dispatch: Inter-region transit latency degradation exceeding SLA,"Traceback (most recent call last):
  File ""app/handlers/dispatch.py"", line 142, in process
  ServiceError: Inter-region transit latency degradation exceeding SLA"
LOG-INC-8797-3,INC-8797,2026-08-31T02:02:41Z,WARN,[checkout-service] Execution exception during request dispatch: Inter-region transit latency degradation exceeding SLA,"Traceback (most recent call last):
  File ""app/handlers/dispatch.py"", line 142, in process
  ServiceError: Inter-region transit latency degradation exceeding SLA"
LOG-INC-8798-1,INC-8798,2026-08-28T02:45:55Z,ERROR,[user-profile] Execution exception during request dispatch: Database migration lock timeout during schema rollout,"Traceback (most recent call last):
  File ""app/handlers/dispatch.py"", line 142, in process
  ServiceError: Database migration lock timeout during schema rollout"
LOG-INC-8798-2,INC-8798,2026-08-28T02:45:32Z,ERROR,[user-profile] Execution exception during request dispatch: Database migration lock timeout during schema rollout,"Traceback (most recent call last):
  File ""app/handlers/dispatch.py"", line 142, in process
  ServiceError: Database migration lock timeout during schema rollout"
LOG-INC-8798-3,INC-8798,2026-08-28T02:44:26Z,ERROR,[user-profile] Execution exception during request dispatch: Database migration lock timeout during schema rollout,"Traceback (most recent call last):
  File ""app/handlers/dispatch.py"", line 142, in process
  ServiceError: Database migration lock timeout during schema rollout"
LOG-INC-8798-4,INC-8798,2026-08-28T02:45:58Z,ERROR,[user-profile] Execution exception during request dispatch: Database migration lock timeout during schema rollout,"Traceback (most recent call last):
  File ""app/handlers/dispatch.py"", line 142, in process
  ServiceError: Database migration lock timeout during schema rollout"
LOG-INC-8799-1,INC-8799,2026-08-31T09:09:50Z,INFO,[user-profile] Execution exception during request dispatch: TCP socket connection reset by peer on egress gateway,"Traceback (most recent call last):
  File ""app/handlers/dispatch.py"", line 142, in process
  ServiceError: TCP socket connection reset by peer on egress gateway"
LOG-INC-8799-2,INC-8799,2026-08-31T09:08:55Z,ERROR,[user-profile] Execution exception during request dispatch: TCP socket connection reset by peer on egress gateway,"Traceback (most recent call last):
  File ""app/handlers/dispatch.py"", line 142, in process
  ServiceError: TCP socket connection reset by peer on egress gateway"
LOG-INC-8800-1,INC-8800,2026-08-26T08:39:07Z,ERROR,[inventory-api] Execution exception during request dispatch: TCP socket connection reset by peer on egress gateway,"Traceback (most recent call last):
  File ""app/handlers/dispatch.py"", line 142, in process
  ServiceError: TCP socket connection reset by peer on egress gateway"
LOG-INC-8800-2,INC-8800,2026-08-26T08:38:19Z,ERROR,[inventory-api] Execution exception during request dispatch: TCP socket connection reset by peer on egress gateway,"Traceback (most recent call last):
  File ""app/handlers/dispatch.py"", line 142, in process
  ServiceError: TCP socket connection reset by peer on egress gateway"
LOG-INC-8800-3,INC-8800,2026-08-26T08:38:46Z,ERROR,[inventory-api] Execution exception during request dispatch: TCP socket connection reset by peer on egress gateway,"Traceback (most recent call last):
  File ""app/handlers/dispatch.py"", line 142, in process
  ServiceError: TCP socket connection reset by peer on egress gateway"
LOG-INC-8801-1,INC-8801,2026-08-25T21:48:36Z,ERROR,[auth-service] Execution exception during request dispatch: TLS certificate handshake timeout on third-party webhook,"Traceback (most recent call last):
  File ""app/handlers/dispatch.py"", line 142, in process
  ServiceError: TLS certificate handshake timeout on third-party webhook"
LOG-INC-8801-2,INC-8801,2026-08-25T21:48:59Z,INFO,[auth-service] Execution exception during request dispatch: TLS certificate handshake timeout on third-party webhook,"Traceback (most recent call last):
  File ""app/handlers/dispatch.py"", line 142, in process
  ServiceError: TLS certificate handshake timeout on third-party webhook"
LOG-INC-8802-1,INC-8802,2026-09-01T19:47:08Z,ERROR,[inventory-api] Execution exception during request dispatch: Race condition in concurrent token refresh logic,"Traceback (most recent call last):
  File ""app/handlers/dispatch.py"", line 142, in process
  ServiceError: Race condition in concurrent token refresh logic"
LOG-INC-8802-2,INC-8802,2026-09-01T19:47:08Z,WARN,[inventory-api] Execution exception during request dispatch: Race condition in concurrent token refresh logic,"Traceback (most recent call last):
  File ""app/handlers/dispatch.py"", line 142, in process
  ServiceError: Race condition in concurrent token refresh logic"
LOG-INC-8803-1,INC-8803,2026-09-10T05:16:34Z,INFO,[auth-service] Execution exception during request dispatch: Unhandled arithmetic overflow in currency conversion,"Traceback (most recent call last):
  File ""app/handlers/dispatch.py"", line 142, in process
  ServiceError: Unhandled arithmetic overflow in currency conversion"
LOG-INC-8803-2,INC-8803,2026-09-10T05:15:43Z,WARN,[auth-service] Execution exception during request dispatch: Unhandled arithmetic overflow in currency conversion,"Traceback (most recent call last):
  File ""app/handlers/dispatch.py"", line 142, in process
  ServiceError: Unhandled arithmetic overflow in currency conversion"
LOG-INC-8804-1,INC-8804,2026-08-18T07:09:43Z,ERROR,[payment-gateway] Execution exception during request dispatch: Stale cache invalidation logic deployed in Canary,"Traceback (most recent call last):
  File ""app/handlers/dispatch.py"", line 142, in process
  ServiceError: Stale cache invalidation logic deployed in Canary"
LOG-INC-8804-2,INC-8804,2026-08-18T07:08:59Z,INFO,[payment-gateway] Execution exception during request dispatch: Stale cache invalidation logic deployed in Canary,"Traceback (most recent call last):
  File ""app/handlers/dispatch.py"", line 142, in process
  ServiceError: Stale cache invalidation logic deployed in Canary"
LOG-INC-8804-3,INC-8804,2026-08-18T07:09:20Z,INFO,[payment-gateway] Execution exception during request dispatch: Stale cache invalidation logic deployed in Canary,"Traceback (most recent call last):
  File ""app/handlers/dispatch.py"", line 142, in process
  ServiceError: Stale cache invalidation logic deployed in Canary"
LOG-INC-8804-4,INC-8804,2026-08-18T07:09:57Z,WARN,[payment-gateway] Execution exception during request dispatch: Stale cache invalidation logic deployed in Canary,"Traceback (most recent call last):
  File ""app/handlers/dispatch.py"", line 142, in process
  ServiceError: Stale cache invalidation logic deployed in Canary"
LOG-INC-8805-1,INC-8805,2026-08-23T09:37:05Z,ERROR,[auth-service] Execution exception during request dispatch: DNS resolution timeouts between VPC private subnets,"Traceback (most recent call last):
  File ""app/handlers/dispatch.py"", line 142, in process
  ServiceError: DNS resolution timeouts between VPC private subnets"
LOG-INC-8805-2,INC-8805,2026-08-23T09:36:46Z,WARN,[auth-service] Execution exception during request dispatch: DNS resolution timeouts between VPC private subnets,"Traceback (most recent call last):
  File ""app/handlers/dispatch.py"", line 142, in process
  ServiceError: DNS resolution timeouts between VPC private subnets"
LOG-INC-8805-3,INC-8805,2026-08-23T09:37:15Z,INFO,[auth-service] Execution exception during request dispatch: DNS resolution timeouts between VPC private subnets,"Traceback (most recent call last):
  File ""app/handlers/dispatch.py"", line 142, in process
  ServiceError: DNS resolution timeouts between VPC private subnets"
LOG-INC-8805-4,INC-8805,2026-08-23T09:37:54Z,WARN,[auth-service] Execution exception during request dispatch: DNS resolution timeouts between VPC private subnets,"Traceback (most recent call last):
  File ""app/handlers/dispatch.py"", line 142, in process
  ServiceError: DNS resolution timeouts between VPC private subnets"
LOG-INC-8806-1,INC-8806,2026-08-14T21:55:09Z,ERROR,[auth-service] Execution exception during request dispatch: Slow query cascade triggering client connection timeout,"Traceback (most recent call last):
  File ""app/handlers/dispatch.py"", line 142, in process
  ServiceError: Slow query cascade triggering client connection timeout"
LOG-INC-8806-2,INC-8806,2026-08-14T21:55:04Z,WARN,[auth-service] Execution exception during request dispatch: Slow query cascade triggering client connection timeout,"Traceback (most recent call last):
  File ""app/handlers/dispatch.py"", line 142, in process
  ServiceError: Slow query cascade triggering client connection timeout"
LOG-INC-8807-1,INC-8807,2026-09-13T03:18:42Z,INFO,[payment-gateway] Execution exception during request dispatch: Database migration lock timeout during schema rollout,"Traceback (most recent call last):
  File ""app/handlers/dispatch.py"", line 142, in process
  ServiceError: Database migration lock timeout during schema rollout"
LOG-INC-8807-2,INC-8807,2026-09-13T03:18:47Z,WARN,[payment-gateway] Execution exception during request dispatch: Database migration lock timeout during schema rollout,"Traceback (most recent call last):
  File ""app/handlers/dispatch.py"", line 142, in process
  ServiceError: Database migration lock timeout during schema rollout"
LOG-INC-8808-1,INC-8808,2026-08-16T06:49:10Z,WARN,[notification-worker] Execution exception during request dispatch: Stale cache invalidation logic deployed in Canary,"Traceback (most recent call last):
  File ""app/handlers/dispatch.py"", line 142, in process
  ServiceError: Stale cache invalidation logic deployed in Canary"
LOG-INC-8808-2,INC-8808,2026-08-16T06:49:28Z,ERROR,[notification-worker] Execution exception during request dispatch: Stale cache invalidation logic deployed in Canary,"Traceback (most recent call last):
  File ""app/handlers/dispatch.py"", line 142, in process
  ServiceError: Stale cache invalidation logic deployed in Canary"
LOG-INC-8808-3,INC-8808,2026-08-16T06:49:48Z,INFO,[notification-worker] Execution exception during request dispatch: Stale cache invalidation logic deployed in Canary,"Traceback (most recent call last):
  File ""app/handlers/dispatch.py"", line 142, in process
  ServiceError: Stale cache invalidation logic deployed in Canary"
LOG-INC-8809-1,INC-8809,2026-09-06T22:08:59Z,INFO,[checkout-service] Execution exception during request dispatch: Spike in unauthenticated request probe flood,"Traceback (most recent call last):
  File ""app/handlers/dispatch.py"", line 142, in process
  ServiceError: Spike in unauthenticated request probe flood"
LOG-INC-8809-2,INC-8809,2026-09-06T22:07:52Z,INFO,[checkout-service] Execution exception during request dispatch: Spike in unauthenticated request probe flood,"Traceback (most recent call last):
  File ""app/handlers/dispatch.py"", line 142, in process
  ServiceError: Spike in unauthenticated request probe flood"
LOG-INC-8809-3,INC-8809,2026-09-06T22:08:14Z,ERROR,[checkout-service] Execution exception during request dispatch: Spike in unauthenticated request probe flood,"Traceback (most recent call last):
  File ""app/handlers/dispatch.py"", line 142, in process
  ServiceError: Spike in unauthenticated request probe flood"
LOG-INC-8809-4,INC-8809,2026-09-06T22:07:58Z,WARN,[checkout-service] Execution exception during request dispatch: Spike in unauthenticated request probe flood,"Traceback (most recent call last):
  File ""app/handlers/dispatch.py"", line 142, in process
  ServiceError: Spike in unauthenticated request probe flood"
LOG-INC-8810-1,INC-8810,2026-09-03T09:51:20Z,ERROR,[auth-service] Execution exception during request dispatch: Inter-region transit latency degradation exceeding SLA,"Traceback (most recent call last):
  File ""app/handlers/dispatch.py"", line 142, in process
  ServiceError: Inter-region transit latency degradation exceeding SLA"
LOG-INC-8810-2,INC-8810,2026-09-03T09:51:25Z,ERROR,[auth-service] Execution exception during request dispatch: Inter-region transit latency degradation exceeding SLA,"Traceback (most recent call last):
  File ""app/handlers/dispatch.py"", line 142, in process
  ServiceError: Inter-region transit latency degradation exceeding SLA"
LOG-INC-8811-1,INC-8811,2026-09-21T05:13:30Z,ERROR,[notification-worker] Execution exception during request dispatch: TCP socket connection reset by peer on egress gateway,"Traceback (most recent call last):
  File ""app/handlers/dispatch.py"", line 142, in process
  ServiceError: TCP socket connection reset by peer on egress gateway"
LOG-INC-8811-2,INC-8811,2026-09-21T05:13:43Z,ERROR,[notification-worker] Execution exception during request dispatch: TCP socket connection reset by peer on egress gateway,"Traceback (most recent call last):
  File ""app/handlers/dispatch.py"", line 142, in process
  ServiceError: TCP socket connection reset by peer on egress gateway"
LOG-INC-8812-1,INC-8812,2026-09-26T02:05:45Z,ERROR,[user-profile] Execution exception during request dispatch: Null pointer exception in payload serialization post-release,"Traceback (most recent call last):
  File ""app/handlers/dispatch.py"", line 142, in process
  ServiceError: Null pointer exception in payload serialization post-release"
LOG-INC-8812-2,INC-8812,2026-09-26T02:06:55Z,WARN,[user-profile] Execution exception during request dispatch: Null pointer exception in payload serialization post-release,"Traceback (most recent call last):
  File ""app/handlers/dispatch.py"", line 142, in process
  ServiceError: Null pointer exception in payload serialization post-release"
LOG-INC-8813-1,INC-8813,2026-08-18T09:51:30Z,ERROR,[notification-worker] Execution exception during request dispatch: Connection pool saturation under sustained transaction load,"Traceback (most recent call last):
  File ""app/handlers/dispatch.py"", line 142, in process
  ServiceError: Connection pool saturation under sustained transaction load"
LOG-INC-8813-2,INC-8813,2026-08-18T09:51:54Z,INFO,[notification-worker] Execution exception during request dispatch: Connection pool saturation under sustained transaction load,"Traceback (most recent call last):
  File ""app/handlers/dispatch.py"", line 142, in process
  ServiceError: Connection pool saturation under sustained transaction load"
LOG-INC-8814-1,INC-8814,2026-08-19T19:24:41Z,WARN,[checkout-service] Execution exception during request dispatch: Race condition in concurrent token refresh logic,"Traceback (most recent call last):
  File ""app/handlers/dispatch.py"", line 142, in process
  ServiceError: Race condition in concurrent token refresh logic"
LOG-INC-8814-2,INC-8814,2026-08-19T19:23:10Z,WARN,[checkout-service] Execution exception during request dispatch: Race condition in concurrent token refresh logic,"Traceback (most recent call last):
  File ""app/handlers/dispatch.py"", line 142, in process
  ServiceError: Race condition in concurrent token refresh logic"
LOG-INC-8815-1,INC-8815,2026-09-03T07:13:56Z,INFO,[notification-worker] Execution exception during request dispatch: Unindexed query scan causing read replica CPU spike,"Traceback (most recent call last):
  File ""app/handlers/dispatch.py"", line 142, in process
  ServiceError: Unindexed query scan causing read replica CPU spike"
LOG-INC-8815-2,INC-8815,2026-09-03T07:12:25Z,ERROR,[notification-worker] Execution exception during request dispatch: Unindexed query scan causing read replica CPU spike,"Traceback (most recent call last):
  File ""app/handlers/dispatch.py"", line 142, in process
  ServiceError: Unindexed query scan causing read replica CPU spike"
LOG-INC-8815-3,INC-8815,2026-09-03T07:13:21Z,INFO,[notification-worker] Execution exception during request dispatch: Unindexed query scan causing read replica CPU spike,"Traceback (most recent call last):
  File ""app/handlers/dispatch.py"", line 142, in process
  ServiceError: Unindexed query scan causing read replica CPU spike"
LOG-INC-8815-4,INC-8815,2026-09-03T07:12:41Z,WARN,[notification-worker] Execution exception during request dispatch: Unindexed query scan causing read replica CPU spike,"Traceback (most recent call last):
  File ""app/handlers/dispatch.py"", line 142, in process
  ServiceError: Unindexed query scan causing read replica CPU spike"
LOG-INC-8816-1,INC-8816,2026-08-20T18:30:43Z,INFO,[auth-service] Execution exception during request dispatch: Connection pool saturation under sustained transaction load,"Traceback (most recent call last):
  File ""app/handlers/dispatch.py"", line 142, in process
  ServiceError: Connection pool saturation under sustained transaction load"
LOG-INC-8816-2,INC-8816,2026-08-20T18:31:22Z,WARN,[auth-service] Execution exception during request dispatch: Connection pool saturation under sustained transaction load,"Traceback (most recent call last):
  File ""app/handlers/dispatch.py"", line 142, in process
  ServiceError: Connection pool saturation under sustained transaction load"
LOG-INC-8816-3,INC-8816,2026-08-20T18:30:44Z,WARN,[auth-service] Execution exception during request dispatch: Connection pool saturation under sustained transaction load,"Traceback (most recent call last):
  File ""app/handlers/dispatch.py"", line 142, in process
  ServiceError: Connection pool saturation under sustained transaction load"
LOG-INC-8817-1,INC-8817,2026-09-15T00:58:56Z,WARN,[checkout-service] Execution exception during request dispatch: Stale cache invalidation logic deployed in Canary,"Traceback (most recent call last):
  File ""app/handlers/dispatch.py"", line 142, in process
  ServiceError: Stale cache invalidation logic deployed in Canary"
LOG-INC-8817-2,INC-8817,2026-09-15T00:58:21Z,INFO,[checkout-service] Execution exception during request dispatch: Stale cache invalidation logic deployed in Canary,"Traceback (most recent call last):
  File ""app/handlers/dispatch.py"", line 142, in process
  ServiceError: Stale cache invalidation logic deployed in Canary"
LOG-INC-8817-3,INC-8817,2026-09-15T00:57:34Z,WARN,[checkout-service] Execution exception during request dispatch: Stale cache invalidation logic deployed in Canary,"Traceback (most recent call last):
  File ""app/handlers/dispatch.py"", line 142, in process
  ServiceError: Stale cache invalidation logic deployed in Canary"
LOG-INC-8818-1,INC-8818,2026-08-21T16:16:42Z,ERROR,[search-indexer] Execution exception during request dispatch: Batch data import job executed during peak consumer hours,"Traceback (most recent call last):
  File ""app/handlers/dispatch.py"", line 142, in process
  ServiceError: Batch data import job executed during peak consumer hours"
LOG-INC-8818-2,INC-8818,2026-08-21T16:17:32Z,INFO,[search-indexer] Execution exception during request dispatch: Batch data import job executed during peak consumer hours,"Traceback (most recent call last):
  File ""app/handlers/dispatch.py"", line 142, in process
  ServiceError: Batch data import job executed during peak consumer hours"
LOG-INC-8818-3,INC-8818,2026-08-21T16:16:51Z,INFO,[search-indexer] Execution exception during request dispatch: Batch data import job executed during peak consumer hours,"Traceback (most recent call last):
  File ""app/handlers/dispatch.py"", line 142, in process
  ServiceError: Batch data import job executed during peak consumer hours"
LOG-INC-8818-4,INC-8818,2026-08-21T16:17:14Z,INFO,[search-indexer] Execution exception during request dispatch: Batch data import job executed during peak consumer hours,"Traceback (most recent call last):
  File ""app/handlers/dispatch.py"", line 142, in process
  ServiceError: Batch data import job executed during peak consumer hours"
LOG-INC-8819-1,INC-8819,2026-09-17T03:04:51Z,WARN,[checkout-service] Execution exception during request dispatch: Inter-region transit latency degradation exceeding SLA,"Traceback (most recent call last):
  File ""app/handlers/dispatch.py"", line 142, in process
  ServiceError: Inter-region transit latency degradation exceeding SLA"
LOG-INC-8819-2,INC-8819,2026-09-17T03:03:28Z,INFO,[checkout-service] Execution exception during request dispatch: Inter-region transit latency degradation exceeding SLA,"Traceback (most recent call last):
  File ""app/handlers/dispatch.py"", line 142, in process
  ServiceError: Inter-region transit latency degradation exceeding SLA"
LOG-INC-8819-3,INC-8819,2026-09-17T03:04:48Z,WARN,[checkout-service] Execution exception during request dispatch: Inter-region transit latency degradation exceeding SLA,"Traceback (most recent call last):
  File ""app/handlers/dispatch.py"", line 142, in process
  ServiceError: Inter-region transit latency degradation exceeding SLA"
LOG-INC-8819-4,INC-8819,2026-09-17T03:03:52Z,ERROR,[checkout-service] Execution exception during request dispatch: Inter-region transit latency degradation exceeding SLA,"Traceback (most recent call last):
  File ""app/handlers/dispatch.py"", line 142, in process
  ServiceError: Inter-region transit latency degradation exceeding SLA"
LOG-INC-8820-1,INC-8820,2026-08-12T17:07:29Z,WARN,[checkout-service] Execution exception during request dispatch: Dependency version mismatch in gRPC protobuf schema,"Traceback (most recent call last):
  File ""app/handlers/dispatch.py"", line 142, in process
  ServiceError: Dependency version mismatch in gRPC protobuf schema"
LOG-INC-8820-2,INC-8820,2026-08-12T17:08:08Z,WARN,[checkout-service] Execution exception during request dispatch: Dependency version mismatch in gRPC protobuf schema,"Traceback (most recent call last):
  File ""app/handlers/dispatch.py"", line 142, in process
  ServiceError: Dependency version mismatch in gRPC protobuf schema"
LOG-INC-8821-1,INC-8821,2026-08-12T19:38:21Z,ERROR,[inventory-api] Execution exception during request dispatch: Recursive call in JSON parsing leading to stack exhaustion,"Traceback (most recent call last):
  File ""app/handlers/dispatch.py"", line 142, in process
  ServiceError: Recursive call in JSON parsing leading to stack exhaustion"
LOG-INC-8821-2,INC-8821,2026-08-12T19:38:05Z,WARN,[inventory-api] Execution exception during request dispatch: Recursive call in JSON parsing leading to stack exhaustion,"Traceback (most recent call last):
  File ""app/handlers/dispatch.py"", line 142, in process
  ServiceError: Recursive call in JSON parsing leading to stack exhaustion"
LOG-INC-8821-3,INC-8821,2026-08-12T19:37:54Z,WARN,[inventory-api] Execution exception during request dispatch: Recursive call in JSON parsing leading to stack exhaustion,"Traceback (most recent call last):
  File ""app/handlers/dispatch.py"", line 142, in process
  ServiceError: Recursive call in JSON parsing leading to stack exhaustion"
LOG-INC-8822-1,INC-8822,2026-08-21T19:35:32Z,WARN,[payment-gateway] Execution exception during request dispatch: Dependency version mismatch in gRPC protobuf schema,"Traceback (most recent call last):
  File ""app/handlers/dispatch.py"", line 142, in process
  ServiceError: Dependency version mismatch in gRPC protobuf schema"
LOG-INC-8822-2,INC-8822,2026-08-21T19:34:31Z,ERROR,[payment-gateway] Execution exception during request dispatch: Dependency version mismatch in gRPC protobuf schema,"Traceback (most recent call last):
  File ""app/handlers/dispatch.py"", line 142, in process
  ServiceError: Dependency version mismatch in gRPC protobuf schema"
LOG-INC-8822-3,INC-8822,2026-08-21T19:35:59Z,INFO,[payment-gateway] Execution exception during request dispatch: Dependency version mismatch in gRPC protobuf schema,"Traceback (most recent call last):
  File ""app/handlers/dispatch.py"", line 142, in process
  ServiceError: Dependency version mismatch in gRPC protobuf schema"
LOG-INC-8822-4,INC-8822,2026-08-21T19:35:17Z,ERROR,[payment-gateway] Execution exception during request dispatch: Dependency version mismatch in gRPC protobuf schema,"Traceback (most recent call last):
  File ""app/handlers/dispatch.py"", line 142, in process
  ServiceError: Dependency version mismatch in gRPC protobuf schema"
LOG-INC-8823-1,INC-8823,2026-08-15T06:18:24Z,ERROR,[inventory-api] Execution exception during request dispatch: Unindexed query scan causing read replica CPU spike,"Traceback (most recent call last):
  File ""app/handlers/dispatch.py"", line 142, in process
  ServiceError: Unindexed query scan causing read replica CPU spike"
LOG-INC-8823-2,INC-8823,2026-08-15T06:19:15Z,INFO,[inventory-api] Execution exception during request dispatch: Unindexed query scan causing read replica CPU spike,"Traceback (most recent call last):
  File ""app/handlers/dispatch.py"", line 142, in process
  ServiceError: Unindexed query scan causing read replica CPU spike"
LOG-INC-8824-1,INC-8824,2026-09-25T16:44:18Z,INFO,[checkout-service] Execution exception during request dispatch: Recursive call in JSON parsing leading to stack exhaustion,"Traceback (most recent call last):
  File ""app/handlers/dispatch.py"", line 142, in process
  ServiceError: Recursive call in JSON parsing leading to stack exhaustion"
LOG-INC-8824-2,INC-8824,2026-09-25T16:44:23Z,WARN,[checkout-service] Execution exception during request dispatch: Recursive call in JSON parsing leading to stack exhaustion,"Traceback (most recent call last):
  File ""app/handlers/dispatch.py"", line 142, in process
  ServiceError: Recursive call in JSON parsing leading to stack exhaustion"
LOG-INC-8825-1,INC-8825,2026-08-18T07:27:02Z,ERROR,[checkout-service] Execution exception during request dispatch: Pod memory limit hit triggering repeated OOMKilled events,"Traceback (most recent call last):
  File ""app/handlers/dispatch.py"", line 142, in process
  ServiceError: Pod memory limit hit triggering repeated OOMKilled events"
LOG-INC-8825-2,INC-8825,2026-08-18T07:26:32Z,ERROR,[checkout-service] Execution exception during request dispatch: Pod memory limit hit triggering repeated OOMKilled events,"Traceback (most recent call last):
  File ""app/handlers/dispatch.py"", line 142, in process
  ServiceError: Pod memory limit hit triggering repeated OOMKilled events"
LOG-INC-8825-3,INC-8825,2026-08-18T07:26:34Z,ERROR,[checkout-service] Execution exception during request dispatch: Pod memory limit hit triggering repeated OOMKilled events,"Traceback (most recent call last):
  File ""app/handlers/dispatch.py"", line 142, in process
  ServiceError: Pod memory limit hit triggering repeated OOMKilled events"
LOG-INC-8826-1,INC-8826,2026-09-14T02:59:07Z,WARN,[search-indexer] Execution exception during request dispatch: Unhandled arithmetic overflow in currency conversion,"Traceback (most recent call last):
  File ""app/handlers/dispatch.py"", line 142, in process
  ServiceError: Unhandled arithmetic overflow in currency conversion"
LOG-INC-8826-2,INC-8826,2026-09-14T02:59:46Z,INFO,[search-indexer] Execution exception during request dispatch: Unhandled arithmetic overflow in currency conversion,"Traceback (most recent call last):
  File ""app/handlers/dispatch.py"", line 142, in process
  ServiceError: Unhandled arithmetic overflow in currency conversion"
LOG-INC-8826-3,INC-8826,2026-09-14T02:58:48Z,WARN,[search-indexer] Execution exception during request dispatch: Unhandled arithmetic overflow in currency conversion,"Traceback (most recent call last):
  File ""app/handlers/dispatch.py"", line 142, in process
  ServiceError: Unhandled arithmetic overflow in currency conversion"
LOG-INC-8826-4,INC-8826,2026-09-14T02:58:07Z,WARN,[search-indexer] Execution exception during request dispatch: Unhandled arithmetic overflow in currency conversion,"Traceback (most recent call last):
  File ""app/handlers/dispatch.py"", line 142, in process
  ServiceError: Unhandled arithmetic overflow in currency conversion"
LOG-INC-8827-1,INC-8827,2026-09-10T09:55:36Z,WARN,[search-indexer] Execution exception during request dispatch: Recursive call in JSON parsing leading to stack exhaustion,"Traceback (most recent call last):
  File ""app/handlers/dispatch.py"", line 142, in process
  ServiceError: Recursive call in JSON parsing leading to stack exhaustion"
LOG-INC-8827-2,INC-8827,2026-09-10T09:56:00Z,ERROR,[search-indexer] Execution exception during request dispatch: Recursive call in JSON parsing leading to stack exhaustion,"Traceback (most recent call last):
  File ""app/handlers/dispatch.py"", line 142, in process
  ServiceError: Recursive call in JSON parsing leading to stack exhaustion"
LOG-INC-8828-1,INC-8828,2026-08-25T17:50:47Z,ERROR,[notification-worker] Execution exception during request dispatch: Network packet loss on Kubernetes overlay CNI bridge,"Traceback (most recent call last):
  File ""app/handlers/dispatch.py"", line 142, in process
  ServiceError: Network packet loss on Kubernetes overlay CNI bridge"
LOG-INC-8828-2,INC-8828,2026-08-25T17:49:07Z,ERROR,[notification-worker] Execution exception during request dispatch: Network packet loss on Kubernetes overlay CNI bridge,"Traceback (most recent call last):
  File ""app/handlers/dispatch.py"", line 142, in process
  ServiceError: Network packet loss on Kubernetes overlay CNI bridge"
LOG-INC-8828-3,INC-8828,2026-08-25T17:49:54Z,ERROR,[notification-worker] Execution exception during request dispatch: Network packet loss on Kubernetes overlay CNI bridge,"Traceback (most recent call last):
  File ""app/handlers/dispatch.py"", line 142, in process
  ServiceError: Network packet loss on Kubernetes overlay CNI bridge"
LOG-INC-8828-4,INC-8828,2026-08-25T17:50:18Z,ERROR,[notification-worker] Execution exception during request dispatch: Network packet loss on Kubernetes overlay CNI bridge,"Traceback (most recent call last):
  File ""app/handlers/dispatch.py"", line 142, in process
  ServiceError: Network packet loss on Kubernetes overlay CNI bridge"
LOG-INC-8829-1,INC-8829,2026-09-04T17:06:54Z,INFO,[search-indexer] Execution exception during request dispatch: Ephemeral disk volume full due to unrotated application logs,"Traceback (most recent call last):
  File ""app/handlers/dispatch.py"", line 142, in process
  ServiceError: Ephemeral disk volume full due to unrotated application logs"
LOG-INC-8829-2,INC-8829,2026-09-04T17:06:27Z,INFO,[search-indexer] Execution exception during request dispatch: Ephemeral disk volume full due to unrotated application logs,"Traceback (most recent call last):
  File ""app/handlers/dispatch.py"", line 142, in process
  ServiceError: Ephemeral disk volume full due to unrotated application logs"
LOG-INC-8830-1,INC-8830,2026-09-22T21:12:02Z,ERROR,[checkout-service] Execution exception during request dispatch: Network packet loss on Kubernetes overlay CNI bridge,"Traceback (most recent call last):
  File ""app/handlers/dispatch.py"", line 142, in process
  ServiceError: Network packet loss on Kubernetes overlay CNI bridge"
LOG-INC-8830-2,INC-8830,2026-09-22T21:11:42Z,ERROR,[checkout-service] Execution exception during request dispatch: Network packet loss on Kubernetes overlay CNI bridge,"Traceback (most recent call last):
  File ""app/handlers/dispatch.py"", line 142, in process
  ServiceError: Network packet loss on Kubernetes overlay CNI bridge"
LOG-INC-8830-3,INC-8830,2026-09-22T21:12:54Z,WARN,[checkout-service] Execution exception during request dispatch: Network packet loss on Kubernetes overlay CNI bridge,"Traceback (most recent call last):
  File ""app/handlers/dispatch.py"", line 142, in process
  ServiceError: Network packet loss on Kubernetes overlay CNI bridge"
LOG-INC-8831-1,INC-8831,2026-08-29T05:32:45Z,INFO,[order-processing] Execution exception during request dispatch: Slow query cascade triggering client connection timeout,"Traceback (most recent call last):
  File ""app/handlers/dispatch.py"", line 142, in process
  ServiceError: Slow query cascade triggering client connection timeout"
LOG-INC-8831-2,INC-8831,2026-08-29T05:31:27Z,WARN,[order-processing] Execution exception during request dispatch: Slow query cascade triggering client connection timeout,"Traceback (most recent call last):
  File ""app/handlers/dispatch.py"", line 142, in process
  ServiceError: Slow query cascade triggering client connection timeout"
LOG-INC-8831-3,INC-8831,2026-08-29T05:32:15Z,WARN,[order-processing] Execution exception during request dispatch: Slow query cascade triggering client connection timeout,"Traceback (most recent call last):
  File ""app/handlers/dispatch.py"", line 142, in process
  ServiceError: Slow query cascade triggering client connection timeout"
LOG-INC-8831-4,INC-8831,2026-08-29T05:31:59Z,ERROR,[order-processing] Execution exception during request dispatch: Slow query cascade triggering client connection timeout,"Traceback (most recent call last):
  File ""app/handlers/dispatch.py"", line 142, in process
  ServiceError: Slow query cascade triggering client connection timeout"
LOG-INC-8832-1,INC-8832,2026-08-24T13:49:28Z,ERROR,[auth-service] Execution exception during request dispatch: Slow query cascade triggering client connection timeout,"Traceback (most recent call last):
  File ""app/handlers/dispatch.py"", line 142, in process
  ServiceError: Slow query cascade triggering client connection timeout"
LOG-INC-8832-2,INC-8832,2026-08-24T13:50:45Z,ERROR,[auth-service] Execution exception during request dispatch: Slow query cascade triggering client connection timeout,"Traceback (most recent call last):
  File ""app/handlers/dispatch.py"", line 142, in process
  ServiceError: Slow query cascade triggering client connection timeout"
LOG-INC-8832-3,INC-8832,2026-08-24T13:49:46Z,ERROR,[auth-service] Execution exception during request dispatch: Slow query cascade triggering client connection timeout,"Traceback (most recent call last):
  File ""app/handlers/dispatch.py"", line 142, in process
  ServiceError: Slow query cascade triggering client connection timeout"
LOG-INC-8832-4,INC-8832,2026-08-24T13:50:43Z,WARN,[auth-service] Execution exception during request dispatch: Slow query cascade triggering client connection timeout,"Traceback (most recent call last):
  File ""app/handlers/dispatch.py"", line 142, in process
  ServiceError: Slow query cascade triggering client connection timeout"
LOG-INC-8833-1,INC-8833,2026-09-15T11:32:18Z,WARN,[payment-gateway] Execution exception during request dispatch: Connection pool saturation under sustained transaction load,"Traceback (most recent call last):
  File ""app/handlers/dispatch.py"", line 142, in process
  ServiceError: Connection pool saturation under sustained transaction load"
LOG-INC-8833-2,INC-8833,2026-09-15T11:32:04Z,ERROR,[payment-gateway] Execution exception during request dispatch: Connection pool saturation under sustained transaction load,"Traceback (most recent call last):
  File ""app/handlers/dispatch.py"", line 142, in process
  ServiceError: Connection pool saturation under sustained transaction load"
LOG-INC-8833-3,INC-8833,2026-09-15T11:32:03Z,ERROR,[payment-gateway] Execution exception during request dispatch: Connection pool saturation under sustained transaction load,"Traceback (most recent call last):
  File ""app/handlers/dispatch.py"", line 142, in process
  ServiceError: Connection pool saturation under sustained transaction load"
LOG-INC-8834-1,INC-8834,2026-09-01T10:41:58Z,INFO,[search-indexer] Execution exception during request dispatch: Garbage collection pause duration exceeding 1500ms,"Traceback (most recent call last):
  File ""app/handlers/dispatch.py"", line 142, in process
  ServiceError: Garbage collection pause duration exceeding 1500ms"
LOG-INC-8834-2,INC-8834,2026-09-01T10:41:04Z,INFO,[search-indexer] Execution exception during request dispatch: Garbage collection pause duration exceeding 1500ms,"Traceback (most recent call last):
  File ""app/handlers/dispatch.py"", line 142, in process
  ServiceError: Garbage collection pause duration exceeding 1500ms"
LOG-INC-8834-3,INC-8834,2026-09-01T10:41:11Z,WARN,[search-indexer] Execution exception during request dispatch: Garbage collection pause duration exceeding 1500ms,"Traceback (most recent call last):
  File ""app/handlers/dispatch.py"", line 142, in process
  ServiceError: Garbage collection pause duration exceeding 1500ms"
LOG-INC-8835-1,INC-8835,2026-08-19T04:10:00Z,WARN,[notification-worker] Execution exception during request dispatch: Config flag default inversion causing request rejections,"Traceback (most recent call last):
  File ""app/handlers/dispatch.py"", line 142, in process
  ServiceError: Config flag default inversion causing request rejections"
LOG-INC-8835-2,INC-8835,2026-08-19T04:08:53Z,WARN,[notification-worker] Execution exception during request dispatch: Config flag default inversion causing request rejections,"Traceback (most recent call last):
  File ""app/handlers/dispatch.py"", line 142, in process
  ServiceError: Config flag default inversion causing request rejections"
LOG-INC-8835-3,INC-8835,2026-08-19T04:08:43Z,WARN,[notification-worker] Execution exception during request dispatch: Config flag default inversion causing request rejections,"Traceback (most recent call last):
  File ""app/handlers/dispatch.py"", line 142, in process
  ServiceError: Config flag default inversion causing request rejections"
LOG-INC-8835-4,INC-8835,2026-08-19T04:08:08Z,WARN,[notification-worker] Execution exception during request dispatch: Config flag default inversion causing request rejections,"Traceback (most recent call last):
  File ""app/handlers/dispatch.py"", line 142, in process
  ServiceError: Config flag default inversion causing request rejections"
LOG-INC-8836-1,INC-8836,2026-09-25T17:52:37Z,WARN,[checkout-service] Execution exception during request dispatch: Flash sale burst traffic causing ingress queue build-up,"Traceback (most recent call last):
  File ""app/handlers/dispatch.py"", line 142, in process
  ServiceError: Flash sale burst traffic causing ingress queue build-up"
LOG-INC-8836-2,INC-8836,2026-09-25T17:52:56Z,WARN,[checkout-service] Execution exception during request dispatch: Flash sale burst traffic causing ingress queue build-up,"Traceback (most recent call last):
  File ""app/handlers/dispatch.py"", line 142, in process
  ServiceError: Flash sale burst traffic causing ingress queue build-up"
LOG-INC-8836-3,INC-8836,2026-09-25T17:53:36Z,WARN,[checkout-service] Execution exception during request dispatch: Flash sale burst traffic causing ingress queue build-up,"Traceback (most recent call last):
  File ""app/handlers/dispatch.py"", line 142, in process
  ServiceError: Flash sale burst traffic causing ingress queue build-up"
LOG-INC-8837-1,INC-8837,2026-09-22T22:27:50Z,INFO,[auth-service] Execution exception during request dispatch: Dependency version mismatch in gRPC protobuf schema,"Traceback (most recent call last):
  File ""app/handlers/dispatch.py"", line 142, in process
  ServiceError: Dependency version mismatch in gRPC protobuf schema"
LOG-INC-8837-2,INC-8837,2026-09-22T22:27:15Z,WARN,[auth-service] Execution exception during request dispatch: Dependency version mismatch in gRPC protobuf schema,"Traceback (most recent call last):
  File ""app/handlers/dispatch.py"", line 142, in process
  ServiceError: Dependency version mismatch in gRPC protobuf schema"
LOG-INC-8837-3,INC-8837,2026-09-22T22:26:10Z,WARN,[auth-service] Execution exception during request dispatch: Dependency version mismatch in gRPC protobuf schema,"Traceback (most recent call last):
  File ""app/handlers/dispatch.py"", line 142, in process
  ServiceError: Dependency version mismatch in gRPC protobuf schema"
LOG-INC-8838-1,INC-8838,2026-09-14T05:16:32Z,ERROR,[inventory-api] Execution exception during request dispatch: Connection pool saturation under sustained transaction load,"Traceback (most recent call last):
  File ""app/handlers/dispatch.py"", line 142, in process
  ServiceError: Connection pool saturation under sustained transaction load"
LOG-INC-8838-2,INC-8838,2026-09-14T05:17:25Z,ERROR,[inventory-api] Execution exception during request dispatch: Connection pool saturation under sustained transaction load,"Traceback (most recent call last):
  File ""app/handlers/dispatch.py"", line 142, in process
  ServiceError: Connection pool saturation under sustained transaction load"
LOG-INC-8838-3,INC-8838,2026-09-14T05:17:11Z,ERROR,[inventory-api] Execution exception during request dispatch: Connection pool saturation under sustained transaction load,"Traceback (most recent call last):
  File ""app/handlers/dispatch.py"", line 142, in process
  ServiceError: Connection pool saturation under sustained transaction load"
LOG-INC-8838-4,INC-8838,2026-09-14T05:16:52Z,ERROR,[inventory-api] Execution exception during request dispatch: Connection pool saturation under sustained transaction load,"Traceback (most recent call last):
  File ""app/handlers/dispatch.py"", line 142, in process
  ServiceError: Connection pool saturation under sustained transaction load"
LOG-INC-8839-1,INC-8839,2026-08-22T23:17:09Z,INFO,[user-profile] Execution exception during request dispatch: Database migration lock timeout during schema rollout,"Traceback (most recent call last):
  File ""app/handlers/dispatch.py"", line 142, in process
  ServiceError: Database migration lock timeout during schema rollout"
LOG-INC-8839-2,INC-8839,2026-08-22T23:18:44Z,INFO,[user-profile] Execution exception during request dispatch: Database migration lock timeout during schema rollout,"Traceback (most recent call last):
  File ""app/handlers/dispatch.py"", line 142, in process
  ServiceError: Database migration lock timeout during schema rollout"
LOG-INC-8839-3,INC-8839,2026-08-22T23:18:38Z,INFO,[user-profile] Execution exception during request dispatch: Database migration lock timeout during schema rollout,"Traceback (most recent call last):
  File ""app/handlers/dispatch.py"", line 142, in process
  ServiceError: Database migration lock timeout during schema rollout"
LOG-INC-8839-4,INC-8839,2026-08-22T23:18:17Z,INFO,[user-profile] Execution exception during request dispatch: Database migration lock timeout during schema rollout,"Traceback (most recent call last):
  File ""app/handlers/dispatch.py"", line 142, in process
  ServiceError: Database migration lock timeout during schema rollout"
LOG-INC-8840-1,INC-8840,2026-08-28T13:58:42Z,ERROR,[search-indexer] Execution exception during request dispatch: TLS certificate handshake timeout on third-party webhook,"Traceback (most recent call last):
  File ""app/handlers/dispatch.py"", line 142, in process
  ServiceError: TLS certificate handshake timeout on third-party webhook"
LOG-INC-8840-2,INC-8840,2026-08-28T13:57:16Z,INFO,[search-indexer] Execution exception during request dispatch: TLS certificate handshake timeout on third-party webhook,"Traceback (most recent call last):
  File ""app/handlers/dispatch.py"", line 142, in process
  ServiceError: TLS certificate handshake timeout on third-party webhook"
LOG-INC-8841-1,INC-8841,2026-09-19T14:07:37Z,ERROR,[checkout-service] Execution exception during request dispatch: Flash sale burst traffic causing ingress queue build-up,"Traceback (most recent call last):
  File ""app/handlers/dispatch.py"", line 142, in process
  ServiceError: Flash sale burst traffic causing ingress queue build-up"
LOG-INC-8841-2,INC-8841,2026-09-19T14:07:05Z,ERROR,[checkout-service] Execution exception during request dispatch: Flash sale burst traffic causing ingress queue build-up,"Traceback (most recent call last):
  File ""app/handlers/dispatch.py"", line 142, in process
  ServiceError: Flash sale burst traffic causing ingress queue build-up"
LOG-INC-8841-3,INC-8841,2026-09-19T14:07:25Z,ERROR,[checkout-service] Execution exception during request dispatch: Flash sale burst traffic causing ingress queue build-up,"Traceback (most recent call last):
  File ""app/handlers/dispatch.py"", line 142, in process
  ServiceError: Flash sale burst traffic causing ingress queue build-up"
LOG-INC-8841-4,INC-8841,2026-09-19T14:07:38Z,INFO,[checkout-service] Execution exception during request dispatch: Flash sale burst traffic causing ingress queue build-up,"Traceback (most recent call last):
  File ""app/handlers/dispatch.py"", line 142, in process
  ServiceError: Flash sale burst traffic causing ingress queue build-up"
LOG-INC-8842-1,INC-8842,2026-08-12T21:56:38Z,INFO,[auth-service] Execution exception during request dispatch: Race condition in concurrent token refresh logic,"Traceback (most recent call last):
  File ""app/handlers/dispatch.py"", line 142, in process
  ServiceError: Race condition in concurrent token refresh logic"
LOG-INC-8842-2,INC-8842,2026-08-12T21:57:16Z,INFO,[auth-service] Execution exception during request dispatch: Race condition in concurrent token refresh logic,"Traceback (most recent call last):
  File ""app/handlers/dispatch.py"", line 142, in process
  ServiceError: Race condition in concurrent token refresh logic"
LOG-INC-8842-3,INC-8842,2026-08-12T21:57:58Z,INFO,[auth-service] Execution exception during request dispatch: Race condition in concurrent token refresh logic,"Traceback (most recent call last):
  File ""app/handlers/dispatch.py"", line 142, in process
  ServiceError: Race condition in concurrent token refresh logic"
LOG-INC-8843-1,INC-8843,2026-09-13T19:03:33Z,ERROR,[user-profile] Execution exception during request dispatch: Network packet loss on Kubernetes overlay CNI bridge,"Traceback (most recent call last):
  File ""app/handlers/dispatch.py"", line 142, in process
  ServiceError: Network packet loss on Kubernetes overlay CNI bridge"
LOG-INC-8843-2,INC-8843,2026-09-13T19:04:00Z,WARN,[user-profile] Execution exception during request dispatch: Network packet loss on Kubernetes overlay CNI bridge,"Traceback (most recent call last):
  File ""app/handlers/dispatch.py"", line 142, in process
  ServiceError: Network packet loss on Kubernetes overlay CNI bridge"
LOG-INC-8844-1,INC-8844,2026-08-17T09:47:00Z,ERROR,[inventory-api] Execution exception during request dispatch: Slow query cascade triggering client connection timeout,"Traceback (most recent call last):
  File ""app/handlers/dispatch.py"", line 142, in process
  ServiceError: Slow query cascade triggering client connection timeout"
LOG-INC-8844-2,INC-8844,2026-08-17T09:45:17Z,INFO,[inventory-api] Execution exception during request dispatch: Slow query cascade triggering client connection timeout,"Traceback (most recent call last):
  File ""app/handlers/dispatch.py"", line 142, in process
  ServiceError: Slow query cascade triggering client connection timeout"
LOG-INC-8844-3,INC-8844,2026-08-17T09:46:14Z,INFO,[inventory-api] Execution exception during request dispatch: Slow query cascade triggering client connection timeout,"Traceback (most recent call last):
  File ""app/handlers/dispatch.py"", line 142, in process
  ServiceError: Slow query cascade triggering client connection timeout"
LOG-INC-8845-1,INC-8845,2026-08-15T05:42:58Z,ERROR,[search-indexer] Execution exception during request dispatch: Ephemeral disk volume full due to unrotated application logs,"Traceback (most recent call last):
  File ""app/handlers/dispatch.py"", line 142, in process
  ServiceError: Ephemeral disk volume full due to unrotated application logs"
LOG-INC-8845-2,INC-8845,2026-08-15T05:42:00Z,WARN,[search-indexer] Execution exception during request dispatch: Ephemeral disk volume full due to unrotated application logs,"Traceback (most recent call last):
  File ""app/handlers/dispatch.py"", line 142, in process
  ServiceError: Ephemeral disk volume full due to unrotated application logs"
LOG-INC-8845-3,INC-8845,2026-08-15T05:42:49Z,WARN,[search-indexer] Execution exception during request dispatch: Ephemeral disk volume full due to unrotated application logs,"Traceback (most recent call last):
  File ""app/handlers/dispatch.py"", line 142, in process
  ServiceError: Ephemeral disk volume full due to unrotated application logs"
LOG-INC-8846-1,INC-8846,2026-09-08T10:52:00Z,ERROR,[auth-service] Execution exception during request dispatch: Corrupted response payload format failing client validation,"Traceback (most recent call last):
  File ""app/handlers/dispatch.py"", line 142, in process
  ServiceError: Corrupted response payload format failing client validation"
LOG-INC-8846-2,INC-8846,2026-09-08T10:51:41Z,ERROR,[auth-service] Execution exception during request dispatch: Corrupted response payload format failing client validation,"Traceback (most recent call last):
  File ""app/handlers/dispatch.py"", line 142, in process
  ServiceError: Corrupted response payload format failing client validation"
LOG-INC-8846-3,INC-8846,2026-09-08T10:52:23Z,ERROR,[auth-service] Execution exception during request dispatch: Corrupted response payload format failing client validation,"Traceback (most recent call last):
  File ""app/handlers/dispatch.py"", line 142, in process
  ServiceError: Corrupted response payload format failing client validation"
LOG-INC-8847-1,INC-8847,2026-09-26T02:30:08Z,ERROR,[user-profile] Execution exception during request dispatch: Null pointer exception in payload serialization post-release,"Traceback (most recent call last):
  File ""app/handlers/dispatch.py"", line 142, in process
  ServiceError: Null pointer exception in payload serialization post-release"
LOG-INC-8847-2,INC-8847,2026-09-26T02:30:46Z,INFO,[user-profile] Execution exception during request dispatch: Null pointer exception in payload serialization post-release,"Traceback (most recent call last):
  File ""app/handlers/dispatch.py"", line 142, in process
  ServiceError: Null pointer exception in payload serialization post-release"
LOG-INC-8847-3,INC-8847,2026-09-26T02:30:27Z,ERROR,[user-profile] Execution exception during request dispatch: Null pointer exception in payload serialization post-release,"Traceback (most recent call last):
  File ""app/handlers/dispatch.py"", line 142, in process
  ServiceError: Null pointer exception in payload serialization post-release"
LOG-INC-8848-1,INC-8848,2026-09-22T12:10:47Z,ERROR,[user-profile] Execution exception during request dispatch: Inter-region transit latency degradation exceeding SLA,"Traceback (most recent call last):
  File ""app/handlers/dispatch.py"", line 142, in process
  ServiceError: Inter-region transit latency degradation exceeding SLA"
LOG-INC-8848-2,INC-8848,2026-09-22T12:10:09Z,INFO,[user-profile] Execution exception during request dispatch: Inter-region transit latency degradation exceeding SLA,"Traceback (most recent call last):
  File ""app/handlers/dispatch.py"", line 142, in process
  ServiceError: Inter-region transit latency degradation exceeding SLA"
LOG-INC-8848-3,INC-8848,2026-09-22T12:10:15Z,ERROR,[user-profile] Execution exception during request dispatch: Inter-region transit latency degradation exceeding SLA,"Traceback (most recent call last):
  File ""app/handlers/dispatch.py"", line 142, in process
  ServiceError: Inter-region transit latency degradation exceeding SLA"
LOG-INC-8849-1,INC-8849,2026-08-28T04:55:17Z,WARN,[auth-service] Execution exception during request dispatch: High CPU throttling on Kubernetes node worker pool,"Traceback (most recent call last):
  File ""app/handlers/dispatch.py"", line 142, in process
  ServiceError: High CPU throttling on Kubernetes node worker pool"
LOG-INC-8849-2,INC-8849,2026-08-28T04:56:22Z,ERROR,[auth-service] Execution exception during request dispatch: High CPU throttling on Kubernetes node worker pool,"Traceback (most recent call last):
  File ""app/handlers/dispatch.py"", line 142, in process
  ServiceError: High CPU throttling on Kubernetes node worker pool"
LOG-INC-8849-3,INC-8849,2026-08-28T04:56:33Z,WARN,[auth-service] Execution exception during request dispatch: High CPU throttling on Kubernetes node worker pool,"Traceback (most recent call last):
  File ""app/handlers/dispatch.py"", line 142, in process
  ServiceError: High CPU throttling on Kubernetes node worker pool"
LOG-INC-8849-4,INC-8849,2026-08-28T04:55:09Z,WARN,[auth-service] Execution exception during request dispatch: High CPU throttling on Kubernetes node worker pool,"Traceback (most recent call last):
  File ""app/handlers/dispatch.py"", line 142, in process
  ServiceError: High CPU throttling on Kubernetes node worker pool"
