id,incident_id,created_at,customer_tier,subject,sentiment
TCK-INC-8002-1,INC-8002,2026-09-17T00:55:00Z,Enterprise,Failures encountered on payment-gateway: DNS resolution timeouts between VPC private subnets,NEUTRAL
TCK-INC-8005-1,INC-8005,2026-09-25T07:33:00Z,Enterprise,Failures encountered on notification-worker: Sudden traffic surge exceeding rate limiter bucket capacity,NEUTRAL
TCK-INC-8005-2,INC-8005,2026-09-25T07:47:00Z,Free,Failures encountered on notification-worker: Sudden traffic surge exceeding rate limiter bucket capacity,NEUTRAL
TCK-INC-8005-3,INC-8005,2026-09-25T07:52:00Z,Business,Failures encountered on notification-worker: Sudden traffic surge exceeding rate limiter bucket capacity,NEUTRAL
TCK-INC-8006-1,INC-8006,2026-09-07T22:03:00Z,Enterprise,Failures encountered on search-indexer: Unhandled arithmetic overflow in currency conversion,NEUTRAL
TCK-INC-8006-2,INC-8006,2026-09-07T22:00:00Z,Enterprise,Failures encountered on search-indexer: Unhandled arithmetic overflow in currency conversion,NEUTRAL
TCK-INC-8007-1,INC-8007,2026-09-10T00:42:00Z,Business,Failures encountered on search-indexer: Database migration lock timeout during schema rollout,NEGATIVE
TCK-INC-8007-2,INC-8007,2026-09-10T00:52:00Z,Free,Failures encountered on search-indexer: Database migration lock timeout during schema rollout,NEGATIVE
TCK-INC-8007-3,INC-8007,2026-09-10T00:53:00Z,Enterprise,Failures encountered on search-indexer: Database migration lock timeout during schema rollout,NEGATIVE
TCK-INC-8008-1,INC-8008,2026-08-19T05:01:00Z,Free,Failures encountered on order-processing: File descriptor limit reached on upstream reverse proxy,NEGATIVE
TCK-INC-8008-2,INC-8008,2026-08-19T04:53:00Z,Business,Failures encountered on order-processing: File descriptor limit reached on upstream reverse proxy,NEGATIVE
TCK-INC-8009-1,INC-8009,2026-09-03T08:55:00Z,Business,Failures encountered on notification-worker: Recursive call in JSON parsing leading to stack exhaustion,NEUTRAL
TCK-INC-8009-2,INC-8009,2026-09-03T08:39:00Z,Business,Failures encountered on notification-worker: Recursive call in JSON parsing leading to stack exhaustion,NEUTRAL
TCK-INC-8010-1,INC-8010,2026-09-11T08:54:00Z,Enterprise,Failures encountered on notification-worker: Memory leak in unclosed HTTP response stream handler,NEGATIVE
TCK-INC-8011-1,INC-8011,2026-09-24T19:25:00Z,Business,Failures encountered on search-indexer: TCP socket connection reset by peer on egress gateway,NEUTRAL
TCK-INC-8011-2,INC-8011,2026-09-24T19:41:00Z,Enterprise,Failures encountered on search-indexer: TCP socket connection reset by peer on egress gateway,NEUTRAL
TCK-INC-8011-3,INC-8011,2026-09-24T19:23:00Z,Business,Failures encountered on search-indexer: TCP socket connection reset by peer on egress gateway,NEUTRAL
TCK-INC-8012-1,INC-8012,2026-08-22T22:21:00Z,Business,Failures encountered on search-indexer: File descriptor limit reached on upstream reverse proxy,NEUTRAL
TCK-INC-8012-2,INC-8012,2026-08-22T22:22:00Z,Free,Failures encountered on search-indexer: File descriptor limit reached on upstream reverse proxy,NEUTRAL
TCK-INC-8012-3,INC-8012,2026-08-22T22:41:00Z,Enterprise,Failures encountered on search-indexer: File descriptor limit reached on upstream reverse proxy,NEUTRAL
TCK-INC-8014-1,INC-8014,2026-08-27T03:36:00Z,Free,Failures encountered on checkout-service: Inter-region transit latency degradation exceeding SLA,NEUTRAL
TCK-INC-8014-2,INC-8014,2026-08-27T03:34:00Z,Free,Failures encountered on checkout-service: Inter-region transit latency degradation exceeding SLA,NEUTRAL
TCK-INC-8015-1,INC-8015,2026-09-10T04:06:00Z,Enterprise,Failures encountered on notification-worker: Redis cluster shard memory limit eviction cascade,NEGATIVE
TCK-INC-8015-2,INC-8015,2026-09-10T04:02:00Z,Free,Failures encountered on notification-worker: Redis cluster shard memory limit eviction cascade,NEGATIVE
TCK-INC-8015-3,INC-8015,2026-09-10T03:58:00Z,Business,Failures encountered on notification-worker: Redis cluster shard memory limit eviction cascade,NEGATIVE
TCK-INC-8016-1,INC-8016,2026-08-22T13:32:00Z,Business,Failures encountered on user-profile: Slow query cascade triggering client connection timeout,NEUTRAL
TCK-INC-8016-2,INC-8016,2026-08-22T13:45:00Z,Enterprise,Failures encountered on user-profile: Slow query cascade triggering client connection timeout,NEUTRAL
TCK-INC-8016-3,INC-8016,2026-08-22T13:49:00Z,Business,Failures encountered on user-profile: Slow query cascade triggering client connection timeout,NEUTRAL
TCK-INC-8018-1,INC-8018,2026-08-13T12:15:00Z,Free,Failures encountered on user-profile: Unhandled arithmetic overflow in currency conversion,NEGATIVE
TCK-INC-8019-1,INC-8019,2026-09-15T20:46:00Z,Business,Failures encountered on inventory-api: Inter-region transit latency degradation exceeding SLA,NEUTRAL
TCK-INC-8019-2,INC-8019,2026-09-15T20:44:00Z,Business,Failures encountered on inventory-api: Inter-region transit latency degradation exceeding SLA,NEUTRAL
TCK-INC-8020-1,INC-8020,2026-09-05T20:41:00Z,Enterprise,Failures encountered on inventory-api: Null pointer exception in payload serialization post-release,NEGATIVE
TCK-INC-8020-2,INC-8020,2026-09-05T20:31:00Z,Free,Failures encountered on inventory-api: Null pointer exception in payload serialization post-release,NEGATIVE
TCK-INC-8020-3,INC-8020,2026-09-05T20:21:00Z,Business,Failures encountered on inventory-api: Null pointer exception in payload serialization post-release,NEGATIVE
TCK-INC-8021-1,INC-8021,2026-09-21T23:19:00Z,Business,Failures encountered on user-profile: Recursive call in JSON parsing leading to stack exhaustion,NEUTRAL
TCK-INC-8022-1,INC-8022,2026-09-17T03:47:00Z,Enterprise,Failures encountered on payment-gateway: High CPU throttling on Kubernetes node worker pool,NEUTRAL
TCK-INC-8024-1,INC-8024,2026-09-03T03:21:00Z,Business,Failures encountered on auth-service: Corrupted response payload format failing client validation,NEGATIVE
TCK-INC-8024-2,INC-8024,2026-09-03T03:32:00Z,Enterprise,Failures encountered on auth-service: Corrupted response payload format failing client validation,NEGATIVE
TCK-INC-8024-3,INC-8024,2026-09-03T03:13:00Z,Business,Failures encountered on auth-service: Corrupted response payload format failing client validation,NEGATIVE
TCK-INC-8025-1,INC-8025,2026-09-11T20:15:00Z,Free,Failures encountered on notification-worker: Unhandled arithmetic overflow in currency conversion,NEGATIVE
TCK-INC-8025-2,INC-8025,2026-09-11T20:08:00Z,Business,Failures encountered on notification-worker: Unhandled arithmetic overflow in currency conversion,NEGATIVE
TCK-INC-8025-3,INC-8025,2026-09-11T20:17:00Z,Free,Failures encountered on notification-worker: Unhandled arithmetic overflow in currency conversion,NEGATIVE
TCK-INC-8026-1,INC-8026,2026-08-17T01:59:00Z,Business,Failures encountered on auth-service: Database migration lock timeout during schema rollout,NEGATIVE
TCK-INC-8026-2,INC-8026,2026-08-17T02:07:00Z,Business,Failures encountered on auth-service: Database migration lock timeout during schema rollout,NEGATIVE
TCK-INC-8028-1,INC-8028,2026-08-30T04:14:00Z,Enterprise,Failures encountered on search-indexer: DNS resolution timeouts between VPC private subnets,NEGATIVE
TCK-INC-8028-2,INC-8028,2026-08-30T04:02:00Z,Business,Failures encountered on search-indexer: DNS resolution timeouts between VPC private subnets,NEGATIVE
TCK-INC-8028-3,INC-8028,2026-08-30T04:16:00Z,Business,Failures encountered on search-indexer: DNS resolution timeouts between VPC private subnets,NEGATIVE
TCK-INC-8029-1,INC-8029,2026-08-15T05:04:00Z,Enterprise,Failures encountered on order-processing: Spike in unauthenticated request probe flood,NEGATIVE
TCK-INC-8031-1,INC-8031,2026-09-14T01:41:00Z,Free,Failures encountered on notification-worker: Memory leak in unclosed HTTP response stream handler,NEUTRAL
TCK-INC-8031-2,INC-8031,2026-09-14T01:34:00Z,Enterprise,Failures encountered on notification-worker: Memory leak in unclosed HTTP response stream handler,NEUTRAL
TCK-INC-8032-1,INC-8032,2026-09-03T20:47:00Z,Free,Failures encountered on order-processing: Unindexed query scan causing read replica CPU spike,NEUTRAL
TCK-INC-8033-1,INC-8033,2026-09-05T13:46:00Z,Enterprise,Failures encountered on user-profile: DNS resolution timeouts between VPC private subnets,NEUTRAL
TCK-INC-8033-2,INC-8033,2026-09-05T13:49:00Z,Enterprise,Failures encountered on user-profile: DNS resolution timeouts between VPC private subnets,NEUTRAL
TCK-INC-8034-1,INC-8034,2026-09-08T06:26:00Z,Free,Failures encountered on notification-worker: Pod memory limit hit triggering repeated OOMKilled events,NEGATIVE
TCK-INC-8035-1,INC-8035,2026-09-19T19:55:00Z,Free,Failures encountered on user-profile: TCP socket connection reset by peer on egress gateway,NEUTRAL
TCK-INC-8036-1,INC-8036,2026-09-12T02:47:00Z,Enterprise,Failures encountered on notification-worker: Spike in unauthenticated request probe flood,NEUTRAL
TCK-INC-8036-2,INC-8036,2026-09-12T02:40:00Z,Free,Failures encountered on notification-worker: Spike in unauthenticated request probe flood,NEUTRAL
TCK-INC-8037-1,INC-8037,2026-08-18T13:53:00Z,Free,Failures encountered on notification-worker: Ephemeral disk volume full due to unrotated application logs,NEUTRAL
TCK-INC-8037-2,INC-8037,2026-08-18T13:41:00Z,Business,Failures encountered on notification-worker: Ephemeral disk volume full due to unrotated application logs,NEUTRAL
TCK-INC-8038-1,INC-8038,2026-08-19T09:16:00Z,Free,Failures encountered on checkout-service: Unhandled arithmetic overflow in currency conversion,NEGATIVE
TCK-INC-8039-1,INC-8039,2026-08-21T13:53:00Z,Free,Failures encountered on checkout-service: Garbage collection pause duration exceeding 1500ms,NEUTRAL
TCK-INC-8039-2,INC-8039,2026-08-21T14:06:00Z,Free,Failures encountered on checkout-service: Garbage collection pause duration exceeding 1500ms,NEUTRAL
TCK-INC-8040-1,INC-8040,2026-09-22T15:36:00Z,Free,Failures encountered on checkout-service: Garbage collection pause duration exceeding 1500ms,NEGATIVE
TCK-INC-8041-1,INC-8041,2026-09-09T23:48:00Z,Enterprise,Failures encountered on auth-service: Memory leak in unclosed HTTP response stream handler,NEUTRAL
TCK-INC-8042-1,INC-8042,2026-08-25T23:22:00Z,Free,Failures encountered on payment-gateway: Flash sale burst traffic causing ingress queue build-up,NEUTRAL
TCK-INC-8042-2,INC-8042,2026-08-25T23:08:00Z,Business,Failures encountered on payment-gateway: Flash sale burst traffic causing ingress queue build-up,NEUTRAL
TCK-INC-8044-1,INC-8044,2026-08-17T17:04:00Z,Business,Failures encountered on search-indexer: Slow query cascade triggering client connection timeout,NEGATIVE
TCK-INC-8044-2,INC-8044,2026-08-17T17:03:00Z,Enterprise,Failures encountered on search-indexer: Slow query cascade triggering client connection timeout,NEGATIVE
TCK-INC-8044-3,INC-8044,2026-08-17T17:09:00Z,Business,Failures encountered on search-indexer: Slow query cascade triggering client connection timeout,NEGATIVE
TCK-INC-8046-1,INC-8046,2026-08-25T19:34:00Z,Free,Failures encountered on user-profile: Connection pool saturation under sustained transaction load,NEGATIVE
TCK-INC-8047-1,INC-8047,2026-08-29T03:51:00Z,Free,Failures encountered on auth-service: Deadlock cycle in distributed checkout table lock,NEGATIVE
TCK-INC-8049-1,INC-8049,2026-08-27T14:15:00Z,Free,Failures encountered on search-indexer: Pod memory limit hit triggering repeated OOMKilled events,NEGATIVE
TCK-INC-8050-1,INC-8050,2026-09-23T14:58:00Z,Enterprise,Failures encountered on notification-worker: Recursive call in JSON parsing leading to stack exhaustion,NEGATIVE
TCK-INC-8051-1,INC-8051,2026-08-18T06:16:00Z,Enterprise,Failures encountered on notification-worker: TCP socket connection reset by peer on egress gateway,NEUTRAL
TCK-INC-8051-2,INC-8051,2026-08-18T06:21:00Z,Free,Failures encountered on notification-worker: TCP socket connection reset by peer on egress gateway,NEUTRAL
TCK-INC-8052-1,INC-8052,2026-08-30T01:55:00Z,Free,Failures encountered on inventory-api: TLS certificate handshake timeout on third-party webhook,NEGATIVE
TCK-INC-8054-1,INC-8054,2026-09-15T18:20:00Z,Enterprise,Failures encountered on checkout-service: Slow query cascade triggering client connection timeout,NEGATIVE
TCK-INC-8055-1,INC-8055,2026-09-15T03:26:00Z,Enterprise,Failures encountered on notification-worker: Flash sale burst traffic causing ingress queue build-up,NEGATIVE
TCK-INC-8055-2,INC-8055,2026-09-15T03:17:00Z,Business,Failures encountered on notification-worker: Flash sale burst traffic causing ingress queue build-up,NEGATIVE
TCK-INC-8056-1,INC-8056,2026-08-18T16:27:00Z,Free,Failures encountered on inventory-api: Recursive call in JSON parsing leading to stack exhaustion,NEUTRAL
TCK-INC-8056-2,INC-8056,2026-08-18T16:28:00Z,Free,Failures encountered on inventory-api: Recursive call in JSON parsing leading to stack exhaustion,NEUTRAL
TCK-INC-8056-3,INC-8056,2026-08-18T16:19:00Z,Free,Failures encountered on inventory-api: Recursive call in JSON parsing leading to stack exhaustion,NEUTRAL
TCK-INC-8057-1,INC-8057,2026-09-03T08:17:00Z,Free,Failures encountered on checkout-service: TCP socket connection reset by peer on egress gateway,NEGATIVE
TCK-INC-8058-1,INC-8058,2026-08-24T18:56:00Z,Enterprise,Failures encountered on checkout-service: Null pointer exception in payload serialization post-release,NEUTRAL
TCK-INC-8058-2,INC-8058,2026-08-24T18:50:00Z,Business,Failures encountered on checkout-service: Null pointer exception in payload serialization post-release,NEUTRAL
TCK-INC-8059-1,INC-8059,2026-08-19T15:48:00Z,Business,Failures encountered on checkout-service: Redis cluster shard memory limit eviction cascade,NEGATIVE
TCK-INC-8059-2,INC-8059,2026-08-19T15:57:00Z,Business,Failures encountered on checkout-service: Redis cluster shard memory limit eviction cascade,NEGATIVE
TCK-INC-8059-3,INC-8059,2026-08-19T15:43:00Z,Business,Failures encountered on checkout-service: Redis cluster shard memory limit eviction cascade,NEGATIVE
TCK-INC-8060-1,INC-8060,2026-08-31T01:35:00Z,Free,Failures encountered on checkout-service: Spike in unauthenticated request probe flood,NEUTRAL
TCK-INC-8061-1,INC-8061,2026-09-04T12:32:00Z,Business,Failures encountered on search-indexer: Stale cache invalidation logic deployed in Canary,NEUTRAL
TCK-INC-8061-2,INC-8061,2026-09-04T12:23:00Z,Business,Failures encountered on search-indexer: Stale cache invalidation logic deployed in Canary,NEUTRAL
TCK-INC-8062-1,INC-8062,2026-09-11T23:15:00Z,Business,Failures encountered on user-profile: Garbage collection pause duration exceeding 1500ms,NEGATIVE
TCK-INC-8063-1,INC-8063,2026-09-05T06:00:00Z,Free,Failures encountered on checkout-service: Distributed crawler burst triggering endpoint 429 retries,NEGATIVE
TCK-INC-8064-1,INC-8064,2026-09-26T02:53:00Z,Business,Failures encountered on notification-worker: TLS certificate handshake timeout on third-party webhook,NEUTRAL
TCK-INC-8064-2,INC-8064,2026-09-26T02:53:00Z,Free,Failures encountered on notification-worker: TLS certificate handshake timeout on third-party webhook,NEUTRAL
TCK-INC-8065-1,INC-8065,2026-08-26T12:48:00Z,Enterprise,Failures encountered on inventory-api: Batch data import job executed during peak consumer hours,NEUTRAL
TCK-INC-8065-2,INC-8065,2026-08-26T12:43:00Z,Free,Failures encountered on inventory-api: Batch data import job executed during peak consumer hours,NEUTRAL
TCK-INC-8065-3,INC-8065,2026-08-26T12:53:00Z,Business,Failures encountered on inventory-api: Batch data import job executed during peak consumer hours,NEUTRAL
TCK-INC-8066-1,INC-8066,2026-09-20T03:23:00Z,Free,Failures encountered on user-profile: Batch data import job executed during peak consumer hours,NEGATIVE
TCK-INC-8066-2,INC-8066,2026-09-20T03:22:00Z,Free,Failures encountered on user-profile: Batch data import job executed during peak consumer hours,NEGATIVE
TCK-INC-8066-3,INC-8066,2026-09-20T03:25:00Z,Business,Failures encountered on user-profile: Batch data import job executed during peak consumer hours,NEGATIVE
TCK-INC-8067-1,INC-8067,2026-09-25T06:59:00Z,Enterprise,Failures encountered on auth-service: Distributed crawler burst triggering endpoint 429 retries,NEGATIVE
TCK-INC-8067-2,INC-8067,2026-09-25T07:04:00Z,Enterprise,Failures encountered on auth-service: Distributed crawler burst triggering endpoint 429 retries,NEGATIVE
TCK-INC-8067-3,INC-8067,2026-09-25T06:59:00Z,Business,Failures encountered on auth-service: Distributed crawler burst triggering endpoint 429 retries,NEGATIVE
TCK-INC-8069-1,INC-8069,2026-09-20T05:08:00Z,Free,Failures encountered on search-indexer: Batch data import job executed during peak consumer hours,NEUTRAL
TCK-INC-8069-2,INC-8069,2026-09-20T05:09:00Z,Free,Failures encountered on search-indexer: Batch data import job executed during peak consumer hours,NEUTRAL
TCK-INC-8069-3,INC-8069,2026-09-20T05:21:00Z,Free,Failures encountered on search-indexer: Batch data import job executed during peak consumer hours,NEUTRAL
TCK-INC-8071-1,INC-8071,2026-08-12T21:23:00Z,Business,Failures encountered on inventory-api: Network packet loss on Kubernetes overlay CNI bridge,NEUTRAL
TCK-INC-8075-1,INC-8075,2026-08-17T14:18:00Z,Business,Failures encountered on checkout-service: Stale cache invalidation logic deployed in Canary,NEGATIVE
TCK-INC-8075-2,INC-8075,2026-08-17T14:29:00Z,Free,Failures encountered on checkout-service: Stale cache invalidation logic deployed in Canary,NEGATIVE
TCK-INC-8076-1,INC-8076,2026-08-24T19:05:00Z,Business,Failures encountered on notification-worker: Dependency version mismatch in gRPC protobuf schema,NEUTRAL
TCK-INC-8076-2,INC-8076,2026-08-24T19:09:00Z,Business,Failures encountered on notification-worker: Dependency version mismatch in gRPC protobuf schema,NEUTRAL
TCK-INC-8076-3,INC-8076,2026-08-24T18:55:00Z,Business,Failures encountered on notification-worker: Dependency version mismatch in gRPC protobuf schema,NEUTRAL
TCK-INC-8077-1,INC-8077,2026-08-14T01:55:00Z,Free,Failures encountered on user-profile: Dependency version mismatch in gRPC protobuf schema,NEGATIVE
TCK-INC-8077-2,INC-8077,2026-08-14T01:51:00Z,Enterprise,Failures encountered on user-profile: Dependency version mismatch in gRPC protobuf schema,NEGATIVE
TCK-INC-8077-3,INC-8077,2026-08-14T02:05:00Z,Enterprise,Failures encountered on user-profile: Dependency version mismatch in gRPC protobuf schema,NEGATIVE
TCK-INC-8078-1,INC-8078,2026-09-16T10:45:00Z,Business,Failures encountered on inventory-api: Inter-region transit latency degradation exceeding SLA,NEUTRAL
TCK-INC-8078-2,INC-8078,2026-09-16T10:56:00Z,Free,Failures encountered on inventory-api: Inter-region transit latency degradation exceeding SLA,NEUTRAL
TCK-INC-8078-3,INC-8078,2026-09-16T10:49:00Z,Free,Failures encountered on inventory-api: Inter-region transit latency degradation exceeding SLA,NEUTRAL
TCK-INC-8079-1,INC-8079,2026-08-15T18:13:00Z,Free,Failures encountered on order-processing: Sudden traffic surge exceeding rate limiter bucket capacity,NEUTRAL
TCK-INC-8080-1,INC-8080,2026-09-06T05:26:00Z,Free,Failures encountered on notification-worker: Slow query cascade triggering client connection timeout,NEUTRAL
TCK-INC-8080-2,INC-8080,2026-09-06T05:21:00Z,Free,Failures encountered on notification-worker: Slow query cascade triggering client connection timeout,NEUTRAL
TCK-INC-8080-3,INC-8080,2026-09-06T05:12:00Z,Business,Failures encountered on notification-worker: Slow query cascade triggering client connection timeout,NEUTRAL
TCK-INC-8081-1,INC-8081,2026-08-14T23:22:00Z,Free,Failures encountered on order-processing: Stale cache invalidation logic deployed in Canary,NEUTRAL
TCK-INC-8081-2,INC-8081,2026-08-14T23:12:00Z,Business,Failures encountered on order-processing: Stale cache invalidation logic deployed in Canary,NEUTRAL
TCK-INC-8081-3,INC-8081,2026-08-14T23:11:00Z,Business,Failures encountered on order-processing: Stale cache invalidation logic deployed in Canary,NEUTRAL
TCK-INC-8082-1,INC-8082,2026-08-18T08:15:00Z,Enterprise,Failures encountered on auth-service: Network packet loss on Kubernetes overlay CNI bridge,NEUTRAL
TCK-INC-8082-2,INC-8082,2026-08-18T08:08:00Z,Business,Failures encountered on auth-service: Network packet loss on Kubernetes overlay CNI bridge,NEUTRAL
TCK-INC-8082-3,INC-8082,2026-08-18T08:22:00Z,Free,Failures encountered on auth-service: Network packet loss on Kubernetes overlay CNI bridge,NEUTRAL
TCK-INC-8083-1,INC-8083,2026-08-24T11:59:00Z,Enterprise,Failures encountered on search-indexer: Redis cluster shard memory limit eviction cascade,NEGATIVE
TCK-INC-8084-1,INC-8084,2026-09-24T11:44:00Z,Business,Failures encountered on notification-worker: DNS resolution timeouts between VPC private subnets,NEUTRAL
TCK-INC-8085-1,INC-8085,2026-08-17T14:46:00Z,Free,Failures encountered on user-profile: Inter-region transit latency degradation exceeding SLA,NEUTRAL
TCK-INC-8085-2,INC-8085,2026-08-17T15:02:00Z,Business,Failures encountered on user-profile: Inter-region transit latency degradation exceeding SLA,NEUTRAL
TCK-INC-8085-3,INC-8085,2026-08-17T14:58:00Z,Business,Failures encountered on user-profile: Inter-region transit latency degradation exceeding SLA,NEUTRAL
TCK-INC-8086-1,INC-8086,2026-09-02T00:31:00Z,Business,Failures encountered on search-indexer: Garbage collection pause duration exceeding 1500ms,NEGATIVE
TCK-INC-8087-1,INC-8087,2026-08-18T22:32:00Z,Enterprise,Failures encountered on search-indexer: Deadlock cycle in distributed checkout table lock,NEUTRAL
TCK-INC-8088-1,INC-8088,2026-08-13T17:14:00Z,Business,Failures encountered on order-processing: Ephemeral disk volume full due to unrotated application logs,NEUTRAL
TCK-INC-8089-1,INC-8089,2026-08-24T15:06:00Z,Enterprise,Failures encountered on user-profile: File descriptor limit reached on upstream reverse proxy,NEUTRAL
TCK-INC-8091-1,INC-8091,2026-08-15T18:22:00Z,Free,Failures encountered on user-profile: Network packet loss on Kubernetes overlay CNI bridge,NEUTRAL
TCK-INC-8091-2,INC-8091,2026-08-15T18:25:00Z,Enterprise,Failures encountered on user-profile: Network packet loss on Kubernetes overlay CNI bridge,NEUTRAL
TCK-INC-8092-1,INC-8092,2026-09-04T12:00:00Z,Free,Failures encountered on order-processing: Pod memory limit hit triggering repeated OOMKilled events,NEUTRAL
TCK-INC-8093-1,INC-8093,2026-08-16T02:21:00Z,Business,Failures encountered on payment-gateway: TLS certificate handshake timeout on third-party webhook,NEUTRAL
TCK-INC-8093-2,INC-8093,2026-08-16T02:16:00Z,Business,Failures encountered on payment-gateway: TLS certificate handshake timeout on third-party webhook,NEUTRAL
TCK-INC-8093-3,INC-8093,2026-08-16T02:17:00Z,Enterprise,Failures encountered on payment-gateway: TLS certificate handshake timeout on third-party webhook,NEUTRAL
TCK-INC-8094-1,INC-8094,2026-08-27T17:56:00Z,Free,Failures encountered on order-processing: Deadlock cycle in distributed checkout table lock,NEGATIVE
TCK-INC-8094-2,INC-8094,2026-08-27T17:59:00Z,Enterprise,Failures encountered on order-processing: Deadlock cycle in distributed checkout table lock,NEGATIVE
TCK-INC-8095-1,INC-8095,2026-08-18T10:42:00Z,Free,Failures encountered on notification-worker: Inter-region transit latency degradation exceeding SLA,NEGATIVE
TCK-INC-8097-1,INC-8097,2026-08-26T03:12:00Z,Free,Failures encountered on search-indexer: Distributed crawler burst triggering endpoint 429 retries,NEUTRAL
TCK-INC-8097-2,INC-8097,2026-08-26T03:12:00Z,Business,Failures encountered on search-indexer: Distributed crawler burst triggering endpoint 429 retries,NEUTRAL
TCK-INC-8098-1,INC-8098,2026-08-27T10:30:00Z,Enterprise,Failures encountered on notification-worker: File descriptor limit reached on upstream reverse proxy,NEUTRAL
TCK-INC-8098-2,INC-8098,2026-08-27T10:33:00Z,Business,Failures encountered on notification-worker: File descriptor limit reached on upstream reverse proxy,NEUTRAL
TCK-INC-8098-3,INC-8098,2026-08-27T10:20:00Z,Business,Failures encountered on notification-worker: File descriptor limit reached on upstream reverse proxy,NEUTRAL
TCK-INC-8099-1,INC-8099,2026-09-01T06:11:00Z,Free,Failures encountered on user-profile: Config flag default inversion causing request rejections,NEGATIVE
TCK-INC-8101-1,INC-8101,2026-08-14T12:39:00Z,Business,Failures encountered on inventory-api: Unhandled arithmetic overflow in currency conversion,NEUTRAL
TCK-INC-8102-1,INC-8102,2026-09-11T21:52:00Z,Business,Failures encountered on user-profile: Memory leak in unclosed HTTP response stream handler,NEUTRAL
TCK-INC-8102-2,INC-8102,2026-09-11T21:50:00Z,Enterprise,Failures encountered on user-profile: Memory leak in unclosed HTTP response stream handler,NEUTRAL
TCK-INC-8102-3,INC-8102,2026-09-11T21:42:00Z,Business,Failures encountered on user-profile: Memory leak in unclosed HTTP response stream handler,NEUTRAL
TCK-INC-8103-1,INC-8103,2026-09-01T11:09:00Z,Free,Failures encountered on search-indexer: Flash sale burst traffic causing ingress queue build-up,NEUTRAL
TCK-INC-8104-1,INC-8104,2026-09-23T03:11:00Z,Free,Failures encountered on inventory-api: TLS certificate handshake timeout on third-party webhook,NEUTRAL
TCK-INC-8105-1,INC-8105,2026-08-28T03:23:00Z,Enterprise,Failures encountered on auth-service: Deadlock cycle in distributed checkout table lock,NEUTRAL
TCK-INC-8106-1,INC-8106,2026-08-30T17:07:00Z,Enterprise,Failures encountered on order-processing: Corrupted response payload format failing client validation,NEUTRAL
TCK-INC-8106-2,INC-8106,2026-08-30T16:57:00Z,Free,Failures encountered on order-processing: Corrupted response payload format failing client validation,NEUTRAL
TCK-INC-8107-1,INC-8107,2026-08-25T18:44:00Z,Business,Failures encountered on user-profile: Slow query cascade triggering client connection timeout,NEUTRAL
TCK-INC-8108-1,INC-8108,2026-09-01T09:18:00Z,Enterprise,Failures encountered on checkout-service: TCP socket connection reset by peer on egress gateway,NEGATIVE
TCK-INC-8108-2,INC-8108,2026-09-01T09:03:00Z,Free,Failures encountered on checkout-service: TCP socket connection reset by peer on egress gateway,NEGATIVE
TCK-INC-8109-1,INC-8109,2026-09-16T17:17:00Z,Business,Failures encountered on order-processing: Corrupted response payload format failing client validation,NEUTRAL
TCK-INC-8109-2,INC-8109,2026-09-16T17:14:00Z,Business,Failures encountered on order-processing: Corrupted response payload format failing client validation,NEUTRAL
TCK-INC-8110-1,INC-8110,2026-08-29T09:35:00Z,Business,Failures encountered on user-profile: Batch data import job executed during peak consumer hours,NEUTRAL
TCK-INC-8111-1,INC-8111,2026-08-25T22:28:00Z,Business,Failures encountered on search-indexer: Slow query cascade triggering client connection timeout,NEUTRAL
TCK-INC-8112-1,INC-8112,2026-08-13T15:07:00Z,Enterprise,Failures encountered on payment-gateway: Stale cache invalidation logic deployed in Canary,NEGATIVE
TCK-INC-8112-2,INC-8112,2026-08-13T15:20:00Z,Enterprise,Failures encountered on payment-gateway: Stale cache invalidation logic deployed in Canary,NEGATIVE
TCK-INC-8114-1,INC-8114,2026-08-27T17:51:00Z,Enterprise,Failures encountered on notification-worker: Unhandled arithmetic overflow in currency conversion,NEUTRAL
TCK-INC-8114-2,INC-8114,2026-08-27T17:54:00Z,Free,Failures encountered on notification-worker: Unhandled arithmetic overflow in currency conversion,NEUTRAL
TCK-INC-8115-1,INC-8115,2026-08-31T13:25:00Z,Business,Failures encountered on search-indexer: Unindexed query scan causing read replica CPU spike,NEUTRAL
TCK-INC-8115-2,INC-8115,2026-08-31T13:23:00Z,Free,Failures encountered on search-indexer: Unindexed query scan causing read replica CPU spike,NEUTRAL
TCK-INC-8116-1,INC-8116,2026-09-11T20:07:00Z,Free,Failures encountered on search-indexer: High CPU throttling on Kubernetes node worker pool,NEGATIVE
TCK-INC-8116-2,INC-8116,2026-09-11T20:12:00Z,Business,Failures encountered on search-indexer: High CPU throttling on Kubernetes node worker pool,NEGATIVE
TCK-INC-8116-3,INC-8116,2026-09-11T20:13:00Z,Enterprise,Failures encountered on search-indexer: High CPU throttling on Kubernetes node worker pool,NEGATIVE
TCK-INC-8117-1,INC-8117,2026-08-17T22:55:00Z,Enterprise,Failures encountered on search-indexer: Ephemeral disk volume full due to unrotated application logs,NEUTRAL
TCK-INC-8117-2,INC-8117,2026-08-17T22:56:00Z,Enterprise,Failures encountered on search-indexer: Ephemeral disk volume full due to unrotated application logs,NEUTRAL
TCK-INC-8117-3,INC-8117,2026-08-17T22:58:00Z,Business,Failures encountered on search-indexer: Ephemeral disk volume full due to unrotated application logs,NEUTRAL
TCK-INC-8118-1,INC-8118,2026-08-22T19:26:00Z,Business,Failures encountered on checkout-service: Race condition in concurrent token refresh logic,NEUTRAL
TCK-INC-8119-1,INC-8119,2026-09-22T06:10:00Z,Business,Failures encountered on checkout-service: High CPU throttling on Kubernetes node worker pool,NEGATIVE
TCK-INC-8119-2,INC-8119,2026-09-22T06:13:00Z,Free,Failures encountered on checkout-service: High CPU throttling on Kubernetes node worker pool,NEGATIVE
TCK-INC-8120-1,INC-8120,2026-09-02T20:47:00Z,Enterprise,Failures encountered on auth-service: Config flag default inversion causing request rejections,NEGATIVE
TCK-INC-8120-2,INC-8120,2026-09-02T20:40:00Z,Enterprise,Failures encountered on auth-service: Config flag default inversion causing request rejections,NEGATIVE
TCK-INC-8121-1,INC-8121,2026-08-23T05:23:00Z,Business,Failures encountered on auth-service: Ephemeral disk volume full due to unrotated application logs,NEUTRAL
TCK-INC-8122-1,INC-8122,2026-08-23T06:02:00Z,Business,Failures encountered on checkout-service: Batch data import job executed during peak consumer hours,NEGATIVE
TCK-INC-8123-1,INC-8123,2026-08-27T12:50:00Z,Business,Failures encountered on inventory-api: DNS resolution timeouts between VPC private subnets,NEGATIVE
TCK-INC-8123-2,INC-8123,2026-08-27T12:58:00Z,Enterprise,Failures encountered on inventory-api: DNS resolution timeouts between VPC private subnets,NEGATIVE
TCK-INC-8123-3,INC-8123,2026-08-27T12:45:00Z,Business,Failures encountered on inventory-api: DNS resolution timeouts between VPC private subnets,NEGATIVE
TCK-INC-8124-1,INC-8124,2026-08-14T23:57:00Z,Enterprise,Failures encountered on notification-worker: Database migration lock timeout during schema rollout,NEUTRAL
TCK-INC-8125-1,INC-8125,2026-08-22T14:03:00Z,Enterprise,Failures encountered on order-processing: Stale cache invalidation logic deployed in Canary,NEUTRAL
TCK-INC-8126-1,INC-8126,2026-08-19T12:29:00Z,Enterprise,Failures encountered on checkout-service: Memory leak in unclosed HTTP response stream handler,NEUTRAL
TCK-INC-8127-1,INC-8127,2026-08-25T06:58:00Z,Business,Failures encountered on payment-gateway: TCP socket connection reset by peer on egress gateway,NEUTRAL
TCK-INC-8127-2,INC-8127,2026-08-25T06:40:00Z,Business,Failures encountered on payment-gateway: TCP socket connection reset by peer on egress gateway,NEUTRAL
TCK-INC-8127-3,INC-8127,2026-08-25T06:39:00Z,Free,Failures encountered on payment-gateway: TCP socket connection reset by peer on egress gateway,NEUTRAL
TCK-INC-8128-1,INC-8128,2026-09-14T12:40:00Z,Business,Failures encountered on auth-service: Dependency version mismatch in gRPC protobuf schema,NEGATIVE
TCK-INC-8128-2,INC-8128,2026-09-14T12:40:00Z,Business,Failures encountered on auth-service: Dependency version mismatch in gRPC protobuf schema,NEGATIVE
TCK-INC-8128-3,INC-8128,2026-09-14T12:38:00Z,Free,Failures encountered on auth-service: Dependency version mismatch in gRPC protobuf schema,NEGATIVE
TCK-INC-8130-1,INC-8130,2026-08-26T20:21:00Z,Business,Failures encountered on search-indexer: Ephemeral disk volume full due to unrotated application logs,NEGATIVE
TCK-INC-8130-2,INC-8130,2026-08-26T20:22:00Z,Business,Failures encountered on search-indexer: Ephemeral disk volume full due to unrotated application logs,NEGATIVE
TCK-INC-8130-3,INC-8130,2026-08-26T20:29:00Z,Business,Failures encountered on search-indexer: Ephemeral disk volume full due to unrotated application logs,NEGATIVE
TCK-INC-8131-1,INC-8131,2026-09-15T10:50:00Z,Enterprise,Failures encountered on payment-gateway: File descriptor limit reached on upstream reverse proxy,NEUTRAL
TCK-INC-8131-2,INC-8131,2026-09-15T11:07:00Z,Business,Failures encountered on payment-gateway: File descriptor limit reached on upstream reverse proxy,NEUTRAL
TCK-INC-8132-1,INC-8132,2026-09-21T18:19:00Z,Free,Failures encountered on payment-gateway: Stale cache invalidation logic deployed in Canary,NEGATIVE
TCK-INC-8133-1,INC-8133,2026-09-22T15:24:00Z,Enterprise,Failures encountered on order-processing: Batch data import job executed during peak consumer hours,NEGATIVE
TCK-INC-8133-2,INC-8133,2026-09-22T15:10:00Z,Business,Failures encountered on order-processing: Batch data import job executed during peak consumer hours,NEGATIVE
TCK-INC-8134-1,INC-8134,2026-09-14T02:50:00Z,Business,Failures encountered on search-indexer: Inter-region transit latency degradation exceeding SLA,NEGATIVE
TCK-INC-8135-1,INC-8135,2026-09-19T07:39:00Z,Enterprise,Failures encountered on user-profile: Redis cluster shard memory limit eviction cascade,NEGATIVE
TCK-INC-8135-2,INC-8135,2026-09-19T07:48:00Z,Enterprise,Failures encountered on user-profile: Redis cluster shard memory limit eviction cascade,NEGATIVE
TCK-INC-8135-3,INC-8135,2026-09-19T07:40:00Z,Free,Failures encountered on user-profile: Redis cluster shard memory limit eviction cascade,NEGATIVE
TCK-INC-8136-1,INC-8136,2026-09-01T04:33:00Z,Enterprise,Failures encountered on inventory-api: Connection pool saturation under sustained transaction load,NEUTRAL
TCK-INC-8137-1,INC-8137,2026-08-14T19:47:00Z,Enterprise,Failures encountered on checkout-service: Race condition in concurrent token refresh logic,NEUTRAL
TCK-INC-8137-2,INC-8137,2026-08-14T19:53:00Z,Enterprise,Failures encountered on checkout-service: Race condition in concurrent token refresh logic,NEUTRAL
TCK-INC-8138-1,INC-8138,2026-09-09T01:53:00Z,Business,Failures encountered on checkout-service: Corrupted response payload format failing client validation,NEGATIVE
TCK-INC-8139-1,INC-8139,2026-09-04T16:54:00Z,Free,Failures encountered on order-processing: Corrupted response payload format failing client validation,NEUTRAL
TCK-INC-8140-1,INC-8140,2026-09-03T15:04:00Z,Business,Failures encountered on user-profile: Race condition in concurrent token refresh logic,NEUTRAL
TCK-INC-8140-2,INC-8140,2026-09-03T15:19:00Z,Business,Failures encountered on user-profile: Race condition in concurrent token refresh logic,NEUTRAL
TCK-INC-8142-1,INC-8142,2026-08-14T07:56:00Z,Enterprise,Failures encountered on user-profile: Dependency version mismatch in gRPC protobuf schema,NEGATIVE
TCK-INC-8142-2,INC-8142,2026-08-14T07:56:00Z,Enterprise,Failures encountered on user-profile: Dependency version mismatch in gRPC protobuf schema,NEGATIVE
TCK-INC-8143-1,INC-8143,2026-08-20T23:36:00Z,Business,Failures encountered on notification-worker: Flash sale burst traffic causing ingress queue build-up,NEUTRAL
TCK-INC-8145-1,INC-8145,2026-08-24T07:50:00Z,Free,Failures encountered on checkout-service: Inter-region transit latency degradation exceeding SLA,NEUTRAL
TCK-INC-8145-2,INC-8145,2026-08-24T08:01:00Z,Enterprise,Failures encountered on checkout-service: Inter-region transit latency degradation exceeding SLA,NEUTRAL
TCK-INC-8145-3,INC-8145,2026-08-24T07:58:00Z,Enterprise,Failures encountered on checkout-service: Inter-region transit latency degradation exceeding SLA,NEUTRAL
TCK-INC-8147-1,INC-8147,2026-08-17T05:58:00Z,Free,Failures encountered on payment-gateway: Corrupted response payload format failing client validation,NEUTRAL
TCK-INC-8147-2,INC-8147,2026-08-17T05:45:00Z,Enterprise,Failures encountered on payment-gateway: Corrupted response payload format failing client validation,NEUTRAL
TCK-INC-8147-3,INC-8147,2026-08-17T05:52:00Z,Enterprise,Failures encountered on payment-gateway: Corrupted response payload format failing client validation,NEUTRAL
TCK-INC-8148-1,INC-8148,2026-08-24T04:16:00Z,Business,Failures encountered on inventory-api: Pod memory limit hit triggering repeated OOMKilled events,NEUTRAL
TCK-INC-8148-2,INC-8148,2026-08-24T04:36:00Z,Enterprise,Failures encountered on inventory-api: Pod memory limit hit triggering repeated OOMKilled events,NEUTRAL
TCK-INC-8148-3,INC-8148,2026-08-24T04:35:00Z,Business,Failures encountered on inventory-api: Pod memory limit hit triggering repeated OOMKilled events,NEUTRAL
TCK-INC-8149-1,INC-8149,2026-08-24T06:40:00Z,Free,Failures encountered on order-processing: Memory leak in unclosed HTTP response stream handler,NEGATIVE
TCK-INC-8150-1,INC-8150,2026-09-17T09:45:00Z,Business,Failures encountered on user-profile: Dependency version mismatch in gRPC protobuf schema,NEUTRAL
TCK-INC-8150-2,INC-8150,2026-09-17T09:54:00Z,Business,Failures encountered on user-profile: Dependency version mismatch in gRPC protobuf schema,NEUTRAL
TCK-INC-8151-1,INC-8151,2026-09-09T03:27:00Z,Enterprise,Failures encountered on auth-service: Recursive call in JSON parsing leading to stack exhaustion,NEUTRAL
TCK-INC-8151-2,INC-8151,2026-09-09T03:13:00Z,Free,Failures encountered on auth-service: Recursive call in JSON parsing leading to stack exhaustion,NEUTRAL
TCK-INC-8152-1,INC-8152,2026-09-23T17:23:00Z,Free,Failures encountered on user-profile: Memory leak in unclosed HTTP response stream handler,NEGATIVE
TCK-INC-8153-1,INC-8153,2026-09-18T21:25:00Z,Enterprise,Failures encountered on checkout-service: Recursive call in JSON parsing leading to stack exhaustion,NEUTRAL
TCK-INC-8153-2,INC-8153,2026-09-18T21:32:00Z,Enterprise,Failures encountered on checkout-service: Recursive call in JSON parsing leading to stack exhaustion,NEUTRAL
TCK-INC-8153-3,INC-8153,2026-09-18T21:31:00Z,Business,Failures encountered on checkout-service: Recursive call in JSON parsing leading to stack exhaustion,NEUTRAL
TCK-INC-8155-1,INC-8155,2026-08-14T17:38:00Z,Business,Failures encountered on auth-service: Slow query cascade triggering client connection timeout,NEUTRAL
TCK-INC-8155-2,INC-8155,2026-08-14T17:35:00Z,Business,Failures encountered on auth-service: Slow query cascade triggering client connection timeout,NEUTRAL
TCK-INC-8155-3,INC-8155,2026-08-14T17:47:00Z,Business,Failures encountered on auth-service: Slow query cascade triggering client connection timeout,NEUTRAL
TCK-INC-8156-1,INC-8156,2026-08-17T00:17:00Z,Business,Failures encountered on checkout-service: Slow query cascade triggering client connection timeout,NEUTRAL
TCK-INC-8156-2,INC-8156,2026-08-17T00:23:00Z,Free,Failures encountered on checkout-service: Slow query cascade triggering client connection timeout,NEUTRAL
TCK-INC-8157-1,INC-8157,2026-09-11T21:42:00Z,Business,Failures encountered on order-processing: TLS certificate handshake timeout on third-party webhook,NEUTRAL
TCK-INC-8157-2,INC-8157,2026-09-11T21:35:00Z,Business,Failures encountered on order-processing: TLS certificate handshake timeout on third-party webhook,NEUTRAL
TCK-INC-8159-1,INC-8159,2026-09-20T20:44:00Z,Free,Failures encountered on user-profile: Ephemeral disk volume full due to unrotated application logs,NEGATIVE
TCK-INC-8160-1,INC-8160,2026-08-31T10:50:00Z,Business,Failures encountered on checkout-service: Pod memory limit hit triggering repeated OOMKilled events,NEGATIVE
TCK-INC-8160-2,INC-8160,2026-08-31T11:04:00Z,Business,Failures encountered on checkout-service: Pod memory limit hit triggering repeated OOMKilled events,NEGATIVE
TCK-INC-8160-3,INC-8160,2026-08-31T11:00:00Z,Enterprise,Failures encountered on checkout-service: Pod memory limit hit triggering repeated OOMKilled events,NEGATIVE
TCK-INC-8161-1,INC-8161,2026-08-20T20:33:00Z,Enterprise,Failures encountered on payment-gateway: Unindexed query scan causing read replica CPU spike,NEUTRAL
TCK-INC-8161-2,INC-8161,2026-08-20T20:39:00Z,Business,Failures encountered on payment-gateway: Unindexed query scan causing read replica CPU spike,NEUTRAL
TCK-INC-8162-1,INC-8162,2026-08-19T07:06:00Z,Free,Failures encountered on search-indexer: Database migration lock timeout during schema rollout,NEUTRAL
TCK-INC-8162-2,INC-8162,2026-08-19T07:08:00Z,Business,Failures encountered on search-indexer: Database migration lock timeout during schema rollout,NEUTRAL
TCK-INC-8164-1,INC-8164,2026-08-30T23:05:00Z,Free,Failures encountered on inventory-api: Corrupted response payload format failing client validation,NEGATIVE
TCK-INC-8164-2,INC-8164,2026-08-30T23:15:00Z,Free,Failures encountered on inventory-api: Corrupted response payload format failing client validation,NEGATIVE
TCK-INC-8164-3,INC-8164,2026-08-30T23:13:00Z,Free,Failures encountered on inventory-api: Corrupted response payload format failing client validation,NEGATIVE
TCK-INC-8166-1,INC-8166,2026-09-05T02:02:00Z,Free,Failures encountered on inventory-api: Ephemeral disk volume full due to unrotated application logs,NEUTRAL
TCK-INC-8166-2,INC-8166,2026-09-05T01:59:00Z,Business,Failures encountered on inventory-api: Ephemeral disk volume full due to unrotated application logs,NEUTRAL
TCK-INC-8166-3,INC-8166,2026-09-05T01:51:00Z,Enterprise,Failures encountered on inventory-api: Ephemeral disk volume full due to unrotated application logs,NEUTRAL
TCK-INC-8168-1,INC-8168,2026-09-20T14:50:00Z,Business,Failures encountered on checkout-service: Redis cluster shard memory limit eviction cascade,NEUTRAL
TCK-INC-8169-1,INC-8169,2026-09-12T07:03:00Z,Business,Failures encountered on order-processing: Config flag default inversion causing request rejections,NEUTRAL
TCK-INC-8169-2,INC-8169,2026-09-12T07:17:00Z,Free,Failures encountered on order-processing: Config flag default inversion causing request rejections,NEUTRAL
TCK-INC-8170-1,INC-8170,2026-09-18T23:42:00Z,Free,Failures encountered on search-indexer: Deadlock cycle in distributed checkout table lock,NEGATIVE
TCK-INC-8170-2,INC-8170,2026-09-18T23:58:00Z,Enterprise,Failures encountered on search-indexer: Deadlock cycle in distributed checkout table lock,NEGATIVE
TCK-INC-8170-3,INC-8170,2026-09-18T23:45:00Z,Business,Failures encountered on search-indexer: Deadlock cycle in distributed checkout table lock,NEGATIVE
TCK-INC-8171-1,INC-8171,2026-08-19T10:36:00Z,Enterprise,Failures encountered on inventory-api: Sudden traffic surge exceeding rate limiter bucket capacity,NEGATIVE
TCK-INC-8171-2,INC-8171,2026-08-19T10:54:00Z,Free,Failures encountered on inventory-api: Sudden traffic surge exceeding rate limiter bucket capacity,NEGATIVE
TCK-INC-8171-3,INC-8171,2026-08-19T10:52:00Z,Enterprise,Failures encountered on inventory-api: Sudden traffic surge exceeding rate limiter bucket capacity,NEGATIVE
TCK-INC-8172-1,INC-8172,2026-08-16T14:21:00Z,Business,Failures encountered on inventory-api: TCP socket connection reset by peer on egress gateway,NEUTRAL
TCK-INC-8172-2,INC-8172,2026-08-16T14:31:00Z,Enterprise,Failures encountered on inventory-api: TCP socket connection reset by peer on egress gateway,NEUTRAL
TCK-INC-8172-3,INC-8172,2026-08-16T14:26:00Z,Free,Failures encountered on inventory-api: TCP socket connection reset by peer on egress gateway,NEUTRAL
TCK-INC-8173-1,INC-8173,2026-09-26T09:09:00Z,Business,Failures encountered on notification-worker: TLS certificate handshake timeout on third-party webhook,NEGATIVE
TCK-INC-8173-2,INC-8173,2026-09-26T08:52:00Z,Enterprise,Failures encountered on notification-worker: TLS certificate handshake timeout on third-party webhook,NEGATIVE
TCK-INC-8173-3,INC-8173,2026-09-26T09:04:00Z,Enterprise,Failures encountered on notification-worker: TLS certificate handshake timeout on third-party webhook,NEGATIVE
TCK-INC-8174-1,INC-8174,2026-09-24T05:26:00Z,Business,Failures encountered on inventory-api: Race condition in concurrent token refresh logic,NEUTRAL
TCK-INC-8174-2,INC-8174,2026-09-24T05:18:00Z,Free,Failures encountered on inventory-api: Race condition in concurrent token refresh logic,NEUTRAL
TCK-INC-8176-1,INC-8176,2026-08-21T05:34:00Z,Free,Failures encountered on search-indexer: Corrupted response payload format failing client validation,NEUTRAL
TCK-INC-8178-1,INC-8178,2026-08-31T06:18:00Z,Free,Failures encountered on user-profile: Network packet loss on Kubernetes overlay CNI bridge,NEUTRAL
TCK-INC-8178-2,INC-8178,2026-08-31T05:59:00Z,Business,Failures encountered on user-profile: Network packet loss on Kubernetes overlay CNI bridge,NEUTRAL
TCK-INC-8178-3,INC-8178,2026-08-31T06:17:00Z,Free,Failures encountered on user-profile: Network packet loss on Kubernetes overlay CNI bridge,NEUTRAL
TCK-INC-8180-1,INC-8180,2026-09-22T22:01:00Z,Enterprise,Failures encountered on order-processing: Corrupted response payload format failing client validation,NEUTRAL
TCK-INC-8180-2,INC-8180,2026-09-22T21:44:00Z,Business,Failures encountered on order-processing: Corrupted response payload format failing client validation,NEUTRAL
TCK-INC-8180-3,INC-8180,2026-09-22T21:54:00Z,Enterprise,Failures encountered on order-processing: Corrupted response payload format failing client validation,NEUTRAL
TCK-INC-8181-1,INC-8181,2026-09-05T17:46:00Z,Free,Failures encountered on auth-service: Distributed crawler burst triggering endpoint 429 retries,NEGATIVE
TCK-INC-8181-2,INC-8181,2026-09-05T17:48:00Z,Business,Failures encountered on auth-service: Distributed crawler burst triggering endpoint 429 retries,NEGATIVE
TCK-INC-8182-1,INC-8182,2026-09-10T08:08:00Z,Enterprise,Failures encountered on auth-service: TCP socket connection reset by peer on egress gateway,NEUTRAL
TCK-INC-8183-1,INC-8183,2026-09-08T14:59:00Z,Free,Failures encountered on search-indexer: Flash sale burst traffic causing ingress queue build-up,NEUTRAL
TCK-INC-8184-1,INC-8184,2026-09-24T07:02:00Z,Enterprise,Failures encountered on notification-worker: Spike in unauthenticated request probe flood,NEUTRAL
TCK-INC-8184-2,INC-8184,2026-09-24T07:07:00Z,Enterprise,Failures encountered on notification-worker: Spike in unauthenticated request probe flood,NEUTRAL
TCK-INC-8184-3,INC-8184,2026-09-24T06:47:00Z,Business,Failures encountered on notification-worker: Spike in unauthenticated request probe flood,NEUTRAL
TCK-INC-8185-1,INC-8185,2026-08-15T19:26:00Z,Enterprise,Failures encountered on user-profile: Corrupted response payload format failing client validation,NEUTRAL
TCK-INC-8185-2,INC-8185,2026-08-15T19:35:00Z,Free,Failures encountered on user-profile: Corrupted response payload format failing client validation,NEUTRAL
TCK-INC-8186-1,INC-8186,2026-08-28T17:12:00Z,Enterprise,Failures encountered on inventory-api: Distributed crawler burst triggering endpoint 429 retries,NEGATIVE
TCK-INC-8186-2,INC-8186,2026-08-28T17:13:00Z,Free,Failures encountered on inventory-api: Distributed crawler burst triggering endpoint 429 retries,NEGATIVE
TCK-INC-8187-1,INC-8187,2026-09-07T11:49:00Z,Free,Failures encountered on user-profile: File descriptor limit reached on upstream reverse proxy,NEGATIVE
TCK-INC-8188-1,INC-8188,2026-09-23T16:13:00Z,Business,Failures encountered on checkout-service: Inter-region transit latency degradation exceeding SLA,NEGATIVE
TCK-INC-8189-1,INC-8189,2026-08-21T03:16:00Z,Free,Failures encountered on order-processing: Batch data import job executed during peak consumer hours,NEGATIVE
TCK-INC-8190-1,INC-8190,2026-09-01T14:50:00Z,Free,Failures encountered on notification-worker: Inter-region transit latency degradation exceeding SLA,NEGATIVE
TCK-INC-8190-2,INC-8190,2026-09-01T14:47:00Z,Enterprise,Failures encountered on notification-worker: Inter-region transit latency degradation exceeding SLA,NEGATIVE
TCK-INC-8191-1,INC-8191,2026-09-11T11:04:00Z,Free,Failures encountered on payment-gateway: Distributed crawler burst triggering endpoint 429 retries,NEUTRAL
TCK-INC-8192-1,INC-8192,2026-08-13T22:47:00Z,Business,Failures encountered on user-profile: Inter-region transit latency degradation exceeding SLA,NEUTRAL
TCK-INC-8192-2,INC-8192,2026-08-13T22:32:00Z,Business,Failures encountered on user-profile: Inter-region transit latency degradation exceeding SLA,NEUTRAL
TCK-INC-8192-3,INC-8192,2026-08-13T22:37:00Z,Enterprise,Failures encountered on user-profile: Inter-region transit latency degradation exceeding SLA,NEUTRAL
TCK-INC-8194-1,INC-8194,2026-09-03T02:04:00Z,Enterprise,Failures encountered on auth-service: Distributed crawler burst triggering endpoint 429 retries,NEUTRAL
TCK-INC-8194-2,INC-8194,2026-09-03T02:07:00Z,Free,Failures encountered on auth-service: Distributed crawler burst triggering endpoint 429 retries,NEUTRAL
TCK-INC-8194-3,INC-8194,2026-09-03T02:19:00Z,Enterprise,Failures encountered on auth-service: Distributed crawler burst triggering endpoint 429 retries,NEUTRAL
TCK-INC-8195-1,INC-8195,2026-08-19T18:57:00Z,Business,Failures encountered on order-processing: Unhandled arithmetic overflow in currency conversion,NEGATIVE
TCK-INC-8195-2,INC-8195,2026-08-19T18:36:00Z,Enterprise,Failures encountered on order-processing: Unhandled arithmetic overflow in currency conversion,NEGATIVE
TCK-INC-8196-1,INC-8196,2026-09-12T02:13:00Z,Free,Failures encountered on auth-service: Deadlock cycle in distributed checkout table lock,NEUTRAL
TCK-INC-8196-2,INC-8196,2026-09-12T02:14:00Z,Business,Failures encountered on auth-service: Deadlock cycle in distributed checkout table lock,NEUTRAL
TCK-INC-8196-3,INC-8196,2026-09-12T02:28:00Z,Enterprise,Failures encountered on auth-service: Deadlock cycle in distributed checkout table lock,NEUTRAL
TCK-INC-8198-1,INC-8198,2026-08-21T07:29:00Z,Enterprise,Failures encountered on inventory-api: Deadlock cycle in distributed checkout table lock,NEGATIVE
TCK-INC-8198-2,INC-8198,2026-08-21T07:26:00Z,Enterprise,Failures encountered on inventory-api: Deadlock cycle in distributed checkout table lock,NEGATIVE
TCK-INC-8198-3,INC-8198,2026-08-21T07:43:00Z,Free,Failures encountered on inventory-api: Deadlock cycle in distributed checkout table lock,NEGATIVE
TCK-INC-8199-1,INC-8199,2026-08-16T06:57:00Z,Free,Failures encountered on inventory-api: Inter-region transit latency degradation exceeding SLA,NEUTRAL
TCK-INC-8200-1,INC-8200,2026-08-24T11:34:00Z,Enterprise,Failures encountered on notification-worker: Dependency version mismatch in gRPC protobuf schema,NEUTRAL
TCK-INC-8200-2,INC-8200,2026-08-24T11:21:00Z,Business,Failures encountered on notification-worker: Dependency version mismatch in gRPC protobuf schema,NEUTRAL
TCK-INC-8201-1,INC-8201,2026-08-13T21:04:00Z,Free,Failures encountered on inventory-api: Slow query cascade triggering client connection timeout,NEUTRAL
TCK-INC-8201-2,INC-8201,2026-08-13T20:54:00Z,Business,Failures encountered on inventory-api: Slow query cascade triggering client connection timeout,NEUTRAL
TCK-INC-8201-3,INC-8201,2026-08-13T20:52:00Z,Enterprise,Failures encountered on inventory-api: Slow query cascade triggering client connection timeout,NEUTRAL
TCK-INC-8202-1,INC-8202,2026-09-22T18:35:00Z,Enterprise,Failures encountered on notification-worker: Ephemeral disk volume full due to unrotated application logs,NEUTRAL
TCK-INC-8202-2,INC-8202,2026-09-22T18:38:00Z,Enterprise,Failures encountered on notification-worker: Ephemeral disk volume full due to unrotated application logs,NEUTRAL
TCK-INC-8202-3,INC-8202,2026-09-22T18:15:00Z,Free,Failures encountered on notification-worker: Ephemeral disk volume full due to unrotated application logs,NEUTRAL
TCK-INC-8203-1,INC-8203,2026-09-05T00:17:00Z,Enterprise,Failures encountered on search-indexer: Connection pool saturation under sustained transaction load,NEGATIVE
TCK-INC-8203-2,INC-8203,2026-09-05T00:22:00Z,Free,Failures encountered on search-indexer: Connection pool saturation under sustained transaction load,NEGATIVE
TCK-INC-8203-3,INC-8203,2026-09-05T00:24:00Z,Enterprise,Failures encountered on search-indexer: Connection pool saturation under sustained transaction load,NEGATIVE
TCK-INC-8204-1,INC-8204,2026-08-31T17:18:00Z,Enterprise,Failures encountered on order-processing: Flash sale burst traffic causing ingress queue build-up,NEGATIVE
TCK-INC-8204-2,INC-8204,2026-08-31T17:19:00Z,Business,Failures encountered on order-processing: Flash sale burst traffic causing ingress queue build-up,NEGATIVE
TCK-INC-8205-1,INC-8205,2026-08-27T23:44:00Z,Enterprise,Failures encountered on user-profile: Unhandled arithmetic overflow in currency conversion,NEUTRAL
TCK-INC-8205-2,INC-8205,2026-08-27T23:38:00Z,Free,Failures encountered on user-profile: Unhandled arithmetic overflow in currency conversion,NEUTRAL
TCK-INC-8205-3,INC-8205,2026-08-27T23:38:00Z,Business,Failures encountered on user-profile: Unhandled arithmetic overflow in currency conversion,NEUTRAL
TCK-INC-8206-1,INC-8206,2026-09-10T10:34:00Z,Enterprise,Failures encountered on auth-service: Recursive call in JSON parsing leading to stack exhaustion,NEUTRAL
TCK-INC-8209-1,INC-8209,2026-09-16T15:17:00Z,Free,Failures encountered on payment-gateway: Inter-region transit latency degradation exceeding SLA,NEGATIVE
TCK-INC-8209-2,INC-8209,2026-09-16T15:18:00Z,Free,Failures encountered on payment-gateway: Inter-region transit latency degradation exceeding SLA,NEGATIVE
TCK-INC-8209-3,INC-8209,2026-09-16T15:34:00Z,Free,Failures encountered on payment-gateway: Inter-region transit latency degradation exceeding SLA,NEGATIVE
TCK-INC-8210-1,INC-8210,2026-09-25T17:45:00Z,Enterprise,Failures encountered on user-profile: Spike in unauthenticated request probe flood,NEGATIVE
TCK-INC-8210-2,INC-8210,2026-09-25T17:57:00Z,Free,Failures encountered on user-profile: Spike in unauthenticated request probe flood,NEGATIVE
TCK-INC-8210-3,INC-8210,2026-09-25T18:01:00Z,Enterprise,Failures encountered on user-profile: Spike in unauthenticated request probe flood,NEGATIVE
TCK-INC-8211-1,INC-8211,2026-09-01T22:52:00Z,Business,Failures encountered on auth-service: TCP socket connection reset by peer on egress gateway,NEUTRAL
TCK-INC-8211-2,INC-8211,2026-09-01T22:57:00Z,Business,Failures encountered on auth-service: TCP socket connection reset by peer on egress gateway,NEUTRAL
TCK-INC-8212-1,INC-8212,2026-09-22T16:30:00Z,Enterprise,Failures encountered on auth-service: Garbage collection pause duration exceeding 1500ms,NEUTRAL
TCK-INC-8212-2,INC-8212,2026-09-22T16:30:00Z,Enterprise,Failures encountered on auth-service: Garbage collection pause duration exceeding 1500ms,NEUTRAL
TCK-INC-8212-3,INC-8212,2026-09-22T16:26:00Z,Free,Failures encountered on auth-service: Garbage collection pause duration exceeding 1500ms,NEUTRAL
TCK-INC-8213-1,INC-8213,2026-09-07T05:14:00Z,Business,Failures encountered on search-indexer: Redis cluster shard memory limit eviction cascade,NEUTRAL
TCK-INC-8213-2,INC-8213,2026-09-07T05:26:00Z,Free,Failures encountered on search-indexer: Redis cluster shard memory limit eviction cascade,NEUTRAL
TCK-INC-8214-1,INC-8214,2026-08-27T11:57:00Z,Business,Failures encountered on user-profile: Recursive call in JSON parsing leading to stack exhaustion,NEGATIVE
TCK-INC-8215-1,INC-8215,2026-08-20T00:58:00Z,Business,Failures encountered on payment-gateway: DNS resolution timeouts between VPC private subnets,NEUTRAL
TCK-INC-8216-1,INC-8216,2026-08-28T08:31:00Z,Enterprise,Failures encountered on inventory-api: Sudden traffic surge exceeding rate limiter bucket capacity,NEGATIVE
TCK-INC-8216-2,INC-8216,2026-08-28T08:44:00Z,Free,Failures encountered on inventory-api: Sudden traffic surge exceeding rate limiter bucket capacity,NEGATIVE
TCK-INC-8217-1,INC-8217,2026-09-22T12:56:00Z,Free,Failures encountered on checkout-service: High CPU throttling on Kubernetes node worker pool,NEUTRAL
TCK-INC-8217-2,INC-8217,2026-09-22T13:18:00Z,Enterprise,Failures encountered on checkout-service: High CPU throttling on Kubernetes node worker pool,NEUTRAL
TCK-INC-8217-3,INC-8217,2026-09-22T12:58:00Z,Free,Failures encountered on checkout-service: High CPU throttling on Kubernetes node worker pool,NEUTRAL
TCK-INC-8219-1,INC-8219,2026-08-13T12:50:00Z,Free,Failures encountered on auth-service: File descriptor limit reached on upstream reverse proxy,NEGATIVE
TCK-INC-8219-2,INC-8219,2026-08-13T12:36:00Z,Business,Failures encountered on auth-service: File descriptor limit reached on upstream reverse proxy,NEGATIVE
TCK-INC-8219-3,INC-8219,2026-08-13T12:39:00Z,Business,Failures encountered on auth-service: File descriptor limit reached on upstream reverse proxy,NEGATIVE
TCK-INC-8220-1,INC-8220,2026-08-25T14:29:00Z,Enterprise,Failures encountered on order-processing: Deadlock cycle in distributed checkout table lock,NEUTRAL
TCK-INC-8220-2,INC-8220,2026-08-25T14:36:00Z,Enterprise,Failures encountered on order-processing: Deadlock cycle in distributed checkout table lock,NEUTRAL
TCK-INC-8220-3,INC-8220,2026-08-25T14:34:00Z,Business,Failures encountered on order-processing: Deadlock cycle in distributed checkout table lock,NEUTRAL
TCK-INC-8223-1,INC-8223,2026-09-04T17:34:00Z,Enterprise,Failures encountered on inventory-api: Flash sale burst traffic causing ingress queue build-up,NEUTRAL
TCK-INC-8225-1,INC-8225,2026-09-20T12:39:00Z,Enterprise,Failures encountered on order-processing: Ephemeral disk volume full due to unrotated application logs,NEUTRAL
TCK-INC-8225-2,INC-8225,2026-09-20T12:56:00Z,Enterprise,Failures encountered on order-processing: Ephemeral disk volume full due to unrotated application logs,NEUTRAL
TCK-INC-8226-1,INC-8226,2026-09-12T03:18:00Z,Enterprise,Failures encountered on search-indexer: Network packet loss on Kubernetes overlay CNI bridge,NEUTRAL
TCK-INC-8227-1,INC-8227,2026-08-31T23:50:00Z,Free,Failures encountered on notification-worker: Stale cache invalidation logic deployed in Canary,NEGATIVE
TCK-INC-8227-2,INC-8227,2026-09-01T00:02:00Z,Free,Failures encountered on notification-worker: Stale cache invalidation logic deployed in Canary,NEGATIVE
TCK-INC-8227-3,INC-8227,2026-09-01T00:04:00Z,Free,Failures encountered on notification-worker: Stale cache invalidation logic deployed in Canary,NEGATIVE
TCK-INC-8228-1,INC-8228,2026-09-09T03:54:00Z,Free,Failures encountered on user-profile: Corrupted response payload format failing client validation,NEUTRAL
TCK-INC-8228-2,INC-8228,2026-09-09T03:52:00Z,Business,Failures encountered on user-profile: Corrupted response payload format failing client validation,NEUTRAL
TCK-INC-8229-1,INC-8229,2026-08-29T22:47:00Z,Business,Failures encountered on checkout-service: Ephemeral disk volume full due to unrotated application logs,NEUTRAL
TCK-INC-8229-2,INC-8229,2026-08-29T22:38:00Z,Enterprise,Failures encountered on checkout-service: Ephemeral disk volume full due to unrotated application logs,NEUTRAL
TCK-INC-8229-3,INC-8229,2026-08-29T22:33:00Z,Enterprise,Failures encountered on checkout-service: Ephemeral disk volume full due to unrotated application logs,NEUTRAL
TCK-INC-8230-1,INC-8230,2026-08-14T20:38:00Z,Enterprise,Failures encountered on auth-service: Unhandled arithmetic overflow in currency conversion,NEUTRAL
TCK-INC-8230-2,INC-8230,2026-08-14T20:54:00Z,Business,Failures encountered on auth-service: Unhandled arithmetic overflow in currency conversion,NEUTRAL
TCK-INC-8230-3,INC-8230,2026-08-14T20:43:00Z,Enterprise,Failures encountered on auth-service: Unhandled arithmetic overflow in currency conversion,NEUTRAL
TCK-INC-8232-1,INC-8232,2026-09-10T16:48:00Z,Business,Failures encountered on search-indexer: Network packet loss on Kubernetes overlay CNI bridge,NEUTRAL
TCK-INC-8232-2,INC-8232,2026-09-10T16:39:00Z,Business,Failures encountered on search-indexer: Network packet loss on Kubernetes overlay CNI bridge,NEUTRAL
TCK-INC-8237-1,INC-8237,2026-09-12T07:29:00Z,Business,Failures encountered on auth-service: Recursive call in JSON parsing leading to stack exhaustion,NEUTRAL
TCK-INC-8239-1,INC-8239,2026-09-19T06:48:00Z,Free,Failures encountered on order-processing: Inter-region transit latency degradation exceeding SLA,NEUTRAL
TCK-INC-8239-2,INC-8239,2026-09-19T06:42:00Z,Enterprise,Failures encountered on order-processing: Inter-region transit latency degradation exceeding SLA,NEUTRAL
TCK-INC-8240-1,INC-8240,2026-09-21T01:28:00Z,Business,Failures encountered on order-processing: Redis cluster shard memory limit eviction cascade,NEGATIVE
TCK-INC-8240-2,INC-8240,2026-09-21T01:28:00Z,Free,Failures encountered on order-processing: Redis cluster shard memory limit eviction cascade,NEGATIVE
TCK-INC-8240-3,INC-8240,2026-09-21T01:10:00Z,Business,Failures encountered on order-processing: Redis cluster shard memory limit eviction cascade,NEGATIVE
TCK-INC-8241-1,INC-8241,2026-08-13T08:55:00Z,Enterprise,Failures encountered on checkout-service: Network packet loss on Kubernetes overlay CNI bridge,NEUTRAL
TCK-INC-8242-1,INC-8242,2026-09-09T07:27:00Z,Business,Failures encountered on user-profile: Recursive call in JSON parsing leading to stack exhaustion,NEGATIVE
TCK-INC-8242-2,INC-8242,2026-09-09T07:27:00Z,Free,Failures encountered on user-profile: Recursive call in JSON parsing leading to stack exhaustion,NEGATIVE
TCK-INC-8244-1,INC-8244,2026-08-29T07:09:00Z,Free,Failures encountered on payment-gateway: Batch data import job executed during peak consumer hours,NEGATIVE
TCK-INC-8245-1,INC-8245,2026-09-02T16:22:00Z,Business,Failures encountered on inventory-api: Inter-region transit latency degradation exceeding SLA,NEUTRAL
TCK-INC-8246-1,INC-8246,2026-08-29T22:16:00Z,Enterprise,Failures encountered on search-indexer: Spike in unauthenticated request probe flood,NEUTRAL
TCK-INC-8246-2,INC-8246,2026-08-29T22:07:00Z,Free,Failures encountered on search-indexer: Spike in unauthenticated request probe flood,NEUTRAL
TCK-INC-8247-1,INC-8247,2026-08-19T12:38:00Z,Business,Failures encountered on user-profile: Database migration lock timeout during schema rollout,NEGATIVE
TCK-INC-8248-1,INC-8248,2026-08-28T10:27:00Z,Free,Failures encountered on order-processing: Slow query cascade triggering client connection timeout,NEUTRAL
TCK-INC-8248-2,INC-8248,2026-08-28T10:25:00Z,Free,Failures encountered on order-processing: Slow query cascade triggering client connection timeout,NEUTRAL
TCK-INC-8248-3,INC-8248,2026-08-28T10:20:00Z,Free,Failures encountered on order-processing: Slow query cascade triggering client connection timeout,NEUTRAL
TCK-INC-8249-1,INC-8249,2026-08-19T21:42:00Z,Free,Failures encountered on user-profile: Distributed crawler burst triggering endpoint 429 retries,NEGATIVE
TCK-INC-8249-2,INC-8249,2026-08-19T21:33:00Z,Business,Failures encountered on user-profile: Distributed crawler burst triggering endpoint 429 retries,NEGATIVE
TCK-INC-8250-1,INC-8250,2026-09-12T18:06:00Z,Free,Failures encountered on payment-gateway: Sudden traffic surge exceeding rate limiter bucket capacity,NEGATIVE
TCK-INC-8250-2,INC-8250,2026-09-12T18:14:00Z,Free,Failures encountered on payment-gateway: Sudden traffic surge exceeding rate limiter bucket capacity,NEGATIVE
TCK-INC-8251-1,INC-8251,2026-09-14T10:44:00Z,Enterprise,Failures encountered on checkout-service: Race condition in concurrent token refresh logic,NEUTRAL
TCK-INC-8253-1,INC-8253,2026-09-21T00:28:00Z,Free,Failures encountered on user-profile: Corrupted response payload format failing client validation,NEUTRAL
TCK-INC-8254-1,INC-8254,2026-08-26T20:09:00Z,Business,Failures encountered on payment-gateway: Flash sale burst traffic causing ingress queue build-up,NEUTRAL
TCK-INC-8254-2,INC-8254,2026-08-26T20:04:00Z,Enterprise,Failures encountered on payment-gateway: Flash sale burst traffic causing ingress queue build-up,NEUTRAL
TCK-INC-8255-1,INC-8255,2026-08-22T19:43:00Z,Enterprise,Failures encountered on payment-gateway: Pod memory limit hit triggering repeated OOMKilled events,NEUTRAL
TCK-INC-8255-2,INC-8255,2026-08-22T19:34:00Z,Enterprise,Failures encountered on payment-gateway: Pod memory limit hit triggering repeated OOMKilled events,NEUTRAL
TCK-INC-8255-3,INC-8255,2026-08-22T19:35:00Z,Business,Failures encountered on payment-gateway: Pod memory limit hit triggering repeated OOMKilled events,NEUTRAL
TCK-INC-8256-1,INC-8256,2026-09-17T19:48:00Z,Business,Failures encountered on auth-service: Corrupted response payload format failing client validation,NEUTRAL
TCK-INC-8256-2,INC-8256,2026-09-17T19:45:00Z,Enterprise,Failures encountered on auth-service: Corrupted response payload format failing client validation,NEUTRAL
TCK-INC-8256-3,INC-8256,2026-09-17T19:50:00Z,Free,Failures encountered on auth-service: Corrupted response payload format failing client validation,NEUTRAL
TCK-INC-8257-1,INC-8257,2026-08-17T22:53:00Z,Business,Failures encountered on auth-service: Config flag default inversion causing request rejections,NEUTRAL
TCK-INC-8257-2,INC-8257,2026-08-17T22:59:00Z,Free,Failures encountered on auth-service: Config flag default inversion causing request rejections,NEUTRAL
TCK-INC-8258-1,INC-8258,2026-08-16T06:31:00Z,Free,Failures encountered on inventory-api: Flash sale burst traffic causing ingress queue build-up,NEUTRAL
TCK-INC-8259-1,INC-8259,2026-08-27T22:30:00Z,Enterprise,Failures encountered on auth-service: Ephemeral disk volume full due to unrotated application logs,NEUTRAL
TCK-INC-8259-2,INC-8259,2026-08-27T22:34:00Z,Free,Failures encountered on auth-service: Ephemeral disk volume full due to unrotated application logs,NEUTRAL
TCK-INC-8259-3,INC-8259,2026-08-27T22:42:00Z,Free,Failures encountered on auth-service: Ephemeral disk volume full due to unrotated application logs,NEUTRAL
TCK-INC-8260-1,INC-8260,2026-09-10T17:09:00Z,Business,Failures encountered on payment-gateway: Distributed crawler burst triggering endpoint 429 retries,NEUTRAL
TCK-INC-8260-2,INC-8260,2026-09-10T17:01:00Z,Free,Failures encountered on payment-gateway: Distributed crawler burst triggering endpoint 429 retries,NEUTRAL
TCK-INC-8260-3,INC-8260,2026-09-10T17:09:00Z,Enterprise,Failures encountered on payment-gateway: Distributed crawler burst triggering endpoint 429 retries,NEUTRAL
TCK-INC-8261-1,INC-8261,2026-09-07T12:14:00Z,Enterprise,Failures encountered on search-indexer: Stale cache invalidation logic deployed in Canary,NEUTRAL
TCK-INC-8261-2,INC-8261,2026-09-07T12:03:00Z,Free,Failures encountered on search-indexer: Stale cache invalidation logic deployed in Canary,NEUTRAL
TCK-INC-8262-1,INC-8262,2026-08-22T10:46:00Z,Free,Failures encountered on order-processing: File descriptor limit reached on upstream reverse proxy,NEGATIVE
TCK-INC-8262-2,INC-8262,2026-08-22T10:42:00Z,Business,Failures encountered on order-processing: File descriptor limit reached on upstream reverse proxy,NEGATIVE
TCK-INC-8266-1,INC-8266,2026-09-08T13:19:00Z,Business,Failures encountered on order-processing: Database migration lock timeout during schema rollout,NEUTRAL
TCK-INC-8266-2,INC-8266,2026-09-08T13:30:00Z,Enterprise,Failures encountered on order-processing: Database migration lock timeout during schema rollout,NEUTRAL
TCK-INC-8266-3,INC-8266,2026-09-08T13:23:00Z,Free,Failures encountered on order-processing: Database migration lock timeout during schema rollout,NEUTRAL
TCK-INC-8267-1,INC-8267,2026-09-06T11:42:00Z,Free,Failures encountered on search-indexer: DNS resolution timeouts between VPC private subnets,NEUTRAL
TCK-INC-8267-2,INC-8267,2026-09-06T11:57:00Z,Enterprise,Failures encountered on search-indexer: DNS resolution timeouts between VPC private subnets,NEUTRAL
TCK-INC-8267-3,INC-8267,2026-09-06T11:55:00Z,Free,Failures encountered on search-indexer: DNS resolution timeouts between VPC private subnets,NEUTRAL
TCK-INC-8269-1,INC-8269,2026-09-22T14:38:00Z,Enterprise,Failures encountered on auth-service: TLS certificate handshake timeout on third-party webhook,NEUTRAL
TCK-INC-8269-2,INC-8269,2026-09-22T14:47:00Z,Free,Failures encountered on auth-service: TLS certificate handshake timeout on third-party webhook,NEUTRAL
TCK-INC-8270-1,INC-8270,2026-09-06T04:30:00Z,Enterprise,Failures encountered on checkout-service: Connection pool saturation under sustained transaction load,NEGATIVE
TCK-INC-8270-2,INC-8270,2026-09-06T04:36:00Z,Business,Failures encountered on checkout-service: Connection pool saturation under sustained transaction load,NEGATIVE
TCK-INC-8270-3,INC-8270,2026-09-06T04:37:00Z,Free,Failures encountered on checkout-service: Connection pool saturation under sustained transaction load,NEGATIVE
TCK-INC-8271-1,INC-8271,2026-09-26T04:38:00Z,Free,Failures encountered on notification-worker: Batch data import job executed during peak consumer hours,NEUTRAL
TCK-INC-8272-1,INC-8272,2026-09-18T09:11:00Z,Business,Failures encountered on payment-gateway: Distributed crawler burst triggering endpoint 429 retries,NEUTRAL
TCK-INC-8272-2,INC-8272,2026-09-18T09:29:00Z,Free,Failures encountered on payment-gateway: Distributed crawler burst triggering endpoint 429 retries,NEUTRAL
TCK-INC-8272-3,INC-8272,2026-09-18T09:17:00Z,Enterprise,Failures encountered on payment-gateway: Distributed crawler burst triggering endpoint 429 retries,NEUTRAL
TCK-INC-8273-1,INC-8273,2026-09-20T09:09:00Z,Enterprise,Failures encountered on user-profile: Stale cache invalidation logic deployed in Canary,NEGATIVE
TCK-INC-8274-1,INC-8274,2026-08-12T14:35:00Z,Free,Failures encountered on auth-service: Network packet loss on Kubernetes overlay CNI bridge,NEUTRAL
TCK-INC-8274-2,INC-8274,2026-08-12T14:49:00Z,Business,Failures encountered on auth-service: Network packet loss on Kubernetes overlay CNI bridge,NEUTRAL
TCK-INC-8275-1,INC-8275,2026-09-26T10:17:00Z,Enterprise,Failures encountered on notification-worker: Flash sale burst traffic causing ingress queue build-up,NEGATIVE
TCK-INC-8275-2,INC-8275,2026-09-26T10:14:00Z,Business,Failures encountered on notification-worker: Flash sale burst traffic causing ingress queue build-up,NEGATIVE
TCK-INC-8276-1,INC-8276,2026-09-26T05:12:00Z,Business,Failures encountered on order-processing: Pod memory limit hit triggering repeated OOMKilled events,NEUTRAL
TCK-INC-8277-1,INC-8277,2026-08-16T17:21:00Z,Free,Failures encountered on notification-worker: Config flag default inversion causing request rejections,NEGATIVE
TCK-INC-8277-2,INC-8277,2026-08-16T17:35:00Z,Free,Failures encountered on notification-worker: Config flag default inversion causing request rejections,NEGATIVE
TCK-INC-8277-3,INC-8277,2026-08-16T17:22:00Z,Free,Failures encountered on notification-worker: Config flag default inversion causing request rejections,NEGATIVE
TCK-INC-8278-1,INC-8278,2026-08-12T17:47:00Z,Business,Failures encountered on user-profile: Pod memory limit hit triggering repeated OOMKilled events,NEGATIVE
TCK-INC-8278-2,INC-8278,2026-08-12T17:47:00Z,Enterprise,Failures encountered on user-profile: Pod memory limit hit triggering repeated OOMKilled events,NEGATIVE
TCK-INC-8280-1,INC-8280,2026-09-11T14:19:00Z,Enterprise,Failures encountered on user-profile: Network packet loss on Kubernetes overlay CNI bridge,NEGATIVE
TCK-INC-8280-2,INC-8280,2026-09-11T14:38:00Z,Enterprise,Failures encountered on user-profile: Network packet loss on Kubernetes overlay CNI bridge,NEGATIVE
TCK-INC-8280-3,INC-8280,2026-09-11T14:29:00Z,Business,Failures encountered on user-profile: Network packet loss on Kubernetes overlay CNI bridge,NEGATIVE
TCK-INC-8281-1,INC-8281,2026-09-11T08:08:00Z,Business,Failures encountered on inventory-api: Network packet loss on Kubernetes overlay CNI bridge,NEGATIVE
TCK-INC-8281-2,INC-8281,2026-09-11T07:45:00Z,Free,Failures encountered on inventory-api: Network packet loss on Kubernetes overlay CNI bridge,NEGATIVE
TCK-INC-8281-3,INC-8281,2026-09-11T07:54:00Z,Free,Failures encountered on inventory-api: Network packet loss on Kubernetes overlay CNI bridge,NEGATIVE
TCK-INC-8282-1,INC-8282,2026-09-21T06:50:00Z,Free,Failures encountered on inventory-api: Garbage collection pause duration exceeding 1500ms,NEUTRAL
TCK-INC-8282-2,INC-8282,2026-09-21T06:55:00Z,Free,Failures encountered on inventory-api: Garbage collection pause duration exceeding 1500ms,NEUTRAL
TCK-INC-8283-1,INC-8283,2026-08-26T18:16:00Z,Free,Failures encountered on inventory-api: File descriptor limit reached on upstream reverse proxy,NEUTRAL
TCK-INC-8283-2,INC-8283,2026-08-26T18:20:00Z,Free,Failures encountered on inventory-api: File descriptor limit reached on upstream reverse proxy,NEUTRAL
TCK-INC-8283-3,INC-8283,2026-08-26T18:12:00Z,Free,Failures encountered on inventory-api: File descriptor limit reached on upstream reverse proxy,NEUTRAL
TCK-INC-8284-1,INC-8284,2026-08-15T12:01:00Z,Free,Failures encountered on order-processing: Network packet loss on Kubernetes overlay CNI bridge,NEGATIVE
TCK-INC-8284-2,INC-8284,2026-08-15T12:12:00Z,Free,Failures encountered on order-processing: Network packet loss on Kubernetes overlay CNI bridge,NEGATIVE
TCK-INC-8285-1,INC-8285,2026-08-27T05:29:00Z,Business,Failures encountered on checkout-service: Distributed crawler burst triggering endpoint 429 retries,NEGATIVE
TCK-INC-8285-2,INC-8285,2026-08-27T05:19:00Z,Business,Failures encountered on checkout-service: Distributed crawler burst triggering endpoint 429 retries,NEGATIVE
TCK-INC-8286-1,INC-8286,2026-08-27T22:32:00Z,Free,Failures encountered on auth-service: DNS resolution timeouts between VPC private subnets,NEUTRAL
TCK-INC-8286-2,INC-8286,2026-08-27T22:30:00Z,Business,Failures encountered on auth-service: DNS resolution timeouts between VPC private subnets,NEUTRAL
TCK-INC-8286-3,INC-8286,2026-08-27T22:37:00Z,Enterprise,Failures encountered on auth-service: DNS resolution timeouts between VPC private subnets,NEUTRAL
TCK-INC-8287-1,INC-8287,2026-09-01T17:19:00Z,Business,Failures encountered on search-indexer: Memory leak in unclosed HTTP response stream handler,NEGATIVE
TCK-INC-8287-2,INC-8287,2026-09-01T17:04:00Z,Free,Failures encountered on search-indexer: Memory leak in unclosed HTTP response stream handler,NEGATIVE
TCK-INC-8287-3,INC-8287,2026-09-01T17:20:00Z,Business,Failures encountered on search-indexer: Memory leak in unclosed HTTP response stream handler,NEGATIVE
TCK-INC-8289-1,INC-8289,2026-09-13T05:33:00Z,Business,Failures encountered on payment-gateway: TCP socket connection reset by peer on egress gateway,NEGATIVE
TCK-INC-8289-2,INC-8289,2026-09-13T05:46:00Z,Business,Failures encountered on payment-gateway: TCP socket connection reset by peer on egress gateway,NEGATIVE
TCK-INC-8289-3,INC-8289,2026-09-13T05:26:00Z,Free,Failures encountered on payment-gateway: TCP socket connection reset by peer on egress gateway,NEGATIVE
TCK-INC-8290-1,INC-8290,2026-09-26T11:10:00Z,Business,Failures encountered on checkout-service: Dependency version mismatch in gRPC protobuf schema,NEGATIVE
TCK-INC-8290-2,INC-8290,2026-09-26T11:12:00Z,Business,Failures encountered on checkout-service: Dependency version mismatch in gRPC protobuf schema,NEGATIVE
TCK-INC-8290-3,INC-8290,2026-09-26T11:14:00Z,Business,Failures encountered on checkout-service: Dependency version mismatch in gRPC protobuf schema,NEGATIVE
TCK-INC-8292-1,INC-8292,2026-08-18T08:29:00Z,Business,Failures encountered on notification-worker: Connection pool saturation under sustained transaction load,NEUTRAL
TCK-INC-8292-2,INC-8292,2026-08-18T08:24:00Z,Enterprise,Failures encountered on notification-worker: Connection pool saturation under sustained transaction load,NEUTRAL
TCK-INC-8293-1,INC-8293,2026-08-31T06:34:00Z,Business,Failures encountered on notification-worker: Slow query cascade triggering client connection timeout,NEGATIVE
TCK-INC-8294-1,INC-8294,2026-08-28T19:06:00Z,Free,Failures encountered on inventory-api: Database migration lock timeout during schema rollout,NEUTRAL
TCK-INC-8295-1,INC-8295,2026-09-13T02:17:00Z,Business,Failures encountered on notification-worker: Garbage collection pause duration exceeding 1500ms,NEUTRAL
TCK-INC-8295-2,INC-8295,2026-09-13T02:00:00Z,Free,Failures encountered on notification-worker: Garbage collection pause duration exceeding 1500ms,NEUTRAL
TCK-INC-8295-3,INC-8295,2026-09-13T02:14:00Z,Free,Failures encountered on notification-worker: Garbage collection pause duration exceeding 1500ms,NEUTRAL
TCK-INC-8296-1,INC-8296,2026-08-18T18:10:00Z,Enterprise,Failures encountered on inventory-api: Sudden traffic surge exceeding rate limiter bucket capacity,NEGATIVE
TCK-INC-8298-1,INC-8298,2026-08-19T04:40:00Z,Free,Failures encountered on search-indexer: Redis cluster shard memory limit eviction cascade,NEGATIVE
TCK-INC-8298-2,INC-8298,2026-08-19T04:24:00Z,Business,Failures encountered on search-indexer: Redis cluster shard memory limit eviction cascade,NEGATIVE
TCK-INC-8301-1,INC-8301,2026-09-10T12:10:00Z,Free,Failures encountered on payment-gateway: Null pointer exception in payload serialization post-release,NEUTRAL
TCK-INC-8302-1,INC-8302,2026-08-20T22:50:00Z,Enterprise,Failures encountered on auth-service: Null pointer exception in payload serialization post-release,NEGATIVE
TCK-INC-8302-2,INC-8302,2026-08-20T22:49:00Z,Business,Failures encountered on auth-service: Null pointer exception in payload serialization post-release,NEGATIVE
TCK-INC-8303-1,INC-8303,2026-09-23T18:16:00Z,Free,Failures encountered on user-profile: Dependency version mismatch in gRPC protobuf schema,NEUTRAL
TCK-INC-8303-2,INC-8303,2026-09-23T18:26:00Z,Enterprise,Failures encountered on user-profile: Dependency version mismatch in gRPC protobuf schema,NEUTRAL
TCK-INC-8304-1,INC-8304,2026-09-23T06:53:00Z,Enterprise,Failures encountered on order-processing: Stale cache invalidation logic deployed in Canary,NEUTRAL
TCK-INC-8304-2,INC-8304,2026-09-23T07:14:00Z,Business,Failures encountered on order-processing: Stale cache invalidation logic deployed in Canary,NEUTRAL
TCK-INC-8304-3,INC-8304,2026-09-23T07:01:00Z,Enterprise,Failures encountered on order-processing: Stale cache invalidation logic deployed in Canary,NEUTRAL
TCK-INC-8305-1,INC-8305,2026-08-19T02:07:00Z,Enterprise,Failures encountered on payment-gateway: Corrupted response payload format failing client validation,NEUTRAL
TCK-INC-8305-2,INC-8305,2026-08-19T02:10:00Z,Free,Failures encountered on payment-gateway: Corrupted response payload format failing client validation,NEUTRAL
TCK-INC-8305-3,INC-8305,2026-08-19T02:03:00Z,Business,Failures encountered on payment-gateway: Corrupted response payload format failing client validation,NEUTRAL
TCK-INC-8306-1,INC-8306,2026-09-13T07:14:00Z,Free,Failures encountered on auth-service: Pod memory limit hit triggering repeated OOMKilled events,NEUTRAL
TCK-INC-8307-1,INC-8307,2026-09-20T02:58:00Z,Free,Failures encountered on user-profile: TLS certificate handshake timeout on third-party webhook,NEUTRAL
TCK-INC-8307-2,INC-8307,2026-09-20T03:16:00Z,Business,Failures encountered on user-profile: TLS certificate handshake timeout on third-party webhook,NEUTRAL
TCK-INC-8308-1,INC-8308,2026-09-08T00:56:00Z,Free,Failures encountered on notification-worker: Null pointer exception in payload serialization post-release,NEGATIVE
TCK-INC-8308-2,INC-8308,2026-09-08T01:10:00Z,Enterprise,Failures encountered on notification-worker: Null pointer exception in payload serialization post-release,NEGATIVE
TCK-INC-8308-3,INC-8308,2026-09-08T00:54:00Z,Enterprise,Failures encountered on notification-worker: Null pointer exception in payload serialization post-release,NEGATIVE
TCK-INC-8309-1,INC-8309,2026-08-28T17:04:00Z,Enterprise,Failures encountered on notification-worker: Sudden traffic surge exceeding rate limiter bucket capacity,NEGATIVE
TCK-INC-8309-2,INC-8309,2026-08-28T17:03:00Z,Enterprise,Failures encountered on notification-worker: Sudden traffic surge exceeding rate limiter bucket capacity,NEGATIVE
TCK-INC-8311-1,INC-8311,2026-08-25T19:18:00Z,Free,Failures encountered on payment-gateway: Pod memory limit hit triggering repeated OOMKilled events,NEUTRAL
TCK-INC-8313-1,INC-8313,2026-08-29T17:08:00Z,Enterprise,Failures encountered on checkout-service: Batch data import job executed during peak consumer hours,NEUTRAL
TCK-INC-8313-2,INC-8313,2026-08-29T17:12:00Z,Enterprise,Failures encountered on checkout-service: Batch data import job executed during peak consumer hours,NEUTRAL
TCK-INC-8314-1,INC-8314,2026-08-27T11:53:00Z,Business,Failures encountered on user-profile: Spike in unauthenticated request probe flood,NEGATIVE
TCK-INC-8314-2,INC-8314,2026-08-27T11:43:00Z,Enterprise,Failures encountered on user-profile: Spike in unauthenticated request probe flood,NEGATIVE
TCK-INC-8314-3,INC-8314,2026-08-27T11:59:00Z,Enterprise,Failures encountered on user-profile: Spike in unauthenticated request probe flood,NEGATIVE
TCK-INC-8316-1,INC-8316,2026-09-21T11:37:00Z,Enterprise,Failures encountered on user-profile: Inter-region transit latency degradation exceeding SLA,NEUTRAL
TCK-INC-8316-2,INC-8316,2026-09-21T11:45:00Z,Free,Failures encountered on user-profile: Inter-region transit latency degradation exceeding SLA,NEUTRAL
TCK-INC-8318-1,INC-8318,2026-08-21T08:10:00Z,Enterprise,Failures encountered on notification-worker: Deadlock cycle in distributed checkout table lock,NEUTRAL
TCK-INC-8318-2,INC-8318,2026-08-21T08:13:00Z,Business,Failures encountered on notification-worker: Deadlock cycle in distributed checkout table lock,NEUTRAL
TCK-INC-8318-3,INC-8318,2026-08-21T08:09:00Z,Business,Failures encountered on notification-worker: Deadlock cycle in distributed checkout table lock,NEUTRAL
TCK-INC-8319-1,INC-8319,2026-08-15T06:59:00Z,Free,Failures encountered on order-processing: Memory leak in unclosed HTTP response stream handler,NEUTRAL
TCK-INC-8320-1,INC-8320,2026-09-15T13:16:00Z,Business,Failures encountered on search-indexer: DNS resolution timeouts between VPC private subnets,NEUTRAL
TCK-INC-8321-1,INC-8321,2026-09-05T19:19:00Z,Business,Failures encountered on notification-worker: Redis cluster shard memory limit eviction cascade,NEUTRAL
TCK-INC-8321-2,INC-8321,2026-09-05T19:21:00Z,Free,Failures encountered on notification-worker: Redis cluster shard memory limit eviction cascade,NEUTRAL
TCK-INC-8322-1,INC-8322,2026-08-14T10:25:00Z,Free,Failures encountered on search-indexer: File descriptor limit reached on upstream reverse proxy,NEGATIVE
TCK-INC-8322-2,INC-8322,2026-08-14T10:45:00Z,Business,Failures encountered on search-indexer: File descriptor limit reached on upstream reverse proxy,NEGATIVE
TCK-INC-8322-3,INC-8322,2026-08-14T10:25:00Z,Enterprise,Failures encountered on search-indexer: File descriptor limit reached on upstream reverse proxy,NEGATIVE
TCK-INC-8323-1,INC-8323,2026-08-31T23:38:00Z,Business,Failures encountered on user-profile: Network packet loss on Kubernetes overlay CNI bridge,NEUTRAL
TCK-INC-8324-1,INC-8324,2026-09-13T21:27:00Z,Free,Failures encountered on order-processing: Deadlock cycle in distributed checkout table lock,NEGATIVE
TCK-INC-8324-2,INC-8324,2026-09-13T21:26:00Z,Free,Failures encountered on order-processing: Deadlock cycle in distributed checkout table lock,NEGATIVE
TCK-INC-8325-1,INC-8325,2026-08-17T06:20:00Z,Business,Failures encountered on user-profile: DNS resolution timeouts between VPC private subnets,NEGATIVE
TCK-INC-8326-1,INC-8326,2026-08-13T09:05:00Z,Enterprise,Failures encountered on order-processing: DNS resolution timeouts between VPC private subnets,NEUTRAL
TCK-INC-8326-2,INC-8326,2026-08-13T08:54:00Z,Enterprise,Failures encountered on order-processing: DNS resolution timeouts between VPC private subnets,NEUTRAL
TCK-INC-8326-3,INC-8326,2026-08-13T08:47:00Z,Enterprise,Failures encountered on order-processing: DNS resolution timeouts between VPC private subnets,NEUTRAL
TCK-INC-8327-1,INC-8327,2026-09-01T12:58:00Z,Business,Failures encountered on user-profile: Ephemeral disk volume full due to unrotated application logs,NEUTRAL
TCK-INC-8329-1,INC-8329,2026-08-31T21:27:00Z,Enterprise,Failures encountered on order-processing: File descriptor limit reached on upstream reverse proxy,NEUTRAL
TCK-INC-8329-2,INC-8329,2026-08-31T21:36:00Z,Business,Failures encountered on order-processing: File descriptor limit reached on upstream reverse proxy,NEUTRAL
TCK-INC-8332-1,INC-8332,2026-08-26T22:27:00Z,Business,Failures encountered on order-processing: High CPU throttling on Kubernetes node worker pool,NEGATIVE
TCK-INC-8332-2,INC-8332,2026-08-26T22:20:00Z,Free,Failures encountered on order-processing: High CPU throttling on Kubernetes node worker pool,NEGATIVE
TCK-INC-8332-3,INC-8332,2026-08-26T22:29:00Z,Business,Failures encountered on order-processing: High CPU throttling on Kubernetes node worker pool,NEGATIVE
TCK-INC-8333-1,INC-8333,2026-08-24T09:00:00Z,Enterprise,Failures encountered on user-profile: Memory leak in unclosed HTTP response stream handler,NEUTRAL
TCK-INC-8333-2,INC-8333,2026-08-24T09:05:00Z,Free,Failures encountered on user-profile: Memory leak in unclosed HTTP response stream handler,NEUTRAL
TCK-INC-8333-3,INC-8333,2026-08-24T08:49:00Z,Enterprise,Failures encountered on user-profile: Memory leak in unclosed HTTP response stream handler,NEUTRAL
TCK-INC-8334-1,INC-8334,2026-09-07T15:11:00Z,Free,Failures encountered on user-profile: Batch data import job executed during peak consumer hours,NEUTRAL
TCK-INC-8334-2,INC-8334,2026-09-07T15:17:00Z,Enterprise,Failures encountered on user-profile: Batch data import job executed during peak consumer hours,NEUTRAL
TCK-INC-8337-1,INC-8337,2026-08-24T03:16:00Z,Business,Failures encountered on inventory-api: Unhandled arithmetic overflow in currency conversion,NEUTRAL
TCK-INC-8337-2,INC-8337,2026-08-24T03:17:00Z,Enterprise,Failures encountered on inventory-api: Unhandled arithmetic overflow in currency conversion,NEUTRAL
TCK-INC-8337-3,INC-8337,2026-08-24T03:20:00Z,Business,Failures encountered on inventory-api: Unhandled arithmetic overflow in currency conversion,NEUTRAL
TCK-INC-8338-1,INC-8338,2026-08-28T22:10:00Z,Business,Failures encountered on user-profile: File descriptor limit reached on upstream reverse proxy,NEUTRAL
TCK-INC-8338-2,INC-8338,2026-08-28T21:57:00Z,Free,Failures encountered on user-profile: File descriptor limit reached on upstream reverse proxy,NEUTRAL
TCK-INC-8339-1,INC-8339,2026-09-07T17:53:00Z,Free,Failures encountered on user-profile: Config flag default inversion causing request rejections,NEGATIVE
TCK-INC-8340-1,INC-8340,2026-09-04T16:24:00Z,Business,Failures encountered on auth-service: Null pointer exception in payload serialization post-release,NEUTRAL
TCK-INC-8342-1,INC-8342,2026-09-03T02:59:00Z,Enterprise,Failures encountered on notification-worker: Config flag default inversion causing request rejections,NEGATIVE
TCK-INC-8344-1,INC-8344,2026-09-18T16:28:00Z,Enterprise,Failures encountered on auth-service: Database migration lock timeout during schema rollout,NEGATIVE
TCK-INC-8344-2,INC-8344,2026-09-18T16:24:00Z,Free,Failures encountered on auth-service: Database migration lock timeout during schema rollout,NEGATIVE
TCK-INC-8344-3,INC-8344,2026-09-18T16:13:00Z,Enterprise,Failures encountered on auth-service: Database migration lock timeout during schema rollout,NEGATIVE
TCK-INC-8345-1,INC-8345,2026-09-12T04:40:00Z,Free,Failures encountered on order-processing: Unhandled arithmetic overflow in currency conversion,NEUTRAL
TCK-INC-8345-2,INC-8345,2026-09-12T04:54:00Z,Enterprise,Failures encountered on order-processing: Unhandled arithmetic overflow in currency conversion,NEUTRAL
TCK-INC-8345-3,INC-8345,2026-09-12T04:33:00Z,Business,Failures encountered on order-processing: Unhandled arithmetic overflow in currency conversion,NEUTRAL
TCK-INC-8346-1,INC-8346,2026-09-07T00:21:00Z,Free,Failures encountered on notification-worker: Garbage collection pause duration exceeding 1500ms,NEUTRAL
TCK-INC-8347-1,INC-8347,2026-09-08T12:52:00Z,Business,Failures encountered on search-indexer: DNS resolution timeouts between VPC private subnets,NEUTRAL
TCK-INC-8349-1,INC-8349,2026-09-21T23:19:00Z,Free,Failures encountered on notification-worker: Garbage collection pause duration exceeding 1500ms,NEUTRAL
TCK-INC-8349-2,INC-8349,2026-09-21T23:10:00Z,Enterprise,Failures encountered on notification-worker: Garbage collection pause duration exceeding 1500ms,NEUTRAL
TCK-INC-8350-1,INC-8350,2026-08-21T10:12:00Z,Free,Failures encountered on auth-service: Network packet loss on Kubernetes overlay CNI bridge,NEGATIVE
TCK-INC-8350-2,INC-8350,2026-08-21T09:55:00Z,Enterprise,Failures encountered on auth-service: Network packet loss on Kubernetes overlay CNI bridge,NEGATIVE
TCK-INC-8351-1,INC-8351,2026-09-25T00:16:00Z,Business,Failures encountered on search-indexer: Corrupted response payload format failing client validation,NEUTRAL
TCK-INC-8351-2,INC-8351,2026-09-25T00:09:00Z,Enterprise,Failures encountered on search-indexer: Corrupted response payload format failing client validation,NEUTRAL
TCK-INC-8355-1,INC-8355,2026-08-12T15:10:00Z,Business,Failures encountered on search-indexer: TLS certificate handshake timeout on third-party webhook,NEUTRAL
TCK-INC-8355-2,INC-8355,2026-08-12T15:19:00Z,Free,Failures encountered on search-indexer: TLS certificate handshake timeout on third-party webhook,NEUTRAL
TCK-INC-8355-3,INC-8355,2026-08-12T15:25:00Z,Business,Failures encountered on search-indexer: TLS certificate handshake timeout on third-party webhook,NEUTRAL
TCK-INC-8356-1,INC-8356,2026-09-23T01:49:00Z,Business,Failures encountered on user-profile: Redis cluster shard memory limit eviction cascade,NEGATIVE
TCK-INC-8356-2,INC-8356,2026-09-23T01:38:00Z,Free,Failures encountered on user-profile: Redis cluster shard memory limit eviction cascade,NEGATIVE
TCK-INC-8357-1,INC-8357,2026-09-10T16:39:00Z,Business,Failures encountered on auth-service: Pod memory limit hit triggering repeated OOMKilled events,NEUTRAL
TCK-INC-8359-1,INC-8359,2026-09-09T22:03:00Z,Business,Failures encountered on search-indexer: DNS resolution timeouts between VPC private subnets,NEGATIVE
TCK-INC-8359-2,INC-8359,2026-09-09T22:07:00Z,Business,Failures encountered on search-indexer: DNS resolution timeouts between VPC private subnets,NEGATIVE
TCK-INC-8359-3,INC-8359,2026-09-09T21:56:00Z,Free,Failures encountered on search-indexer: DNS resolution timeouts between VPC private subnets,NEGATIVE
TCK-INC-8360-1,INC-8360,2026-09-25T05:38:00Z,Enterprise,Failures encountered on inventory-api: File descriptor limit reached on upstream reverse proxy,NEUTRAL
TCK-INC-8361-1,INC-8361,2026-08-13T15:07:00Z,Business,Failures encountered on inventory-api: File descriptor limit reached on upstream reverse proxy,NEGATIVE
TCK-INC-8361-2,INC-8361,2026-08-13T15:16:00Z,Free,Failures encountered on inventory-api: File descriptor limit reached on upstream reverse proxy,NEGATIVE
TCK-INC-8363-1,INC-8363,2026-09-16T13:58:00Z,Enterprise,Failures encountered on search-indexer: TCP socket connection reset by peer on egress gateway,NEGATIVE
TCK-INC-8363-2,INC-8363,2026-09-16T13:55:00Z,Free,Failures encountered on search-indexer: TCP socket connection reset by peer on egress gateway,NEGATIVE
TCK-INC-8364-1,INC-8364,2026-09-09T23:41:00Z,Free,Failures encountered on search-indexer: Deadlock cycle in distributed checkout table lock,NEUTRAL
TCK-INC-8366-1,INC-8366,2026-08-15T19:39:00Z,Free,Failures encountered on inventory-api: Deadlock cycle in distributed checkout table lock,NEUTRAL
TCK-INC-8366-2,INC-8366,2026-08-15T19:37:00Z,Business,Failures encountered on inventory-api: Deadlock cycle in distributed checkout table lock,NEUTRAL
TCK-INC-8367-1,INC-8367,2026-09-10T11:48:00Z,Enterprise,Failures encountered on auth-service: Inter-region transit latency degradation exceeding SLA,NEGATIVE
TCK-INC-8367-2,INC-8367,2026-09-10T11:48:00Z,Business,Failures encountered on auth-service: Inter-region transit latency degradation exceeding SLA,NEGATIVE
TCK-INC-8367-3,INC-8367,2026-09-10T11:48:00Z,Enterprise,Failures encountered on auth-service: Inter-region transit latency degradation exceeding SLA,NEGATIVE
TCK-INC-8368-1,INC-8368,2026-08-18T22:49:00Z,Enterprise,Failures encountered on user-profile: Config flag default inversion causing request rejections,NEUTRAL
TCK-INC-8370-1,INC-8370,2026-09-22T10:44:00Z,Business,Failures encountered on order-processing: Connection pool saturation under sustained transaction load,NEUTRAL
TCK-INC-8370-2,INC-8370,2026-09-22T10:52:00Z,Business,Failures encountered on order-processing: Connection pool saturation under sustained transaction load,NEUTRAL
TCK-INC-8370-3,INC-8370,2026-09-22T10:34:00Z,Enterprise,Failures encountered on order-processing: Connection pool saturation under sustained transaction load,NEUTRAL
TCK-INC-8372-1,INC-8372,2026-08-16T04:57:00Z,Free,Failures encountered on search-indexer: Dependency version mismatch in gRPC protobuf schema,NEGATIVE
TCK-INC-8372-2,INC-8372,2026-08-16T04:51:00Z,Free,Failures encountered on search-indexer: Dependency version mismatch in gRPC protobuf schema,NEGATIVE
TCK-INC-8372-3,INC-8372,2026-08-16T04:57:00Z,Free,Failures encountered on search-indexer: Dependency version mismatch in gRPC protobuf schema,NEGATIVE
TCK-INC-8373-1,INC-8373,2026-08-29T21:37:00Z,Business,Failures encountered on auth-service: Null pointer exception in payload serialization post-release,NEUTRAL
TCK-INC-8373-2,INC-8373,2026-08-29T21:49:00Z,Business,Failures encountered on auth-service: Null pointer exception in payload serialization post-release,NEUTRAL
TCK-INC-8374-1,INC-8374,2026-09-20T11:50:00Z,Free,Failures encountered on checkout-service: Batch data import job executed during peak consumer hours,NEUTRAL
TCK-INC-8374-2,INC-8374,2026-09-20T11:53:00Z,Business,Failures encountered on checkout-service: Batch data import job executed during peak consumer hours,NEUTRAL
TCK-INC-8375-1,INC-8375,2026-09-12T03:14:00Z,Enterprise,Failures encountered on inventory-api: File descriptor limit reached on upstream reverse proxy,NEUTRAL
TCK-INC-8377-1,INC-8377,2026-08-19T12:06:00Z,Enterprise,Failures encountered on auth-service: Connection pool saturation under sustained transaction load,NEGATIVE
TCK-INC-8377-2,INC-8377,2026-08-19T12:01:00Z,Enterprise,Failures encountered on auth-service: Connection pool saturation under sustained transaction load,NEGATIVE
TCK-INC-8377-3,INC-8377,2026-08-19T11:55:00Z,Business,Failures encountered on auth-service: Connection pool saturation under sustained transaction load,NEGATIVE
TCK-INC-8379-1,INC-8379,2026-08-29T04:20:00Z,Business,Failures encountered on notification-worker: File descriptor limit reached on upstream reverse proxy,NEUTRAL
TCK-INC-8380-1,INC-8380,2026-08-22T09:56:00Z,Free,Failures encountered on auth-service: Batch data import job executed during peak consumer hours,NEUTRAL
TCK-INC-8380-2,INC-8380,2026-08-22T10:07:00Z,Enterprise,Failures encountered on auth-service: Batch data import job executed during peak consumer hours,NEUTRAL
TCK-INC-8381-1,INC-8381,2026-09-03T03:52:00Z,Business,Failures encountered on search-indexer: File descriptor limit reached on upstream reverse proxy,NEGATIVE
TCK-INC-8381-2,INC-8381,2026-09-03T04:01:00Z,Free,Failures encountered on search-indexer: File descriptor limit reached on upstream reverse proxy,NEGATIVE
TCK-INC-8382-1,INC-8382,2026-08-25T00:32:00Z,Enterprise,Failures encountered on payment-gateway: Recursive call in JSON parsing leading to stack exhaustion,NEUTRAL
TCK-INC-8382-2,INC-8382,2026-08-25T00:34:00Z,Business,Failures encountered on payment-gateway: Recursive call in JSON parsing leading to stack exhaustion,NEUTRAL
TCK-INC-8383-1,INC-8383,2026-09-24T10:40:00Z,Free,Failures encountered on inventory-api: Batch data import job executed during peak consumer hours,NEGATIVE
TCK-INC-8383-2,INC-8383,2026-09-24T10:34:00Z,Free,Failures encountered on inventory-api: Batch data import job executed during peak consumer hours,NEGATIVE
TCK-INC-8387-1,INC-8387,2026-08-29T00:03:00Z,Enterprise,Failures encountered on order-processing: Redis cluster shard memory limit eviction cascade,NEGATIVE
TCK-INC-8390-1,INC-8390,2026-09-21T04:19:00Z,Business,Failures encountered on auth-service: TLS certificate handshake timeout on third-party webhook,NEUTRAL
TCK-INC-8391-1,INC-8391,2026-08-18T15:56:00Z,Free,Failures encountered on order-processing: Inter-region transit latency degradation exceeding SLA,NEUTRAL
TCK-INC-8391-2,INC-8391,2026-08-18T15:47:00Z,Business,Failures encountered on order-processing: Inter-region transit latency degradation exceeding SLA,NEUTRAL
TCK-INC-8391-3,INC-8391,2026-08-18T15:41:00Z,Free,Failures encountered on order-processing: Inter-region transit latency degradation exceeding SLA,NEUTRAL
TCK-INC-8394-1,INC-8394,2026-09-21T18:05:00Z,Free,Failures encountered on inventory-api: Network packet loss on Kubernetes overlay CNI bridge,NEGATIVE
TCK-INC-8394-2,INC-8394,2026-09-21T18:03:00Z,Free,Failures encountered on inventory-api: Network packet loss on Kubernetes overlay CNI bridge,NEGATIVE
TCK-INC-8394-3,INC-8394,2026-09-21T18:05:00Z,Enterprise,Failures encountered on inventory-api: Network packet loss on Kubernetes overlay CNI bridge,NEGATIVE
TCK-INC-8395-1,INC-8395,2026-09-03T19:35:00Z,Enterprise,Failures encountered on order-processing: Deadlock cycle in distributed checkout table lock,NEGATIVE
TCK-INC-8395-2,INC-8395,2026-09-03T19:28:00Z,Enterprise,Failures encountered on order-processing: Deadlock cycle in distributed checkout table lock,NEGATIVE
TCK-INC-8397-1,INC-8397,2026-08-18T16:47:00Z,Business,Failures encountered on search-indexer: Redis cluster shard memory limit eviction cascade,NEGATIVE
TCK-INC-8398-1,INC-8398,2026-08-13T05:46:00Z,Business,Failures encountered on payment-gateway: Config flag default inversion causing request rejections,NEUTRAL
TCK-INC-8398-2,INC-8398,2026-08-13T05:34:00Z,Enterprise,Failures encountered on payment-gateway: Config flag default inversion causing request rejections,NEUTRAL
TCK-INC-8398-3,INC-8398,2026-08-13T05:31:00Z,Free,Failures encountered on payment-gateway: Config flag default inversion causing request rejections,NEUTRAL
TCK-INC-8399-1,INC-8399,2026-09-10T19:04:00Z,Free,Failures encountered on search-indexer: Slow query cascade triggering client connection timeout,NEUTRAL
TCK-INC-8399-2,INC-8399,2026-09-10T19:04:00Z,Enterprise,Failures encountered on search-indexer: Slow query cascade triggering client connection timeout,NEUTRAL
TCK-INC-8403-1,INC-8403,2026-09-23T16:13:00Z,Free,Failures encountered on auth-service: Corrupted response payload format failing client validation,NEUTRAL
TCK-INC-8403-2,INC-8403,2026-09-23T16:04:00Z,Free,Failures encountered on auth-service: Corrupted response payload format failing client validation,NEUTRAL
TCK-INC-8404-1,INC-8404,2026-08-26T03:27:00Z,Free,Failures encountered on search-indexer: Batch data import job executed during peak consumer hours,NEGATIVE
TCK-INC-8405-1,INC-8405,2026-09-19T08:47:00Z,Business,Failures encountered on auth-service: Corrupted response payload format failing client validation,NEUTRAL
TCK-INC-8405-2,INC-8405,2026-09-19T08:30:00Z,Free,Failures encountered on auth-service: Corrupted response payload format failing client validation,NEUTRAL
TCK-INC-8407-1,INC-8407,2026-09-05T22:01:00Z,Business,Failures encountered on auth-service: Null pointer exception in payload serialization post-release,NEUTRAL
TCK-INC-8407-2,INC-8407,2026-09-05T21:55:00Z,Free,Failures encountered on auth-service: Null pointer exception in payload serialization post-release,NEUTRAL
TCK-INC-8407-3,INC-8407,2026-09-05T21:55:00Z,Enterprise,Failures encountered on auth-service: Null pointer exception in payload serialization post-release,NEUTRAL
TCK-INC-8408-1,INC-8408,2026-08-13T21:19:00Z,Free,Failures encountered on search-indexer: Race condition in concurrent token refresh logic,NEUTRAL
TCK-INC-8408-2,INC-8408,2026-08-13T21:39:00Z,Free,Failures encountered on search-indexer: Race condition in concurrent token refresh logic,NEUTRAL
TCK-INC-8408-3,INC-8408,2026-08-13T21:28:00Z,Free,Failures encountered on search-indexer: Race condition in concurrent token refresh logic,NEUTRAL
TCK-INC-8409-1,INC-8409,2026-09-17T21:02:00Z,Free,Failures encountered on auth-service: Spike in unauthenticated request probe flood,NEUTRAL
TCK-INC-8410-1,INC-8410,2026-09-25T10:35:00Z,Business,Failures encountered on auth-service: Distributed crawler burst triggering endpoint 429 retries,NEGATIVE
TCK-INC-8410-2,INC-8410,2026-09-25T10:25:00Z,Enterprise,Failures encountered on auth-service: Distributed crawler burst triggering endpoint 429 retries,NEGATIVE
TCK-INC-8411-1,INC-8411,2026-09-23T19:37:00Z,Enterprise,Failures encountered on checkout-service: Config flag default inversion causing request rejections,NEUTRAL
TCK-INC-8412-1,INC-8412,2026-08-30T19:42:00Z,Business,Failures encountered on search-indexer: Null pointer exception in payload serialization post-release,NEGATIVE
TCK-INC-8412-2,INC-8412,2026-08-30T19:55:00Z,Free,Failures encountered on search-indexer: Null pointer exception in payload serialization post-release,NEGATIVE
TCK-INC-8413-1,INC-8413,2026-09-15T06:59:00Z,Enterprise,Failures encountered on order-processing: Dependency version mismatch in gRPC protobuf schema,NEGATIVE
TCK-INC-8413-2,INC-8413,2026-09-15T07:05:00Z,Free,Failures encountered on order-processing: Dependency version mismatch in gRPC protobuf schema,NEGATIVE
TCK-INC-8414-1,INC-8414,2026-08-20T12:31:00Z,Business,Failures encountered on checkout-service: Batch data import job executed during peak consumer hours,NEGATIVE
TCK-INC-8414-2,INC-8414,2026-08-20T12:21:00Z,Free,Failures encountered on checkout-service: Batch data import job executed during peak consumer hours,NEGATIVE
TCK-INC-8417-1,INC-8417,2026-09-02T00:12:00Z,Business,Failures encountered on checkout-service: TLS certificate handshake timeout on third-party webhook,NEUTRAL
TCK-INC-8419-1,INC-8419,2026-08-13T11:35:00Z,Business,Failures encountered on order-processing: Distributed crawler burst triggering endpoint 429 retries,NEUTRAL
TCK-INC-8420-1,INC-8420,2026-08-30T17:45:00Z,Business,Failures encountered on notification-worker: Slow query cascade triggering client connection timeout,NEUTRAL
TCK-INC-8420-2,INC-8420,2026-08-30T17:28:00Z,Free,Failures encountered on notification-worker: Slow query cascade triggering client connection timeout,NEUTRAL
TCK-INC-8420-3,INC-8420,2026-08-30T17:22:00Z,Free,Failures encountered on notification-worker: Slow query cascade triggering client connection timeout,NEUTRAL
TCK-INC-8421-1,INC-8421,2026-09-11T19:15:00Z,Enterprise,Failures encountered on notification-worker: Unhandled arithmetic overflow in currency conversion,NEUTRAL
TCK-INC-8421-2,INC-8421,2026-09-11T19:22:00Z,Enterprise,Failures encountered on notification-worker: Unhandled arithmetic overflow in currency conversion,NEUTRAL
TCK-INC-8422-1,INC-8422,2026-08-20T17:38:00Z,Free,Failures encountered on search-indexer: Pod memory limit hit triggering repeated OOMKilled events,NEUTRAL
TCK-INC-8422-2,INC-8422,2026-08-20T17:56:00Z,Enterprise,Failures encountered on search-indexer: Pod memory limit hit triggering repeated OOMKilled events,NEUTRAL
TCK-INC-8423-1,INC-8423,2026-09-15T05:57:00Z,Enterprise,Failures encountered on payment-gateway: Inter-region transit latency degradation exceeding SLA,NEUTRAL
TCK-INC-8423-2,INC-8423,2026-09-15T06:09:00Z,Free,Failures encountered on payment-gateway: Inter-region transit latency degradation exceeding SLA,NEUTRAL
TCK-INC-8423-3,INC-8423,2026-09-15T06:04:00Z,Enterprise,Failures encountered on payment-gateway: Inter-region transit latency degradation exceeding SLA,NEUTRAL
TCK-INC-8425-1,INC-8425,2026-09-08T05:15:00Z,Business,Failures encountered on auth-service: Database migration lock timeout during schema rollout,NEUTRAL
TCK-INC-8425-2,INC-8425,2026-09-08T05:16:00Z,Free,Failures encountered on auth-service: Database migration lock timeout during schema rollout,NEUTRAL
TCK-INC-8426-1,INC-8426,2026-09-23T10:09:00Z,Business,Failures encountered on payment-gateway: File descriptor limit reached on upstream reverse proxy,NEUTRAL
TCK-INC-8426-2,INC-8426,2026-09-23T10:14:00Z,Business,Failures encountered on payment-gateway: File descriptor limit reached on upstream reverse proxy,NEUTRAL
TCK-INC-8426-3,INC-8426,2026-09-23T10:24:00Z,Free,Failures encountered on payment-gateway: File descriptor limit reached on upstream reverse proxy,NEUTRAL
TCK-INC-8428-1,INC-8428,2026-09-03T10:04:00Z,Enterprise,Failures encountered on payment-gateway: TCP socket connection reset by peer on egress gateway,NEUTRAL
TCK-INC-8429-1,INC-8429,2026-09-11T13:13:00Z,Enterprise,Failures encountered on notification-worker: File descriptor limit reached on upstream reverse proxy,NEUTRAL
TCK-INC-8430-1,INC-8430,2026-09-09T23:50:00Z,Free,Failures encountered on notification-worker: Garbage collection pause duration exceeding 1500ms,NEGATIVE
TCK-INC-8432-1,INC-8432,2026-09-09T16:06:00Z,Enterprise,Failures encountered on checkout-service: Dependency version mismatch in gRPC protobuf schema,NEUTRAL
TCK-INC-8435-1,INC-8435,2026-09-02T21:16:00Z,Business,Failures encountered on search-indexer: Network packet loss on Kubernetes overlay CNI bridge,NEGATIVE
TCK-INC-8435-2,INC-8435,2026-09-02T21:19:00Z,Business,Failures encountered on search-indexer: Network packet loss on Kubernetes overlay CNI bridge,NEGATIVE
TCK-INC-8437-1,INC-8437,2026-09-11T04:23:00Z,Enterprise,Failures encountered on auth-service: Distributed crawler burst triggering endpoint 429 retries,NEUTRAL
TCK-INC-8437-2,INC-8437,2026-09-11T04:37:00Z,Enterprise,Failures encountered on auth-service: Distributed crawler burst triggering endpoint 429 retries,NEUTRAL
TCK-INC-8439-1,INC-8439,2026-08-30T00:14:00Z,Free,Failures encountered on inventory-api: Inter-region transit latency degradation exceeding SLA,NEUTRAL
TCK-INC-8439-2,INC-8439,2026-08-30T00:22:00Z,Enterprise,Failures encountered on inventory-api: Inter-region transit latency degradation exceeding SLA,NEUTRAL
TCK-INC-8440-1,INC-8440,2026-08-30T19:00:00Z,Business,Failures encountered on checkout-service: Unindexed query scan causing read replica CPU spike,NEGATIVE
TCK-INC-8440-2,INC-8440,2026-08-30T18:44:00Z,Business,Failures encountered on checkout-service: Unindexed query scan causing read replica CPU spike,NEGATIVE
TCK-INC-8441-1,INC-8441,2026-08-19T12:48:00Z,Business,Failures encountered on checkout-service: Deadlock cycle in distributed checkout table lock,NEUTRAL
TCK-INC-8441-2,INC-8441,2026-08-19T12:41:00Z,Free,Failures encountered on checkout-service: Deadlock cycle in distributed checkout table lock,NEUTRAL
TCK-INC-8441-3,INC-8441,2026-08-19T12:31:00Z,Free,Failures encountered on checkout-service: Deadlock cycle in distributed checkout table lock,NEUTRAL
TCK-INC-8443-1,INC-8443,2026-08-19T21:11:00Z,Business,Failures encountered on notification-worker: Pod memory limit hit triggering repeated OOMKilled events,NEUTRAL
TCK-INC-8444-1,INC-8444,2026-09-21T10:56:00Z,Business,Failures encountered on user-profile: Deadlock cycle in distributed checkout table lock,NEUTRAL
TCK-INC-8445-1,INC-8445,2026-09-13T23:03:00Z,Free,Failures encountered on notification-worker: Distributed crawler burst triggering endpoint 429 retries,NEUTRAL
TCK-INC-8445-2,INC-8445,2026-09-13T23:06:00Z,Free,Failures encountered on notification-worker: Distributed crawler burst triggering endpoint 429 retries,NEUTRAL
TCK-INC-8445-3,INC-8445,2026-09-13T23:11:00Z,Business,Failures encountered on notification-worker: Distributed crawler burst triggering endpoint 429 retries,NEUTRAL
TCK-INC-8448-1,INC-8448,2026-09-07T19:51:00Z,Enterprise,Failures encountered on auth-service: Null pointer exception in payload serialization post-release,NEGATIVE
TCK-INC-8448-2,INC-8448,2026-09-07T20:11:00Z,Free,Failures encountered on auth-service: Null pointer exception in payload serialization post-release,NEGATIVE
TCK-INC-8449-1,INC-8449,2026-09-21T06:46:00Z,Enterprise,Failures encountered on search-indexer: Unhandled arithmetic overflow in currency conversion,NEGATIVE
TCK-INC-8449-2,INC-8449,2026-09-21T06:34:00Z,Free,Failures encountered on search-indexer: Unhandled arithmetic overflow in currency conversion,NEGATIVE
TCK-INC-8450-1,INC-8450,2026-09-13T02:44:00Z,Business,Failures encountered on checkout-service: High CPU throttling on Kubernetes node worker pool,NEUTRAL
TCK-INC-8451-1,INC-8451,2026-09-08T17:15:00Z,Business,Failures encountered on order-processing: Database migration lock timeout during schema rollout,NEUTRAL
TCK-INC-8452-1,INC-8452,2026-09-16T10:53:00Z,Business,Failures encountered on payment-gateway: Dependency version mismatch in gRPC protobuf schema,NEUTRAL
TCK-INC-8453-1,INC-8453,2026-09-21T00:10:00Z,Business,Failures encountered on user-profile: Slow query cascade triggering client connection timeout,NEUTRAL
TCK-INC-8453-2,INC-8453,2026-09-20T23:50:00Z,Business,Failures encountered on user-profile: Slow query cascade triggering client connection timeout,NEUTRAL
TCK-INC-8455-1,INC-8455,2026-08-13T06:04:00Z,Business,Failures encountered on user-profile: TLS certificate handshake timeout on third-party webhook,NEGATIVE
TCK-INC-8455-2,INC-8455,2026-08-13T06:03:00Z,Business,Failures encountered on user-profile: TLS certificate handshake timeout on third-party webhook,NEGATIVE
TCK-INC-8455-3,INC-8455,2026-08-13T05:44:00Z,Business,Failures encountered on user-profile: TLS certificate handshake timeout on third-party webhook,NEGATIVE
TCK-INC-8456-1,INC-8456,2026-08-25T10:16:00Z,Free,Failures encountered on notification-worker: TCP socket connection reset by peer on egress gateway,NEUTRAL
TCK-INC-8456-2,INC-8456,2026-08-25T10:22:00Z,Enterprise,Failures encountered on notification-worker: TCP socket connection reset by peer on egress gateway,NEUTRAL
TCK-INC-8458-1,INC-8458,2026-09-10T21:42:00Z,Business,Failures encountered on search-indexer: Pod memory limit hit triggering repeated OOMKilled events,NEUTRAL
TCK-INC-8458-2,INC-8458,2026-09-10T21:31:00Z,Business,Failures encountered on search-indexer: Pod memory limit hit triggering repeated OOMKilled events,NEUTRAL
TCK-INC-8461-1,INC-8461,2026-09-07T01:10:00Z,Business,Failures encountered on search-indexer: Unhandled arithmetic overflow in currency conversion,NEGATIVE
TCK-INC-8461-2,INC-8461,2026-09-07T01:07:00Z,Business,Failures encountered on search-indexer: Unhandled arithmetic overflow in currency conversion,NEGATIVE
TCK-INC-8463-1,INC-8463,2026-09-08T23:44:00Z,Free,Failures encountered on inventory-api: Sudden traffic surge exceeding rate limiter bucket capacity,NEUTRAL
TCK-INC-8463-2,INC-8463,2026-09-08T23:43:00Z,Free,Failures encountered on inventory-api: Sudden traffic surge exceeding rate limiter bucket capacity,NEUTRAL
TCK-INC-8464-1,INC-8464,2026-09-24T22:28:00Z,Free,Failures encountered on search-indexer: TCP socket connection reset by peer on egress gateway,NEGATIVE
TCK-INC-8465-1,INC-8465,2026-09-19T03:40:00Z,Free,Failures encountered on notification-worker: Deadlock cycle in distributed checkout table lock,NEGATIVE
TCK-INC-8465-2,INC-8465,2026-09-19T03:46:00Z,Enterprise,Failures encountered on notification-worker: Deadlock cycle in distributed checkout table lock,NEGATIVE
TCK-INC-8466-1,INC-8466,2026-08-30T19:49:00Z,Enterprise,Failures encountered on checkout-service: Ephemeral disk volume full due to unrotated application logs,NEGATIVE
TCK-INC-8466-2,INC-8466,2026-08-30T19:46:00Z,Free,Failures encountered on checkout-service: Ephemeral disk volume full due to unrotated application logs,NEGATIVE
TCK-INC-8466-3,INC-8466,2026-08-30T19:44:00Z,Free,Failures encountered on checkout-service: Ephemeral disk volume full due to unrotated application logs,NEGATIVE
TCK-INC-8467-1,INC-8467,2026-08-22T06:44:00Z,Enterprise,Failures encountered on payment-gateway: Unhandled arithmetic overflow in currency conversion,NEGATIVE
TCK-INC-8467-2,INC-8467,2026-08-22T06:50:00Z,Enterprise,Failures encountered on payment-gateway: Unhandled arithmetic overflow in currency conversion,NEGATIVE
TCK-INC-8469-1,INC-8469,2026-08-26T21:13:00Z,Enterprise,Failures encountered on search-indexer: Dependency version mismatch in gRPC protobuf schema,NEUTRAL
TCK-INC-8469-2,INC-8469,2026-08-26T20:58:00Z,Enterprise,Failures encountered on search-indexer: Dependency version mismatch in gRPC protobuf schema,NEUTRAL
TCK-INC-8469-3,INC-8469,2026-08-26T21:11:00Z,Enterprise,Failures encountered on search-indexer: Dependency version mismatch in gRPC protobuf schema,NEUTRAL
TCK-INC-8470-1,INC-8470,2026-09-12T03:32:00Z,Enterprise,Failures encountered on notification-worker: File descriptor limit reached on upstream reverse proxy,NEUTRAL
TCK-INC-8470-2,INC-8470,2026-09-12T03:43:00Z,Free,Failures encountered on notification-worker: File descriptor limit reached on upstream reverse proxy,NEUTRAL
TCK-INC-8471-1,INC-8471,2026-09-09T17:22:00Z,Free,Failures encountered on checkout-service: Database migration lock timeout during schema rollout,NEUTRAL
TCK-INC-8471-2,INC-8471,2026-09-09T17:33:00Z,Enterprise,Failures encountered on checkout-service: Database migration lock timeout during schema rollout,NEUTRAL
TCK-INC-8472-1,INC-8472,2026-08-21T08:47:00Z,Business,Failures encountered on notification-worker: Corrupted response payload format failing client validation,NEUTRAL
TCK-INC-8472-2,INC-8472,2026-08-21T08:54:00Z,Enterprise,Failures encountered on notification-worker: Corrupted response payload format failing client validation,NEUTRAL
TCK-INC-8472-3,INC-8472,2026-08-21T08:57:00Z,Enterprise,Failures encountered on notification-worker: Corrupted response payload format failing client validation,NEUTRAL
TCK-INC-8473-1,INC-8473,2026-08-12T13:46:00Z,Enterprise,Failures encountered on payment-gateway: Dependency version mismatch in gRPC protobuf schema,NEUTRAL
TCK-INC-8473-2,INC-8473,2026-08-12T13:36:00Z,Enterprise,Failures encountered on payment-gateway: Dependency version mismatch in gRPC protobuf schema,NEUTRAL
TCK-INC-8473-3,INC-8473,2026-08-12T13:34:00Z,Free,Failures encountered on payment-gateway: Dependency version mismatch in gRPC protobuf schema,NEUTRAL
TCK-INC-8474-1,INC-8474,2026-08-22T14:50:00Z,Free,Failures encountered on search-indexer: Config flag default inversion causing request rejections,NEGATIVE
TCK-INC-8474-2,INC-8474,2026-08-22T14:51:00Z,Free,Failures encountered on search-indexer: Config flag default inversion causing request rejections,NEGATIVE
TCK-INC-8474-3,INC-8474,2026-08-22T15:07:00Z,Free,Failures encountered on search-indexer: Config flag default inversion causing request rejections,NEGATIVE
TCK-INC-8475-1,INC-8475,2026-08-24T00:00:00Z,Enterprise,Failures encountered on order-processing: Sudden traffic surge exceeding rate limiter bucket capacity,NEGATIVE
TCK-INC-8475-2,INC-8475,2026-08-24T00:01:00Z,Enterprise,Failures encountered on order-processing: Sudden traffic surge exceeding rate limiter bucket capacity,NEGATIVE
TCK-INC-8476-1,INC-8476,2026-09-09T04:43:00Z,Business,Failures encountered on user-profile: Connection pool saturation under sustained transaction load,NEGATIVE
TCK-INC-8477-1,INC-8477,2026-09-05T12:50:00Z,Enterprise,Failures encountered on checkout-service: Spike in unauthenticated request probe flood,NEUTRAL
TCK-INC-8477-2,INC-8477,2026-09-05T13:04:00Z,Free,Failures encountered on checkout-service: Spike in unauthenticated request probe flood,NEUTRAL
TCK-INC-8477-3,INC-8477,2026-09-05T13:03:00Z,Enterprise,Failures encountered on checkout-service: Spike in unauthenticated request probe flood,NEUTRAL
TCK-INC-8479-1,INC-8479,2026-09-12T21:17:00Z,Business,Failures encountered on order-processing: Config flag default inversion causing request rejections,NEGATIVE
TCK-INC-8479-2,INC-8479,2026-09-12T21:18:00Z,Enterprise,Failures encountered on order-processing: Config flag default inversion causing request rejections,NEGATIVE
TCK-INC-8480-1,INC-8480,2026-08-18T02:12:00Z,Enterprise,Failures encountered on order-processing: Batch data import job executed during peak consumer hours,NEGATIVE
TCK-INC-8480-2,INC-8480,2026-08-18T02:09:00Z,Enterprise,Failures encountered on order-processing: Batch data import job executed during peak consumer hours,NEGATIVE
TCK-INC-8481-1,INC-8481,2026-09-19T18:35:00Z,Enterprise,Failures encountered on payment-gateway: Sudden traffic surge exceeding rate limiter bucket capacity,NEUTRAL
TCK-INC-8482-1,INC-8482,2026-09-21T02:22:00Z,Free,Failures encountered on search-indexer: TLS certificate handshake timeout on third-party webhook,NEGATIVE
TCK-INC-8483-1,INC-8483,2026-08-27T18:40:00Z,Free,Failures encountered on auth-service: TLS certificate handshake timeout on third-party webhook,NEGATIVE
TCK-INC-8483-2,INC-8483,2026-08-27T18:36:00Z,Enterprise,Failures encountered on auth-service: TLS certificate handshake timeout on third-party webhook,NEGATIVE
TCK-INC-8484-1,INC-8484,2026-09-12T22:06:00Z,Free,Failures encountered on inventory-api: Database migration lock timeout during schema rollout,NEUTRAL
TCK-INC-8486-1,INC-8486,2026-09-22T12:09:00Z,Enterprise,Failures encountered on notification-worker: Null pointer exception in payload serialization post-release,NEGATIVE
TCK-INC-8486-2,INC-8486,2026-09-22T12:05:00Z,Free,Failures encountered on notification-worker: Null pointer exception in payload serialization post-release,NEGATIVE
TCK-INC-8489-1,INC-8489,2026-08-26T17:11:00Z,Enterprise,Failures encountered on search-indexer: Redis cluster shard memory limit eviction cascade,NEUTRAL
TCK-INC-8489-2,INC-8489,2026-08-26T17:13:00Z,Business,Failures encountered on search-indexer: Redis cluster shard memory limit eviction cascade,NEUTRAL
TCK-INC-8489-3,INC-8489,2026-08-26T17:09:00Z,Free,Failures encountered on search-indexer: Redis cluster shard memory limit eviction cascade,NEUTRAL
TCK-INC-8490-1,INC-8490,2026-08-30T00:39:00Z,Free,Failures encountered on checkout-service: Deadlock cycle in distributed checkout table lock,NEUTRAL
TCK-INC-8493-1,INC-8493,2026-09-20T18:05:00Z,Business,Failures encountered on search-indexer: Deadlock cycle in distributed checkout table lock,NEUTRAL
TCK-INC-8493-2,INC-8493,2026-09-20T18:08:00Z,Business,Failures encountered on search-indexer: Deadlock cycle in distributed checkout table lock,NEUTRAL
TCK-INC-8493-3,INC-8493,2026-09-20T17:51:00Z,Business,Failures encountered on search-indexer: Deadlock cycle in distributed checkout table lock,NEUTRAL
TCK-INC-8494-1,INC-8494,2026-08-17T09:18:00Z,Business,Failures encountered on inventory-api: Memory leak in unclosed HTTP response stream handler,NEUTRAL
TCK-INC-8494-2,INC-8494,2026-08-17T09:07:00Z,Free,Failures encountered on inventory-api: Memory leak in unclosed HTTP response stream handler,NEUTRAL
TCK-INC-8495-1,INC-8495,2026-08-20T17:13:00Z,Free,Failures encountered on auth-service: Null pointer exception in payload serialization post-release,NEUTRAL
TCK-INC-8495-2,INC-8495,2026-08-20T17:09:00Z,Free,Failures encountered on auth-service: Null pointer exception in payload serialization post-release,NEUTRAL
TCK-INC-8495-3,INC-8495,2026-08-20T16:55:00Z,Business,Failures encountered on auth-service: Null pointer exception in payload serialization post-release,NEUTRAL
TCK-INC-8496-1,INC-8496,2026-09-15T09:18:00Z,Enterprise,Failures encountered on payment-gateway: Network packet loss on Kubernetes overlay CNI bridge,NEGATIVE
TCK-INC-8496-2,INC-8496,2026-09-15T09:07:00Z,Enterprise,Failures encountered on payment-gateway: Network packet loss on Kubernetes overlay CNI bridge,NEGATIVE
TCK-INC-8496-3,INC-8496,2026-09-15T09:13:00Z,Enterprise,Failures encountered on payment-gateway: Network packet loss on Kubernetes overlay CNI bridge,NEGATIVE
TCK-INC-8497-1,INC-8497,2026-08-19T15:25:00Z,Enterprise,Failures encountered on search-indexer: Deadlock cycle in distributed checkout table lock,NEUTRAL
TCK-INC-8497-2,INC-8497,2026-08-19T15:42:00Z,Free,Failures encountered on search-indexer: Deadlock cycle in distributed checkout table lock,NEUTRAL
TCK-INC-8498-1,INC-8498,2026-09-24T21:25:00Z,Business,Failures encountered on inventory-api: Network packet loss on Kubernetes overlay CNI bridge,NEGATIVE
TCK-INC-8499-1,INC-8499,2026-09-22T15:35:00Z,Business,Failures encountered on user-profile: Redis cluster shard memory limit eviction cascade,NEGATIVE
TCK-INC-8500-1,INC-8500,2026-08-19T07:21:00Z,Enterprise,Failures encountered on inventory-api: Slow query cascade triggering client connection timeout,NEUTRAL
TCK-INC-8500-2,INC-8500,2026-08-19T07:02:00Z,Enterprise,Failures encountered on inventory-api: Slow query cascade triggering client connection timeout,NEUTRAL
TCK-INC-8501-1,INC-8501,2026-08-27T05:32:00Z,Enterprise,Failures encountered on search-indexer: Pod memory limit hit triggering repeated OOMKilled events,NEUTRAL
TCK-INC-8501-2,INC-8501,2026-08-27T05:20:00Z,Business,Failures encountered on search-indexer: Pod memory limit hit triggering repeated OOMKilled events,NEUTRAL
TCK-INC-8501-3,INC-8501,2026-08-27T05:26:00Z,Free,Failures encountered on search-indexer: Pod memory limit hit triggering repeated OOMKilled events,NEUTRAL
TCK-INC-8502-1,INC-8502,2026-08-22T13:36:00Z,Business,Failures encountered on search-indexer: Null pointer exception in payload serialization post-release,NEUTRAL
TCK-INC-8502-2,INC-8502,2026-08-22T13:51:00Z,Business,Failures encountered on search-indexer: Null pointer exception in payload serialization post-release,NEUTRAL
TCK-INC-8502-3,INC-8502,2026-08-22T13:45:00Z,Business,Failures encountered on search-indexer: Null pointer exception in payload serialization post-release,NEUTRAL
TCK-INC-8503-1,INC-8503,2026-08-25T14:29:00Z,Enterprise,Failures encountered on checkout-service: Unindexed query scan causing read replica CPU spike,NEGATIVE
TCK-INC-8503-2,INC-8503,2026-08-25T14:16:00Z,Free,Failures encountered on checkout-service: Unindexed query scan causing read replica CPU spike,NEGATIVE
TCK-INC-8503-3,INC-8503,2026-08-25T14:30:00Z,Free,Failures encountered on checkout-service: Unindexed query scan causing read replica CPU spike,NEGATIVE
TCK-INC-8504-1,INC-8504,2026-09-22T08:38:00Z,Business,Failures encountered on checkout-service: High CPU throttling on Kubernetes node worker pool,NEUTRAL
TCK-INC-8507-1,INC-8507,2026-09-16T22:42:00Z,Enterprise,Failures encountered on user-profile: File descriptor limit reached on upstream reverse proxy,NEUTRAL
TCK-INC-8507-2,INC-8507,2026-09-16T22:24:00Z,Free,Failures encountered on user-profile: File descriptor limit reached on upstream reverse proxy,NEUTRAL
TCK-INC-8507-3,INC-8507,2026-09-16T22:43:00Z,Enterprise,Failures encountered on user-profile: File descriptor limit reached on upstream reverse proxy,NEUTRAL
TCK-INC-8509-1,INC-8509,2026-09-23T10:08:00Z,Enterprise,Failures encountered on user-profile: Unhandled arithmetic overflow in currency conversion,NEGATIVE
TCK-INC-8510-1,INC-8510,2026-09-09T00:30:00Z,Enterprise,Failures encountered on search-indexer: Spike in unauthenticated request probe flood,NEUTRAL
TCK-INC-8511-1,INC-8511,2026-08-18T16:41:00Z,Free,Failures encountered on notification-worker: Network packet loss on Kubernetes overlay CNI bridge,NEUTRAL
TCK-INC-8511-2,INC-8511,2026-08-18T16:44:00Z,Business,Failures encountered on notification-worker: Network packet loss on Kubernetes overlay CNI bridge,NEUTRAL
TCK-INC-8512-1,INC-8512,2026-08-29T23:01:00Z,Free,Failures encountered on payment-gateway: Unindexed query scan causing read replica CPU spike,NEUTRAL
TCK-INC-8513-1,INC-8513,2026-09-02T01:08:00Z,Free,Failures encountered on payment-gateway: Deadlock cycle in distributed checkout table lock,NEGATIVE
TCK-INC-8513-2,INC-8513,2026-09-02T00:55:00Z,Business,Failures encountered on payment-gateway: Deadlock cycle in distributed checkout table lock,NEGATIVE
TCK-INC-8513-3,INC-8513,2026-09-02T00:56:00Z,Business,Failures encountered on payment-gateway: Deadlock cycle in distributed checkout table lock,NEGATIVE
TCK-INC-8514-1,INC-8514,2026-09-22T05:47:00Z,Business,Failures encountered on search-indexer: Redis cluster shard memory limit eviction cascade,NEUTRAL
TCK-INC-8515-1,INC-8515,2026-09-19T23:18:00Z,Enterprise,Failures encountered on checkout-service: Network packet loss on Kubernetes overlay CNI bridge,NEGATIVE
TCK-INC-8515-2,INC-8515,2026-09-19T23:25:00Z,Enterprise,Failures encountered on checkout-service: Network packet loss on Kubernetes overlay CNI bridge,NEGATIVE
TCK-INC-8515-3,INC-8515,2026-09-19T23:21:00Z,Enterprise,Failures encountered on checkout-service: Network packet loss on Kubernetes overlay CNI bridge,NEGATIVE
TCK-INC-8516-1,INC-8516,2026-08-22T10:54:00Z,Free,Failures encountered on payment-gateway: DNS resolution timeouts between VPC private subnets,NEGATIVE
TCK-INC-8519-1,INC-8519,2026-08-24T23:06:00Z,Enterprise,Failures encountered on order-processing: TLS certificate handshake timeout on third-party webhook,NEGATIVE
TCK-INC-8520-1,INC-8520,2026-09-11T06:06:00Z,Business,Failures encountered on auth-service: Null pointer exception in payload serialization post-release,NEUTRAL
TCK-INC-8520-2,INC-8520,2026-09-11T06:18:00Z,Free,Failures encountered on auth-service: Null pointer exception in payload serialization post-release,NEUTRAL
TCK-INC-8521-1,INC-8521,2026-08-21T17:50:00Z,Enterprise,Failures encountered on auth-service: Unindexed query scan causing read replica CPU spike,NEGATIVE
TCK-INC-8521-2,INC-8521,2026-08-21T17:56:00Z,Enterprise,Failures encountered on auth-service: Unindexed query scan causing read replica CPU spike,NEGATIVE
TCK-INC-8522-1,INC-8522,2026-08-28T12:44:00Z,Enterprise,Failures encountered on user-profile: Corrupted response payload format failing client validation,NEUTRAL
TCK-INC-8522-2,INC-8522,2026-08-28T12:39:00Z,Enterprise,Failures encountered on user-profile: Corrupted response payload format failing client validation,NEUTRAL
TCK-INC-8522-3,INC-8522,2026-08-28T12:45:00Z,Free,Failures encountered on user-profile: Corrupted response payload format failing client validation,NEUTRAL
TCK-INC-8523-1,INC-8523,2026-09-25T17:17:00Z,Enterprise,Failures encountered on order-processing: Deadlock cycle in distributed checkout table lock,NEGATIVE
TCK-INC-8523-2,INC-8523,2026-09-25T17:20:00Z,Business,Failures encountered on order-processing: Deadlock cycle in distributed checkout table lock,NEGATIVE
TCK-INC-8527-1,INC-8527,2026-09-07T05:21:00Z,Enterprise,Failures encountered on notification-worker: File descriptor limit reached on upstream reverse proxy,NEUTRAL
TCK-INC-8527-2,INC-8527,2026-09-07T05:09:00Z,Business,Failures encountered on notification-worker: File descriptor limit reached on upstream reverse proxy,NEUTRAL
TCK-INC-8528-1,INC-8528,2026-08-28T06:49:00Z,Enterprise,Failures encountered on auth-service: Corrupted response payload format failing client validation,NEGATIVE
TCK-INC-8530-1,INC-8530,2026-09-22T06:09:00Z,Business,Failures encountered on payment-gateway: Unhandled arithmetic overflow in currency conversion,NEUTRAL
TCK-INC-8533-1,INC-8533,2026-08-22T12:33:00Z,Business,Failures encountered on checkout-service: Spike in unauthenticated request probe flood,NEGATIVE
TCK-INC-8533-2,INC-8533,2026-08-22T12:15:00Z,Free,Failures encountered on checkout-service: Spike in unauthenticated request probe flood,NEGATIVE
TCK-INC-8534-1,INC-8534,2026-09-12T09:51:00Z,Enterprise,Failures encountered on auth-service: Batch data import job executed during peak consumer hours,NEGATIVE
TCK-INC-8534-2,INC-8534,2026-09-12T09:50:00Z,Enterprise,Failures encountered on auth-service: Batch data import job executed during peak consumer hours,NEGATIVE
TCK-INC-8536-1,INC-8536,2026-09-12T05:13:00Z,Free,Failures encountered on search-indexer: Flash sale burst traffic causing ingress queue build-up,NEUTRAL
TCK-INC-8536-2,INC-8536,2026-09-12T05:19:00Z,Free,Failures encountered on search-indexer: Flash sale burst traffic causing ingress queue build-up,NEUTRAL
TCK-INC-8536-3,INC-8536,2026-09-12T05:29:00Z,Enterprise,Failures encountered on search-indexer: Flash sale burst traffic causing ingress queue build-up,NEUTRAL
TCK-INC-8537-1,INC-8537,2026-09-10T14:46:00Z,Business,Failures encountered on checkout-service: Config flag default inversion causing request rejections,NEUTRAL
TCK-INC-8537-2,INC-8537,2026-09-10T14:50:00Z,Enterprise,Failures encountered on checkout-service: Config flag default inversion causing request rejections,NEUTRAL
TCK-INC-8538-1,INC-8538,2026-09-24T18:11:00Z,Enterprise,Failures encountered on order-processing: Unhandled arithmetic overflow in currency conversion,NEGATIVE
TCK-INC-8538-2,INC-8538,2026-09-24T18:10:00Z,Business,Failures encountered on order-processing: Unhandled arithmetic overflow in currency conversion,NEGATIVE
TCK-INC-8538-3,INC-8538,2026-09-24T18:14:00Z,Enterprise,Failures encountered on order-processing: Unhandled arithmetic overflow in currency conversion,NEGATIVE
TCK-INC-8539-1,INC-8539,2026-09-23T08:15:00Z,Free,Failures encountered on search-indexer: TCP socket connection reset by peer on egress gateway,NEUTRAL
TCK-INC-8539-2,INC-8539,2026-09-23T08:17:00Z,Enterprise,Failures encountered on search-indexer: TCP socket connection reset by peer on egress gateway,NEUTRAL
TCK-INC-8539-3,INC-8539,2026-09-23T08:10:00Z,Enterprise,Failures encountered on search-indexer: TCP socket connection reset by peer on egress gateway,NEUTRAL
TCK-INC-8541-1,INC-8541,2026-08-16T16:42:00Z,Free,Failures encountered on checkout-service: Inter-region transit latency degradation exceeding SLA,NEUTRAL
TCK-INC-8541-2,INC-8541,2026-08-16T16:57:00Z,Enterprise,Failures encountered on checkout-service: Inter-region transit latency degradation exceeding SLA,NEUTRAL
TCK-INC-8542-1,INC-8542,2026-09-16T13:12:00Z,Enterprise,Failures encountered on checkout-service: Network packet loss on Kubernetes overlay CNI bridge,NEUTRAL
TCK-INC-8542-2,INC-8542,2026-09-16T13:11:00Z,Enterprise,Failures encountered on checkout-service: Network packet loss on Kubernetes overlay CNI bridge,NEUTRAL
TCK-INC-8542-3,INC-8542,2026-09-16T13:06:00Z,Free,Failures encountered on checkout-service: Network packet loss on Kubernetes overlay CNI bridge,NEUTRAL
TCK-INC-8544-1,INC-8544,2026-08-19T01:04:00Z,Enterprise,Failures encountered on notification-worker: Slow query cascade triggering client connection timeout,NEUTRAL
TCK-INC-8545-1,INC-8545,2026-09-16T20:33:00Z,Business,Failures encountered on auth-service: Spike in unauthenticated request probe flood,NEUTRAL
TCK-INC-8547-1,INC-8547,2026-09-06T22:19:00Z,Enterprise,Failures encountered on user-profile: Spike in unauthenticated request probe flood,NEGATIVE
TCK-INC-8547-2,INC-8547,2026-09-06T22:26:00Z,Business,Failures encountered on user-profile: Spike in unauthenticated request probe flood,NEGATIVE
TCK-INC-8547-3,INC-8547,2026-09-06T22:29:00Z,Enterprise,Failures encountered on user-profile: Spike in unauthenticated request probe flood,NEGATIVE
TCK-INC-8548-1,INC-8548,2026-08-19T02:59:00Z,Business,Failures encountered on checkout-service: Config flag default inversion causing request rejections,NEUTRAL
TCK-INC-8549-1,INC-8549,2026-08-12T17:45:00Z,Free,Failures encountered on payment-gateway: Sudden traffic surge exceeding rate limiter bucket capacity,NEUTRAL
TCK-INC-8549-2,INC-8549,2026-08-12T17:50:00Z,Business,Failures encountered on payment-gateway: Sudden traffic surge exceeding rate limiter bucket capacity,NEUTRAL
TCK-INC-8549-3,INC-8549,2026-08-12T17:59:00Z,Enterprise,Failures encountered on payment-gateway: Sudden traffic surge exceeding rate limiter bucket capacity,NEUTRAL
TCK-INC-8550-1,INC-8550,2026-09-20T21:59:00Z,Enterprise,Failures encountered on payment-gateway: Sudden traffic surge exceeding rate limiter bucket capacity,NEUTRAL
TCK-INC-8551-1,INC-8551,2026-09-07T09:13:00Z,Free,Failures encountered on auth-service: DNS resolution timeouts between VPC private subnets,NEUTRAL
TCK-INC-8552-1,INC-8552,2026-09-19T07:03:00Z,Enterprise,Failures encountered on payment-gateway: Ephemeral disk volume full due to unrotated application logs,NEUTRAL
TCK-INC-8552-2,INC-8552,2026-09-19T06:53:00Z,Business,Failures encountered on payment-gateway: Ephemeral disk volume full due to unrotated application logs,NEUTRAL
TCK-INC-8552-3,INC-8552,2026-09-19T06:50:00Z,Enterprise,Failures encountered on payment-gateway: Ephemeral disk volume full due to unrotated application logs,NEUTRAL
TCK-INC-8553-1,INC-8553,2026-08-25T06:29:00Z,Business,Failures encountered on auth-service: Deadlock cycle in distributed checkout table lock,NEGATIVE
TCK-INC-8553-2,INC-8553,2026-08-25T06:28:00Z,Enterprise,Failures encountered on auth-service: Deadlock cycle in distributed checkout table lock,NEGATIVE
TCK-INC-8554-1,INC-8554,2026-08-21T08:44:00Z,Free,Failures encountered on inventory-api: Database migration lock timeout during schema rollout,NEGATIVE
TCK-INC-8554-2,INC-8554,2026-08-21T08:33:00Z,Business,Failures encountered on inventory-api: Database migration lock timeout during schema rollout,NEGATIVE
TCK-INC-8556-1,INC-8556,2026-09-10T05:05:00Z,Enterprise,Failures encountered on user-profile: Config flag default inversion causing request rejections,NEUTRAL
TCK-INC-8556-2,INC-8556,2026-09-10T05:12:00Z,Free,Failures encountered on user-profile: Config flag default inversion causing request rejections,NEUTRAL
TCK-INC-8557-1,INC-8557,2026-09-02T12:14:00Z,Business,Failures encountered on notification-worker: High CPU throttling on Kubernetes node worker pool,NEUTRAL
TCK-INC-8557-2,INC-8557,2026-09-02T12:03:00Z,Business,Failures encountered on notification-worker: High CPU throttling on Kubernetes node worker pool,NEUTRAL
TCK-INC-8558-1,INC-8558,2026-08-30T14:09:00Z,Business,Failures encountered on notification-worker: Garbage collection pause duration exceeding 1500ms,NEUTRAL
TCK-INC-8558-2,INC-8558,2026-08-30T14:06:00Z,Free,Failures encountered on notification-worker: Garbage collection pause duration exceeding 1500ms,NEUTRAL
TCK-INC-8559-1,INC-8559,2026-08-24T14:07:00Z,Enterprise,Failures encountered on user-profile: Stale cache invalidation logic deployed in Canary,NEUTRAL
TCK-INC-8559-2,INC-8559,2026-08-24T14:00:00Z,Business,Failures encountered on user-profile: Stale cache invalidation logic deployed in Canary,NEUTRAL
TCK-INC-8560-1,INC-8560,2026-09-21T16:57:00Z,Free,Failures encountered on auth-service: Sudden traffic surge exceeding rate limiter bucket capacity,NEGATIVE
TCK-INC-8560-2,INC-8560,2026-09-21T16:58:00Z,Business,Failures encountered on auth-service: Sudden traffic surge exceeding rate limiter bucket capacity,NEGATIVE
TCK-INC-8560-3,INC-8560,2026-09-21T16:58:00Z,Enterprise,Failures encountered on auth-service: Sudden traffic surge exceeding rate limiter bucket capacity,NEGATIVE
TCK-INC-8562-1,INC-8562,2026-09-22T17:27:00Z,Free,Failures encountered on notification-worker: Garbage collection pause duration exceeding 1500ms,NEGATIVE
TCK-INC-8562-2,INC-8562,2026-09-22T17:23:00Z,Enterprise,Failures encountered on notification-worker: Garbage collection pause duration exceeding 1500ms,NEGATIVE
TCK-INC-8562-3,INC-8562,2026-09-22T17:36:00Z,Enterprise,Failures encountered on notification-worker: Garbage collection pause duration exceeding 1500ms,NEGATIVE
TCK-INC-8563-1,INC-8563,2026-09-11T00:00:00Z,Free,Failures encountered on order-processing: Recursive call in JSON parsing leading to stack exhaustion,NEUTRAL
TCK-INC-8563-2,INC-8563,2026-09-10T23:59:00Z,Enterprise,Failures encountered on order-processing: Recursive call in JSON parsing leading to stack exhaustion,NEUTRAL
TCK-INC-8563-3,INC-8563,2026-09-11T00:03:00Z,Business,Failures encountered on order-processing: Recursive call in JSON parsing leading to stack exhaustion,NEUTRAL
TCK-INC-8564-1,INC-8564,2026-08-17T21:45:00Z,Enterprise,Failures encountered on order-processing: Connection pool saturation under sustained transaction load,NEGATIVE
TCK-INC-8564-2,INC-8564,2026-08-17T21:42:00Z,Business,Failures encountered on order-processing: Connection pool saturation under sustained transaction load,NEGATIVE
TCK-INC-8564-3,INC-8564,2026-08-17T21:47:00Z,Business,Failures encountered on order-processing: Connection pool saturation under sustained transaction load,NEGATIVE
TCK-INC-8568-1,INC-8568,2026-09-18T01:59:00Z,Enterprise,Failures encountered on checkout-service: Ephemeral disk volume full due to unrotated application logs,NEGATIVE
TCK-INC-8568-2,INC-8568,2026-09-18T01:43:00Z,Enterprise,Failures encountered on checkout-service: Ephemeral disk volume full due to unrotated application logs,NEGATIVE
TCK-INC-8569-1,INC-8569,2026-08-13T03:42:00Z,Business,Failures encountered on payment-gateway: Race condition in concurrent token refresh logic,NEUTRAL
TCK-INC-8569-2,INC-8569,2026-08-13T03:49:00Z,Enterprise,Failures encountered on payment-gateway: Race condition in concurrent token refresh logic,NEUTRAL
TCK-INC-8569-3,INC-8569,2026-08-13T03:46:00Z,Enterprise,Failures encountered on payment-gateway: Race condition in concurrent token refresh logic,NEUTRAL
TCK-INC-8570-1,INC-8570,2026-09-22T05:21:00Z,Business,Failures encountered on payment-gateway: High CPU throttling on Kubernetes node worker pool,NEUTRAL
TCK-INC-8570-2,INC-8570,2026-09-22T05:27:00Z,Enterprise,Failures encountered on payment-gateway: High CPU throttling on Kubernetes node worker pool,NEUTRAL
TCK-INC-8571-1,INC-8571,2026-09-14T05:12:00Z,Enterprise,Failures encountered on user-profile: Network packet loss on Kubernetes overlay CNI bridge,NEGATIVE
TCK-INC-8571-2,INC-8571,2026-09-14T05:04:00Z,Free,Failures encountered on user-profile: Network packet loss on Kubernetes overlay CNI bridge,NEGATIVE
TCK-INC-8572-1,INC-8572,2026-08-17T13:55:00Z,Free,Failures encountered on auth-service: Unhandled arithmetic overflow in currency conversion,NEUTRAL
TCK-INC-8572-2,INC-8572,2026-08-17T13:56:00Z,Business,Failures encountered on auth-service: Unhandled arithmetic overflow in currency conversion,NEUTRAL
TCK-INC-8573-1,INC-8573,2026-09-13T08:50:00Z,Free,Failures encountered on user-profile: Stale cache invalidation logic deployed in Canary,NEGATIVE
TCK-INC-8573-2,INC-8573,2026-09-13T08:55:00Z,Free,Failures encountered on user-profile: Stale cache invalidation logic deployed in Canary,NEGATIVE
TCK-INC-8573-3,INC-8573,2026-09-13T09:03:00Z,Free,Failures encountered on user-profile: Stale cache invalidation logic deployed in Canary,NEGATIVE
TCK-INC-8574-1,INC-8574,2026-09-20T21:06:00Z,Enterprise,Failures encountered on auth-service: Stale cache invalidation logic deployed in Canary,NEGATIVE
TCK-INC-8575-1,INC-8575,2026-08-24T03:17:00Z,Enterprise,Failures encountered on checkout-service: Inter-region transit latency degradation exceeding SLA,NEGATIVE
TCK-INC-8575-2,INC-8575,2026-08-24T03:27:00Z,Free,Failures encountered on checkout-service: Inter-region transit latency degradation exceeding SLA,NEGATIVE
TCK-INC-8576-1,INC-8576,2026-08-20T21:29:00Z,Enterprise,Failures encountered on inventory-api: Distributed crawler burst triggering endpoint 429 retries,NEGATIVE
TCK-INC-8576-2,INC-8576,2026-08-20T21:21:00Z,Business,Failures encountered on inventory-api: Distributed crawler burst triggering endpoint 429 retries,NEGATIVE
TCK-INC-8577-1,INC-8577,2026-09-02T12:52:00Z,Business,Failures encountered on notification-worker: Corrupted response payload format failing client validation,NEUTRAL
TCK-INC-8577-2,INC-8577,2026-09-02T12:51:00Z,Business,Failures encountered on notification-worker: Corrupted response payload format failing client validation,NEUTRAL
TCK-INC-8578-1,INC-8578,2026-08-31T01:56:00Z,Business,Failures encountered on search-indexer: Slow query cascade triggering client connection timeout,NEUTRAL
TCK-INC-8578-2,INC-8578,2026-08-31T01:59:00Z,Business,Failures encountered on search-indexer: Slow query cascade triggering client connection timeout,NEUTRAL
TCK-INC-8579-1,INC-8579,2026-09-21T15:02:00Z,Enterprise,Failures encountered on notification-worker: Null pointer exception in payload serialization post-release,NEGATIVE
TCK-INC-8579-2,INC-8579,2026-09-21T14:55:00Z,Free,Failures encountered on notification-worker: Null pointer exception in payload serialization post-release,NEGATIVE
TCK-INC-8579-3,INC-8579,2026-09-21T15:10:00Z,Free,Failures encountered on notification-worker: Null pointer exception in payload serialization post-release,NEGATIVE
TCK-INC-8580-1,INC-8580,2026-08-28T09:28:00Z,Enterprise,Failures encountered on order-processing: Batch data import job executed during peak consumer hours,NEUTRAL
TCK-INC-8580-2,INC-8580,2026-08-28T09:09:00Z,Enterprise,Failures encountered on order-processing: Batch data import job executed during peak consumer hours,NEUTRAL
TCK-INC-8580-3,INC-8580,2026-08-28T09:06:00Z,Enterprise,Failures encountered on order-processing: Batch data import job executed during peak consumer hours,NEUTRAL
TCK-INC-8581-1,INC-8581,2026-09-23T23:19:00Z,Free,Failures encountered on auth-service: Stale cache invalidation logic deployed in Canary,NEUTRAL
TCK-INC-8581-2,INC-8581,2026-09-23T23:14:00Z,Free,Failures encountered on auth-service: Stale cache invalidation logic deployed in Canary,NEUTRAL
TCK-INC-8582-1,INC-8582,2026-08-23T17:45:00Z,Free,Failures encountered on payment-gateway: TCP socket connection reset by peer on egress gateway,NEUTRAL
TCK-INC-8582-2,INC-8582,2026-08-23T17:57:00Z,Business,Failures encountered on payment-gateway: TCP socket connection reset by peer on egress gateway,NEUTRAL
TCK-INC-8582-3,INC-8582,2026-08-23T18:03:00Z,Business,Failures encountered on payment-gateway: TCP socket connection reset by peer on egress gateway,NEUTRAL
TCK-INC-8583-1,INC-8583,2026-09-05T16:51:00Z,Business,Failures encountered on auth-service: Recursive call in JSON parsing leading to stack exhaustion,NEUTRAL
TCK-INC-8583-2,INC-8583,2026-09-05T16:33:00Z,Business,Failures encountered on auth-service: Recursive call in JSON parsing leading to stack exhaustion,NEUTRAL
TCK-INC-8583-3,INC-8583,2026-09-05T16:36:00Z,Business,Failures encountered on auth-service: Recursive call in JSON parsing leading to stack exhaustion,NEUTRAL
TCK-INC-8585-1,INC-8585,2026-09-23T09:38:00Z,Free,Failures encountered on user-profile: Deadlock cycle in distributed checkout table lock,NEUTRAL
TCK-INC-8585-2,INC-8585,2026-09-23T09:25:00Z,Enterprise,Failures encountered on user-profile: Deadlock cycle in distributed checkout table lock,NEUTRAL
TCK-INC-8585-3,INC-8585,2026-09-23T09:39:00Z,Business,Failures encountered on user-profile: Deadlock cycle in distributed checkout table lock,NEUTRAL
TCK-INC-8586-1,INC-8586,2026-08-14T23:27:00Z,Free,Failures encountered on search-indexer: Config flag default inversion causing request rejections,NEUTRAL
TCK-INC-8591-1,INC-8591,2026-09-19T07:38:00Z,Business,Failures encountered on user-profile: Ephemeral disk volume full due to unrotated application logs,NEUTRAL
TCK-INC-8591-2,INC-8591,2026-09-19T07:34:00Z,Free,Failures encountered on user-profile: Ephemeral disk volume full due to unrotated application logs,NEUTRAL
TCK-INC-8591-3,INC-8591,2026-09-19T07:23:00Z,Free,Failures encountered on user-profile: Ephemeral disk volume full due to unrotated application logs,NEUTRAL
TCK-INC-8592-1,INC-8592,2026-08-17T02:00:00Z,Free,Failures encountered on notification-worker: Pod memory limit hit triggering repeated OOMKilled events,NEGATIVE
TCK-INC-8592-2,INC-8592,2026-08-17T01:51:00Z,Enterprise,Failures encountered on notification-worker: Pod memory limit hit triggering repeated OOMKilled events,NEGATIVE
TCK-INC-8592-3,INC-8592,2026-08-17T02:05:00Z,Enterprise,Failures encountered on notification-worker: Pod memory limit hit triggering repeated OOMKilled events,NEGATIVE
TCK-INC-8594-1,INC-8594,2026-08-20T13:46:00Z,Business,Failures encountered on user-profile: High CPU throttling on Kubernetes node worker pool,NEUTRAL
TCK-INC-8596-1,INC-8596,2026-09-06T13:06:00Z,Enterprise,Failures encountered on payment-gateway: Config flag default inversion causing request rejections,NEGATIVE
TCK-INC-8596-2,INC-8596,2026-09-06T12:55:00Z,Enterprise,Failures encountered on payment-gateway: Config flag default inversion causing request rejections,NEGATIVE
TCK-INC-8596-3,INC-8596,2026-09-06T13:05:00Z,Business,Failures encountered on payment-gateway: Config flag default inversion causing request rejections,NEGATIVE
TCK-INC-8602-1,INC-8602,2026-09-01T07:43:00Z,Business,Failures encountered on search-indexer: DNS resolution timeouts between VPC private subnets,NEGATIVE
TCK-INC-8602-2,INC-8602,2026-09-01T07:32:00Z,Business,Failures encountered on search-indexer: DNS resolution timeouts between VPC private subnets,NEGATIVE
TCK-INC-8602-3,INC-8602,2026-09-01T07:41:00Z,Free,Failures encountered on search-indexer: DNS resolution timeouts between VPC private subnets,NEGATIVE
TCK-INC-8603-1,INC-8603,2026-09-13T01:00:00Z,Free,Failures encountered on inventory-api: Pod memory limit hit triggering repeated OOMKilled events,NEGATIVE
TCK-INC-8603-2,INC-8603,2026-09-13T00:40:00Z,Enterprise,Failures encountered on inventory-api: Pod memory limit hit triggering repeated OOMKilled events,NEGATIVE
TCK-INC-8604-1,INC-8604,2026-09-26T02:24:00Z,Enterprise,Failures encountered on inventory-api: Corrupted response payload format failing client validation,NEGATIVE
TCK-INC-8605-1,INC-8605,2026-09-18T13:26:00Z,Free,Failures encountered on auth-service: Ephemeral disk volume full due to unrotated application logs,NEUTRAL
TCK-INC-8605-2,INC-8605,2026-09-18T13:22:00Z,Enterprise,Failures encountered on auth-service: Ephemeral disk volume full due to unrotated application logs,NEUTRAL
TCK-INC-8605-3,INC-8605,2026-09-18T13:29:00Z,Free,Failures encountered on auth-service: Ephemeral disk volume full due to unrotated application logs,NEUTRAL
TCK-INC-8606-1,INC-8606,2026-09-22T23:28:00Z,Business,Failures encountered on inventory-api: File descriptor limit reached on upstream reverse proxy,NEUTRAL
TCK-INC-8606-2,INC-8606,2026-09-22T23:31:00Z,Business,Failures encountered on inventory-api: File descriptor limit reached on upstream reverse proxy,NEUTRAL
TCK-INC-8609-1,INC-8609,2026-09-07T11:09:00Z,Free,Failures encountered on auth-service: Slow query cascade triggering client connection timeout,NEGATIVE
TCK-INC-8609-2,INC-8609,2026-09-07T11:23:00Z,Free,Failures encountered on auth-service: Slow query cascade triggering client connection timeout,NEGATIVE
TCK-INC-8609-3,INC-8609,2026-09-07T11:24:00Z,Free,Failures encountered on auth-service: Slow query cascade triggering client connection timeout,NEGATIVE
TCK-INC-8610-1,INC-8610,2026-09-15T23:49:00Z,Business,Failures encountered on inventory-api: High CPU throttling on Kubernetes node worker pool,NEGATIVE
TCK-INC-8610-2,INC-8610,2026-09-15T23:38:00Z,Business,Failures encountered on inventory-api: High CPU throttling on Kubernetes node worker pool,NEGATIVE
TCK-INC-8610-3,INC-8610,2026-09-15T23:53:00Z,Free,Failures encountered on inventory-api: High CPU throttling on Kubernetes node worker pool,NEGATIVE
TCK-INC-8611-1,INC-8611,2026-08-19T19:53:00Z,Free,Failures encountered on notification-worker: Corrupted response payload format failing client validation,NEUTRAL
TCK-INC-8611-2,INC-8611,2026-08-19T19:39:00Z,Free,Failures encountered on notification-worker: Corrupted response payload format failing client validation,NEUTRAL
TCK-INC-8611-3,INC-8611,2026-08-19T19:43:00Z,Business,Failures encountered on notification-worker: Corrupted response payload format failing client validation,NEUTRAL
TCK-INC-8612-1,INC-8612,2026-08-16T13:08:00Z,Free,Failures encountered on auth-service: Flash sale burst traffic causing ingress queue build-up,NEUTRAL
TCK-INC-8612-2,INC-8612,2026-08-16T12:56:00Z,Enterprise,Failures encountered on auth-service: Flash sale burst traffic causing ingress queue build-up,NEUTRAL
TCK-INC-8612-3,INC-8612,2026-08-16T12:54:00Z,Business,Failures encountered on auth-service: Flash sale burst traffic causing ingress queue build-up,NEUTRAL
TCK-INC-8613-1,INC-8613,2026-09-01T03:31:00Z,Free,Failures encountered on checkout-service: Batch data import job executed during peak consumer hours,NEUTRAL
TCK-INC-8613-2,INC-8613,2026-09-01T03:29:00Z,Enterprise,Failures encountered on checkout-service: Batch data import job executed during peak consumer hours,NEUTRAL
TCK-INC-8613-3,INC-8613,2026-09-01T03:51:00Z,Business,Failures encountered on checkout-service: Batch data import job executed during peak consumer hours,NEUTRAL
TCK-INC-8614-1,INC-8614,2026-08-24T13:33:00Z,Business,Failures encountered on search-indexer: Recursive call in JSON parsing leading to stack exhaustion,NEUTRAL
TCK-INC-8614-2,INC-8614,2026-08-24T13:29:00Z,Business,Failures encountered on search-indexer: Recursive call in JSON parsing leading to stack exhaustion,NEUTRAL
TCK-INC-8614-3,INC-8614,2026-08-24T13:24:00Z,Free,Failures encountered on search-indexer: Recursive call in JSON parsing leading to stack exhaustion,NEUTRAL
TCK-INC-8616-1,INC-8616,2026-09-18T22:58:00Z,Enterprise,Failures encountered on order-processing: File descriptor limit reached on upstream reverse proxy,NEUTRAL
TCK-INC-8616-2,INC-8616,2026-09-18T23:16:00Z,Business,Failures encountered on order-processing: File descriptor limit reached on upstream reverse proxy,NEUTRAL
TCK-INC-8616-3,INC-8616,2026-09-18T22:59:00Z,Enterprise,Failures encountered on order-processing: File descriptor limit reached on upstream reverse proxy,NEUTRAL
TCK-INC-8618-1,INC-8618,2026-09-06T20:02:00Z,Free,Failures encountered on inventory-api: DNS resolution timeouts between VPC private subnets,NEGATIVE
TCK-INC-8618-2,INC-8618,2026-09-06T19:42:00Z,Business,Failures encountered on inventory-api: DNS resolution timeouts between VPC private subnets,NEGATIVE
TCK-INC-8620-1,INC-8620,2026-08-30T19:36:00Z,Enterprise,Failures encountered on payment-gateway: DNS resolution timeouts between VPC private subnets,NEGATIVE
TCK-INC-8620-2,INC-8620,2026-08-30T19:36:00Z,Enterprise,Failures encountered on payment-gateway: DNS resolution timeouts between VPC private subnets,NEGATIVE
TCK-INC-8621-1,INC-8621,2026-09-23T10:41:00Z,Business,Failures encountered on auth-service: TCP socket connection reset by peer on egress gateway,NEGATIVE
TCK-INC-8621-2,INC-8621,2026-09-23T10:38:00Z,Business,Failures encountered on auth-service: TCP socket connection reset by peer on egress gateway,NEGATIVE
TCK-INC-8622-1,INC-8622,2026-08-27T02:20:00Z,Business,Failures encountered on notification-worker: Deadlock cycle in distributed checkout table lock,NEUTRAL
TCK-INC-8624-1,INC-8624,2026-09-11T18:48:00Z,Business,Failures encountered on order-processing: Unhandled arithmetic overflow in currency conversion,NEGATIVE
TCK-INC-8624-2,INC-8624,2026-09-11T19:02:00Z,Free,Failures encountered on order-processing: Unhandled arithmetic overflow in currency conversion,NEGATIVE
TCK-INC-8626-1,INC-8626,2026-08-22T14:29:00Z,Enterprise,Failures encountered on search-indexer: Inter-region transit latency degradation exceeding SLA,NEUTRAL
TCK-INC-8626-2,INC-8626,2026-08-22T14:17:00Z,Free,Failures encountered on search-indexer: Inter-region transit latency degradation exceeding SLA,NEUTRAL
TCK-INC-8629-1,INC-8629,2026-09-19T14:12:00Z,Free,Failures encountered on search-indexer: Network packet loss on Kubernetes overlay CNI bridge,NEUTRAL
TCK-INC-8629-2,INC-8629,2026-09-19T13:56:00Z,Business,Failures encountered on search-indexer: Network packet loss on Kubernetes overlay CNI bridge,NEUTRAL
TCK-INC-8630-1,INC-8630,2026-09-13T06:03:00Z,Free,Failures encountered on auth-service: Network packet loss on Kubernetes overlay CNI bridge,NEUTRAL
TCK-INC-8630-2,INC-8630,2026-09-13T05:57:00Z,Enterprise,Failures encountered on auth-service: Network packet loss on Kubernetes overlay CNI bridge,NEUTRAL
TCK-INC-8631-1,INC-8631,2026-08-22T09:35:00Z,Business,Failures encountered on search-indexer: Sudden traffic surge exceeding rate limiter bucket capacity,NEGATIVE
TCK-INC-8631-2,INC-8631,2026-08-22T09:30:00Z,Free,Failures encountered on search-indexer: Sudden traffic surge exceeding rate limiter bucket capacity,NEGATIVE
TCK-INC-8631-3,INC-8631,2026-08-22T09:28:00Z,Enterprise,Failures encountered on search-indexer: Sudden traffic surge exceeding rate limiter bucket capacity,NEGATIVE
TCK-INC-8633-1,INC-8633,2026-08-31T21:46:00Z,Free,Failures encountered on user-profile: Batch data import job executed during peak consumer hours,NEUTRAL
TCK-INC-8633-2,INC-8633,2026-08-31T21:52:00Z,Enterprise,Failures encountered on user-profile: Batch data import job executed during peak consumer hours,NEUTRAL
TCK-INC-8633-3,INC-8633,2026-08-31T21:32:00Z,Business,Failures encountered on user-profile: Batch data import job executed during peak consumer hours,NEUTRAL
TCK-INC-8635-1,INC-8635,2026-09-13T02:29:00Z,Business,Failures encountered on checkout-service: Batch data import job executed during peak consumer hours,NEGATIVE
TCK-INC-8636-1,INC-8636,2026-08-15T07:20:00Z,Business,Failures encountered on user-profile: Garbage collection pause duration exceeding 1500ms,NEUTRAL
TCK-INC-8637-1,INC-8637,2026-09-02T00:46:00Z,Enterprise,Failures encountered on auth-service: Dependency version mismatch in gRPC protobuf schema,NEGATIVE
TCK-INC-8637-2,INC-8637,2026-09-02T00:29:00Z,Business,Failures encountered on auth-service: Dependency version mismatch in gRPC protobuf schema,NEGATIVE
TCK-INC-8638-1,INC-8638,2026-08-30T21:41:00Z,Free,Failures encountered on payment-gateway: Ephemeral disk volume full due to unrotated application logs,NEGATIVE
TCK-INC-8638-2,INC-8638,2026-08-30T21:44:00Z,Free,Failures encountered on payment-gateway: Ephemeral disk volume full due to unrotated application logs,NEGATIVE
TCK-INC-8639-1,INC-8639,2026-08-30T18:36:00Z,Free,Failures encountered on auth-service: High CPU throttling on Kubernetes node worker pool,NEGATIVE
TCK-INC-8639-2,INC-8639,2026-08-30T18:32:00Z,Enterprise,Failures encountered on auth-service: High CPU throttling on Kubernetes node worker pool,NEGATIVE
TCK-INC-8639-3,INC-8639,2026-08-30T18:22:00Z,Enterprise,Failures encountered on auth-service: High CPU throttling on Kubernetes node worker pool,NEGATIVE
TCK-INC-8642-1,INC-8642,2026-08-25T20:47:00Z,Free,Failures encountered on inventory-api: Memory leak in unclosed HTTP response stream handler,NEGATIVE
TCK-INC-8642-2,INC-8642,2026-08-25T20:44:00Z,Free,Failures encountered on inventory-api: Memory leak in unclosed HTTP response stream handler,NEGATIVE
TCK-INC-8643-1,INC-8643,2026-08-30T19:39:00Z,Enterprise,Failures encountered on order-processing: Connection pool saturation under sustained transaction load,NEUTRAL
TCK-INC-8643-2,INC-8643,2026-08-30T19:51:00Z,Business,Failures encountered on order-processing: Connection pool saturation under sustained transaction load,NEUTRAL
TCK-INC-8643-3,INC-8643,2026-08-30T19:51:00Z,Business,Failures encountered on order-processing: Connection pool saturation under sustained transaction load,NEUTRAL
TCK-INC-8644-1,INC-8644,2026-08-15T06:41:00Z,Enterprise,Failures encountered on inventory-api: Database migration lock timeout during schema rollout,NEUTRAL
TCK-INC-8644-2,INC-8644,2026-08-15T06:49:00Z,Enterprise,Failures encountered on inventory-api: Database migration lock timeout during schema rollout,NEUTRAL
TCK-INC-8644-3,INC-8644,2026-08-15T06:57:00Z,Free,Failures encountered on inventory-api: Database migration lock timeout during schema rollout,NEUTRAL
TCK-INC-8645-1,INC-8645,2026-09-23T22:34:00Z,Business,Failures encountered on checkout-service: Connection pool saturation under sustained transaction load,NEGATIVE
TCK-INC-8645-2,INC-8645,2026-09-23T22:55:00Z,Business,Failures encountered on checkout-service: Connection pool saturation under sustained transaction load,NEGATIVE
TCK-INC-8645-3,INC-8645,2026-09-23T22:56:00Z,Enterprise,Failures encountered on checkout-service: Connection pool saturation under sustained transaction load,NEGATIVE
TCK-INC-8646-1,INC-8646,2026-08-27T00:26:00Z,Free,Failures encountered on payment-gateway: Corrupted response payload format failing client validation,NEGATIVE
TCK-INC-8646-2,INC-8646,2026-08-27T00:30:00Z,Enterprise,Failures encountered on payment-gateway: Corrupted response payload format failing client validation,NEGATIVE
TCK-INC-8646-3,INC-8646,2026-08-27T00:27:00Z,Business,Failures encountered on payment-gateway: Corrupted response payload format failing client validation,NEGATIVE
TCK-INC-8647-1,INC-8647,2026-08-19T04:08:00Z,Business,Failures encountered on order-processing: Recursive call in JSON parsing leading to stack exhaustion,NEUTRAL
TCK-INC-8650-1,INC-8650,2026-08-25T18:12:00Z,Free,Failures encountered on search-indexer: Deadlock cycle in distributed checkout table lock,NEUTRAL
TCK-INC-8650-2,INC-8650,2026-08-25T18:06:00Z,Free,Failures encountered on search-indexer: Deadlock cycle in distributed checkout table lock,NEUTRAL
TCK-INC-8651-1,INC-8651,2026-09-06T18:10:00Z,Free,Failures encountered on payment-gateway: Batch data import job executed during peak consumer hours,NEGATIVE
TCK-INC-8651-2,INC-8651,2026-09-06T18:17:00Z,Business,Failures encountered on payment-gateway: Batch data import job executed during peak consumer hours,NEGATIVE
TCK-INC-8651-3,INC-8651,2026-09-06T17:56:00Z,Free,Failures encountered on payment-gateway: Batch data import job executed during peak consumer hours,NEGATIVE
TCK-INC-8652-1,INC-8652,2026-09-05T05:48:00Z,Enterprise,Failures encountered on inventory-api: Database migration lock timeout during schema rollout,NEUTRAL
TCK-INC-8652-2,INC-8652,2026-09-05T05:46:00Z,Business,Failures encountered on inventory-api: Database migration lock timeout during schema rollout,NEUTRAL
TCK-INC-8653-1,INC-8653,2026-09-01T14:56:00Z,Business,Failures encountered on search-indexer: Pod memory limit hit triggering repeated OOMKilled events,NEUTRAL
TCK-INC-8653-2,INC-8653,2026-09-01T14:57:00Z,Business,Failures encountered on search-indexer: Pod memory limit hit triggering repeated OOMKilled events,NEUTRAL
TCK-INC-8653-3,INC-8653,2026-09-01T14:49:00Z,Enterprise,Failures encountered on search-indexer: Pod memory limit hit triggering repeated OOMKilled events,NEUTRAL
TCK-INC-8654-1,INC-8654,2026-08-15T05:21:00Z,Enterprise,Failures encountered on user-profile: Race condition in concurrent token refresh logic,NEUTRAL
TCK-INC-8655-1,INC-8655,2026-08-13T08:08:00Z,Enterprise,Failures encountered on order-processing: Flash sale burst traffic causing ingress queue build-up,NEGATIVE
TCK-INC-8655-2,INC-8655,2026-08-13T08:10:00Z,Enterprise,Failures encountered on order-processing: Flash sale burst traffic causing ingress queue build-up,NEGATIVE
TCK-INC-8657-1,INC-8657,2026-08-25T08:28:00Z,Business,Failures encountered on order-processing: TLS certificate handshake timeout on third-party webhook,NEGATIVE
TCK-INC-8657-2,INC-8657,2026-08-25T08:34:00Z,Business,Failures encountered on order-processing: TLS certificate handshake timeout on third-party webhook,NEGATIVE
TCK-INC-8658-1,INC-8658,2026-09-25T06:44:00Z,Business,Failures encountered on search-indexer: Garbage collection pause duration exceeding 1500ms,NEUTRAL
TCK-INC-8658-2,INC-8658,2026-09-25T06:27:00Z,Free,Failures encountered on search-indexer: Garbage collection pause duration exceeding 1500ms,NEUTRAL
TCK-INC-8658-3,INC-8658,2026-09-25T06:32:00Z,Enterprise,Failures encountered on search-indexer: Garbage collection pause duration exceeding 1500ms,NEUTRAL
TCK-INC-8660-1,INC-8660,2026-09-19T04:17:00Z,Enterprise,Failures encountered on notification-worker: Pod memory limit hit triggering repeated OOMKilled events,NEGATIVE
TCK-INC-8660-2,INC-8660,2026-09-19T04:13:00Z,Business,Failures encountered on notification-worker: Pod memory limit hit triggering repeated OOMKilled events,NEGATIVE
TCK-INC-8661-1,INC-8661,2026-08-13T06:24:00Z,Enterprise,Failures encountered on notification-worker: Race condition in concurrent token refresh logic,NEUTRAL
TCK-INC-8661-2,INC-8661,2026-08-13T06:22:00Z,Business,Failures encountered on notification-worker: Race condition in concurrent token refresh logic,NEUTRAL
TCK-INC-8661-3,INC-8661,2026-08-13T06:44:00Z,Free,Failures encountered on notification-worker: Race condition in concurrent token refresh logic,NEUTRAL
TCK-INC-8662-1,INC-8662,2026-08-18T00:10:00Z,Business,Failures encountered on notification-worker: Race condition in concurrent token refresh logic,NEUTRAL
TCK-INC-8662-2,INC-8662,2026-08-17T23:49:00Z,Free,Failures encountered on notification-worker: Race condition in concurrent token refresh logic,NEUTRAL
TCK-INC-8663-1,INC-8663,2026-09-24T20:55:00Z,Free,Failures encountered on user-profile: Race condition in concurrent token refresh logic,NEUTRAL
TCK-INC-8665-1,INC-8665,2026-08-28T12:41:00Z,Enterprise,Failures encountered on auth-service: DNS resolution timeouts between VPC private subnets,NEUTRAL
TCK-INC-8665-2,INC-8665,2026-08-28T12:31:00Z,Enterprise,Failures encountered on auth-service: DNS resolution timeouts between VPC private subnets,NEUTRAL
TCK-INC-8665-3,INC-8665,2026-08-28T12:24:00Z,Free,Failures encountered on auth-service: DNS resolution timeouts between VPC private subnets,NEUTRAL
TCK-INC-8666-1,INC-8666,2026-09-13T23:51:00Z,Enterprise,Failures encountered on order-processing: Dependency version mismatch in gRPC protobuf schema,NEUTRAL
TCK-INC-8666-2,INC-8666,2026-09-14T00:00:00Z,Business,Failures encountered on order-processing: Dependency version mismatch in gRPC protobuf schema,NEUTRAL
TCK-INC-8666-3,INC-8666,2026-09-13T23:47:00Z,Enterprise,Failures encountered on order-processing: Dependency version mismatch in gRPC protobuf schema,NEUTRAL
TCK-INC-8667-1,INC-8667,2026-08-28T14:24:00Z,Free,Failures encountered on search-indexer: Ephemeral disk volume full due to unrotated application logs,NEUTRAL
TCK-INC-8668-1,INC-8668,2026-09-08T19:06:00Z,Enterprise,Failures encountered on notification-worker: Network packet loss on Kubernetes overlay CNI bridge,NEUTRAL
TCK-INC-8668-2,INC-8668,2026-09-08T19:08:00Z,Free,Failures encountered on notification-worker: Network packet loss on Kubernetes overlay CNI bridge,NEUTRAL
TCK-INC-8668-3,INC-8668,2026-09-08T18:56:00Z,Free,Failures encountered on notification-worker: Network packet loss on Kubernetes overlay CNI bridge,NEUTRAL
TCK-INC-8669-1,INC-8669,2026-09-12T15:47:00Z,Free,Failures encountered on auth-service: Distributed crawler burst triggering endpoint 429 retries,NEUTRAL
TCK-INC-8669-2,INC-8669,2026-09-12T15:53:00Z,Free,Failures encountered on auth-service: Distributed crawler burst triggering endpoint 429 retries,NEUTRAL
TCK-INC-8669-3,INC-8669,2026-09-12T15:55:00Z,Business,Failures encountered on auth-service: Distributed crawler burst triggering endpoint 429 retries,NEUTRAL
TCK-INC-8670-1,INC-8670,2026-08-29T20:45:00Z,Enterprise,Failures encountered on notification-worker: Memory leak in unclosed HTTP response stream handler,NEGATIVE
TCK-INC-8671-1,INC-8671,2026-09-10T11:20:00Z,Free,Failures encountered on checkout-service: TLS certificate handshake timeout on third-party webhook,NEGATIVE
TCK-INC-8671-2,INC-8671,2026-09-10T11:38:00Z,Free,Failures encountered on checkout-service: TLS certificate handshake timeout on third-party webhook,NEGATIVE
TCK-INC-8671-3,INC-8671,2026-09-10T11:37:00Z,Business,Failures encountered on checkout-service: TLS certificate handshake timeout on third-party webhook,NEGATIVE
TCK-INC-8672-1,INC-8672,2026-08-15T10:10:00Z,Free,Failures encountered on order-processing: Corrupted response payload format failing client validation,NEGATIVE
TCK-INC-8672-2,INC-8672,2026-08-15T10:01:00Z,Free,Failures encountered on order-processing: Corrupted response payload format failing client validation,NEGATIVE
TCK-INC-8673-1,INC-8673,2026-08-29T08:12:00Z,Business,Failures encountered on search-indexer: Recursive call in JSON parsing leading to stack exhaustion,NEGATIVE
TCK-INC-8673-2,INC-8673,2026-08-29T07:49:00Z,Business,Failures encountered on search-indexer: Recursive call in JSON parsing leading to stack exhaustion,NEGATIVE
TCK-INC-8673-3,INC-8673,2026-08-29T08:08:00Z,Enterprise,Failures encountered on search-indexer: Recursive call in JSON parsing leading to stack exhaustion,NEGATIVE
TCK-INC-8674-1,INC-8674,2026-09-03T05:24:00Z,Enterprise,Failures encountered on auth-service: Database migration lock timeout during schema rollout,NEGATIVE
TCK-INC-8674-2,INC-8674,2026-09-03T05:32:00Z,Free,Failures encountered on auth-service: Database migration lock timeout during schema rollout,NEGATIVE
TCK-INC-8674-3,INC-8674,2026-09-03T05:23:00Z,Business,Failures encountered on auth-service: Database migration lock timeout during schema rollout,NEGATIVE
TCK-INC-8675-1,INC-8675,2026-08-30T00:56:00Z,Free,Failures encountered on payment-gateway: Corrupted response payload format failing client validation,NEUTRAL
TCK-INC-8675-2,INC-8675,2026-08-30T01:03:00Z,Enterprise,Failures encountered on payment-gateway: Corrupted response payload format failing client validation,NEUTRAL
TCK-INC-8675-3,INC-8675,2026-08-30T01:00:00Z,Business,Failures encountered on payment-gateway: Corrupted response payload format failing client validation,NEUTRAL
TCK-INC-8676-1,INC-8676,2026-08-18T06:21:00Z,Free,Failures encountered on payment-gateway: Memory leak in unclosed HTTP response stream handler,NEUTRAL
TCK-INC-8676-2,INC-8676,2026-08-18T06:04:00Z,Business,Failures encountered on payment-gateway: Memory leak in unclosed HTTP response stream handler,NEUTRAL
TCK-INC-8676-3,INC-8676,2026-08-18T06:19:00Z,Free,Failures encountered on payment-gateway: Memory leak in unclosed HTTP response stream handler,NEUTRAL
TCK-INC-8677-1,INC-8677,2026-09-06T11:12:00Z,Free,Failures encountered on payment-gateway: Network packet loss on Kubernetes overlay CNI bridge,NEUTRAL
TCK-INC-8677-2,INC-8677,2026-09-06T11:14:00Z,Business,Failures encountered on payment-gateway: Network packet loss on Kubernetes overlay CNI bridge,NEUTRAL
TCK-INC-8677-3,INC-8677,2026-09-06T11:22:00Z,Free,Failures encountered on payment-gateway: Network packet loss on Kubernetes overlay CNI bridge,NEUTRAL
TCK-INC-8678-1,INC-8678,2026-08-16T13:52:00Z,Business,Failures encountered on order-processing: Deadlock cycle in distributed checkout table lock,NEGATIVE
TCK-INC-8678-2,INC-8678,2026-08-16T13:52:00Z,Free,Failures encountered on order-processing: Deadlock cycle in distributed checkout table lock,NEGATIVE
TCK-INC-8678-3,INC-8678,2026-08-16T13:46:00Z,Free,Failures encountered on order-processing: Deadlock cycle in distributed checkout table lock,NEGATIVE
TCK-INC-8679-1,INC-8679,2026-09-12T13:04:00Z,Free,Failures encountered on checkout-service: Config flag default inversion causing request rejections,NEUTRAL
TCK-INC-8679-2,INC-8679,2026-09-12T12:59:00Z,Enterprise,Failures encountered on checkout-service: Config flag default inversion causing request rejections,NEUTRAL
TCK-INC-8679-3,INC-8679,2026-09-12T13:13:00Z,Free,Failures encountered on checkout-service: Config flag default inversion causing request rejections,NEUTRAL
TCK-INC-8680-1,INC-8680,2026-09-25T22:57:00Z,Enterprise,Failures encountered on search-indexer: Connection pool saturation under sustained transaction load,NEUTRAL
TCK-INC-8680-2,INC-8680,2026-09-25T22:55:00Z,Free,Failures encountered on search-indexer: Connection pool saturation under sustained transaction load,NEUTRAL
TCK-INC-8681-1,INC-8681,2026-09-04T13:23:00Z,Enterprise,Failures encountered on search-indexer: Recursive call in JSON parsing leading to stack exhaustion,NEGATIVE
TCK-INC-8682-1,INC-8682,2026-08-16T06:04:00Z,Free,Failures encountered on auth-service: Garbage collection pause duration exceeding 1500ms,NEUTRAL
TCK-INC-8684-1,INC-8684,2026-08-19T16:34:00Z,Free,Failures encountered on notification-worker: Distributed crawler burst triggering endpoint 429 retries,NEUTRAL
TCK-INC-8685-1,INC-8685,2026-09-21T04:48:00Z,Free,Failures encountered on auth-service: Dependency version mismatch in gRPC protobuf schema,NEUTRAL
TCK-INC-8685-2,INC-8685,2026-09-21T04:39:00Z,Free,Failures encountered on auth-service: Dependency version mismatch in gRPC protobuf schema,NEUTRAL
TCK-INC-8686-1,INC-8686,2026-09-26T11:30:00Z,Free,Failures encountered on notification-worker: Slow query cascade triggering client connection timeout,NEGATIVE
TCK-INC-8686-2,INC-8686,2026-09-26T11:24:00Z,Free,Failures encountered on notification-worker: Slow query cascade triggering client connection timeout,NEGATIVE
TCK-INC-8686-3,INC-8686,2026-09-26T11:24:00Z,Business,Failures encountered on notification-worker: Slow query cascade triggering client connection timeout,NEGATIVE
TCK-INC-8687-1,INC-8687,2026-09-05T02:06:00Z,Business,Failures encountered on inventory-api: Config flag default inversion causing request rejections,NEUTRAL
TCK-INC-8688-1,INC-8688,2026-08-22T15:00:00Z,Enterprise,Failures encountered on checkout-service: Config flag default inversion causing request rejections,NEUTRAL
TCK-INC-8688-2,INC-8688,2026-08-22T14:49:00Z,Enterprise,Failures encountered on checkout-service: Config flag default inversion causing request rejections,NEUTRAL
TCK-INC-8688-3,INC-8688,2026-08-22T14:45:00Z,Business,Failures encountered on checkout-service: Config flag default inversion causing request rejections,NEUTRAL
TCK-INC-8689-1,INC-8689,2026-08-22T00:09:00Z,Business,Failures encountered on checkout-service: Batch data import job executed during peak consumer hours,NEUTRAL
TCK-INC-8689-2,INC-8689,2026-08-22T00:15:00Z,Free,Failures encountered on checkout-service: Batch data import job executed during peak consumer hours,NEUTRAL
TCK-INC-8690-1,INC-8690,2026-09-07T12:19:00Z,Enterprise,Failures encountered on user-profile: Memory leak in unclosed HTTP response stream handler,NEUTRAL
TCK-INC-8690-2,INC-8690,2026-09-07T12:33:00Z,Enterprise,Failures encountered on user-profile: Memory leak in unclosed HTTP response stream handler,NEUTRAL
TCK-INC-8692-1,INC-8692,2026-08-21T22:47:00Z,Business,Failures encountered on notification-worker: Batch data import job executed during peak consumer hours,NEGATIVE
TCK-INC-8692-2,INC-8692,2026-08-21T22:30:00Z,Enterprise,Failures encountered on notification-worker: Batch data import job executed during peak consumer hours,NEGATIVE
TCK-INC-8692-3,INC-8692,2026-08-21T22:30:00Z,Free,Failures encountered on notification-worker: Batch data import job executed during peak consumer hours,NEGATIVE
TCK-INC-8694-1,INC-8694,2026-08-26T02:47:00Z,Business,Failures encountered on order-processing: Distributed crawler burst triggering endpoint 429 retries,NEUTRAL
TCK-INC-8694-2,INC-8694,2026-08-26T02:59:00Z,Enterprise,Failures encountered on order-processing: Distributed crawler burst triggering endpoint 429 retries,NEUTRAL
TCK-INC-8695-1,INC-8695,2026-09-14T21:04:00Z,Business,Failures encountered on order-processing: High CPU throttling on Kubernetes node worker pool,NEUTRAL
TCK-INC-8695-2,INC-8695,2026-09-14T20:53:00Z,Free,Failures encountered on order-processing: High CPU throttling on Kubernetes node worker pool,NEUTRAL
TCK-INC-8697-1,INC-8697,2026-09-17T19:19:00Z,Enterprise,Failures encountered on auth-service: Sudden traffic surge exceeding rate limiter bucket capacity,NEUTRAL
TCK-INC-8697-2,INC-8697,2026-09-17T19:37:00Z,Free,Failures encountered on auth-service: Sudden traffic surge exceeding rate limiter bucket capacity,NEUTRAL
TCK-INC-8698-1,INC-8698,2026-08-29T02:41:00Z,Enterprise,Failures encountered on search-indexer: Memory leak in unclosed HTTP response stream handler,NEGATIVE
TCK-INC-8699-1,INC-8699,2026-08-24T22:59:00Z,Enterprise,Failures encountered on notification-worker: Slow query cascade triggering client connection timeout,NEUTRAL
TCK-INC-8700-1,INC-8700,2026-09-16T00:33:00Z,Business,Failures encountered on payment-gateway: Distributed crawler burst triggering endpoint 429 retries,NEGATIVE
TCK-INC-8701-1,INC-8701,2026-08-23T15:18:00Z,Enterprise,Failures encountered on notification-worker: Unhandled arithmetic overflow in currency conversion,NEUTRAL
TCK-INC-8701-2,INC-8701,2026-08-23T15:24:00Z,Free,Failures encountered on notification-worker: Unhandled arithmetic overflow in currency conversion,NEUTRAL
TCK-INC-8704-1,INC-8704,2026-09-24T10:18:00Z,Enterprise,Failures encountered on search-indexer: Dependency version mismatch in gRPC protobuf schema,NEGATIVE
TCK-INC-8704-2,INC-8704,2026-09-24T10:36:00Z,Business,Failures encountered on search-indexer: Dependency version mismatch in gRPC protobuf schema,NEGATIVE
TCK-INC-8704-3,INC-8704,2026-09-24T10:15:00Z,Enterprise,Failures encountered on search-indexer: Dependency version mismatch in gRPC protobuf schema,NEGATIVE
TCK-INC-8705-1,INC-8705,2026-09-18T13:07:00Z,Enterprise,Failures encountered on inventory-api: Recursive call in JSON parsing leading to stack exhaustion,NEUTRAL
TCK-INC-8706-1,INC-8706,2026-09-11T09:50:00Z,Enterprise,Failures encountered on user-profile: File descriptor limit reached on upstream reverse proxy,NEGATIVE
TCK-INC-8708-1,INC-8708,2026-08-27T01:57:00Z,Enterprise,Failures encountered on notification-worker: High CPU throttling on Kubernetes node worker pool,NEUTRAL
TCK-INC-8709-1,INC-8709,2026-08-29T12:12:00Z,Free,Failures encountered on auth-service: TLS certificate handshake timeout on third-party webhook,NEGATIVE
TCK-INC-8709-2,INC-8709,2026-08-29T12:16:00Z,Free,Failures encountered on auth-service: TLS certificate handshake timeout on third-party webhook,NEGATIVE
TCK-INC-8710-1,INC-8710,2026-08-14T23:16:00Z,Enterprise,Failures encountered on inventory-api: Deadlock cycle in distributed checkout table lock,NEGATIVE
TCK-INC-8713-1,INC-8713,2026-09-01T10:46:00Z,Business,Failures encountered on payment-gateway: Connection pool saturation under sustained transaction load,NEGATIVE
TCK-INC-8713-2,INC-8713,2026-09-01T10:49:00Z,Enterprise,Failures encountered on payment-gateway: Connection pool saturation under sustained transaction load,NEGATIVE
TCK-INC-8715-1,INC-8715,2026-09-19T06:46:00Z,Enterprise,Failures encountered on user-profile: Network packet loss on Kubernetes overlay CNI bridge,NEUTRAL
TCK-INC-8716-1,INC-8716,2026-09-02T18:02:00Z,Free,Failures encountered on order-processing: Race condition in concurrent token refresh logic,NEUTRAL
TCK-INC-8717-1,INC-8717,2026-09-19T22:56:00Z,Enterprise,Failures encountered on order-processing: Spike in unauthenticated request probe flood,NEGATIVE
TCK-INC-8721-1,INC-8721,2026-08-30T01:09:00Z,Enterprise,Failures encountered on notification-worker: Slow query cascade triggering client connection timeout,NEGATIVE
TCK-INC-8722-1,INC-8722,2026-08-27T03:31:00Z,Enterprise,Failures encountered on inventory-api: Network packet loss on Kubernetes overlay CNI bridge,NEGATIVE
TCK-INC-8722-2,INC-8722,2026-08-27T03:34:00Z,Business,Failures encountered on inventory-api: Network packet loss on Kubernetes overlay CNI bridge,NEGATIVE
TCK-INC-8722-3,INC-8722,2026-08-27T03:23:00Z,Free,Failures encountered on inventory-api: Network packet loss on Kubernetes overlay CNI bridge,NEGATIVE
TCK-INC-8724-1,INC-8724,2026-08-21T15:09:00Z,Free,Failures encountered on search-indexer: DNS resolution timeouts between VPC private subnets,NEGATIVE
TCK-INC-8724-2,INC-8724,2026-08-21T14:56:00Z,Enterprise,Failures encountered on search-indexer: DNS resolution timeouts between VPC private subnets,NEGATIVE
TCK-INC-8724-3,INC-8724,2026-08-21T15:14:00Z,Enterprise,Failures encountered on search-indexer: DNS resolution timeouts between VPC private subnets,NEGATIVE
TCK-INC-8725-1,INC-8725,2026-09-14T23:13:00Z,Business,Failures encountered on search-indexer: TLS certificate handshake timeout on third-party webhook,NEGATIVE
TCK-INC-8725-2,INC-8725,2026-09-14T22:58:00Z,Enterprise,Failures encountered on search-indexer: TLS certificate handshake timeout on third-party webhook,NEGATIVE
TCK-INC-8725-3,INC-8725,2026-09-14T23:10:00Z,Free,Failures encountered on search-indexer: TLS certificate handshake timeout on third-party webhook,NEGATIVE
TCK-INC-8726-1,INC-8726,2026-08-23T20:00:00Z,Business,Failures encountered on user-profile: Redis cluster shard memory limit eviction cascade,NEGATIVE
TCK-INC-8727-1,INC-8727,2026-08-20T19:50:00Z,Business,Failures encountered on search-indexer: TLS certificate handshake timeout on third-party webhook,NEUTRAL
TCK-INC-8728-1,INC-8728,2026-09-22T09:06:00Z,Enterprise,Failures encountered on inventory-api: Flash sale burst traffic causing ingress queue build-up,NEGATIVE
TCK-INC-8729-1,INC-8729,2026-09-15T07:26:00Z,Free,Failures encountered on inventory-api: Dependency version mismatch in gRPC protobuf schema,NEUTRAL
TCK-INC-8730-1,INC-8730,2026-09-01T09:54:00Z,Free,Failures encountered on inventory-api: Database migration lock timeout during schema rollout,NEUTRAL
TCK-INC-8730-2,INC-8730,2026-09-01T10:00:00Z,Business,Failures encountered on inventory-api: Database migration lock timeout during schema rollout,NEUTRAL
TCK-INC-8730-3,INC-8730,2026-09-01T10:05:00Z,Business,Failures encountered on inventory-api: Database migration lock timeout during schema rollout,NEUTRAL
TCK-INC-8732-1,INC-8732,2026-09-16T07:15:00Z,Enterprise,Failures encountered on order-processing: Network packet loss on Kubernetes overlay CNI bridge,NEGATIVE
TCK-INC-8733-1,INC-8733,2026-09-10T09:03:00Z,Enterprise,Failures encountered on payment-gateway: Recursive call in JSON parsing leading to stack exhaustion,NEGATIVE
TCK-INC-8733-2,INC-8733,2026-09-10T08:53:00Z,Enterprise,Failures encountered on payment-gateway: Recursive call in JSON parsing leading to stack exhaustion,NEGATIVE
TCK-INC-8735-1,INC-8735,2026-08-30T03:09:00Z,Enterprise,Failures encountered on auth-service: Batch data import job executed during peak consumer hours,NEUTRAL
TCK-INC-8735-2,INC-8735,2026-08-30T02:56:00Z,Enterprise,Failures encountered on auth-service: Batch data import job executed during peak consumer hours,NEUTRAL
TCK-INC-8736-1,INC-8736,2026-09-10T20:51:00Z,Enterprise,Failures encountered on search-indexer: Corrupted response payload format failing client validation,NEGATIVE
TCK-INC-8736-2,INC-8736,2026-09-10T20:57:00Z,Business,Failures encountered on search-indexer: Corrupted response payload format failing client validation,NEGATIVE
TCK-INC-8737-1,INC-8737,2026-09-23T17:32:00Z,Enterprise,Failures encountered on auth-service: Database migration lock timeout during schema rollout,NEUTRAL
TCK-INC-8739-1,INC-8739,2026-09-18T10:04:00Z,Enterprise,Failures encountered on checkout-service: Flash sale burst traffic causing ingress queue build-up,NEUTRAL
TCK-INC-8739-2,INC-8739,2026-09-18T10:06:00Z,Free,Failures encountered on checkout-service: Flash sale burst traffic causing ingress queue build-up,NEUTRAL
TCK-INC-8740-1,INC-8740,2026-08-14T19:34:00Z,Business,Failures encountered on auth-service: Flash sale burst traffic causing ingress queue build-up,NEUTRAL
TCK-INC-8740-2,INC-8740,2026-08-14T19:31:00Z,Enterprise,Failures encountered on auth-service: Flash sale burst traffic causing ingress queue build-up,NEUTRAL
TCK-INC-8742-1,INC-8742,2026-09-20T08:01:00Z,Enterprise,Failures encountered on search-indexer: TCP socket connection reset by peer on egress gateway,NEGATIVE
TCK-INC-8742-2,INC-8742,2026-09-20T08:04:00Z,Enterprise,Failures encountered on search-indexer: TCP socket connection reset by peer on egress gateway,NEGATIVE
TCK-INC-8743-1,INC-8743,2026-09-12T12:20:00Z,Enterprise,Failures encountered on search-indexer: Pod memory limit hit triggering repeated OOMKilled events,NEUTRAL
TCK-INC-8743-2,INC-8743,2026-09-12T12:29:00Z,Business,Failures encountered on search-indexer: Pod memory limit hit triggering repeated OOMKilled events,NEUTRAL
TCK-INC-8743-3,INC-8743,2026-09-12T12:26:00Z,Business,Failures encountered on search-indexer: Pod memory limit hit triggering repeated OOMKilled events,NEUTRAL
TCK-INC-8744-1,INC-8744,2026-09-16T17:52:00Z,Enterprise,Failures encountered on search-indexer: Flash sale burst traffic causing ingress queue build-up,NEGATIVE
TCK-INC-8745-1,INC-8745,2026-09-21T04:56:00Z,Enterprise,Failures encountered on payment-gateway: Recursive call in JSON parsing leading to stack exhaustion,NEUTRAL
TCK-INC-8747-1,INC-8747,2026-09-24T14:11:00Z,Enterprise,Failures encountered on search-indexer: Redis cluster shard memory limit eviction cascade,NEUTRAL
TCK-INC-8749-1,INC-8749,2026-09-04T16:53:00Z,Enterprise,Failures encountered on order-processing: Batch data import job executed during peak consumer hours,NEGATIVE
TCK-INC-8749-2,INC-8749,2026-09-04T17:10:00Z,Enterprise,Failures encountered on order-processing: Batch data import job executed during peak consumer hours,NEGATIVE
TCK-INC-8750-1,INC-8750,2026-08-27T08:03:00Z,Enterprise,Failures encountered on notification-worker: Memory leak in unclosed HTTP response stream handler,NEGATIVE
TCK-INC-8751-1,INC-8751,2026-09-19T12:44:00Z,Free,Failures encountered on inventory-api: Garbage collection pause duration exceeding 1500ms,NEGATIVE
TCK-INC-8752-1,INC-8752,2026-09-12T01:06:00Z,Business,Failures encountered on auth-service: Spike in unauthenticated request probe flood,NEGATIVE
TCK-INC-8752-2,INC-8752,2026-09-12T00:57:00Z,Enterprise,Failures encountered on auth-service: Spike in unauthenticated request probe flood,NEGATIVE
TCK-INC-8752-3,INC-8752,2026-09-12T00:59:00Z,Free,Failures encountered on auth-service: Spike in unauthenticated request probe flood,NEGATIVE
TCK-INC-8753-1,INC-8753,2026-09-24T21:41:00Z,Business,Failures encountered on payment-gateway: Sudden traffic surge exceeding rate limiter bucket capacity,NEGATIVE
TCK-INC-8753-2,INC-8753,2026-09-24T21:30:00Z,Free,Failures encountered on payment-gateway: Sudden traffic surge exceeding rate limiter bucket capacity,NEGATIVE
TCK-INC-8753-3,INC-8753,2026-09-24T21:40:00Z,Business,Failures encountered on payment-gateway: Sudden traffic surge exceeding rate limiter bucket capacity,NEGATIVE
TCK-INC-8754-1,INC-8754,2026-09-05T19:48:00Z,Enterprise,Failures encountered on notification-worker: Garbage collection pause duration exceeding 1500ms,NEUTRAL
TCK-INC-8754-2,INC-8754,2026-09-05T19:51:00Z,Free,Failures encountered on notification-worker: Garbage collection pause duration exceeding 1500ms,NEUTRAL
TCK-INC-8756-1,INC-8756,2026-09-11T16:04:00Z,Enterprise,Failures encountered on notification-worker: Corrupted response payload format failing client validation,NEUTRAL
TCK-INC-8757-1,INC-8757,2026-09-05T02:23:00Z,Enterprise,Failures encountered on user-profile: Batch data import job executed during peak consumer hours,NEGATIVE
TCK-INC-8757-2,INC-8757,2026-09-05T02:16:00Z,Enterprise,Failures encountered on user-profile: Batch data import job executed during peak consumer hours,NEGATIVE
TCK-INC-8757-3,INC-8757,2026-09-05T02:20:00Z,Free,Failures encountered on user-profile: Batch data import job executed during peak consumer hours,NEGATIVE
TCK-INC-8759-1,INC-8759,2026-08-22T18:51:00Z,Enterprise,Failures encountered on order-processing: Garbage collection pause duration exceeding 1500ms,NEUTRAL
TCK-INC-8759-2,INC-8759,2026-08-22T18:50:00Z,Enterprise,Failures encountered on order-processing: Garbage collection pause duration exceeding 1500ms,NEUTRAL
TCK-INC-8759-3,INC-8759,2026-08-22T18:48:00Z,Enterprise,Failures encountered on order-processing: Garbage collection pause duration exceeding 1500ms,NEUTRAL
TCK-INC-8760-1,INC-8760,2026-09-12T12:06:00Z,Business,Failures encountered on user-profile: High CPU throttling on Kubernetes node worker pool,NEGATIVE
TCK-INC-8760-2,INC-8760,2026-09-12T12:13:00Z,Enterprise,Failures encountered on user-profile: High CPU throttling on Kubernetes node worker pool,NEGATIVE
TCK-INC-8761-1,INC-8761,2026-09-19T06:57:00Z,Free,Failures encountered on checkout-service: Unindexed query scan causing read replica CPU spike,NEGATIVE
TCK-INC-8762-1,INC-8762,2026-09-18T17:57:00Z,Free,Failures encountered on payment-gateway: Corrupted response payload format failing client validation,NEUTRAL
TCK-INC-8762-2,INC-8762,2026-09-18T17:47:00Z,Business,Failures encountered on payment-gateway: Corrupted response payload format failing client validation,NEUTRAL
TCK-INC-8763-1,INC-8763,2026-09-21T10:35:00Z,Free,Failures encountered on auth-service: Distributed crawler burst triggering endpoint 429 retries,NEUTRAL
TCK-INC-8763-2,INC-8763,2026-09-21T10:53:00Z,Business,Failures encountered on auth-service: Distributed crawler burst triggering endpoint 429 retries,NEUTRAL
TCK-INC-8764-1,INC-8764,2026-09-18T21:41:00Z,Enterprise,Failures encountered on inventory-api: File descriptor limit reached on upstream reverse proxy,NEUTRAL
TCK-INC-8764-2,INC-8764,2026-09-18T21:39:00Z,Free,Failures encountered on inventory-api: File descriptor limit reached on upstream reverse proxy,NEUTRAL
TCK-INC-8766-1,INC-8766,2026-08-21T19:27:00Z,Enterprise,Failures encountered on inventory-api: Ephemeral disk volume full due to unrotated application logs,NEUTRAL
TCK-INC-8766-2,INC-8766,2026-08-21T19:33:00Z,Free,Failures encountered on inventory-api: Ephemeral disk volume full due to unrotated application logs,NEUTRAL
TCK-INC-8767-1,INC-8767,2026-09-21T14:54:00Z,Enterprise,Failures encountered on user-profile: Null pointer exception in payload serialization post-release,NEGATIVE
TCK-INC-8768-1,INC-8768,2026-09-05T12:35:00Z,Enterprise,Failures encountered on user-profile: Sudden traffic surge exceeding rate limiter bucket capacity,NEGATIVE
TCK-INC-8768-2,INC-8768,2026-09-05T12:54:00Z,Enterprise,Failures encountered on user-profile: Sudden traffic surge exceeding rate limiter bucket capacity,NEGATIVE
TCK-INC-8768-3,INC-8768,2026-09-05T12:36:00Z,Enterprise,Failures encountered on user-profile: Sudden traffic surge exceeding rate limiter bucket capacity,NEGATIVE
TCK-INC-8769-1,INC-8769,2026-08-29T00:53:00Z,Business,Failures encountered on order-processing: DNS resolution timeouts between VPC private subnets,NEUTRAL
TCK-INC-8770-1,INC-8770,2026-09-14T12:21:00Z,Enterprise,Failures encountered on payment-gateway: Sudden traffic surge exceeding rate limiter bucket capacity,NEUTRAL
TCK-INC-8770-2,INC-8770,2026-09-14T12:26:00Z,Free,Failures encountered on payment-gateway: Sudden traffic surge exceeding rate limiter bucket capacity,NEUTRAL
TCK-INC-8771-1,INC-8771,2026-08-24T00:31:00Z,Enterprise,Failures encountered on search-indexer: High CPU throttling on Kubernetes node worker pool,NEUTRAL
TCK-INC-8772-1,INC-8772,2026-08-16T14:25:00Z,Free,Failures encountered on payment-gateway: Unhandled arithmetic overflow in currency conversion,NEUTRAL
TCK-INC-8772-2,INC-8772,2026-08-16T14:35:00Z,Free,Failures encountered on payment-gateway: Unhandled arithmetic overflow in currency conversion,NEUTRAL
TCK-INC-8772-3,INC-8772,2026-08-16T14:35:00Z,Enterprise,Failures encountered on payment-gateway: Unhandled arithmetic overflow in currency conversion,NEUTRAL
TCK-INC-8773-1,INC-8773,2026-09-12T20:13:00Z,Business,Failures encountered on user-profile: TLS certificate handshake timeout on third-party webhook,NEUTRAL
TCK-INC-8774-1,INC-8774,2026-08-23T22:03:00Z,Business,Failures encountered on search-indexer: Corrupted response payload format failing client validation,NEUTRAL
TCK-INC-8775-1,INC-8775,2026-09-11T03:36:00Z,Free,Failures encountered on checkout-service: Unindexed query scan causing read replica CPU spike,NEUTRAL
TCK-INC-8776-1,INC-8776,2026-09-23T10:59:00Z,Business,Failures encountered on search-indexer: Redis cluster shard memory limit eviction cascade,NEGATIVE
TCK-INC-8777-1,INC-8777,2026-09-20T14:43:00Z,Business,Failures encountered on inventory-api: Ephemeral disk volume full due to unrotated application logs,NEUTRAL
TCK-INC-8777-2,INC-8777,2026-09-20T14:27:00Z,Enterprise,Failures encountered on inventory-api: Ephemeral disk volume full due to unrotated application logs,NEUTRAL
TCK-INC-8778-1,INC-8778,2026-08-28T15:32:00Z,Enterprise,Failures encountered on order-processing: High CPU throttling on Kubernetes node worker pool,NEUTRAL
TCK-INC-8778-2,INC-8778,2026-08-28T15:36:00Z,Free,Failures encountered on order-processing: High CPU throttling on Kubernetes node worker pool,NEUTRAL
TCK-INC-8778-3,INC-8778,2026-08-28T15:44:00Z,Enterprise,Failures encountered on order-processing: High CPU throttling on Kubernetes node worker pool,NEUTRAL
TCK-INC-8779-1,INC-8779,2026-08-17T10:02:00Z,Free,Failures encountered on order-processing: Unhandled arithmetic overflow in currency conversion,NEUTRAL
TCK-INC-8779-2,INC-8779,2026-08-17T10:11:00Z,Business,Failures encountered on order-processing: Unhandled arithmetic overflow in currency conversion,NEUTRAL
TCK-INC-8780-1,INC-8780,2026-09-04T22:35:00Z,Business,Failures encountered on order-processing: High CPU throttling on Kubernetes node worker pool,NEGATIVE
TCK-INC-8780-2,INC-8780,2026-09-04T22:39:00Z,Free,Failures encountered on order-processing: High CPU throttling on Kubernetes node worker pool,NEGATIVE
TCK-INC-8784-1,INC-8784,2026-08-24T14:23:00Z,Free,Failures encountered on payment-gateway: File descriptor limit reached on upstream reverse proxy,NEUTRAL
TCK-INC-8785-1,INC-8785,2026-09-08T06:30:00Z,Enterprise,Failures encountered on auth-service: Ephemeral disk volume full due to unrotated application logs,NEGATIVE
TCK-INC-8786-1,INC-8786,2026-09-04T17:06:00Z,Business,Failures encountered on inventory-api: Database migration lock timeout during schema rollout,NEUTRAL
TCK-INC-8786-2,INC-8786,2026-09-04T17:08:00Z,Free,Failures encountered on inventory-api: Database migration lock timeout during schema rollout,NEUTRAL
TCK-INC-8786-3,INC-8786,2026-09-04T17:17:00Z,Business,Failures encountered on inventory-api: Database migration lock timeout during schema rollout,NEUTRAL
TCK-INC-8788-1,INC-8788,2026-08-23T15:00:00Z,Business,Failures encountered on user-profile: Redis cluster shard memory limit eviction cascade,NEUTRAL
TCK-INC-8788-2,INC-8788,2026-08-23T14:58:00Z,Business,Failures encountered on user-profile: Redis cluster shard memory limit eviction cascade,NEUTRAL
TCK-INC-8788-3,INC-8788,2026-08-23T15:00:00Z,Business,Failures encountered on user-profile: Redis cluster shard memory limit eviction cascade,NEUTRAL
TCK-INC-8790-1,INC-8790,2026-09-15T00:17:00Z,Business,Failures encountered on inventory-api: Config flag default inversion causing request rejections,NEUTRAL
TCK-INC-8790-2,INC-8790,2026-09-15T00:34:00Z,Business,Failures encountered on inventory-api: Config flag default inversion causing request rejections,NEUTRAL
TCK-INC-8791-1,INC-8791,2026-08-21T07:26:00Z,Enterprise,Failures encountered on checkout-service: Memory leak in unclosed HTTP response stream handler,NEGATIVE
TCK-INC-8792-1,INC-8792,2026-09-24T01:21:00Z,Business,Failures encountered on inventory-api: Garbage collection pause duration exceeding 1500ms,NEGATIVE
TCK-INC-8792-2,INC-8792,2026-09-24T01:32:00Z,Free,Failures encountered on inventory-api: Garbage collection pause duration exceeding 1500ms,NEGATIVE
TCK-INC-8793-1,INC-8793,2026-08-21T01:27:00Z,Enterprise,Failures encountered on auth-service: Garbage collection pause duration exceeding 1500ms,NEUTRAL
TCK-INC-8793-2,INC-8793,2026-08-21T01:25:00Z,Enterprise,Failures encountered on auth-service: Garbage collection pause duration exceeding 1500ms,NEUTRAL
TCK-INC-8794-1,INC-8794,2026-08-24T04:53:00Z,Business,Failures encountered on inventory-api: Network packet loss on Kubernetes overlay CNI bridge,NEUTRAL
TCK-INC-8795-1,INC-8795,2026-08-17T14:33:00Z,Free,Failures encountered on checkout-service: Sudden traffic surge exceeding rate limiter bucket capacity,NEGATIVE
TCK-INC-8795-2,INC-8795,2026-08-17T14:41:00Z,Enterprise,Failures encountered on checkout-service: Sudden traffic surge exceeding rate limiter bucket capacity,NEGATIVE
TCK-INC-8796-1,INC-8796,2026-09-04T06:26:00Z,Free,Failures encountered on payment-gateway: Memory leak in unclosed HTTP response stream handler,NEGATIVE
TCK-INC-8796-2,INC-8796,2026-09-04T06:16:00Z,Business,Failures encountered on payment-gateway: Memory leak in unclosed HTTP response stream handler,NEGATIVE
TCK-INC-8798-1,INC-8798,2026-08-28T02:56:00Z,Free,Failures encountered on user-profile: Database migration lock timeout during schema rollout,NEGATIVE
TCK-INC-8799-1,INC-8799,2026-08-31T09:13:00Z,Free,Failures encountered on user-profile: TCP socket connection reset by peer on egress gateway,NEUTRAL
TCK-INC-8799-2,INC-8799,2026-08-31T09:27:00Z,Enterprise,Failures encountered on user-profile: TCP socket connection reset by peer on egress gateway,NEUTRAL
TCK-INC-8800-1,INC-8800,2026-08-26T08:51:00Z,Free,Failures encountered on inventory-api: TCP socket connection reset by peer on egress gateway,NEGATIVE
TCK-INC-8800-2,INC-8800,2026-08-26T08:52:00Z,Free,Failures encountered on inventory-api: TCP socket connection reset by peer on egress gateway,NEGATIVE
TCK-INC-8800-3,INC-8800,2026-08-26T09:01:00Z,Business,Failures encountered on inventory-api: TCP socket connection reset by peer on egress gateway,NEGATIVE
TCK-INC-8801-1,INC-8801,2026-08-25T22:04:00Z,Enterprise,Failures encountered on auth-service: TLS certificate handshake timeout on third-party webhook,NEUTRAL
TCK-INC-8803-1,INC-8803,2026-09-10T05:28:00Z,Enterprise,Failures encountered on auth-service: Unhandled arithmetic overflow in currency conversion,NEUTRAL
TCK-INC-8803-2,INC-8803,2026-09-10T05:26:00Z,Business,Failures encountered on auth-service: Unhandled arithmetic overflow in currency conversion,NEUTRAL
TCK-INC-8804-1,INC-8804,2026-08-18T07:25:00Z,Enterprise,Failures encountered on payment-gateway: Stale cache invalidation logic deployed in Canary,NEUTRAL
TCK-INC-8804-2,INC-8804,2026-08-18T07:22:00Z,Enterprise,Failures encountered on payment-gateway: Stale cache invalidation logic deployed in Canary,NEUTRAL
TCK-INC-8804-3,INC-8804,2026-08-18T07:25:00Z,Enterprise,Failures encountered on payment-gateway: Stale cache invalidation logic deployed in Canary,NEUTRAL
TCK-INC-8807-1,INC-8807,2026-09-13T03:41:00Z,Enterprise,Failures encountered on payment-gateway: Database migration lock timeout during schema rollout,NEUTRAL
TCK-INC-8808-1,INC-8808,2026-08-16T07:06:00Z,Enterprise,Failures encountered on notification-worker: Stale cache invalidation logic deployed in Canary,NEUTRAL
TCK-INC-8808-2,INC-8808,2026-08-16T07:13:00Z,Business,Failures encountered on notification-worker: Stale cache invalidation logic deployed in Canary,NEUTRAL
TCK-INC-8808-3,INC-8808,2026-08-16T07:13:00Z,Enterprise,Failures encountered on notification-worker: Stale cache invalidation logic deployed in Canary,NEUTRAL
TCK-INC-8809-1,INC-8809,2026-09-06T22:17:00Z,Business,Failures encountered on checkout-service: Spike in unauthenticated request probe flood,NEGATIVE
TCK-INC-8810-1,INC-8810,2026-09-03T09:58:00Z,Free,Failures encountered on auth-service: Inter-region transit latency degradation exceeding SLA,NEUTRAL
TCK-INC-8810-2,INC-8810,2026-09-03T09:59:00Z,Business,Failures encountered on auth-service: Inter-region transit latency degradation exceeding SLA,NEUTRAL
TCK-INC-8810-3,INC-8810,2026-09-03T10:14:00Z,Free,Failures encountered on auth-service: Inter-region transit latency degradation exceeding SLA,NEUTRAL
TCK-INC-8813-1,INC-8813,2026-08-18T09:54:00Z,Business,Failures encountered on notification-worker: Connection pool saturation under sustained transaction load,NEUTRAL
TCK-INC-8814-1,INC-8814,2026-08-19T19:25:00Z,Enterprise,Failures encountered on checkout-service: Race condition in concurrent token refresh logic,NEUTRAL
TCK-INC-8814-2,INC-8814,2026-08-19T19:46:00Z,Free,Failures encountered on checkout-service: Race condition in concurrent token refresh logic,NEUTRAL
TCK-INC-8815-1,INC-8815,2026-09-03T07:27:00Z,Free,Failures encountered on notification-worker: Unindexed query scan causing read replica CPU spike,NEUTRAL
TCK-INC-8816-1,INC-8816,2026-08-20T18:47:00Z,Business,Failures encountered on auth-service: Connection pool saturation under sustained transaction load,NEGATIVE
TCK-INC-8816-2,INC-8816,2026-08-20T18:54:00Z,Free,Failures encountered on auth-service: Connection pool saturation under sustained transaction load,NEGATIVE
TCK-INC-8816-3,INC-8816,2026-08-20T18:54:00Z,Free,Failures encountered on auth-service: Connection pool saturation under sustained transaction load,NEGATIVE
TCK-INC-8817-1,INC-8817,2026-09-15T01:06:00Z,Free,Failures encountered on checkout-service: Stale cache invalidation logic deployed in Canary,NEUTRAL
TCK-INC-8817-2,INC-8817,2026-09-15T01:05:00Z,Business,Failures encountered on checkout-service: Stale cache invalidation logic deployed in Canary,NEUTRAL
TCK-INC-8819-1,INC-8819,2026-09-17T03:20:00Z,Free,Failures encountered on checkout-service: Inter-region transit latency degradation exceeding SLA,NEUTRAL
TCK-INC-8819-2,INC-8819,2026-09-17T03:13:00Z,Free,Failures encountered on checkout-service: Inter-region transit latency degradation exceeding SLA,NEUTRAL
TCK-INC-8821-1,INC-8821,2026-08-12T19:43:00Z,Enterprise,Failures encountered on inventory-api: Recursive call in JSON parsing leading to stack exhaustion,NEUTRAL
TCK-INC-8824-1,INC-8824,2026-09-25T16:48:00Z,Enterprise,Failures encountered on checkout-service: Recursive call in JSON parsing leading to stack exhaustion,NEGATIVE
TCK-INC-8824-2,INC-8824,2026-09-25T16:52:00Z,Business,Failures encountered on checkout-service: Recursive call in JSON parsing leading to stack exhaustion,NEGATIVE
TCK-INC-8825-1,INC-8825,2026-08-18T07:30:00Z,Business,Failures encountered on checkout-service: Pod memory limit hit triggering repeated OOMKilled events,NEGATIVE
TCK-INC-8826-1,INC-8826,2026-09-14T03:19:00Z,Business,Failures encountered on search-indexer: Unhandled arithmetic overflow in currency conversion,NEGATIVE
TCK-INC-8826-2,INC-8826,2026-09-14T03:14:00Z,Free,Failures encountered on search-indexer: Unhandled arithmetic overflow in currency conversion,NEGATIVE
TCK-INC-8826-3,INC-8826,2026-09-14T03:06:00Z,Business,Failures encountered on search-indexer: Unhandled arithmetic overflow in currency conversion,NEGATIVE
TCK-INC-8828-1,INC-8828,2026-08-25T18:02:00Z,Business,Failures encountered on notification-worker: Network packet loss on Kubernetes overlay CNI bridge,NEGATIVE
TCK-INC-8828-2,INC-8828,2026-08-25T17:51:00Z,Business,Failures encountered on notification-worker: Network packet loss on Kubernetes overlay CNI bridge,NEGATIVE
TCK-INC-8829-1,INC-8829,2026-09-04T17:23:00Z,Enterprise,Failures encountered on search-indexer: Ephemeral disk volume full due to unrotated application logs,NEUTRAL
TCK-INC-8829-2,INC-8829,2026-09-04T17:08:00Z,Business,Failures encountered on search-indexer: Ephemeral disk volume full due to unrotated application logs,NEUTRAL
TCK-INC-8829-3,INC-8829,2026-09-04T17:18:00Z,Enterprise,Failures encountered on search-indexer: Ephemeral disk volume full due to unrotated application logs,NEUTRAL
TCK-INC-8831-1,INC-8831,2026-08-29T05:33:00Z,Enterprise,Failures encountered on order-processing: Slow query cascade triggering client connection timeout,NEUTRAL
TCK-INC-8833-1,INC-8833,2026-09-15T11:36:00Z,Free,Failures encountered on payment-gateway: Connection pool saturation under sustained transaction load,NEUTRAL
TCK-INC-8833-2,INC-8833,2026-09-15T11:40:00Z,Enterprise,Failures encountered on payment-gateway: Connection pool saturation under sustained transaction load,NEUTRAL
TCK-INC-8833-3,INC-8833,2026-09-15T11:53:00Z,Free,Failures encountered on payment-gateway: Connection pool saturation under sustained transaction load,NEUTRAL
TCK-INC-8834-1,INC-8834,2026-09-01T11:00:00Z,Free,Failures encountered on search-indexer: Garbage collection pause duration exceeding 1500ms,NEUTRAL
TCK-INC-8834-2,INC-8834,2026-09-01T11:05:00Z,Business,Failures encountered on search-indexer: Garbage collection pause duration exceeding 1500ms,NEUTRAL
TCK-INC-8834-3,INC-8834,2026-09-01T10:50:00Z,Free,Failures encountered on search-indexer: Garbage collection pause duration exceeding 1500ms,NEUTRAL
TCK-INC-8835-1,INC-8835,2026-08-19T04:16:00Z,Enterprise,Failures encountered on notification-worker: Config flag default inversion causing request rejections,NEUTRAL
TCK-INC-8835-2,INC-8835,2026-08-19T04:16:00Z,Business,Failures encountered on notification-worker: Config flag default inversion causing request rejections,NEUTRAL
TCK-INC-8836-1,INC-8836,2026-09-25T18:00:00Z,Business,Failures encountered on checkout-service: Flash sale burst traffic causing ingress queue build-up,NEUTRAL
TCK-INC-8836-2,INC-8836,2026-09-25T17:58:00Z,Business,Failures encountered on checkout-service: Flash sale burst traffic causing ingress queue build-up,NEUTRAL
TCK-INC-8838-1,INC-8838,2026-09-14T05:32:00Z,Business,Failures encountered on inventory-api: Connection pool saturation under sustained transaction load,NEGATIVE
TCK-INC-8840-1,INC-8840,2026-08-28T14:07:00Z,Business,Failures encountered on search-indexer: TLS certificate handshake timeout on third-party webhook,NEUTRAL
TCK-INC-8840-2,INC-8840,2026-08-28T14:06:00Z,Enterprise,Failures encountered on search-indexer: TLS certificate handshake timeout on third-party webhook,NEUTRAL
TCK-INC-8841-1,INC-8841,2026-09-19T14:11:00Z,Enterprise,Failures encountered on checkout-service: Flash sale burst traffic causing ingress queue build-up,NEUTRAL
TCK-INC-8841-2,INC-8841,2026-09-19T14:23:00Z,Enterprise,Failures encountered on checkout-service: Flash sale burst traffic causing ingress queue build-up,NEUTRAL
TCK-INC-8843-1,INC-8843,2026-09-13T19:15:00Z,Free,Failures encountered on user-profile: Network packet loss on Kubernetes overlay CNI bridge,NEUTRAL
TCK-INC-8843-2,INC-8843,2026-09-13T19:14:00Z,Business,Failures encountered on user-profile: Network packet loss on Kubernetes overlay CNI bridge,NEUTRAL
TCK-INC-8845-1,INC-8845,2026-08-15T05:56:00Z,Business,Failures encountered on search-indexer: Ephemeral disk volume full due to unrotated application logs,NEUTRAL
TCK-INC-8847-1,INC-8847,2026-09-26T02:31:00Z,Business,Failures encountered on user-profile: Null pointer exception in payload serialization post-release,NEUTRAL
TCK-INC-8848-1,INC-8848,2026-09-22T12:12:00Z,Enterprise,Failures encountered on user-profile: Inter-region transit latency degradation exceeding SLA,NEUTRAL
TCK-INC-8848-2,INC-8848,2026-09-22T12:17:00Z,Business,Failures encountered on user-profile: Inter-region transit latency degradation exceeding SLA,NEUTRAL
TCK-INC-8848-3,INC-8848,2026-09-22T12:27:00Z,Enterprise,Failures encountered on user-profile: Inter-region transit latency degradation exceeding SLA,NEUTRAL
TCK-INC-8849-1,INC-8849,2026-08-28T05:18:00Z,Enterprise,Failures encountered on auth-service: High CPU throttling on Kubernetes node worker pool,NEGATIVE
TCK-INC-8849-2,INC-8849,2026-08-28T05:19:00Z,Business,Failures encountered on auth-service: High CPU throttling on Kubernetes node worker pool,NEGATIVE
